<?xml version="1.0" encoding="UTF-8"?>
<olac:olac xmlns:olac="http://www.language-archives.org/OLAC/1.1/"
    xmlns:dc="http://purl.org/dc/elements/1.1/" xmlns:dcterms="http://purl.org/dc/terms/"
    xmlns:xsi="http://www.w3.org/2001/XMLSchema-instance"
    xsi:schemaLocation="http://www.openarchives.org/OAI/2.0/static-repository 
    http://www.language-archives.org/OLAC/1.1/static-repository.xsd 
    http://www.language-archives.org/OLAC/1.1/
    http://www.language-archives.org/OLAC/1.1/olac.xsd 
    http://purl.org/dc/elements/1.1/
    http://dublincore.org/schemas/xmls/qdc/2006/01/06/dc.xsd
    http://purl.org/dc/terms/
    http://dublincore.org/schemas/xmls/qdc/2006/01/06/dcterms.xsd">

    <dc:title xml:lang="fr">Corpus CoMeRe cmr-88milsms-tei-v1 : 88milSMS. A corpus of authentic text
        messages in French.</dc:title>
    <dc:description xml:lang="fr">La première version de ce corpus (ISLRN : 024-713-187-947-8) a été
        créée en 2014 dans le cadre du projet "sud4science LR". Plus de 88 000 SMS / textos
        authentiques provenant de centaines de donateurs habitant essentiellement dans la région de
        Montpellier ont été recueillis, en 2011, puis anonymisés, par les chercheurs, leurs
        stagiaires étudiants et un juriste-CIL. </dc:description>
    <dc:description xml:lang="fr"> Le corpus initial a ensuite été mis au format TEI dans le cadre
        du projet CoMeRe (Communication médiée par les réseaux). Ce projet vise à rassembler
        différents corpus représentatifs des formes de communication en français sur les réseaux
        (Internet, téléphone, etc.), tous structurés et renseignés de la même façon, diffusés en
        accès libre à des fins de recherche. Le projet CoMeRe a reçu le soutien de ORTOLANG et du
        consortium national Corpus-écrits, sous-partie de Huma-Num, et Ortolang</dc:description>
    <dc:description xml:lang="en">The first version of the corpus (ISLRN : 024-713-187-947-8) was
        produced in 2014 as part of the "sud4science LR project". More than 88,000 authentic SMS,
        sent by hundreds of donators living mainly in the Montpellier area, were collected, in 2011,
        then anonymised, by the researchers, their student interns and a legal
        adviser-CIL.</dc:description>
    <dc:description xml:lang="en"> The initial corpus was then converted to TEI standard in the
        project CoMeRe (Communication Médiée par les Réseaux). This project aims to build a kernel
        corpus assembling existing corpora of different CMC (Computer-Mediated Communication) genres
        and new corpora build on data extracted from the Internet. These heterogenous corpora will
        be structured and processed in a uniform way, complemented with metadata. CoMeRe will be
        released as OpenData through the national infrastructure Ortolang, following constraints
        which will be reused for the forthcoming “Corpus de Référence du Français”. Project
        supported by the national consortium Corpus-écrits, sub-part of Huma-Num, and Ortolang
        (French correspondant to DARIAH)</dc:description>


    <dc:creator>PANCKHURST Rachel</dc:creator>
    <dc:creator>CHANIER Thierry </dc:creator>
    <dc:contributor xsi:type="olac:role" olac:code="compiler">PANCKHURST Rachel</dc:contributor>
    <dc:contributor xsi:type="olac:role" olac:code="depositor">PANCKHURST Rachel</dc:contributor>
    <dc:contributor xsi:type="olac:role" olac:code="editor">CHANIER Thierry</dc:contributor>
    <dc:contributor xsi:type="olac:role" olac:code="developer">LOTIN Paul</dc:contributor>
    <dc:contributor xsi:type="olac:role" olac:code="data_inputter">DÉTRIE Catherine</dc:contributor>
    <dc:contributor xsi:type="olac:role" olac:code="developer">LOPEZ Cédric</dc:contributor>
    <dc:contributor xsi:type="olac:role" olac:code="data_inputter">MOÏSE Claudine</dc:contributor>
    <dc:contributor xsi:type="olac:role" olac:code="developer">ROCHE Mathieu</dc:contributor>
    <dc:contributor xsi:type="olac:role" olac:code="developer">VERINE Bertrand</dc:contributor>

    <dc:contributor xsi:type="olac:role" olac:code="sponsor"> Maison des Sciences de l'Homme de
        Montpellier ; http://msh-m.fr</dc:contributor>
    <dc:contributor xsi:type="olac:role" olac:code="sponsor"> Délégation générale à la langue
        française et aux langues de France ; http://www.culture.gouv.fr/culture/dglf/</dc:contributor>
    <dc:contributor xsi:type="olac:role" olac:code="sponsor"> Consortium CORLI
        (http://www.huma-num.fr/consortiums#CORLI); ILF (Institut de Linguistique Française,
        www.ilf.cnrs.fr/) ; TGIR (Très Grande Infrastructure de Recherche, http://www.huma-num.fr/)
        ; France </dc:contributor>

    <dc:publisher>ORTOLANG (Outils et Ressources pour un Traitement Optimisé de la LANGue),
        Nancy:France ; http://www.ortolang.fr/</dc:publisher>
    <dc:publisher>CoMeRe (Communication Médiée par les Réseaux) ; http://comere.org ;
        contact@comere.org </dc:publisher>

    <dcterms:created xsi:type="dcterms:W3CDTF">2016-09-01</dcterms:created>
    <dc:language xsi:type="olac:language" olac:code="fra"/>

    <dc:subject xml:lang="fr">Communication Médiée par les Réseaux</dc:subject>
    <dc:subject xml:lang="fr">CoMeRe</dc:subject>
    <dc:subject xml:lang="fr">Texto</dc:subject>
    <dc:subject xml:lang="en">Short Message Service</dc:subject>
    <dc:subject xml:lang="en">Computer Mediated Communication</dc:subject>
    <dc:subject xml:lang="en">CMC</dc:subject>
    <dc:subject>sud4science</dc:subject>

    <dc:subject xsi:type="olac:linguistic-field" olac:code="applied_linguistics"/>
    <dc:subject xsi:type="olac:linguistic-field" olac:code="discourse_analysis"/>
    <dc:subject xsi:type="olac:linguistic-field" olac:code="text_and_corpus_linguistics"/>
    <dc:type xsi:type="olac:linguistic-type" olac:code="primary_text"/>
    <dc:type xsi:type="olac:discourse-type" olac:code="dialogue"/>

    <dc:type xsi:type="dcterms:DCMIType">Dataset</dc:type>
    <dc:type xsi:type="dcterms:DCMIType">Collection</dc:type>


    <dc:format xsi:type="dcterms:IMT">application/tei+xml</dc:format>
    <dc:format xsi:type="dcterms:IMT">application/pdf</dc:format>
    <dc:format xsi:type="dcterms:IMT">text/xml</dc:format>

    <dcterms:extent>nbparticipants=422 ; nbmessages=88522; nbemoticons-emojis=29563</dcterms:extent>
    <dcterms:temporal>name=88milsms ; start=2011-09-15 ; end=2011-12-15</dcterms:temporal>
    <dcterms:spatial xsi:type="dcterms:ISO3166">FRANCE</dcterms:spatial>
    <dcterms:spatial xsi:type="dcterms:TGN">7009369</dcterms:spatial>

    <dcterms:conformsTo>TEI (Text Encoding Initiative)</dcterms:conformsTo>
    <dcterms:conformsTo>The TEI structure used is an extension of TEI for CMC genres. This extension
        is developped by a European project for which thr participants are : Michael Beißwenger
        (DE), Thierry Chanier (FR), Isabella Chiari (IT), Maria Ermakova (DE), Maarten van Gompel
        (NL), Iris Hendrickx (NL), Axel Herold (DE), Henk van den Heuvel (NL), Lothar Lemnitzer
        (DE), Angelika Storrer (DE).
        http://wiki.tei-c.org/index.php/SIG:Computer-Mediated_Communication"</dcterms:conformsTo>

    <dcterms:hasPart>cmr-88milsms-tei-v1.xml</dcterms:hasPart>
    <dcterms:hasPart>cmr-88milsms-guide.pdf</dcterms:hasPart>
    <dcterms:hasPart>cmr-88milsms-participants_questionnaire_explications.pdf</dcterms:hasPart>
    <dcterms:hasPart>cmr-88milsms-participants_questionnaire_reponses.ods</dcterms:hasPart>
    <dcterms:hasPart>cmr-88milsms-participants_questionnaire_reponses-v2.ods</dcterms:hasPart>

    <dc:identifier>cmr-88milsms-tei-v1</dc:identifier>
    <dc:identifier>https://hdl.handle.net/11403/comere/cmr-88milsms/cmr-88milsms-tei-v1/</dc:identifier>
    <dc:identifier>http://comere.org</dc:identifier>
    <dcterms:source>"88milSMS. A corpus of authentic text messages in French" Panckhurst R., Détrie
        C., Lopez C., Moïse C., Roche M., Verine B. (2014), produit par l’Université Paul-Valéry
        Montpellier 3 et le CNRS, en collaboration avec l’Université catholique de Louvain, financé
        grâce au soutien de la MSH-M et du Ministère de la Culture (Délégation générale à la langue
        française et aux langues de France) et avec la participation de Praxiling, Lirmm, Lidilem,
        Tetis, Viseo. ISLRN:024-713-187-947-8</dcterms:source>

    <dcterms:bibliographicCitation>Panckhurst R., Détrie C., Lopez C., Moïse C., Roche M., Verine B.
        (2016). 88milSMS. A corpus of authentic text messages in French (nouvelle version du
        corpus ISLRN : 024-713-187-947-8). In Chanier T. (ed) Banque de corpus CoMeRe. Ortolang :
        Nancy. [cmr-88milsms-tei-v1 ;
        https://hdl.handle.net/11403/comere/cmr-88milsms/cmr-88milsms-tei-v1]</dcterms:bibliographicCitation>

    <dcterms:references>"88milSMS. A corpus of authentic text messages in French" Panckhurst R.,
        Détrie C., Lopez C., Moïse C., Roche M., Verine B. (2014), produit par l’Université
        Paul-Valéry Montpellier III et le CNRS, en collaboration avec l’Université catholique de
        Louvain, financé grâce au soutien de la MSH-M et du Ministère de la Culture (Délégation
        générale à la langue française et aux langues de France) et avec la participation de
        Praxiling, Lirmm, Lidilem, Tetis, Viseo. </dcterms:references>
    <dcterms:references xsi:type="dcterms:URI">ISLRN 024-713-187-947-8</dcterms:references>
    <dcterms:references xsi:type="dcterms:URI">http://88milsms.huma-num.fr</dcterms:references>
    <dcterms:references>Détrie, C. (2016), « Être contre et/ou tout contre en textotant :
        l’expression du consensus et du dissensus dans les SMS, entre rupture et continuum », 5e
        Congrès Mondial de Linguistique Française (F. Neveu, G. Bergounioux, M.-H. Côté, J.-M.
        Fournier, L. Hriba et S. Prévost éd.)</dcterms:references>
    <dcterms:references xsi:type="dcterms:URI"
        >http://dx.doi.org/10.1051/shsconf/20162702004</dcterms:references>
    <dcterms:references>Lopez, C., Roche, M., Panckhurst, R. (2015). Classification des items
        inconnus de 88milSMS: aide à l'identification automatique de la créativité scripturale.
        Travaux neuchâtelois de linguistique (revue TRANEL), 63, 71-86. </dcterms:references>
    <dcterms:references xsi:type="dcterms:URI"
        >https://www2.unine.ch/files/content/sites/islc/files/Tranel/63/71-86_lopez_al_corr.pdf</dcterms:references>
    <dcterms:references>Lopez C., Bestandji R., Roche M., Panckhurst R. (2014) "Towards Electronic
        SMS Dictionary Construction: An Alignment-based Approach", Proceedings LREC, Reykjavik,
        Islande, 26-31 mai, 2833-2838.</dcterms:references>
    <dcterms:references xsi:type="dcterms:URI"
        >http://www.lrec-conf.org/proceedings/lrec2014/pdf/753_Paper.pdf</dcterms:references>
    <dcterms:references>Accorsi P., Patel N., Lopez C., Panckhurst R., Roche M. (2014),
        "Seek&amp;Hide : Anonymising a French SMS corpus using natural language processing
        techniques", in SMS Communication. A Linguistic Approach, éd L.-A. Cougnon, C. Fairon, John
        Benjamins : Amsterdam/Philadelphia, p. 11-28.</dcterms:references>
    <dcterms:references xsi:type="dcterms:URI"
        >https://benjamins.com/#catalog/books/bct.61.03acc/details</dcterms:references>
    <dcterms:references>Panckhurst R., Moïse C., (2014), "French text messages. From SMS data
        collection to preliminary analysis", in SMS Communication. A Linguistic Approach, éd L.-A.
        Cougnon, C. Fairon, John Benjamins : Amsterdam/Philadelphia, p.
        141-168.</dcterms:references>
    <dcterms:references xsi:type="dcterms:URI"
        >https://benjamins.com/#catalog/books/bct.61.09pan/details</dcterms:references>
    <dcterms:references>Panckhurst R. (2013), “A large SMS corpus in French: from design and
        collation to anonymisation, transcoding and analysis”, Colloquium, CILC2013, Alicante, March
        14-16 : http://web.ua.es/en/cilc2013/, Proceedings, Procedia — Social and Behavioural
        Sciences, Elsevier</dcterms:references>
    <dcterms:references xsi:type="dcterms:URI"
        >http://www.sciencedirect.com/science/article/pii/S1877042813041475</dcterms:references>
    <dcterms:references>Panckhurst R., Détrie C., Lopez C., Moïse C., Roche M. et Verine B. (2013).
        "Sud4science, de l'acquisition d'un grand corpus de SMS en français à l'analyse de
        l'écriture SMS". Épistémè - revue internationale de sciences sociales appliquées, 9 : Des
        usages numériques aux pratiques scripturales électroniques, 107-138</dcterms:references>
    <dcterms:references xsi:type="dcterms:URI"
        >https://hal.archives-ouvertes.fr/hal-00923618</dcterms:references>
    <dcterms:references>Patel N., Accorsi P., Inkpen D., Lopez C., Roche M. (2013) "Approaches of
        anonymisation of an SMS corpus", Proceedings of CICLING (Conference on Intelligent Text
        Processing and Computational Linguistics), LNCS, Springer Verlag, March 24–30, 2013,
        University of the Aegean, Samos, Greece, p. 77-88.</dcterms:references>
    <dcterms:references xsi:type="dcterms:URI">http://www.cicling.org/2013/</dcterms:references>
    <dcterms:references>More references here: http://88milsms.huma-num.fr/references.html"</dcterms:references>

    <dcterms:accessRights xml:lang="en">This corpus can be freely distributed and shared subject
        only to attribution. The way to reference / cite the corpus is given in the
        bibliographicCitation </dcterms:accessRights>
    <dc:rights>http://creativecommons.org/licenses/by/4.0/</dc:rights>

</olac:olac>
