<page xmlns="http://www.mediawiki.org/xml/export-0.8/" xmlns:xsi="http://www.w3.org/2001/XMLSchema-instance">
    <title>Discussion utilisateur:Tigre8996</title>
    <ns>3</ns>
    <id>323121</id>
    <revision>
      <id>46650848</id>
      <parentid>45628585</parentid>
      <timestamp>2009-11-10T07:23:46Z</timestamp>
      <contributor>
        <username>Fm790</username>
        <id>132064</id>
      </contributor>
      <comment>Anniversaire</comment>
      <text xml:space="preserve">{{bienvenue}}
Bonjour et bienvenue parmi nous :) [[Utilisateur:G&#244;T&#244;|G&#244;T&#244;]] [[Discussion_Utilisateur:G&#244;T&#244;|#4]] [[http://fr.wikipedia.org/w/index.php?title=Discussion_Utilisateur:G%C3%B4T%C3%B4&amp;action=edit&amp;section=new +]] 13 juillet 2005 &#224; 16:42 (CEST)

Tigre, merci de vos commentaires. Je viens seulement de remarquer le lien &#171; m&#8217;&#233;crire &#187; et je ne sais pas non plus tr&#232;s bien au vu des commentaires de Jean-Christophe et des votres ce que je dois r&#233;introduire du paragraphe que j&#8217;ai &#233;crit. Pourriez-vous vous mettre d&#8217;accord, Jean-Christophe et vous, sur les informations que vous jugez pertinentes et les r&#233;introduire sous forme wikip&#233;dienne? D&#8217;avance merci.

Voici quelques liens qui pourront vous permettre de vous faire une opinion.
fr.wikipedia.org/wiki/Axel_Kahn
www.futura-sciences.com/comprendre/c/axel_kahn
www.debats-science-societe.net/dossiers/ogm/pourquoi-une-telle-polemique.html
www.enroweb.com/blogsciences/atom.php?type=co - 31k
ase.ouvaton.org/ogmconsidpolit.htm


==Pense-B&#234;te==
[[Special:Lonelypages|Pages orphelines]] -- [[user:Tigre8996|Tigre8996]] 19 juin 2006 &#224; 09:47 (CEST)

[[Projet:Bande dessin&#233;e/Articles demand&#233;s]] -- [[user:Tigre8996|Tigre8996]] 23 juin 2006 &#224; 21:04 (CEST)

== Bon anniversaire ==
[[Image:Foret_noire_mel0.jpg|thumb|right]]
Et bonne continuation sur WP {{sourire}}  [[Utilisateur:Fm790|Fm790]] &amp;#124; [[Discussion utilisateur:Fm790|&#9993;]] 10 novembre 2009 &#224; 08:23 (CET)</text>
      <sha1>2gfey9nqj41d876wbla0dwnvhg933mj</sha1>
      <model>wikitext</model>
      <format>text/x-wiki</format>
    </revision>
  </page>
