<page xmlns="http://www.mediawiki.org/xml/export-0.8/" xmlns:xsi="http://www.w3.org/2001/XMLSchema-instance">
    <title>Discussion utilisateur:Guillom</title>
    <ns>3</ns>
    <id>1928904</id>
    <revision>
      <id>100860987</id>
      <parentid>100644424</parentid>
      <timestamp>2014-02-03T08:25:23Z</timestamp>
      <contributor>
        <username>MediaWiki message delivery</username>
        <id>1696240</id>
      </contributor>
      <comment>/* Tech News: 2014-06 */ nouvelle section</comment>
      <text xml:space="preserve">{{minuscule}} 
{{user:guillom/header}}
&lt;div style="font-size:smaller;" class=plainlinks&gt;

''Archives de discussion''

[http://fr.wikipedia.org/w/index.php?&amp;oldid=4531078 ao&#251;t &#8211; d&#233;cembre 2005] ; [http://fr.wikipedia.org/w/index.php?&amp;oldid=5617855 d&#233;cembre 2005 &#8211; f&#233;vrier 2006] ; [http://fr.wikipedia.org/w/index.php?&amp;oldid=6385013 f&#233;vrier &#8211; mars 2006] ; [http://fr.wikipedia.org/w/index.php?&amp;oldid=7641851 mars &#8211; mai 2006] ; [http://fr.wikipedia.org/w/index.php?&amp;oldid=8497269 juin &#8211; juillet 2006] ; [http://fr.wikipedia.org/w/index.php?&amp;oldid=9743647 juillet &#8211; ao&#251;t 2006] ; [http://fr.wikipedia.org/w/index.php?&amp;oldid=10774239 ao&#251;t &#8211; octobre 2006] ; [http://fr.wikipedia.org/w/index.php?&amp;oldid=12774643 octobre &#8211; d&#233;cembre 2006] ; [http://fr.wikipedia.org/w/index.php?&amp;oldid=15618448 d&#233;cembre 2006 &#8211; avril 2007] ; [http://fr.wikipedia.org/w/index.php?&amp;oldid=22815069 avril &#8211; novembre 2007] ; [http://fr.wikipedia.org/w/index.php?&amp;oldid=30694349 novembre 2007 &#8211; mai 2008] ; [http://fr.wikipedia.org/w/index.php?&amp;oldid=34343706 juin &#8211; octobre 2008] ;  [http://fr.wikipedia.org/w/index.php?&amp;oldid=42103755 octobre 2008 &#8211; juin 2009] ;  [http://fr.wikipedia.org/w/index.php?&amp;oldid=45351137 juin &#8211; septembre 2009] ; [http://fr.wikipedia.org/w/index.php?&amp;oldid=66967238 septembre 2009 &#8211; juin 2011] ; [https://fr.wikipedia.org/w/index.php?&amp;oldid=98015107 juin 2011 &#8211; novembre 2013]
&lt;/div&gt;

__TOC__

== Test tech news with MassMessage ==

&lt;div class="plainlinks mw-content-ltr" lang="fr" dir="ltr"&gt;
Derni&#232;res '''[[m:Special:MyLanguage/Tech/News|actualit&#233;s techniques]]''' de la communaut&#233; technique Wikimedia. Veuillez informer les autres utilisateurs de ces changements. Certains changements ne vous concernent pas. [[m:Special:MyLanguage/Tech/News/2013/47|D&#8217;autres traductions]] sont disponibles.

'''Nouvelles fonctionnalit&#233;s'''
* Les [[mw:Beta Features|fonctionalit&#233;s b&#234;ta]] annonc&#233;es auparavant sont maintenant disponibles sur tous les wikis de Wikimedia. Vous pouvez facilement tester les nouvelles fonctionnalit&#233;s en [[Special:Preferences#mw-prefsection-betafeatures|modifiant vos pr&#233;f&#233;rences b&#234;ta]]. L&#8217;&#201;diteurVisuel est une de ces fonctionnalit&#233;s sur les sites o&#249; il pourrait fonctionner mais n&#8217;est pas encore automatiquement activ&#233;. Il y a &#233;galement une nouvelle visionneuse de m&#233;dias et des modifications dans le style de rendu des articles. [http://lists.wikimedia.org/pipermail/wikitech-ambassadors/2013-November/000506.html]
* Les d&#233;veloppeurs d&#8217;outils peuvent d&#233;sormais [[mw:Help:OAuth|cr&#233;er des outils]] qui utilisent le protocole [[m:w:fr:OAuth|''OAuth'']] pour se connecter aux comptes des sites Wikimedia. En tant qu&#8217;utilisateur, vous pouvez utiliser ces outils pour effectuer des modifications et corrections avec votre compte sans fournir &#224; l&#8217;outil votre mot de passe. [https://blog.wikimedia.org/2013/11/22/oauth-on-wikimedia-wikis/]

'''Probl&#232;mes'''
* Les wikis qui testent actuellement [[mw:Search/CirrusSearchFeatures|''CirrusSearch'']] ont eu des [[wikitech:Incident documentation/20131118-CirrusSearch|probl&#232;mes sur les r&#233;sultats des recherches]] le 18 novembre entre 16:00 et 20:00 UTC.

'''&#192; venir'''
* Il n&#8217;y aura pas de changement majeur du code dans la semaine du 25 novembre car de nombreux d&#233;veloppeurs seront en cong&#233; pour [[w:fr:Thanksgiving|''Thanksgiving'']].
* L&#8217;interface de modification des pages &lt;code&gt;Page:&lt;/code&gt; sur Wikisource (pour travailler avec l&#8217;extension ''[[mw:Extension:Proofread Page|Proofread Page]]'') fonctionnera bient&#244;t aussi sans JavaScript. [http://lists.wikimedia.org/pipermail/wikisource-l/2013-November/001616.html]

'''''[[m:Special:MyLanguage/Tech/News|Actualit&#233;s techniques]]''' pr&#233;par&#233;es par les [[m:Special:MyLanguage/Tech/Ambassadors|ambassadeurs techniques]] et post&#233;es par le [[m:Global message delivery|syst&#232;me de distribution global]] &#8226; [[m:Special:MyLanguage/Tech/News#contribute|Contribuer]] &#8226; [[m:Special:MyLanguage/Tech/News/2013/47|Traduire]] &#8226; [[m:Tech|Obtenir de l&#8217;aide]] &#8226; [[m:Talk:Tech/News|Donner votre avis]] &#8226; [[m:Global message delivery/Targets/Tech ambassadors|S&#8217;inscrire ou se d&#233;sinscrire]].''
&lt;/div&gt; 25 novembre 2013 &#224; 23:07 (CET)
&lt;!-- Message envoy&#233; par User:Guillom@metawiki en utilisant la liste &#224; http://meta.wikimedia.org/wiki/User:Guillom/sandbox --&gt;

== Bug 52577  ==

Bonjour, [[bugzilla:52577]] : il est corrig&#233; ce bug, non ? Cordialement - [[Utilisateur:Drongou|Drongou]] ([[Discussion utilisateur:Drongou|discuter]]) 26 novembre 2013 &#224; 23:50 (CET)
:[[Utilisateur:Drongou|Drongou]] : Je viens de tester rapidement, et je n'ai pas l'impression que &#231;a fonctionne. [[User:guillom|guillom]] 5 d&#233;cembre 2013 &#224; 13:39 (CET)

== [TEST] [[m:Special:MyLanguage/Tech/News/2013/49|Tech News: 2013-49]] ==

&lt;div class="plainlinks mw-content-ltr" lang="fr" dir="ltr"&gt;
Derni&#232;res '''[[m:Special:MyLanguage/Tech/News|actualit&#233;s techniques]]''' de la communaut&#233; technique Wikimedia. Veuillez informer les autres utilisateurs de ces changements. Certains changements ne vous concernent pas. [[m:Special:MyLanguage/Tech/News/2013/49|D&#8217;autres traductions]] sont disponibles.

Ce bulletin est d&#233;sormais post&#233; avec le syst&#232;me de [[m:Special:MyLanguage/User:MediaWiki message delivery|distribution de messages MediaWiki]].

'''Nouvelles fonctionnalit&#233;s'''
* La fonctionnalit&#233; [[mw:Extension:CommonsMetadata|CommonsMetadata]] a &#233;t&#233; ajout&#233;e &#224; tous les wikis. Elle cr&#233;e des informations de m&#233;tadonn&#233;es au sujet des fichiers multim&#233;dia (telles que leur licence) qui peuvent &#234;tre automatiquement interpr&#233;t&#233;es par les logiciels. Cela ne fonctionne pas que pour Commons mais pour tous les wikis et vous pouvez l&#8217;utiliser pour des fichiers locaux sur votre wiki en [[m:commons:Special:MyLanguage/Commons:Machine-readable data|modifiant des mod&#232;les]] utilis&#233;s pour traduire et mettre en forme les m&#233;tadonn&#233;es. [http://lists.wikimedia.org/pipermail/wikitech-ambassadors/2013-November/000508.html]
* Le code [[m:w:en:JavaScript|JavaScript]] utilis&#233; sur les sites Wikimedia est maintenant [[m:w:en:Web storage|stock&#233; localement]] sur votre ordinateur pour des chargements de page plus rapides. [http://lists.wikimedia.org/pipermail/wikitech-l/2013-December/073330.html]

'''[[mw:Special:MyLanguage/VisualEditor/Portal|&#201;diteurVisuel]]'''
* Vous pouvez d&#233;sormais coller vers l&#8217;&#201;diteurVisuel des contenus pr&#233;format&#233;s copi&#233;s depuis des sources externes (et non plus seulement du texte brut) ; ceci inclue la possibilit&#233; de copier-coller entre plusieurs fen&#234;tres (ou onglets) ouvertes sur l&#8217;&#201;diteurVisuel. [https://www.mediawiki.org/w/index.php?oldid=836802#2013-12-05_.28MW_1.23wmf6.29]
* Vous pouvez d&#233;sormais ouvrir l&#8217;&#201;diteurVisuel en ajoutant &lt;code&gt;?veaction=edit&lt;/code&gt; &#224; l&#8217;URL de la page, ind&#233;pendamment de vos pr&#233;f&#233;rences utilisateur actuelles. [https://www.mediawiki.org/w/index.php?oldid=836802#2013-12-05_.28MW_1.23wmf6.29]
* De nombreuses anomalies ont &#233;t&#233; r&#233;solues et l&#8217;&#201;diteurVisuel devrait &#233;galement &#234;tre plus plus rapide, par exemple lorsque vous enregistrez une page. [https://www.mediawiki.org/w/index.php?oldid=836802#2013-12-05_.28MW_1.23wmf6.29]

'''Probl&#232;mes'''
* &#192; cause de probl&#232;mes techniques, le nouvel outil de recherche ("[[mw:Search|CirrusSearch]]") a r&#233;cemment &#233;t&#233; &#244;t&#233; temporairement des wikis o&#249; il avait une premi&#232;re fois &#233;t&#233; activ&#233;, puis remis &#224; nouveau en service. [http://lists.wikimedia.org/pipermail/wikitech-ambassadors/2013-December/000514.html]

'''&#192; venir'''
* [[mw:MediaWiki 1.23/wmf6|MediaWiki 1.23wmf6]] a &#233;t&#233; ajout&#233; aux wikis de test le 5 d&#233;cembre. Il arrivera sur les wikis sauf Wikip&#233;dia le 10 d&#233;cembre et sur toutes les &#233;ditions de Wikip&#233;dia le 12 d&#233;cembre ([[mw:MediaWiki 1.23/Roadmap|calendrier]]).
* L&#8217;ancien outil ''Etherpad'' (remplac&#233; par une [http://etherpad.wikimedia.org nouvelle version]) sera supprim&#233; le 30 d&#233;cembre 2013. Vous pouvez sauvegarder vos anciens bloc-notes avant cette date en utilisant l&#8217;ancienne adresse : https://etherpad-old.wikimedia.org. [http://lists.wikimedia.org/pipermail/wikitech-l/2013-November/073249.html]

'''''[[m:Special:MyLanguage/Tech/News|Actualit&#233;s techniques]]''' pr&#233;par&#233;es par les [[m:Special:MyLanguage/Tech/Ambassadors|ambassadeurs techniques]] et post&#233;es par le [[m:Special:MyLanguage/User:MediaWiki message delivery|syst&#232;me de distribution de MediaWiki]] &#8226; [[m:Special:MyLanguage/Tech/News#contribute|Contribuer]] &#8226; [[m:Special:MyLanguage/Tech/News/2013/49|Traduire]] &#8226; [[m:Tech|Obtenir de l&#8217;aide]] &#8226; [[m:Talk:Tech/News|Donner votre avis]] &#8226; [[m:Global message delivery/Targets/Tech ambassadors|S&#8217;inscrire ou se d&#233;sinscrire]].''
&lt;/div&gt; 9 d&#233;cembre 2013 &#224; 09:32 (CET)
&lt;!-- Message envoy&#233; par User:Guillom@metawiki en utilisant la liste &#224; http://meta.wikimedia.org/wiki/User:Guillom/sandbox --&gt;

== [TEST] [[m:Special:MyLanguage/Tech/News/2013/50|Tech News: 2013-50]] ==

&lt;div class="plainlinks mw-content-ltr" lang="fr" dir="ltr"&gt;
Derni&#232;res '''[[m:Special:MyLanguage/Tech/News|actualit&#233;s techniques]]''' de la communaut&#233; technique Wikimedia. Veuillez informer les autres utilisateurs de ces changements. Certains changements ne vous concernent pas. [[m:Special:MyLanguage/Tech/News/2013/50|D&#8217;autres traductions]] sont disponibles.

'''Nouvelles fonctionnalit&#233;s'''
* Vous pouvez maintenant voir une l&#233;gende sur [[Special:RecentChanges]] et [[Special:Watchlist]] qui explique les symboles utilis&#233;s. [https://bugzilla.wikimedia.org/show_bug.cgi?id=52005]
* Si votre wiki teste le nouvel outil de recherche ("[[mw:Search|CirrusSearch]]"), vous pouvez maintenant le tester en ajoutant &#171;Nouvelle recherche&#187; dans votre liste de [[Special:Preferences#mw-prefsection-betafeatures|pr&#233;f&#233;rences des b&#234;ta fonctionnalit&#233;s]]. [http://lists.wikimedia.org/pipermail/wikitech-ambassadors/2013-December/000519.html]

'''[[mw:Special:MyLanguage/VisualEditor/Portal|&#201;diteur visuel]]'''
* La barre d&#8217;outils a &#233;t&#233; simplifi&#233;e, en d&#233;pla&#231;ant tous les styles de texte (gras, italique, soulign&#233;, en indice, ''etc'') dans un menu unique et en renommant le menu &#171;&#8239;Plus&#8239;&#187; en &#171;&#8239;Ins&#233;rer&#8239;&#187;. [https://www.mediawiki.org/w/index.php?oldid=842405#2013-12-12_.28MW_1.23wmf7.29]
* Il y a maintenant un nouvel outil assez basique pour ins&#233;rer des caract&#232;res sp&#233;ciaux &#224; un texte. Vous pouvez ajouter d&#8217;autres caract&#232;res (utiles dans votre langue) en modifiant l&#8217;interface MediaWiki sur [https://translatewiki.net/wiki/MediaWiki:Visualeditor-specialcharinspector-characterlist-insert/en translatewiki.net]. 
* L&#8217;&#233;diteur pour ajouter et modifier des &#233;quations et autres formules math&#233;matiques est maintenant &#233;tiquet&#233; &#171;&#8239;formule&#8239;&#187; au lieu du terme &#171;&#8239;LaTeX&#8239;&#187;. [https://bugzilla.wikimedia.org/show_bug.cgi?id=53251]

'''Probl&#232;mes'''
* Il y avait un probl&#232;me avec l&#8217;outil "{{int:Coll-create a book}}" ([[mw:Extension:Collection|Collection]]) : les livres ne pouvaient &#234;tre qu&#8217;export&#233;s au format PDF. La modification a &#233;t&#233; annul&#233;e. [http://lists.wikimedia.org/pipermail/wikitech-ambassadors/2013-December/000521.html]
* Le syst&#232;me de connexion &#224; utiliser pour les outils externes ("OAuth") ne marchait pas sur les wikis qui testaient le nouvel outil de recherche. Il a &#233;t&#233; corrig&#233; la semaine derni&#232;re. [http://lists.wikimedia.org/pipermail/wikitech-l/2013-December/073610.html] [http://lists.wikimedia.org/pipermail/wikitech-l/2013-December/073622.html]
* En raison d&#8217;un bug, ce bulletin est envoy&#233; aux utilisateurs en utilisant le nouveau [[m:Special:MyLanguage/User:MediaWiki message delivery|syst&#232;me de distribution des messages MediaWiki]], et vers les pages communautaires en utilisant l&#8217;ancien [[m:User:EdwardsBot|EdwardsBot]]. [https://bugzilla.wikimedia.org/show_bug.cgi?id=57464]

'''&#192; venir'''
* [[mw:MediaWiki 1.23/wmf7|MediaWiki 1.23wmf7]] a &#233;t&#233; ajout&#233; aux wikis de test le 12 d&#233;cembre. Il arrivera sur les wikis sauf Wikip&#233;dia le 17 d&#233;cembre et sur toutes les &#233;ditions de Wikip&#233;dia le 19 d&#233;cembre ([[mw:MediaWiki 1.23/Roadmap|calendrier]]).
* Bient&#244;t, vous serez en mesure de s&#233;lectionner la langue des images SVG qui ont une traduction &#224; l&#8217;aide d&#8217;un menu d&#233;roulant sur la page de l&#8217;image ([[m:testwiki:File:Gerrit patchset 25838 test.svg|voir l&#8217;exemple]]). [https://gerrit.wikimedia.org/r/#/c/95746/]
* [[commons:Commons:GLAMToolset project|GLAMToolset]], un outil pour aider les groupes [[m:Special:MyLanguage/GLAM|GLAM]] (comme les mus&#233;es) &#224; charger de grandes quantit&#233;s d&#8217;images sur Commons, sera ajout&#233; &#224; Commons le 17 d&#233;cembre. [https://wikitech.wikimedia.org/w/oldid=91999#Week_of_December_16]
* Un nouvel espace de noms pour [[mw:Draft namespace|brouillons d&#8217;articles]] sera ajout&#233; &#224; la Wikip&#233;dia en anglais pour rendre plus facile la cr&#233;ation de nouvelles pages. Vous pourrez utiliser l&#8217;&#201;diteurVisuel pour les brouillons si vous l&#8217;avez activ&#233;. [https://bugzilla.wikimedia.org/show_bug.cgi?id=57569] [https://en.wikipedia.org/w/index.php?oldid=585884239#Draft_namespace_being_enabled_soon]

'''Autres'''
* Vous pouvez lire le [[mw:Special:MyLanguage/Wikimedia engineering report/2013/November/summary|r&#233;sum&#233; du rapport technique]] pour novembre 2013 pour en savoir plus sur l&#8217;&#233;diteur visuel, le site pour mobiles et d&#8217;autres fonctionnalit&#233;s. [http://lists.wikimedia.org/pipermail/wikitech-ambassadors/2013-December/000518.html]

'''''[[m:Special:MyLanguage/Tech/News|Actualit&#233;s techniques]]''' pr&#233;par&#233;es par les [[m:Special:MyLanguage/Tech/Ambassadors|ambassadeurs techniques]] et post&#233;es par le [[m:Special:MyLanguage/User:MediaWiki message delivery|syst&#232;me de distribution global]] &#8226; [[m:Special:MyLanguage/Tech/News#contribute|Contribuer]] &#8226; [[m:Special:MyLanguage/Tech/News/2013/50|Traduire]] &#8226; [[m:Tech|Obtenir de l&#8217;aide]] &#8226; [[m:Talk:Tech/News|Donner votre avis]] &#8226; [[m:Global message delivery/Targets/Tech ambassadors|S&#8217;inscrire ou se d&#233;sinscrire]].''
&lt;/div&gt; 16 d&#233;cembre 2013 &#224; 09:08 (CET)
&lt;!-- Message envoy&#233; par User:Guillom@metawiki en utilisant la liste &#224; http://meta.wikimedia.org/w/index.php?title=User:Guillom/sandbox&amp;oldid=6663589 --&gt;

== [[m:Special:MyLanguage/Tech/News/2014/01|Tech News: 2014-01]] ==

&lt;div class="plainlinks mw-content-ltr" lang="fr" dir="ltr"&gt;
Derni&#232;res '''[[m:Special:MyLanguage/Tech/News|actualit&#233;s techniques]]''' de la communaut&#233; technique Wikimedia. Veuillez informer les autres utilisateurs de ces changements. ''[[m:Special:MyLanguage/Tech/News/2014/01|D&#8217;autres traductions]] sont disponibles.''

'''Changements r&#233;cents du logiciel'''
* Vous pouvez maintenant voir le texte des fichiers DjVu et PDF dans les r&#233;sultats de recherche sur les wikis testant le nouvel outil de recherche ([[mw:Search|CirrusSearch]]). [//bugzilla.wikimedia.org/show_bug.cgi?id=6421] [//gerrit.wikimedia.org/r/#/c/101252/]
* Avec la nouvelle version de l&#8217;extension de [[mw:Extension:Wikibase DataModel|mod&#232;le de donn&#233;es Wikibase]], vous pouvez l&#8217;installer en dehors des wikis de Wikimedia. [http://lists.wikimedia.org/pipermail/wikitech-l/2013-December/073721.html]

'''Nouvelles de l&#8217;[[mw:Special:MyLanguage/VisualEditor/Portal|&#201;diteurVisuel]] :'''
* Les images sont maintenant affich&#233;es dans l&#8217;&#201;diteurVisuel en tant qu&#8217;&#233;l&#233;ments &lt;code&gt;&lt;nowiki&gt;&lt;figure /&gt;&lt;/nowiki&gt;&lt;/code&gt; de [[m:w:fr:HTML5|HTML5]]. Les [[mw:VisualEditor/Feedback|commentaires]] sont bienvenus. [//bugzilla.wikimedia.org/show_bug.cgi?id=53436]
* Vous pouvez maintenant tester une version basique de l&#8217;&#201;diteurVisuel sur les appareils mobiles ; voyez par exemple [//en.m.wikipedia.org/wiki/Foobar?mobileaction=alpha cet article] (sur la version mobile de l&#8217;&#233;dition anglophone de Wikip&#233;dia).

'''Probl&#232;mes'''
* Le 23 d&#233;cembre, [[mw:Wikimedia Labs|Wikimedia Labs]] a &#233;t&#233; en panne durant 4 heures &#224; cause d&#8217;un probl&#232;me du syst&#232;me de fichiers en r&#233;seau ([[m:w:fr:Network File System|NFS]]). [//bugzilla.wikimedia.org/show_bug.cgi?id=58888]

'''Changements &#224; venir du logiciel'''
* CirrusSearch sera ajout&#233; comme seconde m&#233;thode de recherche sur les wikis en espagnol (&lt;tt&gt;es&lt;/tt&gt;), fran&#231;ais (&lt;tt&gt;fr&lt;/tt&gt;), portugais (&lt;tt&gt;pt&lt;/tt&gt;) et russe (&lt;tt&gt;ru&lt;/tt&gt;) le 30 d&#233;cembre. Les utilisateurs de Wikimedia Commons, Wikispecies et Wikinews pourront l&#8217;activer dans [[Special:Preferences#mw-prefsection-betafeatures|leurs pr&#233;f&#233;rences de fonctionnalit&#233;s b&#234;ta]].
* Les entr&#233;es de journal du [[mw:Extension:AbuseFilter|filtre anti-abus]] seront visible dans les rapports de l&#8217;outil [[mw:Extension:CheckUser|CheckUser]]. [//bugzilla.wikimedia.org/show_bug.cgi?id=29583] [//gerrit.wikimedia.org/r/#/c/92053/]
* Il sera bient&#244;t possible de rechercher des entr&#233;es de journal pour les modifications effectu&#233;es par des utilisateurs sans compte. [//bugzilla.wikimedia.org/show_bug.cgi?id=54404] [//gerrit.wikimedia.org/r/#/c/85436/]
* Il ne sera plus possible de masquer globalement des utilisateurs ayant effectu&#233; plus de 1 000 modifications. [//bugzilla.wikimedia.org/show_bug.cgi?id=23653] [//gerrit.wikimedia.org/r/#/c/103216/]

'''''[[m:Special:MyLanguage/Tech/News|Actualit&#233;s techniques]]''' pr&#233;par&#233;es par les [[m:Special:MyLanguage/Tech/Ambassadors|ambassadeurs techniques]] et post&#233;es par le [[m:Special:MyLanguage/User:MediaWiki message delivery|syst&#232;me de distribution de messages de MediaWiki]] &#8226; [[m:Special:MyLanguage/Tech/News#contribute|Contribuer]] &#8226; [[m:Special:MyLanguage/Tech/News/2014/01|Traduire]] &#8226; [[m:Tech|Obtenir de l&#8217;aide]] &#8226; [[m:Talk:Tech/News|Donner votre avis]] &#8226; [[m:Global message delivery/Targets/Tech ambassadors|S&#8217;inscrire ou se d&#233;sinscrire]].''
&lt;/div&gt; 30 d&#233;cembre 2013 &#224; 09:32 (CET)
&lt;!-- Message envoy&#233; par User:Guillom@metawiki en utilisant la liste &#224; http://meta.wikimedia.org/w/index.php?title=User:Guillom/sandbox&amp;oldid=6663589 --&gt;

== [[m:Special:MyLanguage/Tech/News/2014/02|Tech News: 2014-02]] ==

&lt;section begin="technews-2014-W02"/&gt;&lt;div class="plainlinks mw-content-ltr" lang="fr" dir="ltr"&gt;
Derni&#232;res '''[[m:Special:MyLanguage/Tech/News|actualit&#233;s techniques]]''' de la communaut&#233; technique Wikimedia. Veuillez informer les autres utilisateurs de ces changements. ''[[m:Special:MyLanguage/Tech/News/2014/02|D&#8217;autres traductions]] sont disponibles.''

'''Changements r&#233;cents du logiciel'''
* La derni&#232;re version de MediaWiki ([[mw:MediaWiki 1.23/wmf9|1.23wmf9]]) a &#233;t&#233; ajout&#233;e aux wikis de test et de Mediawiki.org le 2 janvier. Elle sera activ&#233;e sur tous les sites hors de Wikip&#233;dia le 7 janvier, et sur toutes les &#233;ditions de Wikip&#233;dia le 9 janvier 2014. ([[mw:MediaWiki 1.23/Roadmap|calendrier]])
* L&#8217;[//etherpad-old.wikimedia.org ancien site de prise de notes] ([[m:en:Etherpad|Etherpad]]) a &#233;t&#233; mis hors service le 30 d&#233;cembre 2013. Vous pouvez consulter la plupart des documents sur [//etherpad.wikimedia.org le nouveau site]. [//lists.wikimedia.org/pipermail/wikitech-l/2013-December/073755.html]

'''Probl&#232;mes'''
* Le 2 janvier, les sites de Wikimedia Commons, Wikidata et tous les projets Wikivoyage ont &#233;t&#233; inaccessibles durant 2 heures &#224; cause de probl&#232;mes de mise &#224; jour du cache des langues.
* Le m&#234;me jour, il n&#8217;&#233;tait pas possible d&#8217;&#233;diter la plupart des wikis durant 30 minutes &#224; cause d&#8217;un probl&#232;me de r&#233;plication de base de donn&#233;es.

'''Changements &#224; venir du logiciel'''
* Le nouvel outil de recherche ([[mw:Search|CirrusSearch]]) a &#233;t&#233; ajout&#233; comme moteur de recherche par d&#233;faut sur l&#8217;&#233;dition italienne de Wikip&#233;dia, sur l&#8217;&#233;dition francophone de Wikisource, sur Wikidata et sur tous les sites Wikivoyage, et comme moteur de recherche secondaire sur la version allemande de Wikip&#233;dia et sur tous les sites Wikibooks le 6 janvier. [http://lists.wikimedia.org/pipermail/wikitech-l/2014-January/073846.html]
* Les utilisateurs des &#233;ditions de Wikip&#233;dia en espagnol, fran&#231;ais, portugais et russe pourront &#233;galement activer CirrusSearch dans [[Special:Preferences#mw-prefsection-betafeatures|leurs pr&#233;f&#233;rences de fonctionnalit&#233;s b&#234;ta]]. [http://lists.wikimedia.org/pipermail/wikitech-l/2014-January/073846.html]
* Les r&#232;gles d&#8217;accord en nombre (singulier, pluriel, duel, etc.) de plusieurs langues [//translatewiki.net/wiki/Thread:Portal_talk:Ru/Plural_changes_in_many_languages seront modifi&#233;es]. Certaines traductions pour le bi&#233;lorusse, le russe, le serbe, l&#8217;ukrainien et d&#8217;autres langues devront &#234;tre modifi&#233;es. [//bugzilla.wikimedia.org/show_bug.cgi?id=56931] [//gerrit.wikimedia.org/r/#/c/105148/] [//gerrit.wikimedia.org/r/#/c/104795/]
* Vous verrez un avertissement lorsque vous essaierez de supprimer une page li&#233;e depuis d&#8217;autres pages. [//bugzilla.wikimedia.org/show_bug.cgi?id=35485] [//gerrit.wikimedia.org/r/#/c/65162/]
* Vous pourrez masquer les pages de redirection sur la liste des [[Special:ProtectedPages|pages prot&#233;g&#233;es]]. [//bugzilla.wikimedia.org/show_bug.cgi?id=19233] [//gerrit.wikimedia.org/r/#/c/104395/]
* Vous pourrez utiliser des raccourcis clavier dans l&#8217;outil de [[mw:Extension:Translate|Traduction]] en pressant &lt;span style="white-space:nowrap"&gt;&lt;kbd class="keyboard-key nowrap" style="border:1px solid #aaa; background-color: #f9f9f9; padding: 1px 3px; font-family: inherit"&gt;Alt&lt;/kbd&gt;+&lt;kbd class="keyboard-key nowrap" style="border: 1px solid #aaa; background-color: #f9f9f9; padding: 1px 3px; font-family: inherit"&gt;1&lt;/kbd&gt;&lt;/span&gt; et les groupes de touches similaires. [//gerrit.wikimedia.org/r/#/c/103072/] [//gerrit.wikimedia.org/r/#/c/104934/]
* Les courriels envoy&#233;s par MediaWiki incluront le nom du site dans leur ligne &lt;code&gt;From:&lt;/code&gt; (indiquant l&#8217;exp&#233;diteur). Vous pourrez changer ce nom sur votre wiki en modifiant la page &lt;code&gt;MediaWiki:Emailsender&lt;/code&gt;. [//bugzilla.wikimedia.org/show_bug.cgi?id=32770] [https://gerrit.wikimedia.org/r/#/c/104707/]
* Les images affich&#233;es dans la [[mw:Extension:MultimediaViewer|visionneuse de m&#233;dia (parmi les fonctionnalit&#233;s b&#234;ta)]] se chargeront plus rapidement. [//bugzilla.wikimedia.org/show_bug.cgi?id=56695] [//gerrit.wikimedia.org/r/#/c/95282/]

'''''[[m:Special:MyLanguage/Tech/News|Actualit&#233;s techniques]]''' pr&#233;par&#233;es par les [[m:Special:MyLanguage/Tech/Ambassadors|ambassadeurs techniques]] et post&#233;es par le [[m:Special:MyLanguage/User:MediaWiki message delivery|syst&#232;me de distribution de messages de Mediawiki]] &#8226; [[m:Special:MyLanguage/Tech/News#contribute|Contribuer]] &#8226; [[m:Special:MyLanguage/Tech/News/2014/02|Traduire]] &#8226; [[m:Tech|Obtenir de l&#8217;aide]] &#8226; [[m:Talk:Tech/News|Donner votre avis]] &#8226; [[m:Global message delivery/Targets/Tech ambassadors|S&#8217;inscrire ou se d&#233;sinscrire]].''
&lt;/div&gt; &lt;section end="technews-2014-W02"/&gt; 6 janvier 2014 &#224; 09:26 (CET)
&lt;!-- Message envoy&#233; par User:Guillom@metawiki en utilisant la liste &#224; http://meta.wikimedia.org/w/index.php?title=User:Guillom/sandbox&amp;oldid=6663589 --&gt;

== [[m:Special:MyLanguage/Tech/News/2014/03|Tech News: 2014-03]] ==

&lt;section begin="technews-2014-W03"/&gt;&lt;div class="plainlinks mw-content-ltr" lang="fr" dir="ltr"&gt;
Derni&#232;res '''[[m:Special:MyLanguage/Tech/News|actualit&#233;s techniques]]''' de la communaut&#233; technique Wikimedia. Veuillez informer les autres utilisateurs de ces changements. ''[[m:Special:MyLanguage/Tech/News/2014/03|D&#8217;autres traductions]] sont disponibles.''

Vous pouvez lire un [//blog.wikimedia.org/2014/01/07/tech-news-fighting-technical-information-overload-for-wikimedians/ billet de blogue r&#233;cent] sur la fa&#231;on dont les Actualit&#233;s techniques sont assembl&#233;es, sont traduites et vous sont envoy&#233;es chaque semaine vers les diff&#233;rents wikis.

'''Changements r&#233;cents du logiciel'''
* La derni&#232;re version de MediaWiki ([[mw:MediaWiki 1.23/wmf10|1.23wmf10]]) a &#233;t&#233; ajout&#233;e aux wikis de test et de Mediawiki.org le 9 janvier. Elle sera activ&#233;e sur tous les sites hors de Wikip&#233;dia le 14 janvier, et sur toutes les &#233;ditions de Wikip&#233;dia le 16 janvier 2014. ([[mw:MediaWiki 1.23/Roadmap|calendrier]])
* La recherche dans l&#8217;espace de noms &lt;code&gt;File:&lt;/code&gt; sur Wikimedia Commons pourrait &#234;tre lente &#224; cause d&#8217;un probl&#232;me du moteur de recherche. [//gerrit.wikimedia.org/r/#/c/106537/]

'''Nouvelles de l&#8217;&#201;diteurVisuel'''
* L&#8217;&#201;diteurVisuel sera ajout&#233; &#224; tous les utilisateurs de plusieurs &#233;ditions de Wikip&#233;dia le 13 janvier. [//gerrit.wikimedia.org/r/#/c/102208/]
* Vous pouvez maintenant ajouter et supprimer &lt;code&gt;&lt;nowiki&gt;__NOTOC__&lt;/nowiki&gt;&lt;/code&gt;, &lt;code&gt;&lt;nowiki&gt;__FORCETOC__&lt;/nowiki&gt;&lt;/code&gt; et &lt;code&gt;&lt;nowiki&gt;__NOEDITSECTION__&lt;/nowiki&gt;&lt;/code&gt; dans le menu M&#233;tadonn&#233;es de la page. [//bugzilla.wikimedia.org/show_bug.cgi?id=56866] [//bugzilla.wikimedia.org/show_bug.cgi?id=56867] [//bugzilla.wikimedia.org/show_bug.cgi?id=57166]

'''Probl&#232;mes'''
* Durant quelques heures les 6 janvier, il n&#8217;&#233;tait pas possible de modifier les pages avec l&#8217;[[mw:Extension:Translate|outil Traduire]] sur Wikimedia Commons et le wiki de Wikimania 2013, &#224; cause d&#8217;une erreur de param&#233;trage. [//bugzilla.wikimedia.org/show_bug.cgi?id=59740] [//bugzilla.wikimedia.org/show_bug.cgi?id=59739]
* Durant 20 minutes le 9 janvier, il y a eu des probl&#232;mes avec [[m:en:Cascading Style Sheets|les feuilles de style CSS]] et [[m:en:JavaScript|JavaScript]] &#224; cause d&#8217;une charge de travail &#233;lev&#233;e des serveurs.

'''Changements &#224; venir du logiciel'''
* Wikidata sera ajout&#233; &#224; toutes les &#233;ditions de Wikisource le 14 janvier. [//wikitech.wikimedia.org/wiki/Deployments#Week_of_January_13]
* Le nouvel outil de recherche ([[mw:Search|CirrusSearch]]) sera ajout&#233; comme seconde m&#233;thode de recherche sur l&#8217;&#233;dition anglophone de Wikip&#233;dia le 13 janvier. Sur Wikibooks et l&#8217;&#233;dition germanophone de Wikip&#233;dia, vous pourrez le tester en l&#8217;ajoutant dans vos [[Special:Preferences#mw-prefsection-betafeatures|Pr&#233;f&#233;rences de fonctionnalit&#233;s b&#234;ta]].
* Vous pourrez bient&#244;t exporter des [[mw:Extension:Collection|collections de pages]] vers d&#8217;autres formats que [[m:en:Portable Document Format|PDF]]. [//bugzilla.wikimedia.org/show_bug.cgi?id=58151]
* Il sera bient&#244;t possible de t&#233;l&#233;verser des groupes de photos depuis [[:m:en:Flickr|Flickr]] en utilisant l&#8217;[[mw:Extension:UploadWizard|asssistant de t&#233;l&#233;versement]]. [//bugzilla.wikimedia.org/show_bug.cgi?id=43320] [//gerrit.wikimedia.org/r/105393]
* La Fondation Wikimedia a partag&#233; sa [http://blog.wikimedia.org/2014/01/09/multimedia-vision-2016/ vision multim&#233;dia pour 2016]. Vous &#234;tes [[m:commons:Commons talk:Multimedia Features/Vision 2016|invit&#233;]] &#224; donner vos avis et commentaires.  [http://lists.wikimedia.org/pipermail/wikitech-l/2014-January/073904.html]

'''''[[m:Special:MyLanguage/Tech/News|Actualit&#233;s techniques]]''' pr&#233;par&#233;es par les [[m:Special:MyLanguage/Tech/Ambassadors|ambassadeurs techniques]] et post&#233;es par le [[m:Special:MyLanguage/User:MediaWiki message delivery|syst&#232;me de distribution de messages de MediaWiki]] &#8226; [[m:Special:MyLanguage/Tech/News#contribute|Contribuer]] &#8226; [[m:Special:MyLanguage/Tech/News/2014/03|Traduire]] &#8226; [[m:Tech|Obtenir de l&#8217;aide]] &#8226; [[m:Talk:Tech/News|Donner votre avis]] &#8226; [[m:Global message delivery/Targets/Tech ambassadors|S&#8217;inscrire ou se d&#233;sinscrire]].''
&lt;/div&gt; &lt;section end="technews-2014-W03"/&gt; 13 janvier 2014 &#224; 10:26 (CET)
&lt;!-- Message envoy&#233; par User:Guillom@metawiki en utilisant la liste &#224; http://meta.wikimedia.org/w/index.php?title=User:Guillom/sandbox&amp;oldid=6663589 --&gt;

== [[m:Special:MyLanguage/Tech/News/2014/04|Tech News: 2014-04]] ==

&lt;section begin="technews-2014-W04"/&gt;&lt;div class="plainlinks mw-content-ltr" lang="fr" dir="ltr"&gt;
Derni&#232;res '''[[m:Special:MyLanguage/Tech/News|actualit&#233;s techniques]]''' de la communaut&#233; technique Wikimedia. Veuillez informer les autres utilisateurs de ces changements. Certains changements ne vous affecteront pas. [[m:Special:MyLanguage/Tech/News/2014/04|D&#8217;autres traductions]] sont disponibles.

'''Changements r&#233;cents du logiciel'''
* La derni&#232;re version de MediaWiki ([[mw:MediaWiki 1.23/wmf11|1.23wmf11]]) a &#233;t&#233; ajout&#233;e aux wikis de test et de Mediawiki.org le 16 janvier. Elle sera activ&#233;e sur tous les sites hors de Wikip&#233;dia le 28 janvier, et sur toutes les &#233;ditions de Wikip&#233;dia le 30 janvier 2014. ([[mw:MediaWiki 1.23/Roadmap|calendrier]])
* Vous pouvez maintenant voir les r&#233;sultats relativement r&#233;cents sur les pages sp&#233;ciales comme [[Special:DoubleRedirects|Page sp&#233;ciale:Doubles redirections]], [[Special:UncategorizedPages|Page sp&#233;ciale:Pages non cat&#233;goris&#233;es]] ou [[Special:WantedCategories|Page sp&#233;ciale:Cat&#233;gories demand&#233;es]]. Jusqu&#8217;&#224; r&#233;cemment, ces filtres &#233;taient d&#233;sactiv&#233;s car ils &#233;taient trop lents. Les r&#233;sultats sont d&#233;sormais mis &#224; jour une fois par mois. [//bugzilla.wikimedia.org/show_bug.cgi?id=15434]
* Depuis le 16 janvier, vous pouvez utiliser les [[mw:Guided tours|visites guid&#233;es]] sur les &#233;ditions de Wikip&#233;dia en asturien, persan et russe. Si vous d&#233;sirez cet outil sur votre wiki, il vous faudra [//translatewiki.net/w/i.php?title=Special:Translate&amp;group=ext-guidedtour&amp;filter=&amp;language={{CONTENTLANG}}&amp;action=translate le traduire] et formuler votre demande sur [//bugzilla.wikimedia.org Bugzilla]. [http://lists.wikimedia.org/pipermail/wikitech-ambassadors/2014-January/000542.html] [//gerrit.wikimedia.org/r/#/c/105997/]
* Vous pouvez donner vos avis et commentaires &#224; propos de l&#8217;id&#233;e de disposer d&#8217;une [http://unicorn.wmflabs.org/navmod/ barre d&#8217;outils fixe] en haut des pages wiki. [http://lists.wikimedia.org/pipermail/design/2014-January/001377.html]
* Vous pouvez [[:File:How to file a report in Bugzilla.webm|regarder une vid&#233;o]] pour apprendre comment signaler les probl&#232;mes sur Bugzilla. [//bugzilla.wikimedia.org/show_bug.cgi?id=54606]

'''Nouvelles concernant l'&#233;diteur visuel'''
* Dans la barre d&#8217;outils, le menu de modification des styles (tels que gras, italique, etc.) affiche maintenant une fl&#232;che vers le bas ([[File:VisualEditor - Icon - Text style.svg|25px]][[File:VisualEditor - Icon - Down.svg|15px]]). L&#8217;ordre  du menu Insertion a &#233;galement l&#233;g&#232;rement chang&#233;.
* Vous pouvez modifier les balises &lt;code&gt;&lt;nowiki&gt;&lt;gallery /&gt;&lt;/nowiki&gt;&lt;/code&gt; avec un outil tr&#232;s basique. [//gerrit.wikimedia.org/r/#/c/107537/]
* Vous pouvez maintenant voir une page d&#8217;aide concernant les raccourcis clavier dans la page de menu. [//bugzilla.wikimedia.org/show_bug.cgi?id=52844] 
* Lorsque vous modifiez les cat&#233;gories, vous pouvez maintenant les voir quand vous enregistrez la page. [//bugzilla.wikimedia.org/show_bug.cgi?id=48560]
* Quand vous modifiez des mod&#232;les, vous verrez maintenant les param&#232;tres dans le bon ordre. Ceux que vous devez ajouter sont marqu&#233;s d&#8217;une ast&#233;risque (*). [//bugzilla.wikimedia.org/show_bug.cgi?id=51930] [//bugzilla.wikimedia.org/show_bug.cgi?id=53611]
* Les pages seront maintenant enregistr&#233;es plus rapidement, gr&#226;ce &#224; une nouvelle fa&#231;on de coder le texte qui envoie 40% de donn&#233;es en moins aux serveurs. [//bugzilla.wikimedia.org/show_bug.cgi?id=59660]
* Votre wiki peut demander &#224; tester un nouvel outil pour modifier les [[mw:Extension:TemplateData|donn&#233;es de mod&#232;les]]. [//bugzilla.wikimedia.org/show_bug.cgi?id=51734]

'''Probl&#232;mes'''
* Un probl&#232;me est survenu dans les recherches sur les &#233;ditions de Wikip&#233;dia en anglais et en allemand entre le 6 janvier et le 14 janvier. Vous pouvez maintenant voir les nouvelles pages et nouvelles modifications dans les r&#233;sultats de recherche. [//bugzilla.wikimedia.org/show_bug.cgi?id=59979]
* Des erreurs de &#171; d&#233;lai d&#233;pass&#233; &#187; se sont produites sur plusieurs wikis le 13 janvier ; ceci &#233;tait d&#251; &#224; une modification du code destin&#233;e &#224; r&#233;gler un autre probl&#232;me. [//bugzilla.wikimedia.org/show_bug.cgi?id=59993]
* Le 17 janvier, Bugzilla et Wikimedia Labs n&#8217;ont pas fonctionn&#233; durant 20 minutes &#224; cause de probl&#232;mes de connexion au serveur. Les canaux IRC de suivi des modifications r&#233;centes ([irc://irc.wikimedia.org irc.wikimedia.org]) ont &#233;t&#233; interrompus durant deux heures.  [http://lists.wikimedia.org/pipermail/wikitech-l/2014-January/074050.html]

'''&#201;volutions futures du logiciel'''
[[File:Echo Notifications new message indicator.png|353px|frame|La barre orange des nouveaux messages.]]
* Si vous avez d&#233;sactiv&#233; JavaScript dans votre navigateur web, vous pourrez bient&#244;t voir la barre orange indiquant que vous avez de nouveaux messages. Si vous avez modifi&#233; l&#8217;apparence de la barre avec un gadget, vous pourriez avoir besoin de modifier &#224; nouveau le gadget. [//bugzilla.wikimedia.org/show_bug.cgi?id=56974] [//gerrit.wikimedia.org/r/#/c/95102/]
* Il vous sera bient&#244;t possible de rejeter tous les fichiers qui viennent d&#8217;utilisateurs sp&#233;cifiques de ''Flickr'' et qui sont import&#233;s avec l&#8217;outil [[mw:Extension:UploadWizard|Assistant de t&#233;l&#233;versement]] sur Wikimedia Commons et sur les autres wikis qui utilisent cette extension. [//gerrit.wikimedia.org/r/42770]
* Vous verrez un avertissement lorsque vous essaierez de supprimer une page incluse dans au moins une autre page. [//gerrit.wikimedia.org/r/#/c/108188/]
* Les pages d&#8217;homonymies ne seront plus list&#233;es parmi les r&#233;sultats de la [[Special:LonelyPages|Page sp&#233;ciale:Pages orphelines]]. [//bugzilla.wikimedia.org/show_bug.cgi?id=3483] [https://gerrit.wikimedia.org/r/#/c/106435/]

'''''[[m:Special:MyLanguage/Tech/News|Actualit&#233;s techniques]]''' r&#233;dig&#233;es par les [[m:Special:MyLanguage/Tech/Ambassadors|ambassadeurs techniques]] et post&#233;es par le [[m:Special:MyLanguage/User:MediaWiki message delivery|syst&#232;me de distribution de messages MediaWiki]] &#8226; [[m:Special:MyLanguage/Tech/News#contribute|Contribuer]] &#8226; [[m:Special:MyLanguage/Tech/News/2014/04|Traduire]] &#8226; [[m:Tech|Obtenir de l&#8217;aide]] &#8226; [[m:Talk:Tech/News|Donner votre avis]] &#8226; [[m:Global message delivery/Targets/Tech ambassadors|S&#8217;inscrire ou se d&#233;sinscrire]].''
&lt;/div&gt; &lt;section end="technews-2014-W04"/&gt; 20 janvier 2014 &#224; 11:13 (CET)
&lt;!-- Message envoy&#233; par User:Guillom@metawiki en utilisant la liste &#224; http://meta.wikimedia.org/w/index.php?title=User:Guillom/sandbox&amp;oldid=6663589 --&gt;

{{Avertissement fusion|Kittel (patronymie)|Kittel (homonymie)}} --[[Utilisateur:Agatino Catarella|Catarella]] ([[Discussion utilisateur:Agatino Catarella|discuter]]) 22 janvier 2014 &#224; 21:21 (CET)

== Connaissances personnelles ==
[[File:People icon.svg|right|80px]]
Salut Guillom, Tu es maintenant confirm&#233;! Bienvenue!
* Tu peux maintenant ajouter cette bo&#238;te sur ta page utilisateur(trice): &lt;code&gt;&lt;nowiki&gt;{{User:Romaine/Pers&#246;nliche Bekanntschaften/box}}&lt;/nowiki&gt;&lt;/code&gt; Cela fonctionne pour on fr-wiki, de-wiki, en-wiki, nl-wiki, Commons, Meta, Wikidata, WMBE-wiki, WMNL-wiki et peut-&#234;tre demand&#233; pour les autre wikis.
* Pour le moment la liste des utilisateurs fran&#231;ais est sur [[Wikip&#233;dia:Connaissances personnelles/Partcipants]].
** Pour rester inform&#233;, ajoute cette page &#224; ta liste de suivi.
* Pour voir tout les participants, clique [[:de:Wikipedia:Ontmoete_Wikimedianen#Teilnehmer|ici]].
* '''TU peux confirmer d'autres utilisateurs(trices) sur:''' [[:de:Wikipedia:Pers&#246;nliche Bekanntschaften/neue Anfragen]].
[[Utilisateur:Romaine|Romaine]] ([[Discussion utilisateur:Romaine|discuter]]) 26 janvier 2014 &#224; 20:38 (CET)

== [[m:Special:MyLanguage/Tech/News/2014/05|Tech News: 2014-05]] ==

&lt;section begin="technews-2014-W05"/&gt;&lt;div class="plainlinks mw-content-ltr" lang="fr" dir="ltr"&gt;
Derni&#232;res '''[[m:Special:MyLanguage/Tech/News|actualit&#233;s techniques]]''' de la communaut&#233; technique Wikimedia. Veuillez informer les autres utilisateurs de ces changements. Certains changements ne vous concernent pas. [[m:Special:MyLanguage/Tech/News/2014/05|D&#8217;autres traductions]] sont disponibles.

'''Changements r&#233;cents du logiciel'''

* Les pages des sites Wikimedia se chargent maintenant plus rapidement dans votre navigateur gr&#226;ce au &#171; stockage de module &#187;, une fa&#231;on pour votre navigateur de sauvegarder des donn&#233;es comme JavaScript et CSS sur votre ordinateur, pour &#233;viter de les t&#233;l&#233;charger &#224; nouveau. [[:File:Ori Livneh, Site performance update, January 2014.webm|Voir la vid&#233;o]]. [http://lists.wikimedia.org/pipermail/wikitech-l/2014-January/074140.html]
* Le code utilis&#233; pour montrer des vid&#233;os a chang&#233;. Vous devriez pouvoir lire la vid&#233;o sur la page avec le bouton de lecture au-dessus de la vid&#233;o. Si vous voyez le bouton de lecture &#224; droite de la vid&#233;o ou si un clic sur la vid&#233;o vous m&#232;ne au fichier original, veuillez [https://bugzilla.wikimedia.org/enter_bug.cgi?product=MediaWiki%20extensions&amp;component=TimedMediaHandler signaler l&#8217;anomalie] ou en discuter avec [[mw:User talk:Bawolff|User:Bawolff]]. [//bugzilla.wikimedia.org/55550]
* La page sp&#233;ciale listant les utilisateurs actifs (&lt;code&gt;Special:ActiveUsers&lt;/code&gt;) sera enlev&#233;e parce qu&#8217;elle est trop lente. [//gerrit.wikimedia.org/r/107988]
* La derni&#232;re version de MediaWiki ([[mw:MediaWiki 1.23/wmf11|1.23wmf11]]) a &#233;t&#233; ajout&#233;e pour tester les  wikis  et  Mediawiki.org le 16 janvier. Elle sera activ&#233;e sur tous les sites ext&#233;rieurs &#224; Wikip&#233;dia le 28 janvier, et sur toutes les &#233;ditions de Wikip&#233;dia le 30 janvier 2014. ([[mw:MediaWiki 1.23/Roadmap|calendrier]])

'''Probl&#232;mes'''
* Le 21 janvier, le [[mw:Special:MyLanguage/Extension:UniversalLanguageSelector|S&#233;lecteur universel de langues]] a &#233;t&#233; d&#233;sactiv&#233; par d&#233;faut sur tous les sites Wikimedia car [[mw:Special:MyLanguage/Universal Language Selector/Announcement Jan2014|il ralentit trop le chargement des pages (une traduction fran&#231;aise de l&#8217;annonce est &#233;galement disponible)]]. Si vous voulez utiliser les polices web, ou &#233;crire dans des syst&#232;mes d&#8217;&#233;criture et alphabets non disponibles sur votre clavier, vous devez l&#8217;ajouter en option [[Special:Preferences#mw-prefsection-personal|dans vos pr&#233;f&#233;rences]]. La fonctionnalit&#233; sera r&#233;activ&#233;e lorsque les probl&#232;mes seront r&#233;solus. [//bugzilla.wikimedia.org/56433]
* Durant 20 minutes le 9 janvier, il y a eu des probl&#232;mes avec [[m:fr:Feuilles de style en cascade|les feuilles de style CSS]] et [[m:fr:JavaScript|JavaScript]] &#224; cause d&#8217;une charge de travail &#233;lev&#233;e des serveurs.

'''&#201;volutions futures du logiciel'''
* Vous pouvez [[mw:Talk:Winter|donner vos avis et commentaires]] sur la nouvelle version de &#171; [http://unicorn.wmflabs.org/winter/ Winter] &#187;, une proposition pour avoir une barre d&#8217;outils fixe en haut des pages wiki. [http://lists.wikimedia.org/pipermail/design/2014-January/001411.html]

'''''[[m:Special:MyLanguage/Tech/News|Actualit&#233;s techniques]]''' pr&#233;par&#233;es par les [[m:Special:MyLanguage/Tech/Ambassadors|ambassadeurs techniques]] et post&#233;es par le [[m:Special:MyLanguage/User:MediaWiki message delivery|syst&#232;me de distribution global]] &#8226; [[m:Special:MyLanguage/Tech/News#contribute|Contribuer]] &#8226; [[m:Special:MyLanguage/Tech/News/2014/05|Traduire]] &#8226; [[m:Tech|Obtenir de l&#8217;aide]] &#8226; [[m:Talk:Tech/News|Donner votre avis]] &#8226; [[m:Global message delivery/Targets/Tech ambassadors|S&#8217;inscrire ou se d&#233;sinscrire]].''
&lt;/div&gt; &lt;section end="technews-2014-W05"/&gt; 27 janvier 2014 &#224; 10:43 (CET)
&lt;!-- Message envoy&#233; par User:Guillom@metawiki en utilisant la liste &#224; http://meta.wikimedia.org/w/index.php?title=User:Guillom/sandbox&amp;oldid=6663589 --&gt;

== [[m:Special:MyLanguage/Tech/News/2014/06|Tech News: 2014-06]] ==

&lt;section begin="technews-2014-W06"/&gt;&lt;div class="plainlinks mw-content-ltr" lang="fr" dir="ltr"&gt;
Derni&#232;res '''[[m:Special:MyLanguage/Tech/News|actualit&#233;s techniques]]''' de la communaut&#233; technique Wikimedia. Veuillez informer les autres utilisateurs de ces changements. Certains changements ne vous concernent pas. [[m:Special:MyLanguage/Tech/News/2014/06|D&#8217;autres traductions]] sont disponibles.

'''Changements r&#233;cents du logiciel'''
* La derni&#232;re version de MediaWiki ([[mw:MediaWiki 1.23/wmf12|1.23wmf12]]) a &#233;t&#233; ajout&#233;e aux wikis de test et de Mediawiki.org le 30 janvier. Elle sera activ&#233;e sur tous les sites hors de Wikip&#233;dia le 4 f&#233;vrier, et sur toutes les &#233;ditions de Wikip&#233;dia le 6 f&#233;vrier 2014. ([[mw:MediaWiki 1.23/Roadmap|calendrier]])
* Les r&#232;gles globales du [[mw:Extension:AbuseFilter|Filtre anti-abus]] sont d&#233;sormais actives sur tous les  [//noc.wikimedia.org/conf/small.dblist petits wikis]. [//bugzilla.wikimedia.org/show_bug.cgi?id=60408] [//gerrit.wikimedia.org/r/#/c/109435/]
* Les boutons utilis&#233;s sur les pages telles que la connexion, la cr&#233;ation de compte et la recherche utilisent d&#233;sormais les [[:mw:UX standardization|m&#234;mes styles et couleurs]]. [//bugzilla.wikimedia.org/show_bug.cgi?id=58297] [//gerrit.wikimedia.org/r/#/c/103494/]
* Vous pouvez maintenant &#233;tablir des liens vers des diff&#233;rences de versions de pages en utilisant &lt;code&gt;&lt;nowiki&gt;[[Special:Diff/12345]]&lt;/nowiki&gt;&lt;/code&gt; et des liens similaires. [//gerrit.wikimedia.org/r/#/c/63395/]
* La pr&#233;f&#233;rence utilisateur permettant de masquer les sommaires de toutes les pages a &#233;t&#233; supprim&#233;e. [//bugzilla.wikimedia.org/show_bug.cgi?id=52813]
* La recherche dans l&#8217;espace de noms &lt;code&gt;File:&lt;/code&gt; sur Wikimedia Commons est maintenant plus rapide, depuis qu&#8217;une anomalie a &#233;t&#233; corrig&#233;e le 29 janvier. [//gerrit.wikimedia.org/r/#/c/110191/]
* Tous les wikis de Wikimedia ont maintenant des [[m:fr:Favicon|ic&#244;nes de raccourcis]] (''favicons'') en haute r&#233;solution. [//bugzilla.wikimedia.org/show_bug.cgi?id=45036]

'''Nouvelles de l&#8217;&#201;diteurVisuel'''
* Vous pouvez maintenant afficher une liste de raccourcis clavier en pressant &lt;span style="white-space:nowrap"&gt;&lt;kbd class="keyboard-key nowrap" style="border:1px solid #aaa; background-color: #f9f9f9; padding: 1px 3px; font-family: inherit"&gt;Ctrl&lt;/kbd&gt;+&lt;kbd class="keyboard-key nowrap" style="border: 1px solid #aaa; background-color: #f9f9f9; padding: 1px 3px; font-family: inherit"&gt;/&lt;/kbd&gt;&lt;/span&gt; dans l&#8217;&#201;diteurVisuel [//gerrit.wikimedia.org/r/#/c/107153/]

'''Changements &#224; venir du logiciel'''
* Les modifications et fichiers cach&#233;s avec l&#8217;outil de [[mw:Extension:Oversight|Supervision]] (''Oversight'') ont &#233;t&#233; d&#233;plac&#233;s vers le syst&#232;me de [[mw:Help:RevisionDelete|Suppression de versions]]. L&#8217;outil de supervision sera par la suite supprim&#233; des wikis de Wikimedia. [//bugzilla.wikimedia.org/show_bug.cgi?id=60373] [//bugzilla.wikimedia.org/show_bug.cgi?id=18598] [//gerrit.wikimedia.org/r/#/c/18229/]
* Pour les langues dont tous les projets fr&#232;res n&#8217;existent pas, vous pourrez cr&#233;er des liens vers d&#8217;autres &#233;ditions linguistiques des projets au moyen de doubles codes interwikis (&lt;code&gt;:ko:v&lt;/code&gt;, &lt;code&gt;:v:ko&lt;/code&gt;, etc.). [//gerrit.wikimedia.org/r/#/c/94716/]
* Il sera bient&#244;t possible d&#8217;utiliser l&#8217;outil [[mw:Extension:GettingStarted|Pour commencer]] sur les autres wikis que l&#8217;&#233;dition anglophone de Wikip&#233;dia. Vous pouvez le traduire sur [//translatewiki.net/w/i.php?title=Special:MessageGroupStats&amp;x=D&amp;group=ext-gettingstarted&amp;suppressempty=1&amp;language= Translatewiki.net]. [http://lists.wikimedia.org/pipermail/wikitech-ambassadors/2014-January/000561.html]
* Vous pourrez bient&#244;t inclure la page [[Special:Contributions|Sp&#233;cial:Contributions]] dans d&#8216;autres pages. [//gerrit.wikimedia.org/r/#/c/106320/]
* Vous pourrez voir o&#249; un fichier est utilis&#233; depuis la [[mw:Extension:MultimediaViewer|visionneuse multim&#233;dia]] (''MultimediaViewer''), le nouvel outil permettant de visualiser les fichiers m&#233;dias. [//bugzilla.wikimedia.org/show_bug.cgi?id=60087] [//gerrit.wikimedia.org/r/#/c/107993/]
* Il sera bient&#244;t possible d&#8217;envoyer des messages diffus&#233;s par l&#8217;outil [[mw:Extension:MassMessage|Message en masse]] (''MassMessage'') en utilisant l&#8217;API. [//gerrit.wikimedia.org/r/#/c/87311/]
* Vous pourrez bient&#244;t consulter des statistiques audio sur la page [[Special:TimedMediaHandler|Sp&#233;cial:Gestionnaire de m&#233;dias temporis&#233;s]] (''TimedMediaHandler''). [//gerrit.wikimedia.org/r/#/c/97998/]

'''''[[m:Special:MyLanguage/Tech/News|Actualit&#233;s techniques]]''' pr&#233;par&#233;es par les [[m:Special:MyLanguage/Tech/Ambassadors|ambassadeurs techniques]] et post&#233;es par le [[m:Special:MyLanguage/User:MediaWiki message delivery|syst&#232;me MediaWiki de distribution de messages]] &#8226; [[m:Special:MyLanguage/Tech/News#contribute|Contribuer]] &#8226; [[m:Special:MyLanguage/Tech/News/2014/06|Traduire]] &#8226; [[m:Tech|Obtenir de l&#8217;aide]] &#8226; [[m:Talk:Tech/News|Donner votre avis]] &#8226; [[m:Global message delivery/Targets/Tech ambassadors|S&#8217;inscrire ou se d&#233;sinscrire]].''
&lt;/div&gt; &lt;section end="technews-2014-W06"/&gt; 3 f&#233;vrier 2014 &#224; 09:25 (CET)
&lt;!-- Message envoy&#233; par User:Guillom@metawiki en utilisant la liste &#224; http://meta.wikimedia.org/w/index.php?title=User:Guillom/sandbox&amp;oldid=6663589 --&gt;</text>
      <sha1>5jw8uyg7t6f4tmrp2c8fbj840rkrdz2</sha1>
      <model>wikitext</model>
      <format>text/x-wiki</format>
    </revision>
  </page>
