<page xmlns="http://www.mediawiki.org/xml/export-0.8/" xmlns:xsi="http://www.w3.org/2001/XMLSchema-instance">
    <title>Discussion utilisateur:Gabi88</title>
    <ns>3</ns>
    <id>578055</id>
    <revision>
      <id>100067652</id>
      <parentid>94013337</parentid>
      <timestamp>2014-01-09T08:58:36Z</timestamp>
      <contributor>
        <username>CookArt</username>
        <id>1707995</id>
      </contributor>
      <text xml:space="preserve">&lt;div align=left style="padding:5px;width:100%; border:1px solid #ffc9c9; background-color:#fff3f3"&gt;
[[Image:WikiLettreMini.svg]] [[Wikip&#233;dia:Accueil des nouveaux arrivants|Bienvenue]] sur [[Wikip&#233;dia]], '''{{PAGENAME}} !'''

N'h&#233;site pas &#224; consulter les premi&#232;res indications pour [[Aide:Comment modifier une page|modifier]] et [[Aide:Comment r&#233;diger une page|r&#233;diger]] des pages dans Wikip&#233;dia.&lt;br/&gt;
Tu peux &#233;galement consulter la [[Aide:FAQ|foire aux questions]] (FAQ), la [[Aide:Syntaxe_Wikip&#233;dia|syntaxe de Wikip&#233;dia]] et faire tes essais dans le [[Wikip&#233;dia:Bac &#224; sable|bac &#224; sable]]. Tous ces aspects sont pr&#233;sent&#233;s dans un [[Aide:D&#233;buter sur Wikip&#233;dia|guide pour d&#233;buter sur Wikip&#233;dia]].

Pour compl&#233;ter la pr&#233;sentation, je te conseille un petit tour par les [[Wikip&#233;dia:R&#232;gles|recommandations &#224; suivre]] ([[Wikip&#233;dia:Neutralit&#233; de point de vue|r&#232;gles de neutralit&#233;]], [[Wikip&#233;dia:Crit&#232;res d'admissibilit&#233; des articles|d'admissibilit&#233; des articles]], [[Wikip&#233;dia:Copyright|copyright]]...) et les pages [[Wikip&#233;dia:Projet|projets]] o&#249; il y a sans doute un sujet qui t'int&#233;ressera.

Pour '''signer tes messages''' (uniquement sur les pages de discussion), tu peux taper &amp;#126;&amp;#126;&amp;#126; ;
avec un quatri&#232;me tilde, en plus de ta &#171; signature &#187;, seront affich&#233;es la date et l'heure (&amp;#126;&amp;#126;&amp;#126;&amp;#126;). '''Il ne faut pas signer les articles encyclop&#233;diques'''. Il est possible de retrouver la liste des auteurs en visitant leur historique.

Nous utilisons des sigles parfois myst&#233;rieux : tu pourras trouver leur explication sur la page [[Aide:jargon|jargon]].

Si tu le d&#233;sires, tu peux aussi nous dire d'[[Wikip&#233;dia:Wikip&#233;diens par pays|o&#249;]] tu viens et tes [[Wikip&#233;dia:Wikip&#233;diens par th&#232;mes d'int&#233;r&#234;t|centres d'int&#233;r&#234;t]]. Tu peux pour cela modifier ta [[Utilisateur:{{PAGENAME}}|page personnelle]].
Si tu viens d'une autre Wikip&#233;dia, n'oublie pas de mettre les liens vers tes autres pages perso.
Tu peux &#233;galement venir te pr&#233;senter sur le [[Wikip&#233;dia:Journal des nouveaux arrivants|journal des nouveaux arrivants]].

Pour faciliter la communication interlinguistique entre utilisateurs, tu peux indiquer les langues que tu pratiques &#8212; et &#224; quel niveau &#8212; en incluant dans ta page personnelle un des mod&#232;les que tu trouveras sur [[Wikip&#233;dia:Babel]].

Et si tu as des questions &#224; poser, n'h&#233;site surtout pas &#224; me contacter, &#224; consulter [[Aide:Poser une question]], ou &#224; venir discuter sur [[Wikip&#233;dia:IRC|IRC]]. Pour suivre la vie de la communaut&#233;, tu peux jeter un &#339;il aux [[Wikip&#233;dia:Annonces|annonces]] ou faire un tour au [[Wikip&#233;dia:Bistro|bistro]].

Bonne continuation parmi nous !
&lt;/div&gt;Bonjour et bienvenue parmi nous ;) [[User:G&#244;T&#244;|G&#244;T&#244;]] [[User talk:G&#244;T&#244;|&#172;&#172;]] 13 janvier 2006 &#224; 14:48 (CET)

== Bonjour ==

{{Joyeux anniversaire}}{{sourire}}[[Utilisateur:Petite &#233;toile|Petite &#233;toile]] ([[Discussion Utilisateur:Petite &#233;toile|d]]) 8 avril 2009 &#224; 14:04 (CEST)

== Bon anniversaire Gabi88  ==

[[Image:Foret_noire_mel0.jpg|thumb|right]]
Et bonne continuation sur WP {{sourire}} [[Utilisateur:Fm790|Fm790]] &amp;#124; [[Discussion utilisateur:Fm790|&#9993;]] 8 avril 2010 &#224; 09:42 (CEST)
{{clr}}

== A propos du Mod&#232;le:Utilisateur grc-2 ==
Je viens de faire une [[Discussion_mod&#232;le:Utilisateur_grc-2 | proposition]] de modification du libell&#233; du Mod&#232;le:Utilisateur grc-2 et serais tr&#232;s heureux d'avoir votre avis &#224; ce sujet.&lt;br /&gt;
Cordialement,&lt;br /&gt;
--[[Utilisateur:Jean-Loup HAZA&#203;L-MASSIEUX|	Jean-Loup HAZA&#203;L-MASSIEUX]] ([[Discussion utilisateur:Jean-Loup HAZA&#203;L-MASSIEUX|d]]) 12 juin 2010 &#224; 19:05 (CEST)

== [[WP:Atelier de lecture|Atelier de Lecture]] ==

Bonsoir, et bienvenue &#224; l'Adl! En cas de question ou quoi que ce soit, n'h&#233;site pas &#224; t'adresser &#224; moi. Bonne soir&#233;e, [[Utilisateur:Prosopee|Prosopee]] ([[Discussion utilisateur:Prosopee|d]]) 21 juin 2011 &#224; 19:04 (CEST)

== Atelier de lecture - Hettange-Grande ==

Bonjour,

J'esp&#232;re ne pas te d&#233;ranger mais, comme indiqu&#233; sur la page principale de l'Atelier de Relecture, je prends donc contact directement avec toi puisque tu y participes.

Cet article : [[Hettange-Grande]] a besoin d'une relecture de forme car cela fait d&#233;j&#224; deux fois qu'il &#233;choue &#224; obtenir le label BA. Malgr&#233; des modifications et am&#233;liorations r&#233;guli&#232;res, je ne vois pas ce qui cloche.
Voir ma demande ici : [[Wikip&#233;dia:Atelier de lecture/Demandes]]

Si cela t'interesse, pourrais-tu apporter tes conseils avis&#233;s pour cet article ?
Sinon, ce n'est pas grave, bien entendu.

Merci,

[[Utilisateur:Bubudu57|Bubudu57]] ([[Discussion utilisateur:Bubudu57|d]]) 27 juin 2011 &#224; 13:29 (CEST)

== Adl ==

Salut, j'ai vu que tu t'&#233;tais mis en wikislow ; est-ce toujours le cas? [[Utilisateur:Prosopee|Prosopee]] ([[Discussion utilisateur:Prosopee|d]]) 14 juillet 2011 &#224; 13:59 (CEST)

== Atelier de relecture - Institut polytechnique des sciences avanc&#233;es ==

Bonsoir. Je me permets de vous contacter car je viens de faire une demande de relecture de forme et de fond de l'article [[Institut polytechnique des sciences avanc&#233;es]]: http://fr.wikipedia.org/wiki/Wikip&#233;dia:Atelier_de_lecture/Demandes/octobre_2011#Institut_polytechnique_des_sciences_avanc.C3.A9es . Sinc&#232;rement. [[Sp&#233;cial:Contributions/78.239.175.7|78.239.175.7]] ([[Discussion utilisateur:78.239.175.7|d]]) 24 octobre 2011 &#224; 19:15 (CEST)

== Logos IPSA et ISAT ==

Bonjour Gabi88. Merci encore pour votre travail sur l'article [[Institut polytechnique des sciences avanc&#233;es]]. Sur le Bistrot, le 21 octobre : http://fr.wikipedia.org/wiki/Wikip&#233;dia:Le_Bistro/21_octobre_2011#Mise_.C3.A0_jour_logo, j'ai signal&#233; que les logos [[Institut polytechnique des sciences avanc&#233;es|IPSA]] et [[Institut sup&#233;rieur de l'automobile et des transports|ISAT]] ne sont pas &#224; jour : http://fr.wikipedia.org/wiki/Fichier:Logo-ipsa.gif et http://fr.wikipedia.org/wiki/Fichier:Logo-ISAT.jpg, surtout celui de l'[[ISAT]] qui a plus de 2 ans de retard. Si vous pouvez faire quelque chose, je pense que les deux articles y gagneront en Qualit&#233;. Merci par avance une nouvelle fois. Cordialement. [[Sp&#233;cial:Contributions/78.239.175.7|78.239.175.7]] ([[Discussion utilisateur:78.239.175.7|d]]) 25 octobre 2011 &#224; 11:18 (CEST) PS : Le bon logo de l'[[ISAT]] est disponible page http://www.sia.fr/evenement_detail_journees_portes_ouvertes_isat_952.htm et celui de l'[[Institut polytechnique des sciences avanc&#233;es|IPSA]] page : http://journaldesgrandesecoles.com/lipsa-habilite-par-la-cti-a-delivrer-desormais-le-titre-dingenieur-diplome/

== Logos ISEFAC, EPITA, E-ARTSUP, IONIS STM et Sup'Internet ==

Salut Gabi88. J'ai r&#233;cemment retravaill&#233; les articles : [[Institut sup&#233;rieur europ&#233;en de formation par l'action]], [[&#201;cole pour l'informatique et les techniques avanc&#233;es]], [[E-Artsup]], [[IONIS School of Technology and Management]] et [[Sup'Internet]] pour les d&#233;velopper et les rendre plus encyclop&#233;diques. Or, ceux-ci manquent cruellement d'illustration. Ils n'ont m&#234;me pas "l'illustration de base" qui est le logo de l'&#233;tablissement, dont un emplacement est pr&#233;vu &#224; cet effet dans la box et qui est pr&#233;sent sur la quasi totalit&#233; des articles d'&#233;tablissement d'enseignement sup&#233;rieur pr&#233;sents sur WP. Puis-je stp te demander de les rajouter? Tu trouveras le logo d'ISEFAC &#224; la page :http://isefaclille.com/1011/pedago/images/logo_Isefac.jpg , celui d'EPITA :http://www.capcampus.com/img/art/formation/logo_epita.jpg , celui d'E-ARTSUP http://communiques-presse.com/wp-content/uploads/2011/03/Communique-Presse-Formation-Creation-Numerique-e-art-sup.jpg, celui de IONIS STM : http://www.ecoles-marketing.com/media/56fb7720c9dbb939a04f4c0ee7c60972-LOGO-IONIS-STM-petit.JPG et celui de Sup'Internet : http://blogs.ionis-group.com/iseg/ecoles-toulouse/media/logo%20SUP%20INTERNET.jpg . Je pense qu'on y gagnera en Qualit&#233;. Merci par avance pour ton aide. Cordialement. [[Sp&#233;cial:Contributions/78.239.175.7|78.239.175.7]] ([[Discussion utilisateur:78.239.175.7|d]]) 29 octobre 2011 &#224; 12:13 (CEST) PS: Si tu veux faire petite une relecture de forme des articles, n'h&#233;sites surtout pas;-)

== [[:Cat&#233;gorie:&#201;l&#232;ve de l'Institut polytechnique des sciences avanc&#233;es]] propos&#233;e en suppression ==

{| align="center" title="{{((}}subst:avertissement suppression page{{!}}page{{))}}" border="0" cellpadding="4" cellspacing="4" style="border-style:none; background-color:#FFFFFF;"
| [[Image:Icono consulta borrar.png|64px|Page propos&#233;e &#224; la suppression]]
|Bonjour,

L&#8217;article &#171; '''{{Lien &#224; supprimer|Cat&#233;gorie:&#201;l&#232;ve de l'Institut polytechnique des sciences avanc&#233;es}}''' &#187; est propos&#233; &#224; la suppression ({{cf.}} [[Wikip&#233;dia:Pages &#224; supprimer]]). Apr&#232;s avoir pris connaissance des [[Wikip&#233;dia:Crit&#232;res d'admissibilit&#233; des articles|crit&#232;res g&#233;n&#233;raux d&#8217;admissibilit&#233; des articles]] et des [[:Cat&#233;gorie:Wikip&#233;dia:Admissibilit&#233; des articles|crit&#232;res sp&#233;cifiques]], vous pourrez [[Aide:Arguments &#224; &#233;viter lors d'une proc&#233;dure de suppression|donner votre avis]] sur la page de discussion '''[[Discussion cat&#233;gorie:&#201;l&#232;ve de l&amp;#39;Institut polytechnique des sciences avanc&#233;es/Suppression]]'''.

Le meilleur moyen d&#8217;obtenir un consensus pour la conservation de l&#8217;article est de fournir des [[Wikip&#233;dia:Citez vos sources|sources secondaires fiables et ind&#233;pendantes]]. Si vous ne pouvez trouver de telles sources, c&#8217;est que l&#8217;article n&#8217;est probablement pas admissible. N&#8217;oubliez pas que les [[Wikip&#233;dia:Principes fondateurs|principes fondateurs]] de Wikip&#233;dia ne garantissent aucun droit &#224; avoir un article sur Wikip&#233;dia.
|}

--[[Utilisateur:Eliane Daphy|dame &#233;liane]] &lt;sup&gt;&amp;#91;[[Discussion Utilisateur:Eliane Daphy|&#191;quoi donc ?]]&amp;#93;&lt;/sup&gt; 23 mai 2012 &#224; 14:43 (CEST)

== L'article Institut polytechnique des sciences avanc&#233;es est propos&#233; &#224; la suppression ==

{| align="center" title="{{((}}subst:avertissement suppression page{{!}}page{{))}}" border="0" cellpadding="4" cellspacing="4" style="border-style:none; background-color:#FFFFFF;"
| [[Image:Icono consulta borrar.png|64px|Page propos&#233;e &#224; la suppression]]
|Bonjour,

L&#8217;article &#171;&#160;'''{{Lien &#224; supprimer|Institut polytechnique des sciences avanc&#233;es}}'''&#160;&#187; est propos&#233; &#224; la suppression ('''ou &#224; la fusion'''). Apr&#232;s avoir pris connaissance des [[Wikip&#233;dia:Crit&#232;res d'admissibilit&#233; des articles|crit&#232;res g&#233;n&#233;raux d&#8217;admissibilit&#233; des articles]] et des [[:Cat&#233;gorie:Wikip&#233;dia:Admissibilit&#233; des articles|crit&#232;res sp&#233;cifiques]], vous pourrez [[Aide:Arguments &#224; &#233;viter lors d'une proc&#233;dure de suppression|donner votre avis]] sur la page de discussion '''[[Discussion:Institut polytechnique des sciences avanc&#233;es/Suppression]]'''.

Le meilleur moyen d&#8217;obtenir un consensus pour la conservation de l&#8217;article est de fournir des [[Wikip&#233;dia:Citez vos sources|sources secondaires fiables et ind&#233;pendantes]]. Si vous ne pouvez trouver de telles sources, c&#8217;est que l&#8217;article n&#8217;est probablement pas admissible. N&#8217;oubliez pas que les [[Wikip&#233;dia:Principes fondateurs|principes fondateurs]] de Wikip&#233;dia ne garantissent aucun droit &#224; avoir un article sur Wikip&#233;dia.
|}

[[Utilisateur:Christophe Dioux|Christophe Dioux]] ([[Discussion utilisateur:Christophe Dioux|d]]) 9 juillet 2012 &#224; 22:21 (CEST)

== Adl : mise &#224; jour de la liste des relecteurs disponibles ==

Bonjour cher(e)s participant(e)s de l'Adl,&lt;br/&gt;
Il est important de '''mettre &#224; jour r&#233;guli&#232;rement la liste des relecteurs disponibles''', l'id&#233;e &#233;tant ensuite de concevoir une nouvelle page d'accueil, de mani&#232;re &#224; ce que les demandeurs contactent eux-m&#234;mes leurs relecteurs, en fonction des sujets propos&#233;s. Concr&#232;tement, la proc&#233;dure serait explicit&#233;e en page d'accueil : 1) le demandeur fait sa demande gr&#226;ce au mod&#232;le automatique et 2) il doit contacter un relecteur pr&#233;sent sur la liste.

Auparavant, je propose de reclasser les participants au moyen d''''un nouveau tableau''', construit par {{u'|Benoit Rochon}} (que je remercie chaudement au passage), et qui liste plusieurs param&#232;tres dont la ''disponibilit&#233;'' (&#224; savoir : vous &#234;tes libre pour une relecture, d&#233;j&#224; en cours de relecture ou en indisponibilit&#233; pour cause de Wikislow par exemple). L'int&#233;r&#234;t est que vous puissez renseigner r&#233;guli&#232;rement cet &#233;tat, de mani&#232;re &#224; fluidifier les relectures (un clic suffit). Chacun peut aussi ajouter une illustration et surtout d&#233;tailler davantage son ''profil'' de relecture ({{citation|N'h&#233;sitez pas non plus &#224; me soumettre des textes scientifiques, excluant la m&#233;decine}} par exemple). Enfin, un bouton permettra de vous contacter automatiquement via votre PDD. L'id&#233;e est de proposer un outil plus ergonomique et plus adapt&#233; aux demandeurs, qui sont souvent des novices.

Merci donc :
# De vous rendre sur [http://fr.wikipedia.org/wiki/Wikip%C3%A9dia:Atelier_de_lecture/Participants le nouveau tablau listant les participants] &#224; partir de demain (le nouveau tableau n'est pas encore d&#233;ploy&#233;).
# De compl&#233;ter votre profil et votre &#233;tat actuel (pour le mois disons)
# Si vous n'&#234;tes plus int&#233;ress&#233; pour participer &#224; l'Atelier, merci de le signaler [[Discussion_Wikip&#233;dia:Atelier_de_lecture#Mise_.C3.A0_jour_de_la_liste_des_relecteurs_disponibles|sur notre page de discussion]].

Merci, d'avance, pour les quelques minutes consacr&#233;es &#224; cette t&#226;che, qui nous permettra sans nul doute d'am&#233;liorer ce service de relecture qui, je ne pense pas &#234;tre loin de la v&#233;rit&#233;, contribue de plus en plus &#224; am&#233;liorer la qualit&#233; d'articles, &#224; propager les bonnes pratiques, et &#224; augmenter le nombre d'articles aux labels. [[Utilisateur:Prosopee|Prosopee]] ([[Discussion utilisateur:Prosopee|d]]) 28 ao&#251;t 2012 &#224; 15:23 (CEST)

== L'article Institut polytechnique des sciences avanc&#233;es est propos&#233; &#224; la suppression ==
[[Image:Icono consulta borrar.png|70px|link=|Page propos&#233;e &#224; la suppression|gauche]]
Bonjour,

L&#8217;article &#171; '''{{Lien &#224; supprimer|1=Institut polytechnique des sciences avanc&#233;es}}''' &#187; est propos&#233; &#224; la suppression ({{cf.}} [[Wikip&#233;dia:Pages &#224; supprimer]]). Apr&#232;s avoir pris connaissance des [[Wikip&#233;dia:Crit&#232;res d'admissibilit&#233; des articles|crit&#232;res g&#233;n&#233;raux d&#8217;admissibilit&#233; des articles]] et des [[:Cat&#233;gorie:Wikip&#233;dia:Admissibilit&#233; des articles|crit&#232;res sp&#233;cifiques]], vous pourrez [[Aide:Arguments &#224; &#233;viter lors d'une proc&#233;dure de suppression|donner votre avis]] sur la page de discussion '''[[{{TALKPAGENAME:Institut polytechnique des sciences avanc&#233;es}}/Suppression]]'''.

Le meilleur moyen d&#8217;obtenir un consensus pour la conservation de l&#8217;article est de fournir des [[Wikip&#233;dia:Citez vos sources|sources secondaires fiables et ind&#233;pendantes]]. Si vous ne pouvez trouver de telles sources, c&#8217;est que l&#8217;article n&#8217;est probablement pas admissible. N&#8217;oubliez pas que les [[Wikip&#233;dia:Principes fondateurs|principes fondateurs]] de Wikip&#233;dia ne garantissent aucun droit &#224; avoir un article sur Wikip&#233;dia. [[Utilisateur:EDaphy|EDaphy]] ([[Discussion utilisateur:EDaphy|d]]) 12 juin 2013 &#224; 19:44 (CEST)

== Contribution ==

Bonjour,&lt;br /&gt;
Je suis citoyen Neuch&#226;telois et connais donc le Groupe 2016 qui est propri&#233;taire de la Galerie 2016 &#224; [[Hauterive (Neuch&#226;tel)]]. &lt;br /&gt;
Je pense qu'avec cinquante ann&#233;es d'existence et d'activit&#233;s culturelles, cette galerie pouvait l&#233;gitimement pr&#233;tendre &#224; poss&#233;der sa page Wikip&#233;dia. &lt;br /&gt;
En effet, vous pourrez constater ceci en jetant un &#339;il sur cette [[Galerie_2016 | page]] qui est actuellement en [[Discussion:Galerie_2016/Suppression| discussion]] pour suppression. &lt;br /&gt;&lt;br /&gt;Je vous contact car vous &#234;tes dans la Cat&#233;gorie Utilisateur Arts de Wikip&#233;dia, pour vous demandez si vous avez le temps d&#8217;y aller et de contribuer &#224; la [[Discussion:Galerie_2016/Suppression| discussion]]. &lt;br /&gt;&lt;br /&gt;
Par avance, merci

[[Utilisateur:Galerie 2016|Galerie 2016]] ([[Discussion utilisateur:Galerie 2016|discuter]]) 9 janvier 2014 &#224; 09:58 (CET)</text>
      <sha1>31tu1ztu032oevopd6u345r83vc8kpf</sha1>
      <model>wikitext</model>
      <format>text/x-wiki</format>
    </revision>
  </page>
