<page xmlns="http://www.mediawiki.org/xml/export-0.8/" xmlns:xsi="http://www.w3.org/2001/XMLSchema-instance">
    <title>Discussion utilisateur:SoCreate</title>
    <ns>3</ns>
    <id>2714180</id>
    <revision>
      <id>25308415</id>
      <parentid>25308408</parentid>
      <timestamp>2008-01-24T00:44:29Z</timestamp>
      <contributor>
        <username>Gribeco</username>
        <id>24358</id>
      </contributor>
      <minor/>
      <comment>A prot&#233;g&#233; &#171; Discussion Utilisateur:SoCreate &#187;: utilisateur bloqu&#233; utilisant cette page comme une tribune [edit=sysop:move=sysop] (expire le 24 ao&#251;t 2009 &#224; 00:44 (heure UTC))</comment>
      <text xml:space="preserve">== [[Wikip&#233;dia:Comit&#233; d'arbitrage/Arbitrage/sand-SoCreate]] ==

{{Annonce des arbitres|1=
Consid&#233;rant :
* que {{u|SoCreate}} a manifestement de grandes difficult&#233;s &#224; collaborer avec les autres contributeurs de la Wikip&#233;dia francophone pour r&#233;diger des articles encyclop&#233;diques
* que malgr&#233; les [http://fr.wikipedia.org/w/index.php?title=Special:Log&amp;type=block&amp;page=Utilisateur:SoCreate multiples avertissements] et conseils qui lui ont &#233;t&#233; adress&#233;s, il n'a pas fait &#233;voluer son comportement, [[Wikip&#233;dia:Esprit de non-violence|manquant de courtoisie]] et adoptant un ton m&#233;prisant voire des [[Wikip&#233;dia:Pas d'attaque personnelle|attaques personnelles]] &#224; l'&#233;gard des autres utilisateurs.
* qu'&#224; l'inverse, le comportement de {{u|sand}} n'apparait pas probl&#233;matique
le Comit&#233; d'arbitrage : 
*demande un blocage {{u|SoCreate}} de 19 mois, avec reprise du blocage et doublement en cas de contournement. 
*ne demande aucune mesure particuli&#232;re &#224; l'&#233;gard de {{u|sand}}.
}}
Pour le CAr--[[Utilisateur:Bapti|Bapti]] [[Discussion Utilisateur:Bapti/janvier 2008|&#9993;]] 22 janvier 2008 &#224; 18:10 (CET) (correction le 23 janvier 2008 &#224; 17:18 (CET))</text>
      <sha1>8ku7n155sd8u3yeuk5537mlvqomp1io</sha1>
      <model>wikitext</model>
      <format>text/x-wiki</format>
    </revision>
  </page>
