<page xmlns="http://www.mediawiki.org/xml/export-0.8/" xmlns:xsi="http://www.w3.org/2001/XMLSchema-instance">
    <title>Discussion utilisateur:Fabrice Ferrer</title>
    <ns>3</ns>
    <id>7320638</id>
    <revision>
      <id>101006424</id>
      <parentid>100784321</parentid>
      <timestamp>2014-02-07T18:36:23Z</timestamp>
      <contributor>
        <username>MediaWiki message delivery</username>
        <id>1696240</id>
      </contributor>
      <comment>/* RAW 2014-02-07 */ nouvelle section</comment>
      <text xml:space="preserve">{{Discussion Utilisateur:Fabrice Ferrer/Bo&#238;te}}

== Question ==

Bonjour,
J'aimerais savoir pourquoi cette page : http://www.meltingmots.com/liste-des-abreviations-francaises.html ne pourrait pas se placer ici : https://fr.wikipedia.org/wiki/Acronymie ?

[[Utilisateur:tanrouge|Tanrouge]] ([[Discussion utilisateur:Tanrouge|d]])

== Avertir ==

Bonjour, j'aimerais savoir s'il est possible d'avertir quelqu'un la prochaine fois qu'il se passe quelque chose comme dans le cas de [[user:Morve|Morve]].
Merci,
[[Utilisateur:Spiky-C|Spiky-C]] ([[Discussion utilisateur:Spiky-C|d]]) 10 ao&#251;t 2013 &#224; 06:52 (CEST)

== Page supprimer ==

Bonjour Fabrice Ferrer,
J'aimerais savoir quel &#233;l&#233;ment je dois rajouter &#224; ma page pour qu'elle reste en ligne. J'ai cru comprendre que vous l'aviez supprim&#233; car elle ne contenait pas assez de r&#233;f&#233;rence. En fait, c'est une autobiographie cette page (C'est moi-m&#234;me qui l'a &#233;crit (Kevin Brosseau)). Je d&#233;bute dans le domaine de l'audio-visuelle et j'aimerais me faire conna&#238;tre un peu plus. J'ai ajout&#233; les filmographies aux quelle j'ai particip&#233; mais il n'y &#224; pas encore de source v&#233;ritable. Je ne suis pas encore sur Imdb.com et je ne suis gu&#232;re connu. J'ai lu sur l'aide de Wikip&#233;dia qu'il &#233;tait d&#233;conseill&#233; de faire une autobiographie mais je souhaite commencer par Wikip&#233;dia pour avoir un profil de personnalit&#233; sur internet et je suis d&#233;butant dans l'interface de Wikipedia.

Pouvez-vous me dire qu'est-ce que je dois faire s'il vous pla&#238;t...

Merci d'avance

--[[Utilisateur:Yantra10|Yantra10]] ([[Discussion utilisateur:Yantra10|discuter]]) 13 ao&#251;t 2013 &#224; 04:40 (CEST)

== [[Wikip&#233;dia:RAW/2013-08-16|RAW 2013-08-16]] ==
{{RAW/PdD|2013-08-16}}
&#8212; [[User:Cantons-de-l'Est|Cantons-de-l'Est]] &lt;sup&gt;[[user talk:Cantons-de-l'Est|&lt;span style="color:#008000;"&gt;discuter&lt;/span&gt;]]&lt;/sup&gt; 16 ao&#251;t 2013 &#224; 23:44 (CEST)

== ''Historiens et G&#233;ographes'' ==

OK, j'avais mal interpr&#233;t&#233; le changement de portail. Comme cette revue aborde ''aussi'' l'historiographie, j'avais cru que c'&#233;tait pour cette raison. Mea culpa. Mais au fait, ne devrait-on pas, du coup, mettre le portail "historiographie" &#224; la place de "histoire" sur '''tous''' les articles d'historiens ? -- [[Utilisateur:TwoWings|Tw&#248;Wi&#241;g&#353;]] [[Discussion Utilisateur:TwoWings|&lt;sup&gt;Et si on discutait ?&lt;/sup&gt;]] 20 ao&#251;t 2013 &#224; 23:49 (CEST)
:Salut, oui en principe une flop&#233;e d'articles sur des historiens est destin&#233;e &#224; voir leur portail ''histoire'' remplac&#233; par le portail ''historiographie'' (sauf dans le cas o&#249; notre historien peut &#234;tre consid&#233;r&#233; &#233;galement comme un personnage historique, mais j'imagine que &#231;a sera assez rare) ; c'est justement l'int&#233;r&#234;t de ce portail : tous les articles ayant trait &#224; l'&#233;criture de l'histoire, aux m&#233;thodes historiques, aux mouvements ou aux outils de l'historien font partie du portail:historio, tandis que les faits, les chronologies, les objets historiques&#8230; sont dans le giron du portail:histoire, [[User:Fabrice Ferrer|FF]] 23.08.13 13:14 CEST.
::J'imagine que parmi les exceptions qui m&#233;riteraient les deux portails, on peut citer [[Alexis de Tocqueville]]. Ceci dit, dans ces cas-l&#224;, plut&#244;t que le portail "Histoire", des portails plus pr&#233;cis existent (XIXe si&#232;cle...). -- [[Utilisateur:TwoWings|Tw&#248;Wi&#241;g&#353;]] [[Discussion Utilisateur:TwoWings|&lt;sup&gt;Et si on discutait ?&lt;/sup&gt;]] 23 ao&#251;t 2013 &#224; 13:43 (CEST)

== [[Wikip&#233;dia:RAW/2013-08-30|RAW 2013-08-30]] ==
{{RAW/PdD|2013-08-30}}
&#8212; [[User:Cantons-de-l'Est|Cantons-de-l'Est]] &lt;sup&gt;[[user talk:Cantons-de-l'Est|&lt;span style="color:#008000;"&gt;discuter&lt;/span&gt;]]&lt;/sup&gt; 30 ao&#251;t 2013 &#224; 02:01 (CEST)

== [[Wikip&#233;dia:RAW/2013-09-06|RAW 2013-09-06]] ==
{{RAW/PdD|2013-09-06}}
&#8212; [[User:Cantons-de-l'Est|Cantons-de-l'Est]] &lt;sup&gt;[[user talk:Cantons-de-l'Est|&lt;span style="color:#008000;"&gt;discuter&lt;/span&gt;]]&lt;/sup&gt; 6 septembre 2013 &#224; 17:48 (CEST)

== [[Wikip&#233;dia:RAW/2013-09-13|RAW 2013-09-13]] ==
{{RAW/PdD|2013-09-13}}
&#8212; [[User:Cantons-de-l'Est|Cantons-de-l'Est]] &lt;sup&gt;[[user talk:Cantons-de-l'Est|&lt;span style="color:#008000;"&gt;discuter&lt;/span&gt;]]&lt;/sup&gt; 13 septembre 2013 &#224; 13:44 (CEST)

== L'article Cat&#233;gorie:Naissance le 28 f&#233;vrier 1986 est propos&#233; &#224; la suppression ==
[[Image:Icono consulta borrar.png|70px|link=|Page propos&#233;e &#224; la suppression|gauche]]
Bonjour,

L&#8217;article &#171; '''{{Lien &#224; supprimer|1=Cat&#233;gorie:Naissance le 28 f&#233;vrier 1986}}''' &#187; est propos&#233; &#224; la suppression ({{cf.}} [[Wikip&#233;dia:Pages &#224; supprimer]]). Apr&#232;s avoir pris connaissance des [[Wikip&#233;dia:Crit&#232;res d'admissibilit&#233; des articles|crit&#232;res g&#233;n&#233;raux d&#8217;admissibilit&#233; des articles]] et des [[:Cat&#233;gorie:Wikip&#233;dia:Admissibilit&#233; des articles|crit&#232;res sp&#233;cifiques]], vous pourrez [[Aide:Arguments &#224; &#233;viter lors d'une proc&#233;dure de suppression|donner votre avis]] sur la page de discussion '''[[{{TALKPAGENAME:Cat&#233;gorie:Naissance le 28 f&#233;vrier 1986}}/Suppression]]'''.

Le meilleur moyen d&#8217;obtenir un consensus pour la conservation de l&#8217;article est de fournir des [[Wikip&#233;dia:Citez vos sources|sources secondaires fiables et ind&#233;pendantes]]. Si vous ne pouvez trouver de telles sources, c&#8217;est que l&#8217;article n&#8217;est probablement pas admissible. N&#8217;oubliez pas que les [[Wikip&#233;dia:Principes fondateurs|principes fondateurs]] de Wikip&#233;dia ne garantissent aucun droit &#224; avoir un article sur Wikip&#233;dia. [[Utilisateur:Nes1|Nes1]] ([[Discussion utilisateur:Nes1|discuter]]) 16 septembre 2013 &#224; 04:52 (CEST)

== [[Diog&#232;ne de Sinope]] ==
Bonjour,

[//fr.wikipedia.org/w/index.php?title=Diog%C3%A8ne_de_Sinope&amp;diff=prev&amp;oldid=72198345 Cette modification] provient d'une IP. [[sp&#233;cial:contributions/194.199.244.74|Son historique de contributions]] me porte &#224; croire qu'elle ne fait que du vandalisme. 

&#8212; [[User:Cantons-de-l'Est|Cantons-de-l'Est]] &lt;sup&gt;[[user talk:Cantons-de-l'Est|&lt;span style="color:#008000;"&gt;discuter&lt;/span&gt;]]&lt;/sup&gt; 19 septembre 2013 &#224; 14:39 (CEST)

== L'article ''27 novembre 1882'' est propos&#233; &#224; la suppression ==
[[Image:Icono consulta borrar.png|70px|link=|Page propos&#233;e &#224; la suppression|gauche]]
Bonjour,

L&#8217;article &#171; '''{{Lien &#224; supprimer|1=27 novembre 1882}}''' &#187; est propos&#233; &#224; la suppression ({{cf.}} [[Wikip&#233;dia:Pages &#224; supprimer]]). Apr&#232;s avoir pris connaissance des [[Wikip&#233;dia:Crit&#232;res d'admissibilit&#233; des articles|crit&#232;res g&#233;n&#233;raux d&#8217;admissibilit&#233; des articles]] et des [[:Cat&#233;gorie:Wikip&#233;dia:Admissibilit&#233; des articles|crit&#232;res sp&#233;cifiques]], vous pourrez [[Aide:Arguments &#224; &#233;viter lors d'une proc&#233;dure de suppression|donner votre avis]] sur la page de discussion aff&#233;rente.

Le meilleur moyen d&#8217;obtenir un consensus pour la conservation de l&#8217;article est de fournir des [[Wikip&#233;dia:Citez vos sources|sources secondaires fiables et ind&#233;pendantes]]. Si vous ne pouvez trouver de telles sources, c&#8217;est que l&#8217;article n&#8217;est probablement pas admissible. N&#8217;oubliez pas que les [[Wikip&#233;dia:Principes fondateurs|principes fondateurs]] de Wikip&#233;dia ne garantissent aucun droit &#224; avoir un article sur Wikip&#233;dia. 

--[[Utilisateur:&#201;ric Messel|&#201;ric Messel]] ([[Discussion utilisateur:&#201;ric Messel|discuter]]) 19 septembre 2013 &#224; 19:35 (CEST)

==[[Wikip&#233;dia:RAW/2013-09-20|RAW 2013-09-20]] ==
{{RAW/PdD|2013-09-20}}
&#8212; [[User:Cantons-de-l'Est|Cantons-de-l'Est]] &lt;sup&gt;[[user talk:Cantons-de-l'Est|&lt;span style="color:#008000;"&gt;discuter&lt;/span&gt;]]&lt;/sup&gt; 20 septembre 2013 &#224; 21:20 (CEST)

== Anachronismes ==

De rien ! {{sourire}}

== [[Wikip&#233;dia:RAW/2013-09-27|RAW 2013-09-27]] ==
{{RAW/PdD|2013-09-27}}

&#8212; [[User:Cantons-de-l'Est|Cantons-de-l'Est]] &lt;sup&gt;[[user talk:Cantons-de-l'Est|&lt;span style="color:#008000;"&gt;discuter&lt;/span&gt;]]&lt;/sup&gt; 27 septembre 2013 &#224; 19:15 (CEST)

== [[Lieux de savoir]] ==
Bonjour Fabrice, je me permets d'insister sur le lien que j'avais fais entre [[Lieux de savoir]] et [[Lieu de m&#233;moire]]. Si tu regardes la page de [[Pierre Nora]], ce m&#234;me lien y est dans le paragraphe "La vie intellectuelle". C'est pourquoi je l'avais fait. Cordialement.
[[Utilisateur:Penjo|Penjo]] ([[Discussion utilisateur:Penjo|discuter]]) 1 octobre 2013 &#224; 11:20 (CEST)
:Salut, ok je ne comprenais pas ta correction parce que le lien que tu donnais &#233;tait rouge car il pointait vers ''Lieu de '''M'''&#233;moire'' et non ''Lieu de '''m'''&#233;moire''. Je r&#233;tablis &#231;a, mais si jamais l'article [[Lieux de m&#233;moire]] venait &#224; &#234;tre cr&#233;&#233;, ce dernier lien me semblerait plus pertinent. Cordialement, [[User:Fabrice Ferrer|FF]] 01.10.13 15:07 CEST.
::Je suis tout &#224; fait d'accord avec toi, il faudrait pouvoir renommer la page et le repr&#233;senter mais ce n'est pas possible. Merci d'avoir r&#233;pondu. Cordialement [[Utilisateur:Penjo|Penjo]] ([[Discussion utilisateur:Penjo|discuter]]) 1 octobre 2013 &#224; 17:27 (CEST)

== [[Wikip&#233;dia:RAW/2013-10-04|RAW 2013-10-04]] ==
{{RAW/PdD|2013-10-04}}

&#8212; [[User:Cantons-de-l'Est|Cantons-de-l'Est]] &lt;sup&gt;[[user talk:Cantons-de-l'Est|&lt;span style="color:#008000;"&gt;discuter&lt;/span&gt;]]&lt;/sup&gt; 4 octobre 2013 &#224; 17:45 (CEST)

== Le Jeu ==

Bwaaaaaaah ! M&#234;me Wikip&#233;dia [//fr.wikipedia.org/w/index.php?title=Wikip%C3%A9dia:Le_saviez-vous_%3F/Anecdotes_sur_l%27accueil&amp;diff=97240319&amp;oldid=97239713 s&#8217;y met] ! Le monde entier s&#8217;est ligu&#233; pour me faire perdre &#224; tout instant du jour comme de la nuit ! {{=D}}

Amicalement --[[Discussion utilisateur:Pic-Sou|Pic]][[Utilisateur:Pic-Sou|-]][[Special:Contributions/Pic-Sou|Sou]] 6 octobre 2013 &#224; 20:08 (CEST)

== [[Australie]] ==

bonjour ; bon, il me semblait que la formule &#171;&#160;se d&#233;finit comme&#160;&#187; &#233;tait tout &#224; fait correcte {{sourire}} ; cordialement ; [[Utilisateur:JLM|JLM]] ([[Discussion utilisateur:JLM|discuter]]) 9 octobre 2013 &#224; 13:04 (CEST)

== [[Wikip&#233;dia:RAW/2013-10-11|RAW 2013-10-11]] ==
{{RAW/PdD|2013-10-11}}
&#8212; [[Utilisateur:Cantons-de-l'Est|Cantons-de-l'Est]] &lt;sup&gt;[[Discussion utilisateur:Cantons-de-l'Est|&lt;span style="color:#008000;"&gt;discuter&lt;/span&gt;]]&lt;/sup&gt; 11 octobre 2013 &#224; 21:12 (CEST)

== [[Wikip&#233;dia:RAW/2013-10-18|RAW 2013-10-18]] ==
{{RAW/PdD|2013-10-18}}

&#8212; [[Utilisateur:Cantons-de-l'Est|Cantons-de-l'Est]] &lt;sup&gt;[[Discussion utilisateur:Cantons-de-l'Est|&lt;span style="color:#008000;"&gt;discuter&lt;/span&gt;]]&lt;/sup&gt; 18 octobre 2013 &#224; 15:08 (CEST)

== Aphrodite ==

Je trouve que l'incise [le sperme] dans le texte h&#233;siodique sur [[Aphrodite]] est superflue et in&#233;l&#233;gante. Le po&#232;te utilise une image parce que sa puissance associative est sup&#233;rieure &#224; l'explicitation. Votre interpr&#233;tation n'est pas en cause, mais un symbole n'est pas un s&#232;me, c'est une semence pour la pens&#233;e. L'explication la st&#233;rilise. [[Utilisateur:PolBr|PolBr]] ([[Discussion utilisateur:PolBr|discuter]]) 18 octobre 2013 &#224; 20:07 (CEST)
== L'article Dimitri Vegas &amp; Like Mike est propos&#233; &#224; la suppression ==
[[Image:Icono consulta borrar.png|70px|link=|Page propos&#233;e &#224; la suppression|gauche]]
Bonjour,

L&#8217;article &#171; '''{{Lien &#224; supprimer|1=Dimitri Vegas &amp; Like Mike}}''' &#187; est propos&#233; &#224; la suppression ({{cf.}} [[Wikip&#233;dia:Pages &#224; supprimer]]). Apr&#232;s avoir pris connaissance des [[Wikip&#233;dia:Crit&#232;res d'admissibilit&#233; des articles|crit&#232;res g&#233;n&#233;raux d&#8217;admissibilit&#233; des articles]] et des [[:Cat&#233;gorie:Wikip&#233;dia:Admissibilit&#233; des articles|crit&#232;res sp&#233;cifiques]], vous pourrez [[Aide:Arguments &#224; &#233;viter lors d'une proc&#233;dure de suppression|donner votre avis]] sur la page de discussion '''[[{{TALKPAGENAME:Dimitri Vegas &amp; Like Mike}}/Suppression]]'''.

Le meilleur moyen d&#8217;obtenir un consensus pour la conservation de l&#8217;article est de fournir des [[Wikip&#233;dia:Citez vos sources|sources secondaires fiables et ind&#233;pendantes]]. Si vous ne pouvez trouver de telles sources, c&#8217;est que l&#8217;article n&#8217;est probablement pas admissible. N&#8217;oubliez pas que les [[Wikip&#233;dia:Principes fondateurs|principes fondateurs]] de Wikip&#233;dia ne garantissent aucun droit &#224; avoir un article sur Wikip&#233;dia. [[Utilisateur:Enrevseluj|Enrevseluj]] ([[Discussion utilisateur:Enrevseluj|discuter]]) 21 octobre 2013 &#224; 17:43 (CEST)

== [[Wikip&#233;dia:RAW/2013-10-25|RAW 2013-10-25]] ==
{{RAW/PdD|2013-10-25}}

&#8212; [[Utilisateur:Cantons-de-l'Est|Cantons-de-l'Est]] &lt;sup&gt;[[Discussion utilisateur:Cantons-de-l'Est|&lt;span style="color:#008000;"&gt;discuter&lt;/span&gt;]]&lt;/sup&gt; 25 octobre 2013 &#224; 20:43 (CEST)

== [[Wikip&#233;dia:RAW/2013-11-01|RAW 2013-11-01]] ==
{{RAW/PdD|2013-11-01}}

&#8212; [[Utilisateur:Cantons-de-l'Est|Cantons-de-l'Est]] &lt;sup&gt;[[Discussion utilisateur:Cantons-de-l'Est|&lt;span style="color:#008000;"&gt;discuter&lt;/span&gt;]]&lt;/sup&gt; 1 novembre 2013 &#224; 14:21 (CET)

== [[Wikip&#233;dia:RAW/2013-11-08|RAW 2013-11-08]] ==
{{RAW/PdD|2013-11-08}}

&#8212; [[Utilisateur:Cantons-de-l'Est|Cantons-de-l'Est]] &lt;sup&gt;[[Discussion utilisateur:Cantons-de-l'Est|&lt;span style="color:#008000;"&gt;discuter&lt;/span&gt;]]&lt;/sup&gt; 8 novembre 2013 &#224; 21:48 (CET)

== [[Wikip&#233;dia:RAW/2013-11-15|RAW 2013-11-15]] ==
{{RAW/PdD|2013-11-15}}
&#8212; [[Utilisateur:Cantons-de-l'Est|Cantons-de-l'Est]] &lt;sup&gt;[[Discussion utilisateur:Cantons-de-l'Est|&lt;span style="color:#008000;"&gt;discuter&lt;/span&gt;]]&lt;/sup&gt; 15 novembre 2013 &#224; 17:11 (CET)

== [[Wikip&#233;dia:RAW/2013-11-22|RAW 2013-11-22]] ==
{{RAW/PdD|2013-11-22}}

&#8212; [[Utilisateur:Cantons-de-l'Est|Cantons-de-l'Est]] &lt;sup&gt;[[Discussion utilisateur:Cantons-de-l'Est|&lt;span style="color:#008000;"&gt;discuter&lt;/span&gt;]]&lt;/sup&gt; 22 novembre 2013 &#224; 19:44 (CET)

== L'article Louis Marsolliers est propos&#233; &#224; la suppression ==
[[Image:Icono consulta borrar.png|70px|link=|Page propos&#233;e &#224; la suppression|gauche]]
Bonjour,

L&#8217;article &#171; '''{{Lien &#224; supprimer|1=Louis Marsolliers}}''' &#187; est propos&#233; &#224; la suppression ({{cf.}} [[Wikip&#233;dia:Pages &#224; supprimer]]). Apr&#232;s avoir pris connaissance des [[Wikip&#233;dia:Crit&#232;res d'admissibilit&#233; des articles|crit&#232;res g&#233;n&#233;raux d&#8217;admissibilit&#233; des articles]] et des [[:Cat&#233;gorie:Wikip&#233;dia:Admissibilit&#233; des articles|crit&#232;res sp&#233;cifiques]], vous pourrez [[Aide:Arguments &#224; &#233;viter lors d'une proc&#233;dure de suppression|donner votre avis]] sur la page de discussion '''[[{{TALKPAGENAME:Louis Marsolliers}}/Suppression]]'''.

Le meilleur moyen d&#8217;obtenir un consensus pour la conservation de l&#8217;article est de fournir des [[Wikip&#233;dia:Citez vos sources|sources secondaires fiables et ind&#233;pendantes]]. Si vous ne pouvez trouver de telles sources, c&#8217;est que l&#8217;article n&#8217;est probablement pas admissible. N&#8217;oubliez pas que les [[Wikip&#233;dia:Principes fondateurs|principes fondateurs]] de Wikip&#233;dia ne garantissent aucun droit &#224; avoir un article sur Wikip&#233;dia. [[Utilisateur:Fguinard|Fguinard]] ([[Discussion utilisateur:Fguinard|discuter]]) 25 novembre 2013 &#224; 01:51 (CET)

== [[Wikip&#233;dia:RAW/2013-11-29|RAW 2013-11-29]] ==
{{RAW/PdD|2013-11-29}}

&#8212; [[Utilisateur:Cantons-de-l'Est|Cantons-de-l'Est]] &lt;sup&gt;[[Discussion utilisateur:Cantons-de-l'Est|&lt;span style="color:#008000;"&gt;discuter&lt;/span&gt;]]&lt;/sup&gt; 29 novembre 2013 &#224; 19:35 (CET)

== Retrait du groupe bot pour HariBot ==


Bonjour Fabrice Ferrer,

J&#8217;ai constat&#233; que ton bot HariBot n&#8217;a pas fait de modification sur Wikip&#233;dia depuis de nombreux mois et je ne sais pas si tu comptes t'en resservir un jour, j'ai propos&#233; de le retirer du groupe bot. Si tu souhaites commenter cette d&#233;cision, merci de [[:fr:Wikip%C3%A9dia:Bot/Statut#Mise_.C3.A0_la_retraite_d.27anciens_bots|te rendre ici]]. Sans r&#233;ponse de ta part le flag devrait &#234;tre retir&#233; dans un mois. Merci pour les contributions de ton bot &#224; la Wikip&#233;dia en fran&#231;ais.

Bonne continuation. [[Utilisateur:Bub's|Bub's]]&lt;small&gt;&amp;nbsp;&lt;span&gt;[&lt;/span&gt;[[Discussion utilisateur:Bub's|di]]&#183;[[Sp&#233;cial:Contributions/Bub's|co]]]&lt;/small&gt; 2 d&#233;cembre 2013 &#224; 18:10 (CET)

== [[Wikip&#233;dia:RAW/2013-12-06|RAW 2013-12-06]] ==
{{RAW/PdD|2013-12-06}}

&#8212; [[Utilisateur:Cantons-de-l'Est|Cantons-de-l'Est]] &lt;sup&gt;[[Discussion utilisateur:Cantons-de-l'Est|&lt;span style="color:#008000;"&gt;discuter&lt;/span&gt;]]&lt;/sup&gt; 6 d&#233;cembre 2013 &#224; 19:42 (CET)

== Demande de parrainage ==
{{(!}} style="background-color:#FFFFFF; border:solid #CFCFCF 1px; padding:4px;align:center;width:100%"
 {{!}} style="width:90px;align:center" {{!}}
[[Fichier:Lifebelt and man icon.svg|60px|center|link=Projet:Aide et accueil|alt=Projet Aide et accueil]]
 {{!}}'''[[Sp&#233;cial:Contributions/69.19.176.31|69.19.176.31]] ([[Discussion utilisateur:69.19.176.31|discuter]])''' est nouveau sur Wikip&#233;dia {{#if:Fabrice Ferrer| et d&#233;sirerait &#234;tre parrain&#233; par [[User:Fabrice Ferrer|Fabrice Ferrer]].|et est &#224; la recherche d'un [[Wikip&#233;dia:Parrainage des nouveaux|parrain]].}}
&lt;div style="text-align:right; margin-top:10px"&gt;Message d&#233;pos&#233; le 9 d&#233;cembre 2013 &#224; 06:39 (CET)&lt;/div&gt;
{{!)}}

[[Cat&#233;gorie:Projet:Aide et accueil]]
&lt;/noinclude&gt;
Cher Fabrice,
Je vous ecris de Californie. Je viens de publier (chez Edilivre) une biographie d'Anne Beffort 
(1880-1966), premiere Luxembourgeoise ayant obtenu un doctorat (Sorbonne 1908)car a cette epoque, les jeunes filles n'etaient admises dans aucun lycee d'Etat au Luxembourg (comme en France d'Ailleurs !).
De retour au pays, elle est co-fondatrice du premier lycee de jeunes filles et fonde ensuite le Musee Victor Hugo, a Vianden, ou l'ecrivain a passe trois mois d'exil avec sa famille (a partir du 1er juin 1871).
Anne Beffort a une rue et un timbre a son nom au Luxembourg, elle a publie deux tomes de ses 
"Souvenirs" (Editions Linden, Luxembourg, 1961), est Officier de la Legion d'Honneur en France, auteur d'une these sur Alexandre Soumet, l'ami de toujours de Victor Hugo, mais elle n'avait pas a ce jour de biographie.
C'est pourquoi j'ai decide d'en ecrire une qui vient donc de paraitre.
Mais Anne Beffort n'a pas non plus de page Wikipedia et c'est a ce sujet que je me permets de vous ecrire. Je dispose en effet de tous les elements d'information (avec photos, documents et preuves verifiables / exactes) mais je ne sais pas bien comment faire une telle page et surtout - comme vous pouvez le constater ici - mon ordinateur americain n'a pas les accents necessaires pour ecrire correctement en Francais. Par contre, je peux preparer un fichier Word avec tous les accents et vous le faire parvenir si cela vous est utile. Avec votre assistance, je peux ecrire les pages necessaires pour Wikipedia et vous communiquer electroniquement les illustrations correspondantes. 
Seriez-vous interesse de m'aider ainsi a construire cette page ?
Je serais bien entendu tres reconnaissant et pret a vous aider dans d'autres domaines de ma competence si necessaire. 
Qu'en pensez-vous ?
Merci de bien vouloir me dire si ce parrainage vous interesse et comment nous pourrions produire cette page ensemble ?
Un grand merci.
--[[Sp&#233;cial:Contributions/69.19.176.31|69.19.176.31]] ([[Discussion utilisateur:69.19.176.31|discuter]]) 9 d&#233;cembre 2013 &#224; 06:39 (CET)Jean-Jacques C. Vitrac

== [[Wikip&#233;dia:RAW/2013-12-13|RAW 2013-12-13]] ==
{{RAW/PdD|2013-12-13}}

&#8212; [[Utilisateur:Cantons-de-l'Est|Cantons-de-l'Est]] &lt;sup&gt;[[Discussion utilisateur:Cantons-de-l'Est|&lt;span style="color:#008000;"&gt;discuter&lt;/span&gt;]]&lt;/sup&gt; 13 d&#233;cembre 2013 &#224; 17:38 (CET)

== [[Wikip&#233;dia:RAW/2013-12-20|RAW 2013-12-20]] ==
{{RAW/PdD|2013-12-20}}

&#8212; [[Utilisateur:Cantons-de-l'Est|Cantons-de-l'Est]] &lt;sup&gt;[[Discussion utilisateur:Cantons-de-l'Est|&lt;span style="color:#008000;"&gt;discuter&lt;/span&gt;]]&lt;/sup&gt; 20 d&#233;cembre 2013 &#224; 19:32 (CET)

== Demande de parrainage ==
{{(!}} style="background-color:#FFFFFF; border:solid #CFCFCF 1px; padding:4px;align:center;width:100%"
 {{!}} style="width:90px;align:center" {{!}}
[[Fichier:Lifebelt and man icon.svg|60px|center|link=Projet:Aide et accueil|alt=Projet Aide et accueil]]
 {{!}}'''[[Utilisateur:YJUAN|YJUAN]] ([[Discussion utilisateur:YJUAN|discuter]])''' est nouveau sur Wikip&#233;dia {{#if:Fabrice Ferrer| et d&#233;sirerait &#234;tre parrain&#233; par [[User:Fabrice Ferrer|Fabrice Ferrer]].|et est &#224; la recherche d'un [[Wikip&#233;dia:Parrainage des nouveaux|parrain]].}}
&lt;div style="text-align:right; margin-top:10px"&gt;Message d&#233;pos&#233; le 24 d&#233;cembre 2013 &#224; 14:46 (CET)&lt;/div&gt;
{{!)}}

[[Cat&#233;gorie:Projet:Aide et accueil]]

bonjour je suis nouvel utilisateur wikipedia et je souhaite &#234;tre parrain&#233;.
acceptez-vous d'&#234;tre mon parrain?
merci d'avance
je n'ai pas su r&#233;pondre au premier message que j'ai re&#231;u du contributeur Letartean apr&#232;s la cr&#233;ation de mon compte.
merci pour votre aide
[[Utilisateur:YJUAN|YJUAN]] ([[Discussion utilisateur:YJUAN|discuter]]) 24 d&#233;cembre 2013 &#224; 14:46 (CET)

== aide &#224; nouvel utilisateur ==

accepteriez-vous de me parrainer dans mes premiers pas sur wikipedia?
merci d'avance
[[Utilisateur:YJUAN|YJUAN]] ([[Discussion utilisateur:YJUAN|discuter]]) 24 d&#233;cembre 2013 &#224; 14:50 (CET)

== Bon No&#235;l ! ==

{{R&#233;compense|Frwp_logo_Joyeux_Noel_2003.png|Joyeux No&#235;l {{BASEPAGENAME}}, bonne continuation sur WP comme en IRL et meilleurs v&#339;ux pour 2014 ! Merci pour toutes tes contributions sur WP. Amicalement {{sourire}}. &lt;br /&gt;[[Utilisateur:Housterdam|Housterdam]] &lt;sup&gt;&amp;#91;[[Discussion Utilisateur:Housterdam|Un caf&#233; ?]]&amp;#93;&lt;/sup&gt; 25 d&#233;cembre 2013 &#224; 17:19 (CET)}}

== [[Wikip&#233;dia:RAW/2013-12-27|RAW 2013-12-27]] ==
{{RAW/PdD|2013-12-27}}
&#8212; [[Utilisateur:Cantons-de-l'Est|Cantons-de-l'Est]] &lt;sup&gt;[[Discussion utilisateur:Cantons-de-l'Est|&lt;span style="color:#008000;"&gt;discuter&lt;/span&gt;]]&lt;/sup&gt; 27 d&#233;cembre 2013 &#224; 20:14 (CET)

== 2013 est mort, vive 2014 ! ==

Salut FF ! Je tiens &#224; te souhaiter une bonn&#233;e ann&#233;e pleine de bonnes contributions et de meilleurs v&#339;ux pour 2014 ! [[File:Fireworks 2.png|100px]] --[[Utilisateur:Super Bazooka|Super Bazooka]] ([[Discussion utilisateur:Super Bazooka|discuter]]) 1 janvier 2014 &#224; 14:35 (CET)

== [[Wikip&#233;dia:RAW/2014-01-03|RAW 2014-01-03]] ==
{{RAW/PdD|2014-01-03}}
&#8212; [[Utilisateur:Cantons-de-l'Est|Cantons-de-l'Est]] &lt;sup&gt;[[Discussion utilisateur:Cantons-de-l'Est|&lt;span style="color:#008000;"&gt;discuter&lt;/span&gt;]]&lt;/sup&gt; 3 janvier 2014 &#224; 18:35 (CET)

== [[:w:fr:Wikip&#233;dia:RAW/2014-01-10|RAW 2014-01-10]] ==

&lt;table style="background-color:white; padding:0px; border:1px solid #AAAAAA; border-radius: 15px; margin:0 auto;"&gt;&lt;tr&gt;&lt;td style="text-align: center; font-weight:900; font-size:150%; text-shadow:gray 0.1em 0.1em 0.1em;"&gt;Regards sur l'actualit&#233; de la Wikimedia&lt;div style="font-size:70%; line-height:200%; font-weight:normal;"&gt;et d'ailleurs&lt;/div&gt;&lt;div style="font-size:90%; line-height:250%; font-weight:normal;"&gt;[[:w:fr:Wikip&#233;dia:RAW/2014-01-10|RAW 2014-01-10]]&lt;/div&gt;&lt;/td&gt;&lt;td width=20%&gt;&lt;span title="Logo des RAW"&gt;[[File:Proposition Washington.svg|100px|link={{fullurl:w:fr:Wikip&#233;dia:Regards sur l'actualit&#233; de la Wikimedia|}}|alt=Regards sur l'actualit&#233; de la Wikimedia (RAW)]]&lt;/span&gt;&lt;/td&gt;&lt;/tr&gt;&lt;/table&gt; &#8212; [[Utilisateur:Cantons-de-l'Est|Cantons-de-l'Est]] &lt;sup&gt;[[Discussion utilisateur:Cantons-de-l'Est|&lt;span style="color:#008000;"&gt;discuter&lt;/span&gt;]]&lt;/sup&gt; 10 janvier 2014 &#224; 19:16 (CET)
&lt;!-- Message envoy&#233; par User:Cantons-de-l'Est@frwiki en utilisant la liste &#224; http://fr.wikipedia.org/w/index.php?title=Wikip%C3%A9dia:RAW/Inscription&amp;oldid=100046947 --&gt;

== [[Wikip&#233;dia:RAW/2014-01-17|RAW 2014-01-17]] ==

{{RAW/PdD|2014-01-17}} &#8212; [[Utilisateur:Cantons-de-l'Est|Cantons-de-l'Est]] &lt;sup&gt;[[Discussion utilisateur:Cantons-de-l'Est|&lt;span style="color:#008000;"&gt;discuter&lt;/span&gt;]]&lt;/sup&gt; 17 janvier 2014 &#224; 19:23 (CET)
&lt;!-- Message envoy&#233; par User:Cantons-de-l'Est@frwiki en utilisant la liste &#224; http://fr.wikipedia.org/w/index.php?title=Wikip%C3%A9dia:RAW/Inscription&amp;oldid=100300868 --&gt;

== [[Special:redirect/page/7692863|RAW 2014-01-24]] ==

{{RAW/PdD|2014-01-24}} &#8212; [[Utilisateur:Cantons-de-l'Est|Cantons-de-l'Est]] &lt;sup&gt;[[Discussion utilisateur:Cantons-de-l'Est|&lt;span style="color:#008000;"&gt;discuter&lt;/span&gt;]]&lt;/sup&gt; 24 janvier 2014 &#224; 18:53 (CET)
&lt;!-- Message envoy&#233; par User:Cantons-de-l'Est@frwiki en utilisant la liste &#224; http://fr.wikipedia.org/w/index.php?title=Wikip%C3%A9dia:RAW/Inscription&amp;oldid=100505887 --&gt;

== [[:Wikip&#233;dia:RAW/2014-01-31|RAW 2014-01-31]] ==

{{RAW/PdD|2014-01-31}} &#8212; [[Utilisateur:Cantons-de-l'Est|Cantons-de-l'Est]] &lt;sup&gt;[[Discussion utilisateur:Cantons-de-l'Est|&lt;span style="color:#008000;"&gt;discuter&lt;/span&gt;]]&lt;/sup&gt; 31 janvier 2014 &#224; 19:31 (CET)
&lt;!-- Message envoy&#233; par User:Cantons-de-l'Est@frwiki en utilisant la liste &#224; http://fr.wikipedia.org/w/index.php?title=Wikip%C3%A9dia:RAW/Inscription&amp;oldid=100580598 --&gt;

== [[:w:fr:Wikip&#233;dia:RAW/2014-02-07|RAW 2014-02-07]] ==

{{RAW/PdD|2014-02-07}} &#8212; [[Utilisateur:Cantons-de-l'Est|Cantons-de-l'Est]] &lt;sup&gt;[[Discussion utilisateur:Cantons-de-l'Est|&lt;span style="color:#008000;"&gt;discuter&lt;/span&gt;]]&lt;/sup&gt; 7 f&#233;vrier 2014 &#224; 19:36 (CET)
&lt;!-- Message envoy&#233; par User:Cantons-de-l'Est@frwiki en utilisant la liste &#224; http://fr.wikipedia.org/w/index.php?title=Wikip%C3%A9dia:RAW/Inscription&amp;oldid=100919180 --&gt;</text>
      <sha1>1ai7spkqb2pzvb31sr48l78fzld9j23</sha1>
      <model>wikitext</model>
      <format>text/x-wiki</format>
    </revision>
  </page>
