<page xmlns="http://www.mediawiki.org/xml/export-0.8/" xmlns:xsi="http://www.w3.org/2001/XMLSchema-instance">
    <title>Discussion utilisateur:ConradMayhew</title>
    <ns>3</ns>
    <id>5369461</id>
    <revision>
      <id>99777076</id>
      <parentid>98575258</parentid>
      <timestamp>2014-01-01T13:21:27Z</timestamp>
      <contributor>
        <username>Racconish</username>
        <id>460796</id>
      </contributor>
      <comment>/* V&#339;ux */</comment>
      <text xml:space="preserve">== Hello ==

{{bonjour}} &#8212; [[Utilisateur:Arkanosis|Arkanosis]] &lt;sup&gt;[[Discussion Utilisateur:Arkanosis|&#9993;]]&lt;/sup&gt; 10 octobre 2012 &#224; 02:41 (CEST)

== Sur la source Monsanto / ANSES / commissions ==

Ce n'est pas comme &#231;a que j'ai compris la citation : les d&#233;lais &#233;taient trop courts parce qu'ils n'ont rien sous la main. C'est ce que dit M. Gombert. Cordialement. --[[Utilisateur:JoleK|JoleK]] ([[Discussion utilisateur:JoleK|d]]) 10 novembre 2012 &#224; 16:04 (CET)

==OGM bis==
Hello, j'essaie &#224; nouveau de d&#233;bloquer la situation. Pourrais-tu donner ton avis [http://fr.wikipedia.org/wiki/Discussion:Organisme_g%C3%A9n%C3%A9tiquement_modifi%C3%A9#Nouvelle_demande_de_m.C3.A9diation ici] ? Cordialement, &lt;span style="padding-left: 5pt; font-size: 0.9em; letter-spacing: 0.1em"&gt;&amp;mdash;&amp;thinsp;'''[[User:Racconish|Racconish]]'''[[Discussion utilisateur:Racconish|&lt;sup&gt; &lt;small&gt; D &lt;/small&gt;&lt;/sup&gt;]]&lt;/span&gt; 9 d&#233;cembre 2012 &#224; 18:24 (CET)

==V&#339;ux==
{| style="border: 2px solid red; background-color: #FFFAF0;"
|rowspan="2" valign="middle" | [[File:Happy New Year 2013.jpg|130px]]
|rowspan="2" |
|style="font-size:large; padding: 0; vertical-align: middle; height: 1.1em;" |'''Bonne ann&#233;e 2013 !'''
|-
|style="vertical-align: middle; border-top: 2px solid green;" | '''Hello Conrad, je te souhaite une bonne ann&#233;e&lt;br/&gt; et beaucoup de belles contributions !&lt;br/&gt;Cordialement,&lt;br/&gt; &lt;span style="padding-left: 5pt; font-size: 0.9em; letter-spacing: 0.1em"&gt;&amp;mdash;&amp;thinsp;'''[[User:Racconish|Racconish]]'''[[Discussion utilisateur:Racconish|&lt;sup&gt; &lt;small&gt; D &lt;/small&gt;&lt;/sup&gt;]]&lt;/span&gt; 2 janvier 2013 &#224; 14:16 (CET)
|}

== L'article Groupe ESA-Paris est propos&#233; &#224; la suppression ==
[[Image:Icono consulta borrar.png|70px|link=|Page propos&#233;e &#224; la suppression|gauche]]
Bonjour,

L&#8217;article &#171; '''{{Lien &#224; supprimer|1=Groupe ESA-Paris}}''' &#187; est propos&#233; &#224; la suppression ({{cf.}} [[Wikip&#233;dia:Pages &#224; supprimer]]). Apr&#232;s avoir pris connaissance des [[Wikip&#233;dia:Crit&#232;res d'admissibilit&#233; des articles|crit&#232;res g&#233;n&#233;raux d&#8217;admissibilit&#233; des articles]] et des [[:Cat&#233;gorie:Wikip&#233;dia:Admissibilit&#233; des articles|crit&#232;res sp&#233;cifiques]], vous pourrez [[Aide:Arguments &#224; &#233;viter lors d'une proc&#233;dure de suppression|donner votre avis]] sur la page de discussion '''[[{{TALKPAGENAME:Groupe ESA-Paris}}/Suppression]]'''.

Le meilleur moyen d&#8217;obtenir un consensus pour la conservation de l&#8217;article est de fournir des [[Wikip&#233;dia:Citez vos sources|sources secondaires fiables et ind&#233;pendantes]]. Si vous ne pouvez trouver de telles sources, c&#8217;est que l&#8217;article n&#8217;est probablement pas admissible. N&#8217;oubliez pas que les [[Wikip&#233;dia:Principes fondateurs|principes fondateurs]] de Wikip&#233;dia ne garantissent aucun droit &#224; avoir un article sur Wikip&#233;dia. [[Utilisateur:Mathieudu68|Mathieudu68]] &lt;sup&gt;([[Discussion utilisateur:Mathieudu68|je t'offre le caf&#233;]])&lt;/sup&gt; 4 juillet 2013 &#224; 02:43 (CEST)

== L'article Logiciel immobilier est propos&#233; &#224; la suppression ==
[[Image:Icono consulta borrar.png|70px|link=|Page propos&#233;e &#224; la suppression|gauche]]
Bonjour,

L&#8217;article &#171; '''{{Lien &#224; supprimer|1=Logiciel immobilier}}''' &#187; est propos&#233; &#224; la suppression ({{cf.}} [[Wikip&#233;dia:Pages &#224; supprimer]]). Apr&#232;s avoir pris connaissance des [[Wikip&#233;dia:Crit&#232;res d'admissibilit&#233; des articles|crit&#232;res g&#233;n&#233;raux d&#8217;admissibilit&#233; des articles]] et des [[:Cat&#233;gorie:Wikip&#233;dia:Admissibilit&#233; des articles|crit&#232;res sp&#233;cifiques]], vous pourrez [[Aide:Arguments &#224; &#233;viter lors d'une proc&#233;dure de suppression|donner votre avis]] sur la page de discussion '''[[{{TALKPAGENAME:Logiciel immobilier}}/Suppression]]'''.

Le meilleur moyen d&#8217;obtenir un consensus pour la conservation de l&#8217;article est de fournir des [[Wikip&#233;dia:Citez vos sources|sources secondaires fiables et ind&#233;pendantes]]. Si vous ne pouvez trouver de telles sources, c&#8217;est que l&#8217;article n&#8217;est probablement pas admissible. N&#8217;oubliez pas que les [[Wikip&#233;dia:Principes fondateurs|principes fondateurs]] de Wikip&#233;dia ne garantissent aucun droit &#224; avoir un article sur Wikip&#233;dia. [[Utilisateur:Koui&#178;|Koui&#178;]] &lt;sup&gt;[[Utilisateur:Koui&#178;/Discussion|[discuter]]]&lt;/sup&gt; 25 juillet 2013 &#224; 13:10 (CEST)

== Sur les OGM ==

Excuse-moi de ne pas poursuivre, je ne suis toujours pas convaincu que cela peut donner quelque chose. Peut-&#234;tre que je me trompe, mais, d'une part trop de conversations s'en m&#234;lent ce qui me r&#233;clame trop d'&#233;nergie et d&#8217;autre part, je ne crois pas que nos points de vue personnels soient conciliables. Ceci pr&#233;cis&#233;, j'appr&#233;cie ton ouverture au dialogue et ta mani&#232;re d'exposer tes arguments ainsi que ton respect de certains principes. Si tu estimes vraiment n&#233;cessaire de poursuivre ou si tu as un point pr&#233;cis en t&#234;te n'h&#233;site pas &#224; me le faire savoir. Cordialement. [[Utilisateur:JoleK|JoleK]] ([[Discussion utilisateur:JoleK|d]]) 6 ao&#251;t 2013 &#224; 23:12 (CEST)
:Aucun souci, je suis assez d'accord. Je trouvais bien d'exposer une fois pour toutes nos diff&#233;rences et d'essayer d'en discuter calmement. Je l'ai fait, tu l'as fait, mais nos camarades de jeu n'ont visiblement pas envie d'essayer un ton moins pol&#233;mique (je suis partiellement d'accord avec le fond de la derni&#232;re remarque de Karg se, mais pas avec le ton et la forme). Cela ne m&#232;nera effectivement probablement nulle part.
:Je ne sais pas si j'ai vraiment une "ouverture au dialogue" particuli&#232;re : mon regard sur cette affaire est comme toi celui d'un citoyen, et je n'ai aucun ''a priori'' contre le mouvement &#233;cologiste, que je consid&#232;re plut&#244;t comme un contre-pouvoir utile aux lobbys industriels. Dans cette affaire, cela me d&#233;sole plut&#244;t de me retrouver pouss&#233; dans le camp d'en face, sachant que j'avais ouvert mon compte sur WP:fr avant tout pour lutter contre son biais scientifique pro-nucl&#233;aire. 
:Je me permettrai probablement de t'&#233;crire en MP pour discuter plus au calme. 
:Cordialement, [[Utilisateur:ConradMayhew|ConradMayhew]] ([[Discussion utilisateur:ConradMayhew|d]]) 8 ao&#251;t 2013 &#224; 07:44 (CEST)
::Bon, je viens de voir ta demande en RA, et je trouve ta d&#233;cision dommage (j'esp&#232;re ne pas faire partie des raisons qui te poussent &#224; &#231;a). Quand bien m&#234;me nous ne sommes pas toujours en accord, ta pond&#233;ration est vraiment une bonne chose autour de ces articles pol&#233;miques et potentiellement conflictuels. Ton absence serait un manque. Moi aussi il m'arrive d'&#234;tre d&#233;courag&#233; devant les difficult&#233;s &#224; faire avancer les choses et les crispations de part et d'autres. Mais avec des personnes de bonne volont&#233; telle que toi, &#231;a m'encourage &#224; continuer. Cordialement. [[Utilisateur:JoleK|JoleK]] ([[Discussion utilisateur:JoleK|discuter]]) 12 ao&#251;t 2013 &#224; 11:51 (CEST)

== Wikibreak ==

Bonjour,

Vous &#234;tes bloqu&#233; (&#224; votre demande). Lorsque vous souhaiterez &#234;tre d&#233;bloqu&#233;, utilisez {{m|d&#233;blocage}} ici-m&#234;me. Bon repos {{sourire}}, &#8212; [[Utilisateur:Jules78120|'''&lt;span style="color:#FFBC00"&gt;Jules&lt;/span&gt;''']]  &lt;strong&gt;&lt;sup&gt;&lt;small style="border-bottom:1px solid #80D000;"&gt;[[Discussion utilisateur:Jules78120|&lt;span style="color:#80D000"&gt;''Discuter''&lt;/span&gt;]]&lt;/small&gt;&lt;/sup&gt;&lt;/strong&gt; 12 ao&#251;t 2013 &#224; 19:19 (CEST)

== Demande d&#233;blocage / retour de wikibreak ==

{{d&#233;blocage|nocat}}
Les habitudes ont la vie dure: m&#234;me sans contribuer activement, je peux pas r&#233;sister &#224; corriger sous IP ou sur wp:en des petites erreurs quand j'en vois, donc autant revenir du wikibreak au wikislow {{clin}}. Merci d'avance, pour le d&#233;blocage cdt, [[Utilisateur:ConradMayhew|ConradMayhew]] ([[Discussion utilisateur:ConradMayhew|discuter]]) 23 novembre 2013 &#224; 10:28 (CET)
: Bonjour, d&#233;blocage effectu&#233; - Bonne continuation - -- [[Utilisateur:Lomita|Lomita]] ([[Discussion utilisateur:Lomita|discuter]]) 23 novembre 2013 &#224; 10:44 (CET)

==V&#339;ux==
{| style="border: 2px solid blue; background-color: #FFFAF0;"
|rowspan="2" valign="middle" | [[File:Herzliche Neujahrsgr&#252;&#223;e.jpg|130px]]
|rowspan="2" |
|style="font-size:large; padding: 0; vertical-align: middle; height: 1.1em;" |'''Bonne ann&#233;e 2014 !'''
|-
|style="vertical-align: middle; border-top: 2px solid green;" | '''Hello ConradMayhew, je te souhaite une bonne ann&#233;e&lt;br/&gt; et beaucoup de belles contributions !&lt;br/&gt;Cordialement,&lt;br/&gt; &lt;span style="padding-left: 5pt; font-size: 0.9em; letter-spacing: 0.1em"&gt;&amp;mdash;&amp;thinsp;'''[[User:Racconish|Racconish]]'''[[Discussion utilisateur:Racconish|&lt;sup&gt; &lt;small&gt; D &lt;/small&gt;&lt;/sup&gt;]]&lt;/span&gt; 1 janvier 2014 &#224; 14:21 (CET)
|}</text>
      <sha1>q6a330xlevwvogkcrx6jr4hd4yt4x8a</sha1>
      <model>wikitext</model>
      <format>text/x-wiki</format>
    </revision>
  </page>
