<page xmlns="http://www.mediawiki.org/xml/export-0.8/" xmlns:xsi="http://www.w3.org/2001/XMLSchema-instance">
    <title>Discussion utilisateur:DocteurCosmos</title>
    <ns>3</ns>
    <id>7000194</id>
    <revision>
      <id>100740821</id>
      <parentid>100740780</parentid>
      <timestamp>2014-01-30T13:06:55Z</timestamp>
      <contributor>
        <username>DocteurCosmos</username>
        <id>22107</id>
      </contributor>
      <comment>/* Blocage 109.6.158.142 */ + retour</comment>
      <text xml:space="preserve">&lt;div style="background-color: #FFD0A0; margin-left: 8px; margin-bottom: 8px; padding: 8px; float: right; width:65%;"&gt;
'''Comme d'autres [[Wikip&#233;dia:Patrouille RC|utilisateurs]], j'effectue r&#233;guli&#232;rement un examen rapide des modifications r&#233;centes, afin de prot&#233;ger l'encyclop&#233;die contre les actes de malveillance : [[WP:VAND|vandalisme]], [[Pourriel|liens externes publicitaires]].'''

Je peux parfois me tromper et r&#233;voquer une modification valable, comme la v&#244;tre. Dans ce cas vous pouvez restaurer votre modification (c'est un wiki apr&#232;s tout) mais n'oubliez '''surtout pas''' de bien commenter votre modification dans la [[Wikip&#233;dia:Toujours commenter vos modifications dans la bo&#238;te de r&#233;sum&#233;|bo&#238;te de r&#233;sum&#233;]].
&lt;/div&gt;

'''Archives'''
*[[Discussion_Utilisateur:DocteurCosmos/archives_hiver2007|hiver 2007]]
*[[Discussion_Utilisateur:DocteurCosmos/archives_printemps2007|jusqu'au 30 mai 2007]] &lt;small&gt;''155 Ko''&lt;/small&gt;
*[[Discussion_Utilisateur:DocteurCosmos/archives_juin2007|jusqu'au 30 juin 2007]] &lt;small&gt;''125 Ko''&lt;/small&gt;
*[[Discussion Utilisateur:DocteurCosmos/Archives &#233;t&#233;2007|jusqu'au 30 septembre 2007]] &lt;small&gt;''250 Ko''&lt;/small&gt;
*[[Discussion Utilisateur:DocteurCosmos/archives5|jusqu'au 8 novembre 2007 &#224; 12h30 environ]] &lt;small&gt;''90 Ko''&lt;/small&gt;
*[[Discussion Utilisateur:DocteurCosmos/archives6|jusqu'au 30 d&#233;cembre 2007]] &lt;small&gt;''185 Ko''&lt;/small&gt;
*[[Discussion Utilisateur:DocteurCosmos/archives7|jusqu'au 22 mars 2008]] &lt;small&gt;''357 Ko'' {{surprise}}&lt;/small&gt;
*[[Discussion Utilisateur:DocteurCosmos/archives8|jusqu'au 1er juin 2008]] &lt;small&gt;''228 Ko''&lt;/small&gt;
*[[Discussion Utilisateur:DocteurCosmos/archives9|jusqu'au 24 septembre 2008]] &lt;small&gt;''230 Ko''&lt;/small&gt;
*[[Discussion Utilisateur:DocteurCosmos/archives10|jusqu'au 27 d&#233;cembre 2008]] &lt;small&gt;''230 Ko''&lt;/small&gt;
*[[Discussion Utilisateur:DocteurCosmos/archives11|jusqu'au 24 mai 2009]] &lt;small&gt;''245 Ko''&lt;/small&gt;
*[[Discussion utilisateur:DocteurCosmos/archives12|jusqu'au 26 octobre 2009]] &lt;small&gt;''270 Ko''&lt;/small&gt;
*[[Discussion utilisateur:DocteurCosmos/archives13|jusqu'au 19 mai 2010]] &lt;small&gt;''232 Ko''&lt;/small&gt;
*[[Discussion utilisateur:DocteurCosmos/archives14|jusqu'au 24 juillet 2011]] &lt;small&gt;''119 Ko''&lt;/small&gt;
*[[Discussion utilisateur:DocteurCosmos/archives15|jusqu'au 19 mars 2013]] &lt;small&gt;''79 Ko''&lt;/small&gt;
== En haut &#224; droite du Bistro ==
Salut, Doc. Depuis le temps que tu ''bouches'' le carr&#233; du calendrier les jours ''sans'' avec des illustrations bien comment&#233;es et &lt;u&gt;tr&#232;s rigolotes&lt;/u&gt;, je tenais &#224; t'en remercier. Voil&#224;, c'est fait {{mdr}}. Excellente continuation, --[[Utilisateur:Warp3|Warp3]] ([[Discussion utilisateur:Warp3|d]]) 30 mars 2013 &#224; 09:03 (CET)
:Salut,
:Ah ben merci.
:&#192; une &#233;poque, je m'astreignais &#224; trouver une image parmi les innombrables [http://commons.wikimedia.org/wiki/Category:Media_needing_categories non encore cat&#233;goris&#233;es sur Commons].
:Maintenant c'est selon l'humeur du moment.
:Au plaisir de se croiser, au bistro ou ailleurs !
:[[Utilisateur:DocteurCosmos|DocteurCosmos]] ([[Discussion utilisateur:DocteurCosmos|d]]) 30 mars 2013 &#224; 16:48 (CET)
::A+ {{sourire}} --[[Utilisateur:Warp3|Warp3]] ([[Discussion utilisateur:Warp3|d]]) 30 mars 2013 &#224; 22:31 (CET)

== Plagiat ==

Bonjour,

Je ne comprends pas [http://fr.wikipedia.org/w/index.php?title=Gilles_Bernheim&amp;diff=91629808&amp;oldid=91627007 ce retrait]. Le livre reste publi&#233; sous son nom. Il continuera &#224; figurer dans sa bibliographie.

Cordialement, [[Utilisateur:DocteurCosmos|DocteurCosmos]] ([[Discussion utilisateur:DocteurCosmos|d]]) 3 avril 2013 &#224; 11:40 (CEST)
:Bonjour, si vous lisez le communiqu&#233; du GR Bernheim dont je donne le lien dans le commentaire de diff, vous constaterez qu'il demande son retrait du livre incrimin&#233; des librairies ainsi que sa suppression dans sa bibliographie. De toutes mani&#232;res, il faudra sans doute r&#233;diger un paragraphe concernant cette affaire. Cordialement, --[[Utilisateur:Ctruongngoc|Claude Truong-Ngoc]] ([[Discussion utilisateur:Ctruongngoc|d]]) 3 avril 2013 &#224; 11:46 (CEST)
::Certes mais entre ce qu'il souhaite et ce qui va r&#233;ellement se passer, il y a de la marge. [[Utilisateur:DocteurCosmos|DocteurCosmos]] ([[Discussion utilisateur:DocteurCosmos|d]]) 3 avril 2013 &#224; 11:48 (CEST)

== [[Commission nationale de l'informatique et des libert&#233;s]] ==

Bonjour, bravo pour votre vigilance [http://fr.wikipedia.org/w/index.php?title=Commission_nationale_de_l%27informatique_et_des_libert%C3%A9s&amp;diff=91375999&amp;oldid=91349563] !--[[Utilisateur:JackAttack|JackAttack]] ([[Discussion utilisateur:JackAttack|d]]) 4 avril 2013 &#224; 12:00 (CEST)
:Bonjour,
:C'est pas trop difficile, j'ai l'article dans ma liste de suivi !
:{{clin}}
:[[Utilisateur:DocteurCosmos|DocteurCosmos]] ([[Discussion utilisateur:DocteurCosmos|d]]) 4 avril 2013 &#224; 12:02 (CEST)

== Cr&#233;ation page [[Mala India]] ==

Bonjour,

Je suis le webmaster du site Mala India et je souhaiterais actualiser la page "[[Mala India]]" sur votre site mais visiblement elle est bloqu&#233;e.  

Merci pour votre aide

--[[Utilisateur:Wikimalaindia|Wikimalaindia]] ([[Discussion utilisateur:Wikimalaindia|d]]) 11 avril 2013 &#224; 13:51 (CEST)le webmaster
:Bonjour,
:La page en question n'existe pas.
:Cordialement, [[Utilisateur:DocteurCosmos|DocteurCosmos]] ([[Discussion utilisateur:DocteurCosmos|d]]) 11 avril 2013 &#224; 13:58 (CEST)

== J'ai un probl&#232;me grave. ==

Bonjours.

J'ai un probl&#232;me grave avec l'utilisateur dominique Fournier sur la page Charlleset discution Charolles. J'ai r&#233;pondu &#224; plusieurs reprises . Il ne respecte pas l'anonymat, se comporte d'une fa&#231;on nuisible &#224; mon &#233;gare en contactant d'autres contributeurs et me harc&#232;le en supposant que je ne corrigerais pas ce qu'il convenait de faire. Comme je ne suis pas un grand contributeur de Wikip&#233;dia et me perd un peu dans ses m&#233;andres pourriez vous contacter un administrateur ou les personnes qui pourront s'interposer afin de calmer les choses?  
Merci par avance --oedipe 24 mai 2013 &#224; 11:26 (CEST)

== [[H&#233;r&#233;sie d'Orl&#233;ans]] ==
Je propose l'article en question en AdQ. Si cela t'int&#233;resse d'y exercer ton oeil ac&#233;r&#233;... 
A +
[[Utilisateur:Huesca|Huesca]] ([[Discussion utilisateur:Huesca|d]]) 27 juin 2013 &#224; 15:22 (CEST)

== Pourquoi avez vous supprim&#233; la page sur Emmanuel de M&#233;rode ? ==
... y a-t-il moyen de lire la page qq. part? Merci --[[Utilisateur:SvenAERTS|SvenAERTS]] ([[Discussion utilisateur:SvenAERTS|d]]) 14 juillet 2013 &#224; 01:50 (CEST)
:La page supprim&#233;e contenait simplement : * [http://www.gorilla.cd Official Website of Virunga National Park].
:[[Utilisateur:DocteurCosmos|DocteurCosmos]] ([[Discussion utilisateur:DocteurCosmos|d]]) 14 juillet 2013 &#224; 20:07 (CEST)

== Au secours ==

Bonjour,

J'ai besoin d'aide et de conseils pour supprimer totalement une page que j'ai cr&#233;&#233;.&lt;br /&gt;

Je suis d&#233;butante et cet article &#233;tait mon premier aussi j'ai grand besoin d'aide pour la suite...&lt;br /&gt;

J'ai voulu le faire sur une personnalit&#233; de ma r&#233;gion qui vient d'obtenir la Marianne d'Or et qui est connu pour &#234;tre le plus ancien Maire de France encore en activit&#233; pour une commune de plus de 3500 habitants.&lt;br /&gt;

Je me suis rapproch&#233;e de lui pour les renseignements n&#233;cessaires &#224; ma r&#233;daction, lui expliquant ma volont&#233; de faire un petit article sur Wikip&#233;dia.&lt;br /&gt;

J'ai pris soin de le pr&#233;senter en toute neutralit&#233; afin de respecter au mieux les exigences de Wikip&#233;dia.&lt;br /&gt;
Je me suis faite aid&#233;e pour mon brouillon et mes recherches et ne l'ai publi&#233; qu'apr&#232;s lecture et validation.&lt;br /&gt;

L'article est tout d'abord supprim&#233; puis (&#224; ma demande, je m'en mord les doigts) remis sur Wikip&#233;dia pour discutions sur sa suppression.&lt;br /&gt;

Le gros probl&#232;me est, que le contenu de l'article n'a plus rien &#224; voir avec celui que j'ai r&#233;dig&#233; (&#224; ma grande surprise) avec le rajout de la section "Proc&#233;dures judiciaires et condamnation".&lt;br /&gt;

Un article qui, au d&#233;part, d&#233;crit en toute neutralit&#233; Gabriel Tambon, devient diffamatoire et perd donc toute sa neutralit&#233;. &lt;br /&gt;
De plus, selon la loi, il est interdit de faire mention de tous propos portant atteinte &#224; l'honneur d'une personne physique ou morale quand cette personne a ses casiers judiciaires 1 et 2 totalement vierges (ce qui est le cas de Gabriel Tambon).&lt;br /&gt;

En r&#233;sum&#233;, pour un article &#224; partir duquel, je le r&#233;p&#232;te, je voulais simplement mentionner la remise de la Marianne d'Or, je me retrouve &#234;tre &#224; l'origine d'un article &#224; tendance calomnieuse, sans anonymat et dans une situation des plus d&#233;licates.&lt;br /&gt;

J'ai donc, demand&#233; la suppression de l'article en question et, dans cette attente, voulu supprimer la partie qui risque d'avoir des cons&#233;quences tr&#233;s pr&#233;judiciables.&lt;br /&gt;

Merci de votre compr&#233;hension et de votre aide&lt;br /&gt;

Bien cordialement
&lt;br /&gt;
--Lili 25 juillet 2013 &#224; 17:28 (CEST)

== Les articles [[Close combat]] et [[Instructeur de Close Combat]] sont propos&#233;s &#224; la fusion ==
[[Image:Merge-arrows.svg|60px|left|Proposition de fusion en cours.]]

La discussion a lieu sur la page [[Wikip&#233;dia:Pages &#224; fusionner#Close combat et Instructeur de Close Combat]]. La proc&#233;dure de fusion est consultable sur [[Wikip&#233;dia:Pages &#224; fusionner]].

'''JR''' &lt;small&gt;[[Discussion_utilisateur:Jrcourtois|(disc)]]&lt;/small&gt; 4 septembre 2013 &#224; 09:46 (CEST)

== [[Claude Joseph Vernet]] ==
Salut,

Pour une raison que j'ignore, cet article semble avoir &#233;t&#233; choisi comme cible par de multiples vandalismes d'IP. Si tu pouvais me le semi-prot&#233;ger...
Merci ! A + 

[[Utilisateur:Huesca|Huesca]] ([[Discussion utilisateur:Huesca|discuter]]) 15 septembre 2013 &#224; 14:20 (CEST)
:Salut,
:D&#233;j&#224; fait par {{u|JPS68}}.
:A +
:[[Utilisateur:DocteurCosmos|DocteurCosmos]] ([[Discussion utilisateur:DocteurCosmos|discuter]]) 15 septembre 2013 &#224; 20:40 (CEST)

== L'article Tony Tixier est propos&#233; &#224; la suppression ==
[[Image:Icono consulta borrar.png|70px|link=|Page propos&#233;e &#224; la suppression|gauche]]
Bonjour,

L&#8217;article &#171; '''{{Lien &#224; supprimer|1=Tony Tixier}}''' &#187; est propos&#233; &#224; la suppression ({{cf.}} [[Wikip&#233;dia:Pages &#224; supprimer]]). Apr&#232;s avoir pris connaissance des [[Wikip&#233;dia:Crit&#232;res d'admissibilit&#233; des articles|crit&#232;res g&#233;n&#233;raux d&#8217;admissibilit&#233; des articles]] et des [[:Cat&#233;gorie:Wikip&#233;dia:Admissibilit&#233; des articles|crit&#232;res sp&#233;cifiques]], vous pourrez [[Aide:Arguments &#224; &#233;viter lors d'une proc&#233;dure de suppression|donner votre avis]] sur la page de discussion '''[[{{TALKPAGENAME:Tony Tixier}}/Suppression]]'''.

Le meilleur moyen d&#8217;obtenir un consensus pour la conservation de l&#8217;article est de fournir des [[Wikip&#233;dia:Citez vos sources|sources secondaires fiables et ind&#233;pendantes]]. Si vous ne pouvez trouver de telles sources, c&#8217;est que l&#8217;article n&#8217;est probablement pas admissible. N&#8217;oubliez pas que les [[Wikip&#233;dia:Principes fondateurs|principes fondateurs]] de Wikip&#233;dia ne garantissent aucun droit &#224; avoir un article sur Wikip&#233;dia. &#8212; [[Utilisateur:Superjuju10|Superjuju10]] &lt;sup&gt;&amp;#91;[[Discussion utilisateur:Superjuju10|'''''Contacter la Aubline''''']]&amp;#93;&lt;/sup&gt;, le 1 octobre 2013 &#224; 13:42 (CEST)

== L'article Capital Koala est propos&#233; &#224; la suppression ==
[[Image:Icono consulta borrar.png|70px|link=|Page propos&#233;e &#224; la suppression|gauche]]
Bonjour,

L&#8217;article &#171; '''{{Lien &#224; supprimer|1=Capital Koala}}''' &#187; est propos&#233; &#224; la suppression ({{cf.}} [[Wikip&#233;dia:Pages &#224; supprimer]]). Apr&#232;s avoir pris connaissance des [[Wikip&#233;dia:Crit&#232;res d'admissibilit&#233; des articles|crit&#232;res g&#233;n&#233;raux d&#8217;admissibilit&#233; des articles]] et des [[:Cat&#233;gorie:Wikip&#233;dia:Admissibilit&#233; des articles|crit&#232;res sp&#233;cifiques]], vous pourrez [[Aide:Arguments &#224; &#233;viter lors d'une proc&#233;dure de suppression|donner votre avis]] sur la page de discussion '''[[{{TALKPAGENAME:Capital Koala}}/Suppression]]'''.

Le meilleur moyen d&#8217;obtenir un consensus pour la conservation de l&#8217;article est de fournir des [[Wikip&#233;dia:Citez vos sources|sources secondaires fiables et ind&#233;pendantes]]. Si vous ne pouvez trouver de telles sources, c&#8217;est que l&#8217;article n&#8217;est probablement pas admissible. N&#8217;oubliez pas que les [[Wikip&#233;dia:Principes fondateurs|principes fondateurs]] de Wikip&#233;dia ne garantissent aucun droit &#224; avoir un article sur Wikip&#233;dia. &#8212; [[Utilisateur:Superjuju10|Superjuju10]] &lt;sup&gt;&amp;#91;[[Discussion utilisateur:Superjuju10|'''''Contacter la Aubline''''']]&amp;#93;&lt;/sup&gt;, le 18 octobre 2013 &#224; 14:18 (CEST)

== Semi-protection de ta PDD ? ==

Salut DocteurCosmos, {{u|Rome2}} a constat&#233; que ta PDD &#233;tait sujette &#224; de nombreux messages polluants et a pertinemment demand&#233; une semi-protection sur [[Wikip&#233;dia:Demande de protection de page]]. J'aimerais savoir si tu es pour cette semi-protection ou si tu pr&#233;f&#232;res laisser ta page d&#233;prot&#233;g&#233;e ? {{=)}} [[Utilisateur:Punx|'''&lt;font color="000000"&gt;P&lt;/font&gt;&lt;font color="aa0000"&gt;u&lt;/font&gt;&lt;font color="000000"&gt;n&lt;/font&gt;&lt;font color="aa0000"&gt;x&lt;/font&gt;]] - ([[Discussion utilisateur:Punx|d]]) 2 novembre 2013 &#224; 17:17 (CET)
:Bonjour, oui c'est vrai j'aurai d&#251; te pr&#233;venir aussi de cette demande {{sourire}}. &#8212; [[Utilisateur:Rome2|&lt;font color="#006000"&gt;Rome2&lt;/font&gt;]] &lt;sup&gt;&amp;#91;[[Discussion utilisateur:Rome2|&lt;font color="006000"&gt;Discuter&lt;/font&gt;]]&amp;#93;&lt;/sup&gt;, le 2 novembre 2013 &#224; 20:30 (CET)
::Bonjour,
::Oui, pourquoi pas !
::[[Utilisateur:DocteurCosmos|DocteurCosmos]] ([[Discussion utilisateur:DocteurCosmos|discuter]]) 3 novembre 2013 &#224; 17:28 (CET)

== [[Bough&#233;ra El Ouafi]] ==
Salut Doc,

Je ne suis pas certain que tu sois passionn&#233; a priori par les marathoniens, mais si tu as le temps de relire ce court article pour voir s'il n'y pas de probl&#232;me, je compte le pr&#233;senter en BA lundi. 

Merci !

[[Utilisateur:Huesca|Huesca]] ([[Discussion utilisateur:Huesca|discuter]]) 19 novembre 2013 &#224; 18:27 (CET)

== &#201;tat social ==

Bonjour Doc

J'ai de s&#233;rieux probl&#232;mes avec des "m&#233;chants wikip&#233;diens qui mordent" (je n'en reviens pas que cela existe sur Wikip&#233;dia !)

Ces affreux jojo non seulement sont incapables de lire s&#233;rieusement les pages qu'ils contestent mais menacent en plus de les modifier sans les comprendre et m&#234;me &#224; les supprimer comme cela m'est arriv&#233; avec [[Associationnisme politique]]. Dans [[&#201;tat social]] j'ai pourtant fourni une partie Documentation juridique qui renvoi &#224; des textes de chercheurs qui traitent des diff&#233;rents aspects qui sont pr&#233;sent&#233;s sur la page sans parler de l'important travail de [[Robert Castel]].

J'avoue que je ne suis pas vos travaux, mais il m'a sembl&#233; que vous seriez plus proche de ces textes qui remettent en cause l&#8217;id&#233;ologie ultra-lib&#233;rale de notre &#233;poque. De toute fa&#231;on je ne connais que vous qui pourrait jouer le r&#244;le de m&#233;diateur, car avec mes opinions je ne peux pas m'adresser directement &#224; ces messieurs. [[Utilisateur:Caminaire|Caminaire]] ([[Discussion utilisateur:Caminaire|discuter]]) 14 d&#233;cembre 2013 &#224; 16:13 (CET)
== [[Discussion:Le Salon beige/Suppression]] ==
[[Le Salon beige]] fait l'objet d'une P&#224;S &#224; nouveau apr&#232;s restauration, apr&#232;s une [[WP:DRP]] - merci pour ton avis - Cordialement - --[[Utilisateur:Taguelmoust|Taguelmoust]] &lt;sup&gt;&amp;#91;[[Discussion Utilisateur:Taguelmoust|Pour prendre langue avec moi]]&amp;#93;&lt;/sup&gt; 31 d&#233;cembre 2013 &#224; 18:14 (CET)

== Bonne ann&#233;e 2014 ! ==

C&#8217;est dit dans le titre : tr&#232;s bonne ann&#233;e 2014 ! {{clin}} --[[Utilisateur:Wikinade|Wikinade]] ([[Discussion utilisateur:Wikinade|discuter]]) 1 janvier 2014 &#224; 21:07 (CET)

== Blocage 109.6.158.142 ==

Je vous f&#233;licite de ce blocage et aurais aim&#233; en conna&#238;tre le motif.
J'avais moi-m&#234;me relev&#233; du vandalisme de ce contributeur anonyme dans l'article "Aubi&#232;re".
:Le motif du blocage ?
:[[Utilisateur:DocteurCosmos|DocteurCosmos]] ([[Discussion utilisateur:DocteurCosmos|discuter]]) 30 janvier 2014 &#224; 14:06 (CET)</text>
      <sha1>3ff40k5b2ufmssro2spvxrl030pxz9m</sha1>
      <model>wikitext</model>
      <format>text/x-wiki</format>
    </revision>
  </page>
