<page xmlns="http://www.mediawiki.org/xml/export-0.8/" xmlns:xsi="http://www.w3.org/2001/XMLSchema-instance">
    <title>Discussion utilisateur:Nexialiste</title>
    <ns>3</ns>
    <id>4826400</id>
    <revision>
      <id>58835573</id>
      <parentid>58835568</parentid>
      <timestamp>2010-11-05T11:47:51Z</timestamp>
      <contributor>
        <username>Xic667</username>
        <id>233398</id>
      </contributor>
      <minor/>
      <comment>A prot&#233;g&#233; &#171; [[Discussion utilisateur:Nexialiste]] &#187;: Utilisateur bloqu&#233; ind&#233;finiment ([edit=sysop] (infini) [move=sysop] (infini))</comment>
      <text xml:space="preserve">Contributeur bloqu&#233; ind&#233;finiment pour le motif : &#171; Pas l&#224; pour contribuer de mani&#232;re sereine &#187;
[[Cat&#233;gorie:Utilisateur bloqu&#233; ind&#233;finiment]]</text>
      <sha1>qzfk8mcvu5qlhdrbybumaah81t9vvsa</sha1>
      <model>wikitext</model>
      <format>text/x-wiki</format>
    </revision>
  </page>
