<page xmlns="http://www.mediawiki.org/xml/export-0.8/" xmlns:xsi="http://www.w3.org/2001/XMLSchema-instance">
    <title>Discussion utilisateur:Chirodc</title>
    <ns>3</ns>
    <id>3758991</id>
    <revision>
      <id>39591977</id>
      <timestamp>2009-04-04T12:00:16Z</timestamp>
      <contributor>
        <username>Loveless</username>
        <id>41312</id>
      </contributor>
      <comment>Bienvenue sur Wikipedia !</comment>
      <text xml:space="preserve">
{| width="100%" align="center" style="display:block; float:center; background:#FFF; text-size:100%; margin:.5 .5 .5 .5em; padding:2px; border:1px solid #aaa; background-color:transparent;"
|----
| colspan="2" align="center" width="95%" style="height:9px; margin:.2em; padding:5px; border:1px solid #aaa; background-color:#bfbfff; font-size:130%; text-align:center; float:center" |
'''Bienvenue sur Wikip&#233;dia, {{BASEPAGENAME}}&amp;nbsp;!'''
|----
| colspan="2" align="center" width="85%" style="font-size:110%" |
&lt;br/&gt;Wikip&#233;dia est un projet international de r&#233;daction collective d'encyclop&#233;die&lt;br /&gt; d&#233;velopp&#233; actuellement dans plus de 250 langues diff&#233;rentes.
|----
| valign="middle" align="center" | [[Image:Crystal Clear app Login Manager.png|55px]]
| align="left" width="90%" style="font-size:100%; margin:.7em; padding:4px;" |
Si vous d&#233;sirez vous investir dans ce projet passionnant, vous &#234;tes le bienvenu. Tous les contributeurs de Wikip&#233;dia vous invitent &#224; corriger et d&#233;velopper les articles existants et &#224; participer aux projets th&#233;matiques.&lt;br /&gt;

N'ayez aucune crainte d'ab&#238;mer l'encyclop&#233;die : toutes les modifications sont suivies par des contributeurs plus exp&#233;riment&#233;s qui pourront corriger vos &#233;ventuelles erreurs. Ne vous offensez pas de ces interventions, ni des messages destin&#233;s &#224; vous aider &#224; comprendre le projet et ses r&#232;gles. Suivez leurs conseils et n'h&#233;sitez pas &#224; demander calmement plus d'explications. 
|----
| valign="middle" align="center" | [[Image:ACE.png|55px]]
| align="left" width="90%" style="font-size:100%; margin:.7em; padding:4px;" |
Lorsque vous contribuez, '''gardez &#224; l'esprit que Wikip&#233;dia est un projet ''d'encyclop&#233;die universelle''''', il faut donc veiller &#224; '''respecter un point de vue neutre et v&#233;rifiable'''. De plus, le contenu doit rester conforme &#224; notre licence d'utilisation libre (GFDL).&lt;br&gt;

Les utilisateurs travaillent en harmonie et privil&#233;gient la discussion aussi courtoise que possible pour r&#233;gler les oppositions, aussi, prenez le temps de vous habituer. N'essayez pas d'en faire trop au d&#233;but : Wikip&#233;dia est un d&#233;dale o&#249; il est facile de s'&#233;garer ! Un efficace &#171; '''Service de Parrainage Actif''' &#187; peut vous mettre en contact avec des anciens pr&#234;ts &#224; vous guider dans vos d&#233;buts. Pensez &#224; vous pr&#233;senter &#233;galement sur votre page d'utilisateur, ce qui nous permettra de conna&#238;tre vos centres d'int&#233;r&#234;t et de mieux vous guider vers les divers projets th&#233;matiques.&lt;br /&gt;
Bien qu'il s'agisse d'un travail de r&#233;daction complexe, r&#233;sultant de l'action de plusieurs dizaines de milliers de contributeurs francophones du monde entier, sa philosophie peut &#234;tre r&#233;sum&#233;e en quelques mots : &#171; '''N'h&#233;sitez pas &#224; l'am&#233;liorer''' ! &#187;. 
|----
| valign="middle" align="center" | [[Image:Plume_pen_w.png|55px]]
| align="left" width="90%" style="font-size:100%; margin:.7em; padding:4px;" |
Au cours d'une discussion, n'oubliez pas de signer vos messages, &#224; l'aide de quatre tildes (&lt;nowiki&gt;~~~~&lt;/nowiki&gt;) ou du bouton [[Image:Signature icon.png|20px]] pr&#233;sent en haut de la fen&#234;tre de modification ; il est par contre interdit de signer lorsque vous modifiez des articles mais l'historique permet de retrouver toutes vos contributions.&lt;br&gt;
|}

==Pages utiles==
&lt;!-- &lt;div style="background:white;border:thin solid #aaa; padding:1em;"&gt; --&gt;
* '''''[[Aide:Tout l'indispensable...|Tout l'indispensable]]''''', &#224; lire absolument,
Pour poursuivre, vous pouvez trouver des &#233;claircissements &#224; partir des pages :
* '''[[Aide:Sommaire]]''', plus complet, pour plus tard&#8230;
* '''[[Aide:Syntaxe]]''', des conventions d'&#233;criture &#224; conna&#238;tre,
* '''[[Aide:Poser une question]]''', si vous vous sentez perdu.
Vous pourrez ajouter par la suite d'autres pages d'aide ou les informations dont vous pensez avoir besoin dans votre [[Utilisateur:{{PAGENAME}}|espace utilisateur]].

Bonnes contributions ! [[Utilisateur:Gu&#233;rin Nicolas|Gu&#233;rin Nicolas]] 4 avril 2009 &#224; 14:00 (CEST)</text>
      <sha1>8ldnrg3on05v0okvw2we04mogyhyhzj</sha1>
      <model>wikitext</model>
      <format>text/x-wiki</format>
    </revision>
  </page>
