<page xmlns="http://www.mediawiki.org/xml/export-0.8/" xmlns:xsi="http://www.w3.org/2001/XMLSchema-instance">
    <title>Discussion utilisateur:Skippy le Grand Gourou</title>
    <ns>3</ns>
    <id>4859528</id>
    <redirect title="Discussion utilisateur:Skippy le Grand Gourou/D002"/>
    <revision>
      <id>81045299</id>
      <parentid>81037944</parentid>
      <timestamp>2012-07-20T08:33:53Z</timestamp>
      <contributor>
        <username>Skippy le Grand Gourou</username>
        <id>316320</id>
      </contributor>
      <text xml:space="preserve">#REDIRECTION [[Discussion utilisateur:Skippy le Grand Gourou/D002]]

&lt;!-----------------------------------------------------&gt;
&lt;!--     MERCI DE NE PAS MODIFIER CETTE PAGE&#160;!!!     --&gt;
&lt;!-----------------------------------------------------&gt;
&lt;!-- Pour acc&#233;der &#224; ma page de discussion, il suffit --&gt;
&lt;!-- de cliquer sur l'onglet  &#171;&#160;Discussion&#160;&#187; en haut --&gt;
&lt;!--   de cette page. Si la page de discussion ne    --&gt;
&lt;!-- s'affiche toujours pas, cliquez sur le lien qui --&gt;
&lt;!--         suit la fl&#232;che coud&#233;e. Merci.           --&gt;
&lt;!-----------------------------------------------------&gt;</text>
      <sha1>i86ekblu7gfulx6y8qs4zsch66my38j</sha1>
      <model>wikitext</model>
      <format>text/x-wiki</format>
    </revision>
  </page>
