<page xmlns="http://www.mediawiki.org/xml/export-0.8/" xmlns:xsi="http://www.w3.org/2001/XMLSchema-instance">
    <title>Discussion utilisateur:Jorj McKie</title>
    <ns>3</ns>
    <id>4355954</id>
    <revision>
      <id>100344351</id>
      <parentid>97007487</parentid>
      <timestamp>2014-01-17T19:02:07Z</timestamp>
      <contributor>
        <username>Enrevseluj</username>
        <id>1278279</id>
      </contributor>
      <text xml:space="preserve">{{ Archives | [[Discussion utilisateur:Rheto/Archive1|2007-2009]] }}

== Unit&#233; Bovis et Angstr&#246;m ==
Il est effectivement probable que ces deux unit&#233;s ne soient pas des exactes &#233;quivalents mais je trouve que vous allez un peu vite en besogne en d&#233;clarant qu'elles n'ont rien &#224; voir l'une avec l'autre. De tr&#232;s nombreuses sources mettent en effet ces deux unit&#233;s en relations. Il suffit de taper "Unit&#233; Bovis Angstr&#246;m" dans google pour constater que 8.460 pages comportent ces deux termes. --[[Utilisateur:Lionel June|Lionel June]] ([[Discussion utilisateur:Lionel June|d]]) 18 avril 2010 &#224; 19:12 (CEST)

:Bonjour,&lt;br /&gt;
:[[Angstr&#246;m]] : unit&#233; de mesure parfaitement d&#233;finie, sous multiple du m&#232;tre. Elle n'est plus utilis&#233;e (et non pas reconnue) dans le [[Syst&#232;me international d'unit&#233;s|SI]] comme beaucoup d'autres. Par exemple, on voit :rarement un compteur de vitesse auto gradu&#233; en m/s, qui serait pourtant la juste formulation.&lt;br /&gt;
:[[Unit&#233; Bovis]], Amha, la formulation d'&#233;chelle serait plus juste, n'a jamais fait partie de la m&#233;trologie scientifique,  n'a pas d'&#233;talon stable et est m&#234;me tr&#232;s discut&#233; parmi les radiesth&#233;sistes.  &lt;br /&gt;
:Pour cela, les termes d'''&#233;quivalence'' et de ''reconnaissance'' me semblent pour le moins inad&#233;quat, et limite NpoV, laissant penser que les bovis auraient quelque chose de scientifique. Maintenant si vous voulez d&#233;velopper l'article en pr&#233;cisant l'historique et la d&#233;termination de cette &#233;chelle en contextualisant le rapport aux [[Angstr&#246;m]] cela ne me pose pas de probl&#232;me. Bon courage pour les sources. &lt;br /&gt;
:&lt;small&gt; Il me semble que l'article devrait &#234;tre renomm&#233; en [[&#201;chelle Bovis]]&lt;/small&gt;.--[[Utilisateur:Rheto|Rh&#233;to]] [[Discussion Utilisateur:Rheto|&lt;sup&gt;&lt;small&gt;Jaser&lt;/small&gt;&lt;/sup&gt;]] 19 avril 2010 &#224; 14:20 (CEST)

&lt;h2&gt;{{Lien &#224; supprimer|Damien Gatinel|Damien Gatinel}} est propos&#233; &#224; la suppression &lt;/h2&gt;

{| align=center title="{{((}}subst:avertissement suppression page{{!}}page{{))}}" border=0 cellpadding=4 cellspacing=4 style="border-style:none; background-color: #FFFFFF" 
| [[Image:Icono consulta borrar.png|64px|Page propos&#233;e &#224; la suppression]] 
|Bonjour,

L&#8217;article '''{{Lien &#224; supprimer|Damien Gatinel|Damien Gatinel}}''' a &#233;t&#233; propos&#233; &#224; la suppression (cf. [[Wikip&#233;dia:Pages &#224; supprimer]]). Apr&#232;s avoir pris connaissance des [[Wikip&#233;dia:Crit&#232;res d'admissibilit&#233; des articles|crit&#232;res g&#233;n&#233;raux d&#8217;admissibilit&#233; des articles]] et des [[:Cat&#233;gorie:Wikip&#233;dia:Admissibilit&#233; des articles|crit&#232;res sp&#233;cifiques]], vous pourrez [[Aide:Comment argumenter lors d'une proc&#233;dure de suppression|donner votre avis]] sur la page de discussion '''[[{{TALKPAGENAME: Damien Gatinel }}/Suppression]]'''. 

Le meilleur moyen d&#8217;obtenir un consensus pour la conservation de l&#8217;article est de fournir des [[Wikip&#233;dia:Article bien sourc&#233;|sources secondaires fiables et ind&#233;pendantes]]. Si vous ne pouvez trouver de telles sources, c&#8217;est que l&#8217;article n&#8217;est probablement pas admissible. N&#8217;oubliez pas que les [[Wikip&#233;dia:Principes fondateurs|principes fondateurs]] de Wikip&#233;dia ne garantissent aucun droit &#224; avoir un article sur Wikip&#233;dia.
|}--[[Utilisateur:Eutvakerre|Eutvakerre]] ([[Discussion utilisateur:Eutvakerre|d]]) 3 juin 2010 &#224; 13:05 (CEST)

==Articles [[CFES]] et [[INPES]]==
Bonjour, je vous invite &#224; participer &#224; la discussion suivante concernant l'enrichissement des pages relatives au Comit&#233; fran&#231;ais d'&#233;ducation pour la sant&#233; (CFES) et &#224; l'Institut national de pr&#233;vention et d'&#233;ducation pour la sant&#233; (INPES), ici : [[Wikip&#233;dia:Le Bistro/15 octobre 2010#Qui veut du spot publicitaire ?|le bistro du jour]]. Il m'est en effet reproch&#233; d'avoir d&#233;taill&#233; les campagnes r&#233;alis&#233;es par ces deux institutions publiques charg&#233;es de r&#233;aliser les campagnes de pr&#233;vention en sant&#233; publique du minist&#232;re de la sant&#233; et de la S&#233;curit&#233; sociale (CNAMTS), et d'avoir effectuer des liens externes vers le site de l'INA qui permet de visionner les campagnes TV. Merci d'avance pour votre avis dans le d&#233;bat qui s'engage. [[Utilisateur:Mikal9|Mikal9]] 19 octobre 2010 &#224; 11:30 (CEST)

== Storytelling ==

Il y a blog, et blog, il faut savoir faire la diff&#233;rence et ne pas simplement rester obnubil&#233; par le simple fait qu'une information n'est pas r&#233;put&#233;e s&#233;rieuse si elle provient d'un Blog. Je ne pense pas que l'ajout d'une r&#233;f&#233;rence qui explicite clairement le concept qui est mis en avant dans l'article sur Wikip&#233;dia et ce &#224; titre de compl&#233;ment puisse &#234;tre consid&#233;r&#233;e comme du spam. 

L'article cit&#233; en r&#233;f&#233;rence est au contraire une explication claire et concise qui explicite et vulgarise cette tendance du storytelling pour en faciliter sa compr&#233;hension par tous. Je d&#233;plore votre manque d'impartialit&#233; et votre facilit&#233; &#224; cat&#233;goriser une source comme &#233;tant un spam quand bien m&#234;me celle-ci s'av&#232;re &#234;tre tout le contraire. 

&#201;tant donn&#233; la qualit&#233; de votre jugement, et vos explications pr&#233;cises (''Spam. pas de ref au blog''), je suis certains que vous avez pris le temps de lire la r&#233;f&#233;rence avant de modifier cet article sur le Storytelling! Dois-je vous rappeler &#233;galement que Wikip&#233;dia demande de fondez les informations publi&#233;es sur des sources v&#233;rifiables ? Or sur la base de quelles sources puis-je pr&#233;senter le Corporate Storytelling aujourd'hui ? 

Encore une fois, un grand merci pour votre mod&#233;ration &#244; combien utile et pour le respect du travail accompli autour du Corporate Storytelling par le biais de ce fameux Blog!  
 
[[Utilisateur:Weasy Life Agency|Weasy Life Agency]] ([[Discussion utilisateur:Weasy Life Agency|d]]) 17 f&#233;vrier 2011 &#224; 19:27 (CET)--[[Utilisateur:Weasy Life Agency|Weasy Life Agency]] ([[Discussion utilisateur:Weasy Life Agency|d]]) 17 f&#233;vrier 2011 &#224; 19:27 (CET)

:Bonsoir, 
:D'une part, il est inutile d'&#234;tre agressif.
:D'autre part, qu'une soci&#233;t&#233; ou une personne qui est engag&#233; dans la communication "storytelling" ou autre et qui s'auto source dans WP peut, amha, &#234;tre consid&#233;rer comme faisant du spam, surtout quand elle a une faible notori&#233;t&#233; (ie pas de publications autres). Et vous le dites-vous m&#234;me ,"''Or sur la base de quelles sources puis-je pr&#233;senter le Corporate Storytelling aujourd'hui ?''". Ce qui revient a un travail in&#233;dit, si vous n'avez pas d'autres sources que votre blog. Sauf notori&#233;t&#233; reconnue un blog, n'est pas une source fiable pour WP, ce qui ne veut &#233;videment pas dire qu'il est sans int&#233;r&#234;t ou inutile, juste qu'il n'est pas consid&#233;r&#233; comme une source fiable dans la r&#233;daction d'articles. 
:Je ne peux que vous conseiller de vous r&#233;f&#233;rer &#224; l'aide de Wikip&#233;dia ici : [[Aide:Sommaire]] et en particulier sur les articles [[Wikip&#233;dia:Travaux_in&#233;dits]], [[Wikip&#233;dia:V&#233;rifiabilit&#233;]] et [[Wikip&#233;dia:Citez_vos_sources]]. 
:--[[Utilisateur:Rheto|Rh&#233;to]] [[Discussion Utilisateur:Rheto|&lt;sup&gt;&lt;small&gt;Jaser&lt;/small&gt;&lt;/sup&gt;]] 17 f&#233;vrier 2011 &#224; 22:43 (CET)

::Monsieur "Rh&#233;to"
::Vous ne respectez pas non plus les r&#232;gles r&#233;elles de Wikip&#233;dia, que vous interpr&#233;tez dans un sens essentiellement policier. Par exemple, les r&#233;f&#233;rences &#224; des blogs sont possibles dans les liens externes. D'autre part vos discussions comme vos articles sont truff&#233;s de fautes d'orthographe. 
::Un peu de mesure svp
::Jean-Marc Blancherie jmblancherie

== Roger Dommergue Polacco de Menasce est propos&#233; &#224; la suppression ==

{| align=center title="{{((}}subst:avertissement suppression page{{!}}page{{))}}" border=0 cellpadding=4 cellspacing=4 style="border-style:none; background-color: #FFFFFF" 
| [[Image:Icono consulta borrar.png|64px|Page propos&#233;e &#224; la suppression]] 
|Bonjour,

L&#8217;article '''{{Lien &#224; supprimer|Roger Dommergue Polacco de Menasce|Roger Dommergue Polacco de Menasce}}''' a &#233;t&#233; propos&#233; &#224; la suppression (cf. [[Wikip&#233;dia:Pages &#224; supprimer]]). Apr&#232;s avoir pris connaissance des [[Wikip&#233;dia:Crit&#232;res d'admissibilit&#233; des articles|crit&#232;res g&#233;n&#233;raux d&#8217;admissibilit&#233; des articles]] et des [[:Cat&#233;gorie:Wikip&#233;dia:Admissibilit&#233; des articles|crit&#232;res sp&#233;cifiques]], vous pourrez [[Aide:Comment argumenter lors d'une proc&#233;dure de suppression|donner votre avis]] sur la page de discussion '''[[Discussion:Roger Dommergue Polacco de Menasce/Suppression]]'''. 

Le meilleur moyen d&#8217;obtenir un consensus pour la conservation de l&#8217;article est de fournir des [[Wikip&#233;dia:Citez vos sources|sources secondaires fiables et ind&#233;pendantes]]. Si vous ne pouvez trouver de telles sources, c&#8217;est que l&#8217;article n&#8217;est probablement pas admissible. N&#8217;oubliez pas que les [[Wikip&#233;dia:Principes fondateurs|principes fondateurs]] de Wikip&#233;dia ne garantissent aucun droit &#224; avoir un article sur Wikip&#233;dia.
|}

== L'article Jean-Marc Blancherie est propos&#233; &#224; la suppression ==

{| align=center title="{{((}}subst:avertissement suppression page{{!}}page{{))}}" border=0 cellpadding=4 cellspacing=4 style="border-style:none; background-color: #FFFFFF" 
| [[Image:Icono consulta borrar.png|64px|Page propos&#233;e &#224; la suppression]] 
|Bonjour,

L&#8217;article &#171;&#160;'''{{Lien &#224; supprimer|Jean-Marc Blancherie|Jean-Marc Blancherie}}'''&#160;&#187; est propos&#233; &#224; la suppression (cf. [[Wikip&#233;dia:Pages &#224; supprimer]]). Apr&#232;s avoir pris connaissance des [[Wikip&#233;dia:Crit&#232;res d'admissibilit&#233; des articles|crit&#232;res g&#233;n&#233;raux d&#8217;admissibilit&#233; des articles]] et des [[:Cat&#233;gorie:Wikip&#233;dia:Admissibilit&#233; des articles|crit&#232;res sp&#233;cifiques]], vous pourrez [[Aide:Comment argumenter lors d'une proc&#233;dure de suppression|donner votre avis]] sur la page de discussion '''[[Discussion:Jean-Marc Blancherie/Suppression]]'''. 

Le meilleur moyen d&#8217;obtenir un consensus pour la conservation de l&#8217;article est de fournir des [[Wikip&#233;dia:Citez vos sources|sources secondaires fiables et ind&#233;pendantes]]. Si vous ne pouvez trouver de telles sources, c&#8217;est que l&#8217;article n&#8217;est probablement pas admissible. N&#8217;oubliez pas que les [[Wikip&#233;dia:Principes fondateurs|principes fondateurs]] de Wikip&#233;dia ne garantissent aucun droit &#224; avoir un article sur Wikip&#233;dia.
|} [[Utilisateur:Patrick Rogel|Patrick Rogel]] ([[Discussion utilisateur:Patrick Rogel|d]]) 4 mai 2011 &#224; 23:57 (CEST)

== Fusion entre deux articles: Montage altern&#233; et Montage parall&#232;le ==

{| align="center" title="&lt;nowiki&gt;{{subst:Avertissement fusion|page 1|page 2|page 3|page 4|page 5|page 6|signature}}&lt;/nowiki&gt;" border="0" cellpadding="4" cellspacing="4" style="border: 2px solid #000000; background-color: #ffffff"
|-
| [[Image:Emblem-important.svg|45px|alt=|link=]]
| style="text-align:center; font-size:larger; font-weight:bold;" | [[{{{Montage altern&#233;}}}]] et [[{{{Montage parall&#232;le}}}]] sont propos&#233;s &#224; la fusion
|-
| [[Image:Merge-arrows.svg|45px|alt=|link=]]
| La discussion a lieu sur la page [[Wikip&#233;dia:Pages &#224; fusionner#{{{Montage altern&#233;}}} et {{{Montage parall&#232;le}}}]].&lt;br /&gt;&lt;!--
--&gt;&lt;small&gt;La proc&#233;dure de fusion est consultable sur [[Wikip&#233;dia:Pages &#224; fusionner]].&lt;br /&gt;&lt;!--
--&gt;--16 d&#233;cembre 2011 &#224; 14:54 (CET)[[Utilisateur:Gozor136| Gozor136]] &lt;sup&gt;&amp;#91;[[Discussion Utilisateur:Gozor136|exposez-vous]]&amp;#93;&lt;/sup&gt;&lt;/small&gt;
|}
La discussion est l&#224;: [[Wikip&#233;dia:Pages_&#224;_fusionner#Montage_altern.C3.A9_.2F_Montage_parall.C3.A8le|Page de D Fusion]] Cordialement --[[Utilisateur:Gozor136| Gozor136]] &lt;sup&gt;&amp;#91;[[Discussion Utilisateur:Gozor136|exposez-vous]]&amp;#93;&lt;/sup&gt; 16 d&#233;cembre 2011 &#224; 14:59 (CET)

== Cric&#233;tome de savane ==

Bonjour. &#192; l'occasion, pourrez-vous jeter un &#339;il &#224; '''[[Discussion:Cricetomys_gambianus#Nom|cette remarque]]''' ? Merci {{sourire}}. [[Utilisateur:Stephane8888|St&#233;phane8888]] &lt;small&gt;[[Discussion Utilisateur:Stephane8888|discuter]]&lt;/small&gt; 10 janvier 2012 &#224; 16:20 (CET)

== L'article Muscle fl&#233;chisseur de l'hallux est propos&#233; &#224; la suppression ==

{| align="center" title="{{((}}subst:avertissement suppression page{{!}}page{{))}}" border="0" cellpadding="4" cellspacing="4" style="border-style:none; background-color:#FFFFFF;"
| [[Image:Icono consulta borrar.png|64px|Page propos&#233;e &#224; la suppression]]
|Bonjour,

L&#8217;article &#171; '''{{Lien &#224; supprimer|1=Muscle fl&#233;chisseur de l'hallux}}''' &#187; est propos&#233; &#224; la suppression ({{cf.}} [[Wikip&#233;dia:Pages &#224; supprimer]]). Apr&#232;s avoir pris connaissance des [[Wikip&#233;dia:Crit&#232;res d'admissibilit&#233; des articles|crit&#232;res g&#233;n&#233;raux d&#8217;admissibilit&#233; des articles]] et des [[:Cat&#233;gorie:Wikip&#233;dia:Admissibilit&#233; des articles|crit&#232;res sp&#233;cifiques]], vous pourrez [[Aide:Arguments &#224; &#233;viter lors d'une proc&#233;dure de suppression|donner votre avis]] sur la page de discussion '''[[Discussion:Muscle fl&#233;chisseur de l&amp;#39;hallux/Suppression]]'''.

Le meilleur moyen d&#8217;obtenir un consensus pour la conservation de l&#8217;article est de fournir des [[Wikip&#233;dia:Citez vos sources|sources secondaires fiables et ind&#233;pendantes]]. Si vous ne pouvez trouver de telles sources, c&#8217;est que l&#8217;article n&#8217;est probablement pas admissible. N&#8217;oubliez pas que les [[Wikip&#233;dia:Principes fondateurs|principes fondateurs]] de Wikip&#233;dia ne garantissent aucun droit &#224; avoir un article sur Wikip&#233;dia.
|}

[[Utilisateur:Dimdle|Dimdle]] ([[Discussion utilisateur:Dimdle|d]]) 14 janvier 2013 &#224; 15:05 (CET)

==Nouvelle identit&#233;==
Voil&#224; ! C'est fait. Ton pseudonyme est d&#233;sormais '''{{u|{{PAGENAME}}}}'''. Ton mot de passe reste inchang&#233;. Si tu as personnalis&#233; ta signature, n'oublie pas de la mettre &#224; jour dans tes pr&#233;f&#233;rences. Normalement, toutes tes pages et sous-pages auront &#233;t&#233; renomm&#233;es. Attention : si tu avais proc&#233;d&#233; au Single User Login (compte global), tu devras [[Sp&#233;cial:Fusionner_le_compte|recommencer l'op&#233;ration]] pour ton nouveau compte. Afin de ne pas recr&#233;er ton ancien compte, pense &#224; te connecter sous ta nouvelle identit&#233; ! &#8722; [[Utilisateur:C&#233;r&#233;ales Killer|&#169;&#233;r&#233;ales Kille&#174;]] &lt;small&gt;[[Discussion Utilisateur:C&#233;r&#233;ales Killer/septembre 2013|[''Speak to me'']]][[Speak to Me|*]]&lt;/small&gt; en ce mercredi 25 septembre 2013 &#224; 06:16 (CEST)
: Merci beaucoup --[[Utilisateur:Jorj McKie|Jorj McKie]] [[Discussion Utilisateur:Jorj McKie|&lt;sup&gt;&lt;small&gt;Jaser&lt;/small&gt;&lt;/sup&gt;]] 25 septembre 2013 &#224; 21:43 (CEST)

== L'article Flou, nettet&#233; et contraste est propos&#233; &#224; la suppression ==
[[Image:Icono consulta borrar.png|70px|link=|Page propos&#233;e &#224; la suppression|gauche]]
Bonjour,

L&#8217;article &#171; '''{{Lien &#224; supprimer|1=Flou, nettet&#233; et contraste}}''' &#187; est propos&#233; &#224; la suppression ({{cf.}} [[Wikip&#233;dia:Pages &#224; supprimer]]). Apr&#232;s avoir pris connaissance des [[Wikip&#233;dia:Crit&#232;res d'admissibilit&#233; des articles|crit&#232;res g&#233;n&#233;raux d&#8217;admissibilit&#233; des articles]] et des [[:Cat&#233;gorie:Wikip&#233;dia:Admissibilit&#233; des articles|crit&#232;res sp&#233;cifiques]], vous pourrez [[Aide:Arguments &#224; &#233;viter lors d'une proc&#233;dure de suppression|donner votre avis]] sur la page de discussion '''[[{{TALKPAGENAME:Flou, nettet&#233; et contraste}}/Suppression]]'''.

Le meilleur moyen d&#8217;obtenir un consensus pour la conservation de l&#8217;article est de fournir des [[Wikip&#233;dia:Citez vos sources|sources secondaires fiables et ind&#233;pendantes]]. Si vous ne pouvez trouver de telles sources, c&#8217;est que l&#8217;article n&#8217;est probablement pas admissible. N&#8217;oubliez pas que les [[Wikip&#233;dia:Principes fondateurs|principes fondateurs]] de Wikip&#233;dia ne garantissent aucun droit &#224; avoir un article sur Wikip&#233;dia. [[Utilisateur:Enrevseluj|Enrevseluj]] ([[Discussion utilisateur:Enrevseluj|discuter]]) 17 janvier 2014 &#224; 20:02 (CET)</text>
      <sha1>5t0i7d5l7r2g63tk1oozj5qdcx37l3s</sha1>
      <model>wikitext</model>
      <format>text/x-wiki</format>
    </revision>
  </page>
