<page xmlns="http://www.mediawiki.org/xml/export-0.8/" xmlns:xsi="http://www.w3.org/2001/XMLSchema-instance">
    <title>Discussion utilisateur:BonifaceFR</title>
    <ns>3</ns>
    <id>5869593</id>
    <revision>
      <id>101011790</id>
      <parentid>101006406</parentid>
      <timestamp>2014-02-07T22:37:23Z</timestamp>
      <contributor>
        <username>MediaWiki message delivery</username>
        <id>1696240</id>
      </contributor>
      <comment>/* Wikidata weekly summary #96 */ nouvelle section</comment>
      <text xml:space="preserve">{{Archives |
*[[Discussion_utilisateur:BonifaceFR/Archives_01|Archives de nov. 2011 - juin 2012]]
*[[Discussion_utilisateur:BonifaceFR/Archives_02|Archives de juil. 2012 - d&#233;c. 2012]]
*[[Discussion_utilisateur:BonifaceFR/Archives_03|Archives de janv. 2013 - juin 2013]]
*[[Discussion_utilisateur:BonifaceFR/Archives_04|Archives de juin 2013 - d&#233;c. 2013]]
&lt;!--sur le mod&#232;le : *[[Discussion Utilisateur:Claude PIARD/Archives 2011|Archives 2011]]--&gt;
}}
{{Contenu de Wikip&#233;dia}}
&lt;font color="blue"&gt;''Nous sommes le {{CURRENTDAYNAME}} {{CURRENTDAY}} {{CURRENTMONTHNAME}} {{CURRENTYEAR}}, et il est {{#expr: {{#time:H}} + 1 }}&lt;nowiki&gt;:&lt;/nowiki&gt;{{#time:i}}.''&lt;/font&gt;

*2011-11-18 : Je viens de rep&#233;rer [[Wikip&#233;dia:CLEANER|WPCleaner]], je vais essayer de l'utiliser.
*2013-10-30 : [[Aide:Mod&#232;les pour l'espace Discussion utilisateur]], disponible depuis le 14 octobre 2005&#8230;

== [[D&#233;floration]] ==
Bonjour, votre formulation me semble quand m&#234;me &#224; rebours. Je verrais plut&#244;t quelque chose comme: 

&lt;nowiki&gt;&#171;En droit fran&#231;ais, toute p&#233;n&#233;tration non consentie est un viol&lt;ref&gt;{{L&#233;gifrance |base=CP |num&#233;ro=222-23 |texte=Art. 222-23 du Code p&#233;nal}}&lt;/ref&gt;, qu'il en d&#233;coule ou non une d&#233;floration&lt;ref&gt;{{Article |p&#233;riodique=Rev Prat. |ann&#233;e=2002 |vol=52 |num&#233;ro=7 |pags=734-8. |titre=Violences sexuelles : M&#233;decine l&#233;gale et sciences criminelles [Sexual assaults] |pmid=12032959 |auteur=Gosset D, H&#233;douin V. |r&#233;sum&#233;=http://cat.inist.fr/?aModele=afficheN&amp;cpsidt=13551538}}&lt;/ref&gt;.&#187;&lt;/nowiki&gt;

L'id&#233;e de &#171;fronti&#232;re p&#233;nale&#187;, accept&#233;e &#224; une &#233;poque mais abandonn&#233;e aujourd'hui, est int&#233;ressante sur le plan historique. Le fait que la d&#233;floration est, en droit marocain, un facteur aggravant dans les cas d'agressions sexuelles et de viol, est &#233;galement int&#233;ressant. Je ne mettrai rien sur ce th&#232;me, mais je n'y vois pas d'inconv&#233;nient.

Sur le fond, il y a peut-&#234;tre un probl&#232;me de d&#233;finition dans l'article: si la d&#233;floration est la rupture de l'hymen, alors il est connu qu'elle peut parfois survenir spontan&#233;ment ou lors d'efforts. Dans ce cas, une &#171;d&#233;floration non consentie&#187;, &#231;a pourrait aussi &#234;tre une jeune gymnaste que son entra&#238;neur a forc&#233; &#224; faire un exercice particuli&#232;rement difficile (un grand &#233;cart en charge ou que sais-je), et assur&#233;ment le droit fran&#231;ais ne consid&#233;rerait jamais cela comme un viol. &#192; d&#233;faut d'&#234;tre pr&#234;t &#224; expliquer tout cela (je n'en ai pas la comp&#233;tence m&#233;dicale), &#231;a me pousse &#224; &#234;tre particuli&#232;rement g&#234;n&#233; par la phrase actuelle, &#224; ne pas trop aimer celle que vous proposer, et &#224; pr&#233;f&#233;rer la phrase que je vous sugg&#232;re.

{{Non sign&#233;|Miguel34|1 janvier 2014 &#224; 11:57&#8206;  (CET)}}

== [[Wikip&#233;dia:RAW/2014-01-03|RAW 2014-01-03]] ==
{{RAW/PdD|2014-01-03}}
&#8212; [[Utilisateur:Cantons-de-l'Est|Cantons-de-l'Est]] &lt;sup&gt;[[Discussion utilisateur:Cantons-de-l'Est|&lt;span style="color:#008000;"&gt;discuter&lt;/span&gt;]]&lt;/sup&gt; 3 janvier 2014 &#224; 18:32 (CET)

== ''The Signpost'': 01 January 2014 ==

&lt;div style="margin-top:10px; font-size:90%; padding-left:5px; font-family:Georgia, Palatino, Palatino Linotype, Times, Times New Roman, serif;"&gt;''News, reports and features from the English Wikipedia's weekly journal about Wikipedia and Wikimedia''&lt;/div&gt;
&lt;div style="-moz-column-count:2; -webkit-column-count:2; column-count:2;"&gt;
* News and notes: [[w:en:Wikipedia:Wikipedia Signpost/2014-01-01/News and notes|The year in review]]
* In the media: [[w:en:Wikipedia:Wikipedia Signpost/2014-01-01/In the media|Does Wikipedia need a medical disclaimer?]]
* Book review: [[w:en:Wikipedia:Wikipedia Signpost/2014-01-01/Book review|&#379;ycie Wirtualnych Dzikich]]
* Discussion report: [[w:en:Wikipedia:Wikipedia Signpost/2014-01-01/Discussion report|Article incubator, dates and fractions, medical disclaimer]]
* Traffic report: [[w:en:Wikipedia:Wikipedia Signpost/2014-01-01/Traffic report|A year stuck in traffic]]
* WikiProject report: [[w:en:Wikipedia:Wikipedia Signpost/2014-01-01/WikiProject report|Where Are They Now? ''Fifth Edition'']]
* Featured content: [[w:en:Wikipedia:Wikipedia Signpost/2014-01-01/Featured content|2013&#8212;the trends]]
* Technology report: [[w:en:Wikipedia:Wikipedia Signpost/2014-01-01/Technology report|2013: Year in review]]&lt;/div&gt;
&lt;div style="margin-top:10px; font-size:90%; padding-left:5px; font-family:Georgia, Palatino, Palatino Linotype, Times, Times New Roman, serif;"&gt;'''[[w:en:Wikipedia:Wikipedia Signpost|Read this Signpost in full]]''' &amp;middot; [[w:en:Wikipedia:Signpost/Single|Single-page]] &amp;middot; [[m:Global message delivery/Targets/Signpost|Unsubscribe]] &amp;middot; [[m:Global message delivery|Global message delivery]] 4 janvier 2014 &#224; 05:24 (CET)
&lt;/div&gt;
&lt;!-- EdwardsBot 0671 --&gt;

== Wikidata weekly summary #91 ==

&lt;div class="plainlinks mw-content-ltr" lang="en" dir="ltr"&gt;
[[File:Wikidata-logo-en.svg|150px|right]]
&lt;div style="margin-top:10px; padding-left:5px; font-family:Georgia, Palatino, Palatino Linotype, Times, Times New Roman, serif;"&gt;''Here's your quick overview of what has been happening around Wikidata over the last week.''&lt;/div&gt;
&lt;div style="-moz-column-count:2; -webkit-column-count:2; column-count:2;"&gt;
* Discussions
** [[:d:Wikidata:Project Chat#About RfD|Discussion about the RfD process]]
** [[:d:Wikidata:Project Chat#Wikisource WD:N|Discussion about Notability of Wikisource on Wikidata]]
** Open RfAs: [[:d:Wikidata:Requests for permissions/Administrator/Lymantria|Lymantria]], [[:d:Wikidata:Requests for permissions/Administrator/Lavallen|Lavallen]]
* Other Noteworthy Stuff
** Wikidata reached 100000000 edits
** [[:d:User:Dexbot]] is the first bot to reach 10000000 edits
** Wikisource is due to receive Wikidata Phase 1 on January the 14th
* Did you know?
** Newest properties: none
** Newest [[d:Wikidata:Task forces|task forces]]: [[:d:Wikidata:MediaWiki task force|MediaWiki task force]]
** [[d:Wikidata:Showcase items|Showcase items]]: [[:d:Q309988|Karlsruhe Institute of Technology (Q309988)]]
** Fun Fact: According to Wikidata, this is the year of [[:d:Q2014|2004 (Q2014)]]
* &lt;s&gt;Development&lt;/s&gt;Word from John
** To give this section some life, since the development team had their holidays last week meaning nothing really got done (let them have one week off at least), I'll say a few words. 2014 is a new year and thus a new start, over the last year Wikidata celebrated its first birthday which brought reflection over what Wikidata had accomplish. Therefore I want to use the start of 2014 to reflect what Wikidata can do. For my personal over view see [[:d:User:John F. Lewis/Presence|this page]]. For the summary, while it is meant to be a weekly simple update, I feel this can be used a lot more effective to put across not only what happened on Wikidata but things about Wikidata on other wikis, I am hoping to start a section over this within the next few weeks. If you have any suggestions for the summary, feel free to drop me a message at [[:m:User talk:John F. Lewis|meta]] or [[:d:User talk:John F. Lewis|Wikidata]]. Thanks.
* Monthly Tasks
** [[d:Wikidata:Database reports/Constraint violations/P832|Fix a format or content violation]] for the [[d:Property:P832|Public holiday (P832)]] propery
** Hack on one of [https://bugzilla.wikimedia.org/buglist.cgi?keywords=need-volunteer%2C%20&amp;keywords_type=allwords&amp;emailcc1=1&amp;resolution=---&amp;emailtype1=exact&amp;emailassigned_to1=1&amp;query_format=advanced&amp;email1=wikidata-bugs%40lists.wikimedia.org&amp;list_id=162515 these].
** Help develop the next summary [[d:Wikidata:Status updates/Next|here!]]
** Contribute to a [[:d:Wikidata:Showcase|Showcase item]]
&lt;/div&gt;
&lt;div style="margin-top:10px; font-size:90%; padding-left:5px; font-family:Georgia, Palatino, Palatino Linotype, Times, Times New Roman, serif;"&gt;'''[[m:Wikidata/Status updates/2013 10 11|Read the full report]]''' &amp;middot; [[m:Global message delivery/Targets/Wikidata|Unsubscribe]] &amp;middot; [[:d:User:John F. Lewis|John F. Lewis]] 21:50, 8 November 2013 (UTC)
&lt;/div&gt;
&lt;/div&gt;
&lt;!-- Message envoy&#233; par User:John F. Lewis@metawiki en utilisant la liste &#224; http://meta.wikimedia.org/w/index.php?title=Global_message_delivery/Targets/Wikidata&amp;oldid=6947850 --&gt;

== Du nouveau sur WPO ==
&lt;center&gt;{{M&#233;ta cadre
 | width   = 60%
 | couleur = lightcyan
 | fond    = lightgreen
 | bordure = yellow
 | image   = WPO.png
 | titre   = '''Du nouveau sur WPO'''
 | bas     = {{#if:|'''{{{bas}}}'''|http://orikrin.wordpress.com/ &#8212;&#8212;&#8212; [[Utilisateur:Orikrin1998/Blog|abonnez-vous]] !}}
 | contenu = &lt;font face="Courier New"&gt;&lt;span class=plainlinks&gt;Un ''[https://orikrin.wordpress.com/2014/01/04/interview-de-guillaume70/ nouvel article]'' a &#233;t&#233; publi&#233; sur WPO le 4 janvier 2014 !&lt;/span&gt;&lt;/font&gt;
}}&lt;/center&gt;

== [[m:Special:MyLanguage/Tech/News/2014/02|Tech News: 2014-02]] ==

&lt;section begin="technews-2014-W02"/&gt;&lt;div class="plainlinks mw-content-ltr" lang="fr" dir="ltr"&gt;
Derni&#232;res '''[[m:Special:MyLanguage/Tech/News|actualit&#233;s techniques]]''' de la communaut&#233; technique Wikimedia. Veuillez informer les autres utilisateurs de ces changements. ''[[m:Special:MyLanguage/Tech/News/2014/02|D&#8217;autres traductions]] sont disponibles.''

'''Changements r&#233;cents du logiciel'''
* La derni&#232;re version de MediaWiki ([[mw:MediaWiki 1.23/wmf9|1.23wmf9]]) a &#233;t&#233; ajout&#233;e aux wikis de test et de Mediawiki.org le 2 janvier. Elle sera activ&#233;e sur tous les sites hors de Wikip&#233;dia le 7 janvier, et sur toutes les &#233;ditions de Wikip&#233;dia le 9 janvier 2014. ([[mw:MediaWiki 1.23/Roadmap|calendrier]])
* L&#8217;[//etherpad-old.wikimedia.org ancien site de prise de notes] ([[m:en:Etherpad|Etherpad]]) a &#233;t&#233; mis hors service le 30 d&#233;cembre 2013. Vous pouvez consulter la plupart des documents sur [//etherpad.wikimedia.org le nouveau site]. [//lists.wikimedia.org/pipermail/wikitech-l/2013-December/073755.html]

'''Probl&#232;mes'''
* Le 2 janvier, les sites de Wikimedia Commons, Wikidata et tous les projets Wikivoyage ont &#233;t&#233; inaccessibles durant 2 heures &#224; cause de probl&#232;mes de mise &#224; jour du cache des langues.
* Le m&#234;me jour, il n&#8217;&#233;tait pas possible d&#8217;&#233;diter la plupart des wikis durant 30 minutes &#224; cause d&#8217;un probl&#232;me de r&#233;plication de base de donn&#233;es.

'''Changements &#224; venir du logiciel'''
* Le nouvel outil de recherche ([[mw:Search|CirrusSearch]]) a &#233;t&#233; ajout&#233; comme moteur de recherche par d&#233;faut sur l&#8217;&#233;dition italienne de Wikip&#233;dia, sur l&#8217;&#233;dition francophone de Wikisource, sur Wikidata et sur tous les sites Wikivoyage, et comme moteur de recherche secondaire sur la version allemande de Wikip&#233;dia et sur tous les sites Wikibooks le 6 janvier. [http://lists.wikimedia.org/pipermail/wikitech-l/2014-January/073846.html]
* Les utilisateurs des &#233;ditions de Wikip&#233;dia en espagnol, fran&#231;ais, portugais et russe pourront &#233;galement activer CirrusSearch dans [[Special:Preferences#mw-prefsection-betafeatures|leurs pr&#233;f&#233;rences de fonctionnalit&#233;s b&#234;ta]]. [http://lists.wikimedia.org/pipermail/wikitech-l/2014-January/073846.html]
* Les r&#232;gles d&#8217;accord en nombre (singulier, pluriel, duel, etc.) de plusieurs langues [//translatewiki.net/wiki/Thread:Portal_talk:Ru/Plural_changes_in_many_languages seront modifi&#233;es]. Certaines traductions pour le bi&#233;lorusse, le russe, le serbe, l&#8217;ukrainien et d&#8217;autres langues devront &#234;tre modifi&#233;es. [//bugzilla.wikimedia.org/show_bug.cgi?id=56931] [//gerrit.wikimedia.org/r/#/c/105148/] [//gerrit.wikimedia.org/r/#/c/104795/]
* Vous verrez un avertissement lorsque vous essaierez de supprimer une page li&#233;e depuis d&#8217;autres pages. [//bugzilla.wikimedia.org/show_bug.cgi?id=35485] [//gerrit.wikimedia.org/r/#/c/65162/]
* Vous pourrez masquer les pages de redirection sur la liste des [[Special:ProtectedPages|pages prot&#233;g&#233;es]]. [//bugzilla.wikimedia.org/show_bug.cgi?id=19233] [//gerrit.wikimedia.org/r/#/c/104395/]
* Vous pourrez utiliser des raccourcis clavier dans l&#8217;outil de [[mw:Extension:Translate|Traduction]] en pressant &lt;span style="white-space:nowrap"&gt;&lt;kbd class="keyboard-key nowrap" style="border:1px solid #aaa; background-color: #f9f9f9; padding: 1px 3px; font-family: inherit"&gt;Alt&lt;/kbd&gt;+&lt;kbd class="keyboard-key nowrap" style="border: 1px solid #aaa; background-color: #f9f9f9; padding: 1px 3px; font-family: inherit"&gt;1&lt;/kbd&gt;&lt;/span&gt; et les groupes de touches similaires. [//gerrit.wikimedia.org/r/#/c/103072/] [//gerrit.wikimedia.org/r/#/c/104934/]
* Les courriels envoy&#233;s par MediaWiki incluront le nom du site dans leur ligne &lt;code&gt;From:&lt;/code&gt; (indiquant l&#8217;exp&#233;diteur). Vous pourrez changer ce nom sur votre wiki en modifiant la page &lt;code&gt;MediaWiki:Emailsender&lt;/code&gt;. [//bugzilla.wikimedia.org/show_bug.cgi?id=32770] [https://gerrit.wikimedia.org/r/#/c/104707/]
* Les images affich&#233;es dans la [[mw:Extension:MultimediaViewer|visionneuse de m&#233;dia (parmi les fonctionnalit&#233;s b&#234;ta)]] se chargeront plus rapidement. [//bugzilla.wikimedia.org/show_bug.cgi?id=56695] [//gerrit.wikimedia.org/r/#/c/95282/]

'''''[[m:Special:MyLanguage/Tech/News|Actualit&#233;s techniques]]''' pr&#233;par&#233;es par les [[m:Special:MyLanguage/Tech/Ambassadors|ambassadeurs techniques]] et post&#233;es par le [[m:Special:MyLanguage/User:MediaWiki message delivery|syst&#232;me de distribution de messages de Mediawiki]] &#8226; [[m:Special:MyLanguage/Tech/News#contribute|Contribuer]] &#8226; [[m:Special:MyLanguage/Tech/News/2014/02|Traduire]] &#8226; [[m:Tech|Obtenir de l&#8217;aide]] &#8226; [[m:Talk:Tech/News|Donner votre avis]] &#8226; [[m:Global message delivery/Targets/Tech ambassadors|S&#8217;inscrire ou se d&#233;sinscrire]].''
&lt;/div&gt; &lt;section end="technews-2014-W02"/&gt; 6 janvier 2014 &#224; 09:34 (CET)
&lt;!-- Message envoy&#233; par User:Guillom@metawiki en utilisant la liste &#224; http://meta.wikimedia.org/w/index.php?title=Global_message_delivery/Targets/Tech_ambassadors&amp;oldid=6968243 --&gt;

== Du nouveau sur WPO ==
&lt;center&gt;{{M&#233;ta cadre
 | width   = 60%
 | couleur = lightcyan
 | fond    = lightgreen
 | bordure = yellow
 | image   = WPO.png
 | titre   = '''Du nouveau sur WPO'''
 | bas     = {{#if:|'''{{{bas}}}'''|http://orikrin.wordpress.com/ &#8212;&#8212;&#8212; [[Utilisateur:Orikrin1998/Blog|abonnez-vous]] !}}
 | contenu = &lt;font face="Courier New"&gt;&lt;span class=plainlinks&gt;Un ''[http://orikrin.wordpress.com/2014/01/06/dernieres-nouvelles-wikipediennes/ nouvel article]'' a &#233;t&#233; publi&#233; sur WPO le 6 janvier 2014 !&lt;/span&gt;&lt;/font&gt;
}}&lt;/center&gt;


== [[Discussion:Nystagmus|Page concernant le "Nystagmus"]] ==
Bonjour, pourquoi avoir fait un retour arri&#232;re sur la [[Discussion:Nystagmus|page de discussion du "Nystagmus"]] ?
Il me semble plus clair de parler de "Compr&#233;hension du nystagmus" plut&#244;t que de "mobilisation".
Pour l'autre point : les tarifs des consultations, il me semble trop agressif, c'est pourquoi j'ai supprim&#233; les tarifs actuels pour que quelqu'un les mette &#224; jour.
Mais bon, &#231;a ne bouge pas vraiment, en quelques ann&#233;es d&#8217;existence de ces lignes de texte, il n'y a pas eu de modification...
Cordialement.

{{Non sign&#233;|86.69.154.36|7 janvier 2014 &#224; 20:32 (CET)|ip=oui}}

== Modifications surdit&#233; ==

Bonjour, 

Je suis pas d accord sur vos modification sur la surdit&#233; puisque tu avais supprim&#233; une partie qui conduit &#224; " anti LSF". Je vous signale que l article surdit&#233; n est plus article neutre!!! Vous laissez la tres mauvais information. Merci de me discuter et corriger rapidement sinon on croit des conneries. Je suis n&#233; sourd et je communique par LSF, ma vrai langue! alors SVP de m &#233;couter et surtout me comprendre. Pardonne moi si j utilis&#233; les mots forts! j'attends de votre r&#233;ponse. Cordialement.

--[[Utilisateur:Halyna Haiko|Halyna Haiko]] ([[Discussion utilisateur:Halyna Haiko|discuter]]) 7 janvier 2014 &#224; 23:34 (CET)

== Notification de traduction : Privacy policy ==

&lt;div lang="fr" class="mw-content-ltr"&gt;Bonjour BonifaceFR,

Vous recevez cette notification parce que vous &#234;tes inscrit comme traducteur de fran&#231;ais et allemand sur Meta.
La page [[:meta:Privacy policy|Privacy policy]] est disponible pour la traduction. Vous pouvez la traduire ici :
* [http://meta.wikimedia.org/w/index.php?title=Special:Translate&amp;group=page-Privacy+policy&amp;language=fr&amp;action=page traduire en fran&#231;ais]
* [http://meta.wikimedia.org/w/index.php?title=Special:Translate&amp;group=page-Privacy+policy&amp;language=de&amp;action=page traduire en allemand]

La priorit&#233; de cette page est haute.


&lt;div lang="en" class="mw-content-ltr"&gt;The discussion phase about the draft for the Wikimedia Foundation's new privacy policy is ending on January 15. Your help is welcome in translating the current version of the draft, which is expected to be
close to the final version. This will also enable more community members to contribute comments before the discussion phase ends.

The main text of the privacy policy is contained in the following pages, please click "Translate" on each of them:

[https://meta.wikimedia.org/wiki/Special:MyLanguage/Privacy_policy Privacy policy] / 
[https://meta.wikimedia.org/wiki/Special:MyLanguage/Privacy_policy-summary Summary] /
[https://meta.wikimedia.org/wiki/Special:Mylanguage/Privacy_policy/what_policy_doesn%27t_cover What the policy doesn't cover] / 
[https://meta.wikimedia.org/wiki/Special:MyLanguage/Privacy_policy-Definitions Definitions]

Please also consider translating the FAQ and other supplementary
material, which can be found (along with the main text) here:
[https://meta.wikimedia.org/wiki/Special:Translate/agg-Privacy_policy_2014_draft ]&lt;/div&gt;

Votre aide est grandement appr&#233;ci&#233;e. Des traducteurs comme vous aident Meta &#224; fonctionner comme une communaut&#233; r&#233;ellement multilingue.

Merci !

Les coordinateurs de la traduction de Meta&amp;lrm;, 8 janvier 2014 &#224; 09:45 (CET)&lt;/div&gt;

== [[:w:fr:Wikip&#233;dia:RAW/2014-01-10|RAW 2014-01-10]] ==

&lt;table style="background-color:white; padding:0px; border:1px solid #AAAAAA; border-radius: 15px; margin:0 auto;"&gt;&lt;tr&gt;&lt;td style="text-align: center; font-weight:900; font-size:150%; text-shadow:gray 0.1em 0.1em 0.1em;"&gt;Regards sur l'actualit&#233; de la Wikimedia&lt;div style="font-size:70%; line-height:200%; font-weight:normal;"&gt;et d'ailleurs&lt;/div&gt;&lt;div style="font-size:90%; line-height:250%; font-weight:normal;"&gt;[[:w:fr:Wikip&#233;dia:RAW/2014-01-10|RAW 2014-01-10]]&lt;/div&gt;&lt;/td&gt;&lt;td width=20%&gt;&lt;span title="Logo des RAW"&gt;[[File:Proposition Washington.svg|100px|link={{fullurl:w:fr:Wikip&#233;dia:Regards sur l'actualit&#233; de la Wikimedia|}}|alt=Regards sur l'actualit&#233; de la Wikimedia (RAW)]]&lt;/span&gt;&lt;/td&gt;&lt;/tr&gt;&lt;/table&gt; &#8212; [[Utilisateur:Cantons-de-l'Est|Cantons-de-l'Est]] &lt;sup&gt;[[Discussion utilisateur:Cantons-de-l'Est|&lt;span style="color:#008000;"&gt;discuter&lt;/span&gt;]]&lt;/sup&gt; 10 janvier 2014 &#224; 19:15 (CET)
&lt;!-- Message envoy&#233; par User:Cantons-de-l'Est@frwiki en utilisant la liste &#224; http://fr.wikipedia.org/w/index.php?title=Wikip%C3%A9dia:RAW/Inscription&amp;oldid=100046947 --&gt;

== Wikidata weekly summary #92 ==

&lt;div class="plainlinks mw-content-ltr" lang="en" dir="ltr"&gt;
[[File:Wikidata-logo-en.svg|150px|right]]
&lt;div style="margin-top:10px; padding-left:5px; font-family:Georgia, Palatino, Palatino Linotype, Times, Times New Roman, serif;"&gt;''Here's your quick overview of what has been happening around Wikidata over the last week.''&lt;/div&gt;
&lt;div style="-moz-column-count:2; -webkit-column-count:2; column-count:2;"&gt;
* Discussions
** '''[[:d:Wikidata talk:Wikisource#Notability, and other preparations for Wikisource deployment|Discussion over Wikisource's notability within Wikidata]]'''
** [[:d:Wikidata:Requests for comment/Make Symmetric &amp; Inverse Property addition automatic and bidirectional|Make Symmetric &amp; Inverse Property addition automatic and bidirectional]]
** Closed RfAs: [[:d:Wikidata:Requests for permissions/Administrator/Lymantria|Lymantria (Successful)]], [[:d:Wikidata:Requests for permissions/Administrator/Lavallen|Lavallen (Successful)]]
* Events/Press/Blogs
** [http://aldil.org/les-activites/les-jeudis/jeudi-du-libre-du-9-janvier-2014 Presentation about Wikidata at Aldil], [[:d:Q456|Lyon, France]]
* Other Noteworthy Stuff
** Wikisource is deployed to [[testwikidata:|testwikidata]]
** A group of students is working on suggestions to make it easier to add missing information. [http://lists.wikimedia.org/pipermail/wikidata-l/2014-January/003301.html They published a status report and a rough first demo.]
* Did you know?
** Newest properties: [[:d:Property:P1064|track gauge]], [[:d:Property:P1060|pathogen transmission process]], [[:d:Property:P1059|CVR]], [[:d:Property:P1058|ERA Journal ID]]
** Newest [[d:Wikidata:Task forces|task forces]]: [[:d:Wikidata:Manga and Anime task force|Manga and Anime task force]]
** [[d:Wikidata:Showcase items|Showcase items]]: [[:d:Q42|Douglas Adams]]
** Fun Fact: [[:d:Q404|Does not exist (Q404)]]
** Wikidata's presence: The Dutch Wikipedia have a category for coordinating coordinates on Wikidata ([[:w:nl:Categorie:Wikipedia:Co&#246;rdinaten niet op Wikidata|Categorie:Wikipedia:Co&#246;rdinaten niet op Wikidata]])
* Development
** [http://lists.wikimedia.org/pipermail/wikidata-l/2014-January/003294.html Adrian Lang joins the team]
** Cirrus Search is now the default search on Wikidata and should improve [[d:Special:Search]]'s handlich of special characters for example
** Made the &#8220;in other languages&#8221; box also show up for people who have not configured a babel box ([[bugzilla:49079]])
** No longer showing a table of content when it has less than 3 items in it to prevent it from showing up on property pages ([[bugzilla:58422]])
** More performance improvement work
** Finishing touches on quantities datatype user interface
** Display qualifiers in non-Java Script user interface
** Prevented import of wikitext into the main namespace ([[bugzilla:47070]])
** Split the DataValues component into more clearly defined libraries and switched Wikibase over to use these
** Switched Wikibase to use Wikibase DataModel 0.6
** Changed development and installation workflows to make use of the dependency manager Composer ([http://lists.wikimedia.org/pipermail/wikidata-tech/2014-January/000379.html more details])
** Made tests run with less warnings (especially in Firefox)
** Started replacing wikibase.fetchedEntities with a proper entity store
* Monthly Tasks
** [[d:Wikidata:Database reports/Constraint violations/P832|Fix a format or content violation]] for the [[d:Property:P832|Public holiday (P832)]] propery
** Hack on one of [https://bugzilla.wikimedia.org/buglist.cgi?keywords=need-volunteer%2C%20&amp;keywords_type=allwords&amp;emailcc1=1&amp;resolution=---&amp;emailtype1=exact&amp;emailassigned_to1=1&amp;query_format=advanced&amp;email1=wikidata-bugs%40lists.wikimedia.org&amp;list_id=162515 these].
** Help develop the next summary [[d:Wikidata:Status updates/Next|here!]]
&lt;/div&gt;
&lt;div style="margin-top:10px; font-size:90%; padding-left:5px; font-family:Georgia, Palatino, Palatino Linotype, Times, Times New Roman, serif;"&gt;'''[[m:Wikidata/Status updates/2014 01 10|Read the full report]]''' &amp;middot; [[m:Global message delivery/Targets/Wikidata|Unsubscribe]] &amp;middot; [[:d:User:John F. Lewis|John F. Lewis]] 11 janvier 2014 &#224; 10:34 (CET)
&lt;/div&gt;
&lt;/div&gt;
&lt;!-- Message envoy&#233; par User:John F. Lewis@metawiki en utilisant la liste &#224; http://meta.wikimedia.org/w/index.php?title=Global_message_delivery/Targets/Wikidata&amp;oldid=6997433 --&gt;

== Du nouveau sur WPO ==
&lt;center&gt;{{M&#233;ta cadre
 | width   = 60%
 | couleur = lightcyan
 | fond    = lightgreen
 | bordure = yellow
 | image   = WPO.png
 | titre   = '''Du nouveau sur WPO'''
 | bas     = {{#if:|'''{{{bas}}}'''|http://orikrin.wordpress.com/ &#8212;&#8212;&#8212; [[Utilisateur:Orikrin1998/Blog|abonnez-vous]] !}}
 | contenu = &lt;font face="Courier New"&gt;&lt;span class=plainlinks&gt;Un ''[https://orikrin.wordpress.com/2014/01/11/dernieres-nouvelles-wikipediennes-liverc-quitte-la-beta/ nouvel article]'' a &#233;t&#233; publi&#233; sur WPO le 11 janvier 2014 !&lt;/span&gt;&lt;/font&gt;
}}&lt;/center&gt;

== Polyradiculon&#233;vrite Chronique ==

Bonjour BonifaceFR,

Vous avez supprim&#233; sur la page [[Polyradiculon&#233;vrite chronique]] ce que j'avais r&#233;cemment ajout&#233; en tant que T&#233;moignage ...
Puis-je simplement avoir la raison de cette suppression ?
Que je sache quelle est mon erreur ?

Merci

Salutations

P.S : ok, ... vu sur la page [[Syndrome de Guillain-Barr&#233;]] vos modifications et vos liens. Je pense avoir compris. Merci !

'''Et merci pour les liens d'aide ... je vais de ce pas en apprendre plus pour &#234;tre un bon wikip&#233;dien !'''

--[[Utilisateur:Patrick.fratczak|Patrick.fratczak]] ([[Discussion utilisateur:Patrick.fratczak|discuter]]) 11 janvier 2014 &#224; 23:12 (CET)

== [[m:Special:MyLanguage/Tech/News/2014/03|Tech News: 2014-03]] ==

&lt;section begin="technews-2014-W03"/&gt;&lt;div class="plainlinks mw-content-ltr" lang="fr" dir="ltr"&gt;
Derni&#232;res '''[[m:Special:MyLanguage/Tech/News|actualit&#233;s techniques]]''' de la communaut&#233; technique Wikimedia. Veuillez informer les autres utilisateurs de ces changements. ''[[m:Special:MyLanguage/Tech/News/2014/03|D&#8217;autres traductions]] sont disponibles.''

Vous pouvez lire un [//blog.wikimedia.org/2014/01/07/tech-news-fighting-technical-information-overload-for-wikimedians/ billet de blogue r&#233;cent] sur la fa&#231;on dont les Actualit&#233;s techniques sont assembl&#233;es, sont traduites et vous sont envoy&#233;es chaque semaine vers les diff&#233;rents wikis.

'''Changements r&#233;cents du logiciel'''
* La derni&#232;re version de MediaWiki ([[mw:MediaWiki 1.23/wmf10|1.23wmf10]]) a &#233;t&#233; ajout&#233;e aux wikis de test et de Mediawiki.org le 9 janvier. Elle sera activ&#233;e sur tous les sites hors de Wikip&#233;dia le 14 janvier, et sur toutes les &#233;ditions de Wikip&#233;dia le 16 janvier 2014. ([[mw:MediaWiki 1.23/Roadmap|calendrier]])
* La recherche dans l&#8217;espace de noms &lt;code&gt;File:&lt;/code&gt; sur Wikimedia Commons pourrait &#234;tre lente &#224; cause d&#8217;un probl&#232;me du moteur de recherche. [//gerrit.wikimedia.org/r/#/c/106537/]

'''Nouvelles de l&#8217;&#201;diteurVisuel'''
* L&#8217;&#201;diteurVisuel sera ajout&#233; &#224; tous les utilisateurs de plusieurs &#233;ditions de Wikip&#233;dia le 13 janvier. [//gerrit.wikimedia.org/r/#/c/102208/]
* Vous pouvez maintenant ajouter et supprimer &lt;code&gt;&lt;nowiki&gt;__NOTOC__&lt;/nowiki&gt;&lt;/code&gt;, &lt;code&gt;&lt;nowiki&gt;__FORCETOC__&lt;/nowiki&gt;&lt;/code&gt; et &lt;code&gt;&lt;nowiki&gt;__NOEDITSECTION__&lt;/nowiki&gt;&lt;/code&gt; dans le menu M&#233;tadonn&#233;es de la page. [//bugzilla.wikimedia.org/show_bug.cgi?id=56866] [//bugzilla.wikimedia.org/show_bug.cgi?id=56867] [//bugzilla.wikimedia.org/show_bug.cgi?id=57166]

'''Probl&#232;mes'''
* Durant quelques heures les 6 janvier, il n&#8217;&#233;tait pas possible de modifier les pages avec l&#8217;[[mw:Extension:Translate|outil Traduire]] sur Wikimedia Commons et le wiki de Wikimania 2013, &#224; cause d&#8217;une erreur de param&#233;trage. [//bugzilla.wikimedia.org/show_bug.cgi?id=59740] [//bugzilla.wikimedia.org/show_bug.cgi?id=59739]
* Durant 20 minutes le 9 janvier, il y a eu des probl&#232;mes avec [[m:en:Cascading Style Sheets|les feuilles de style CSS]] et [[m:en:JavaScript|JavaScript]] &#224; cause d&#8217;une charge de travail &#233;lev&#233;e des serveurs.

'''Changements &#224; venir du logiciel'''
* Wikidata sera ajout&#233; &#224; toutes les &#233;ditions de Wikisource le 14 janvier. [//wikitech.wikimedia.org/wiki/Deployments#Week_of_January_13]
* Le nouvel outil de recherche ([[mw:Search|CirrusSearch]]) sera ajout&#233; comme seconde m&#233;thode de recherche sur l&#8217;&#233;dition anglophone de Wikip&#233;dia le 13 janvier. Sur Wikibooks et l&#8217;&#233;dition germanophone de Wikip&#233;dia, vous pourrez le tester en l&#8217;ajoutant dans vos [[Special:Preferences#mw-prefsection-betafeatures|Pr&#233;f&#233;rences de fonctionnalit&#233;s b&#234;ta]].
* Vous pourrez bient&#244;t exporter des [[mw:Extension:Collection|collections de pages]] vers d&#8217;autres formats que [[m:en:Portable Document Format|PDF]]. [//bugzilla.wikimedia.org/show_bug.cgi?id=58151]
* Il sera bient&#244;t possible de t&#233;l&#233;verser des groupes de photos depuis [[:m:en:Flickr|Flickr]] en utilisant l&#8217;[[mw:Extension:UploadWizard|assistant de t&#233;l&#233;versement]]. [//bugzilla.wikimedia.org/show_bug.cgi?id=43320] [//gerrit.wikimedia.org/r/105393]
* La Fondation Wikimedia a partag&#233; sa [http://blog.wikimedia.org/2014/01/09/multimedia-vision-2016/ vision multim&#233;dia pour 2016]. Vous &#234;tes [[m:commons:Commons talk:Multimedia Features/Vision 2016|invit&#233;]] &#224; donner vos avis et commentaires.  [http://lists.wikimedia.org/pipermail/wikitech-l/2014-January/073904.html]

'''''[[m:Special:MyLanguage/Tech/News|Actualit&#233;s techniques]]''' pr&#233;par&#233;es par les [[m:Special:MyLanguage/Tech/Ambassadors|ambassadeurs techniques]] et post&#233;es par le [[m:Special:MyLanguage/User:MediaWiki message delivery|syst&#232;me de distribution de messages de MediaWiki]] &#8226; [[m:Special:MyLanguage/Tech/News#contribute|Contribuer]] &#8226; [[m:Special:MyLanguage/Tech/News/2014/03|Traduire]] &#8226; [[m:Tech|Obtenir de l&#8217;aide]] &#8226; [[m:Talk:Tech/News|Donner votre avis]] &#8226; [[m:Global message delivery/Targets/Tech ambassadors|S&#8217;inscrire ou se d&#233;sinscrire]].''
&lt;/div&gt; &lt;section end="technews-2014-W03"/&gt; 13 janvier 2014 &#224; 10:33 (CET)
&lt;!-- Message envoy&#233; par User:Guillom@metawiki en utilisant la liste &#224; http://meta.wikimedia.org/w/index.php?title=Global_message_delivery/Targets/Tech_ambassadors&amp;oldid=7065556 --&gt;

== L'article Dien Chan est propos&#233; &#224; la suppression ==
[[Image:Icono consulta borrar.png|70px|link=|Page propos&#233;e &#224; la suppression|gauche]]
Bonjour,

L&#8217;article &#171; '''{{Lien &#224; supprimer|1=Dien Chan}}''' &#187; est propos&#233; &#224; la suppression ({{cf.}} [[Wikip&#233;dia:Pages &#224; supprimer]]). Apr&#232;s avoir pris connaissance des [[Wikip&#233;dia:Crit&#232;res d'admissibilit&#233; des articles|crit&#232;res g&#233;n&#233;raux d&#8217;admissibilit&#233; des articles]] et des [[:Cat&#233;gorie:Wikip&#233;dia:Admissibilit&#233; des articles|crit&#232;res sp&#233;cifiques]], vous pourrez [[Aide:Arguments &#224; &#233;viter lors d'une proc&#233;dure de suppression|donner votre avis]] sur la page de discussion '''[[{{TALKPAGENAME:Dien Chan}}/Suppression]]'''.

Le meilleur moyen d&#8217;obtenir un consensus pour la conservation de l&#8217;article est de fournir des [[Wikip&#233;dia:Citez vos sources|sources secondaires fiables et ind&#233;pendantes]]. Si vous ne pouvez trouver de telles sources, c&#8217;est que l&#8217;article n&#8217;est probablement pas admissible. N&#8217;oubliez pas que les [[Wikip&#233;dia:Principes fondateurs|principes fondateurs]] de Wikip&#233;dia ne garantissent aucun droit &#224; avoir un article sur Wikip&#233;dia. [[Utilisateur:Enrevseluj|Enrevseluj]] ([[Discussion utilisateur:Enrevseluj|discuter]]) 14 janvier 2014 &#224; 13:13 (CET)

== [[Wikip&#233;dia:RAW/2014-01-17|RAW 2014-01-17]] ==

{{RAW/PdD|2014-01-17}} &#8212; [[Utilisateur:Cantons-de-l'Est|Cantons-de-l'Est]] &lt;sup&gt;[[Discussion utilisateur:Cantons-de-l'Est|&lt;span style="color:#008000;"&gt;discuter&lt;/span&gt;]]&lt;/sup&gt; 17 janvier 2014 &#224; 19:23 (CET)
&lt;!-- Message envoy&#233; par User:Cantons-de-l'Est@frwiki en utilisant la liste &#224; http://fr.wikipedia.org/w/index.php?title=Wikip%C3%A9dia:RAW/Inscription&amp;oldid=100300868 --&gt;

== L'article Gilles Haroche est propos&#233; &#224; la suppression ==
[[Image:Icono consulta borrar.png|70px|link=|Page propos&#233;e &#224; la suppression|gauche]]
Bonjour,

L&#8217;article &#171; '''{{Lien &#224; supprimer|1=Gilles Haroche}}''' &#187; est propos&#233; &#224; la suppression ({{cf.}} [[Wikip&#233;dia:Pages &#224; supprimer]]). Apr&#232;s avoir pris connaissance des [[Wikip&#233;dia:Crit&#232;res d'admissibilit&#233; des articles|crit&#232;res g&#233;n&#233;raux d&#8217;admissibilit&#233; des articles]] et des [[:Cat&#233;gorie:Wikip&#233;dia:Admissibilit&#233; des articles|crit&#232;res sp&#233;cifiques]], vous pourrez [[Aide:Arguments &#224; &#233;viter lors d'une proc&#233;dure de suppression|donner votre avis]] sur la page de discussion '''[[{{TALKPAGENAME:Gilles Haroche}}/Suppression]]'''.

Le meilleur moyen d&#8217;obtenir un consensus pour la conservation de l&#8217;article est de fournir des [[Wikip&#233;dia:Citez vos sources|sources secondaires fiables et ind&#233;pendantes]]. Si vous ne pouvez trouver de telles sources, c&#8217;est que l&#8217;article n&#8217;est probablement pas admissible. N&#8217;oubliez pas que les [[Wikip&#233;dia:Principes fondateurs|principes fondateurs]] de Wikip&#233;dia ne garantissent aucun droit &#224; avoir un article sur Wikip&#233;dia. [[Utilisateur:Enrevseluj|Enrevseluj]] ([[Discussion utilisateur:Enrevseluj|discuter]]) 19 janvier 2014 &#224; 12:17 (CET)

== Wikidata weekly summary #93 ==

&lt;div class="plainlinks mw-content-ltr" lang="en" dir="ltr"&gt;
[[File:Wikidata-logo-en.svg|150px|right]]
&lt;div style="margin-top:10px; padding-left:5px; font-family:Georgia, Palatino, Palatino Linotype, Times, Times New Roman, serif;"&gt;''Here's your quick overview of what has been happening around Wikidata over the last week.''&lt;/div&gt;
&lt;div style="-moz-column-count:2; -webkit-column-count:2; column-count:2;"&gt;
* [[:Wikidata:Events|Events]]
** upcoming: FOSDEM
* Other Noteworthy Stuff
** Wikisource now gets its language links via Wikidata
** [[:toollabs:reasonator|Reasonator]] gets extended functionality
* Did you know?
** Newest properties: [[:d:Property:P1070|PlantList-ID]], [[:d:Property:P1069|Danemark Job Code (DISCO-08)]], [[:d:Property:P1068|Instruction Set]], [[:d:Property:P1067|Thailand central administrative unit code]], [[:d:Property:P1066|student of]], [[:d:Property:P1065|archive URL]]
** [[d:Wikidata:Showcase items|Showcase items]]: [[:d:Q153|ethanol]]
** Fun Fact: [[:d:Q2001|A Space Odyssey (Q2001)]]
* Development
** Enabled language links for Wikisource
** Move more part of an item page from JS to HTML to improve performance and non-JS interface
** Database performance improvements
** Work on forward compatibility for new entity types
** Introducing the EntityStore service to improve modularity
* Monthly Tasks
** [[:d:Wikidata:Database reports/Constraint violations/P1001|Fix a format or content violation]] for the [[:d:Property:P1001|belongs to jurisdiction (P1001)]] property
** Contribute to a [[:d:Wikidata:Showcase|Showcase item]]
** Hack on one of [https://bugzilla.wikimedia.org/buglist.cgi?keywords=need-volunteer%2C%20&amp;keywords_type=allwords&amp;emailcc1=1&amp;resolution=---&amp;emailtype1=exact&amp;emailassigned_to1=1&amp;query_format=advanced&amp;email1=wikidata-bugs%40lists.wikimedia.org&amp;list_id=162515 these].
** Help develop the next summary [[d:Wikidata:Status updates/Next|here!]]
&lt;/div&gt;
&lt;div style="margin-top:10px; font-size:90%; padding-left:5px; font-family:Georgia, Palatino, Palatino Linotype, Times, Times New Roman, serif;"&gt;'''[[m:Wikidata/Status updates/2014 01 17|Read the full report]]''' &amp;middot; [[m:Global message delivery/Targets/Wikidata|Unsubscribe]] &amp;middot; [[:d:User:Lydia Pintscher (WMDE)|Lydia Pintscher]] using [[Utilisateur:MediaWiki message delivery|MediaWiki message delivery]] ([[Discussion utilisateur:MediaWiki message delivery|discuter]]) 19 janvier 2014 &#224; 13:22 (CET)
&lt;/div&gt;
&lt;/div&gt;
&lt;!-- Message envoy&#233; par User:Lydia Pintscher (WMDE)@metawiki en utilisant la liste &#224; http://meta.wikimedia.org/w/index.php?title=Global_message_delivery/Targets/Wikidata&amp;oldid=7139323 --&gt;

== Du nouveau sur WPO ==
&lt;center&gt;{{M&#233;ta cadre
 | width   = 60%
 | couleur = lightcyan
 | fond    = lightgreen
 | bordure = yellow
 | image   = WPO.png
 | titre   = '''Du nouveau sur WPO'''
 | bas     = {{#if:|'''{{{bas}}}'''|http://orikrin.wordpress.com/ &#8212;&#8212;&#8212; [[Utilisateur:Orikrin1998/Blog|abonnez-vous]] !}}
 | contenu = &lt;font face="Courier New"&gt;&lt;span class=plainlinks&gt;Un ''[https://orikrin.wordpress.com/2014/01/19/dernieres-nouvelles-wikipediennes-divers/ nouvel article]'' a &#233;t&#233; publi&#233; sur WPO le 19 janvier 2014 !&lt;/span&gt;&lt;/font&gt;
}}&lt;/center&gt;

== ''The Signpost'': 15 January 2014 ==

&lt;div style="margin-top:10px; font-size:90%; padding-left:5px; font-family:Georgia, Palatino, Palatino Linotype, Times, Times New Roman, serif;"&gt;''News, reports and features from the English Wikipedia's weekly journal about Wikipedia and Wikimedia''&lt;/div&gt;
&lt;div style="-moz-column-count:2; -webkit-column-count:2; column-count:2;"&gt;
* Op-ed: [[w:en:Wikipedia:Wikipedia Signpost/2014-01-15/Op-ed|Licensed for reuse? Citing open-access sources in Wikipedia articles]]
* News and notes: [[w:en:Wikipedia:Wikipedia Signpost/2014-01-15/News and notes|Wikimedia Germany asks for "reworking" of Funds Dissemination Committee; should MP4 be allowed on Wikimedia sites?]]
* In the media: [[w:en:Wikipedia:Wikipedia Signpost/2014-01-15/In the media|Is Google hurting Wikipedia traffic?; "Wikipedia-Mania" in the ''New York Times'']]
* WikiProject report: [[w:en:Wikipedia:Wikipedia Signpost/2014-01-15/WikiProject report|WikiProject Sociology]]
* Traffic report: [[w:en:Wikipedia:Wikipedia Signpost/2014-01-15/Traffic report|The Hours are Ours]]
* Technology report: [[w:en:Wikipedia:Wikipedia Signpost/2014-01-15/Technology report|Architecture Summit schedule published]]&lt;/div&gt;
&lt;div style="margin-top:10px; font-size:90%; padding-left:5px; font-family:Georgia, Palatino, Palatino Linotype, Times, Times New Roman, serif;"&gt;'''[[w:en:Wikipedia:Wikipedia Signpost|Read this Signpost in full]]''' &amp;middot; [[w:en:Wikipedia:Signpost/Single|Single-page]] &amp;middot; [[m:Global message delivery/Targets/Signpost|Unsubscribe]] &amp;middot; [[m:Global message delivery|Global message delivery]] 20 janvier 2014 &#224; 00:28 (CET)
&lt;/div&gt;
&lt;!-- EdwardsBot 0672 --&gt;

== [[m:Special:MyLanguage/Tech/News/2014/04|Tech News: 2014-04]] ==

&lt;section begin="technews-2014-W04"/&gt;&lt;div class="plainlinks mw-content-ltr" lang="fr" dir="ltr"&gt;
Derni&#232;res '''[[m:Special:MyLanguage/Tech/News|actualit&#233;s techniques]]''' de la communaut&#233; technique Wikimedia. Veuillez informer les autres utilisateurs de ces changements. Certains changements ne vous affecteront pas. [[m:Special:MyLanguage/Tech/News/2014/04|D&#8217;autres traductions]] sont disponibles.

'''Changements r&#233;cents du logiciel'''
* La derni&#232;re version de MediaWiki ([[mw:MediaWiki 1.23/wmf11|1.23wmf11]]) a &#233;t&#233; ajout&#233;e aux wikis de test et de Mediawiki.org le 16 janvier. Elle sera activ&#233;e sur tous les sites hors de Wikip&#233;dia le 28 janvier, et sur toutes les &#233;ditions de Wikip&#233;dia le 30 janvier 2014. ([[mw:MediaWiki 1.23/Roadmap|calendrier]])
* Vous pouvez maintenant voir les r&#233;sultats relativement r&#233;cents sur les pages sp&#233;ciales comme [[Special:DoubleRedirects|Page sp&#233;ciale:Doubles redirections]], [[Special:UncategorizedPages|Page sp&#233;ciale:Pages non cat&#233;goris&#233;es]] ou [[Special:WantedCategories|Page sp&#233;ciale:Cat&#233;gories demand&#233;es]]. Jusqu&#8217;&#224; r&#233;cemment, ces filtres &#233;taient d&#233;sactiv&#233;s car ils &#233;taient trop lents. Les r&#233;sultats sont d&#233;sormais mis &#224; jour une fois par mois. [//bugzilla.wikimedia.org/show_bug.cgi?id=15434]
* Depuis le 16 janvier, vous pouvez utiliser les [[mw:Guided tours|visites guid&#233;es]] sur les &#233;ditions de Wikip&#233;dia en asturien, persan et russe. Si vous d&#233;sirez cet outil sur votre wiki, il vous faudra [//translatewiki.net/w/i.php?title=Special:Translate&amp;group=ext-guidedtour&amp;filter=&amp;language={{CONTENTLANG}}&amp;action=translate le traduire] et formuler votre demande sur [//bugzilla.wikimedia.org Bugzilla]. [http://lists.wikimedia.org/pipermail/wikitech-ambassadors/2014-January/000542.html] [//gerrit.wikimedia.org/r/#/c/105997/]
* Vous pouvez donner vos avis et commentaires &#224; propos de l&#8217;id&#233;e de disposer d&#8217;une [http://unicorn.wmflabs.org/navmod/ barre d&#8217;outils fixe] en haut des pages wiki. [http://lists.wikimedia.org/pipermail/design/2014-January/001377.html]
* Vous pouvez [[:File:How to file a report in Bugzilla.webm|regarder une vid&#233;o]] pour apprendre comment signaler les probl&#232;mes sur Bugzilla. [//bugzilla.wikimedia.org/show_bug.cgi?id=54606]

'''Nouvelles concernant l'&#233;diteur visuel'''
* Dans la barre d&#8217;outils, le menu de modification des styles (tels que gras, italique, etc.) affiche maintenant une fl&#232;che vers le bas ([[File:VisualEditor - Icon - Text style.svg|25px]][[File:VisualEditor - Icon - Down.svg|15px]]). L&#8217;ordre  du menu Insertion a &#233;galement l&#233;g&#232;rement chang&#233;.
* Vous pouvez modifier les balises &lt;code&gt;&lt;nowiki&gt;&lt;gallery /&gt;&lt;/nowiki&gt;&lt;/code&gt; avec un outil tr&#232;s basique. [//gerrit.wikimedia.org/r/#/c/107537/]
* Vous pouvez maintenant voir une page d&#8217;aide concernant les raccourcis clavier dans la page de menu. [//bugzilla.wikimedia.org/show_bug.cgi?id=52844] 
* Lorsque vous modifiez les cat&#233;gories, vous pouvez maintenant les voir quand vous enregistrez la page. [//bugzilla.wikimedia.org/show_bug.cgi?id=48560]
* Quand vous modifiez des mod&#232;les, vous verrez maintenant les param&#232;tres dans le bon ordre. Ceux que vous devez ajouter sont marqu&#233;s d&#8217;une ast&#233;risque (*). [//bugzilla.wikimedia.org/show_bug.cgi?id=51930] [//bugzilla.wikimedia.org/show_bug.cgi?id=53611]
* Les pages seront maintenant enregistr&#233;es plus rapidement, gr&#226;ce &#224; une nouvelle fa&#231;on de coder le texte qui envoie 40% de donn&#233;es en moins aux serveurs. [//bugzilla.wikimedia.org/show_bug.cgi?id=59660]
* Votre wiki peut demander &#224; tester un nouvel outil pour modifier les [[mw:Extension:TemplateData|donn&#233;es de mod&#232;les]]. [//bugzilla.wikimedia.org/show_bug.cgi?id=51734]

'''Probl&#232;mes'''
* Un probl&#232;me est survenu dans les recherches sur les &#233;ditions de Wikip&#233;dia en anglais et en allemand entre le 6 janvier et le 14 janvier. Vous pouvez maintenant voir les nouvelles pages et nouvelles modifications dans les r&#233;sultats de recherche. [//bugzilla.wikimedia.org/show_bug.cgi?id=59979]
* Des erreurs de &#171; d&#233;lai d&#233;pass&#233; &#187; se sont produites sur plusieurs wikis le 13 janvier ; ceci &#233;tait d&#251; &#224; une modification du code destin&#233;e &#224; r&#233;gler un autre probl&#232;me. [//bugzilla.wikimedia.org/show_bug.cgi?id=59993]
* Le 17 janvier, Bugzilla et Wikimedia Labs n&#8217;ont pas fonctionn&#233; durant 20 minutes &#224; cause de probl&#232;mes de connexion au serveur. Les canaux IRC de suivi des modifications r&#233;centes ([irc://irc.wikimedia.org irc.wikimedia.org]) ont &#233;t&#233; interrompus durant deux heures.  [http://lists.wikimedia.org/pipermail/wikitech-l/2014-January/074050.html]

'''&#201;volutions futures du logiciel'''
[[File:Echo Notifications new message indicator.png|353px|frame|La barre orange des nouveaux messages.]]
* Si vous avez d&#233;sactiv&#233; JavaScript dans votre navigateur web, vous pourrez bient&#244;t voir la barre orange indiquant que vous avez de nouveaux messages. Si vous avez modifi&#233; l&#8217;apparence de la barre avec un gadget, vous pourriez avoir besoin de modifier &#224; nouveau le gadget. [//bugzilla.wikimedia.org/show_bug.cgi?id=56974] [//gerrit.wikimedia.org/r/#/c/95102/]
* Il vous sera bient&#244;t possible de rejeter tous les fichiers qui viennent d&#8217;utilisateurs sp&#233;cifiques de ''Flickr'' et qui sont import&#233;s avec l&#8217;outil [[mw:Extension:UploadWizard|Assistant de t&#233;l&#233;versement]] sur Wikimedia Commons et sur les autres wikis qui utilisent cette extension. [//gerrit.wikimedia.org/r/42770]
* Vous verrez un avertissement lorsque vous essaierez de supprimer une page incluse dans au moins une autre page. [//gerrit.wikimedia.org/r/#/c/108188/]
* Les pages d&#8217;homonymies ne seront plus list&#233;es parmi les r&#233;sultats de la [[Special:LonelyPages|Page sp&#233;ciale:Pages orphelines]]. [//bugzilla.wikimedia.org/show_bug.cgi?id=3483] [https://gerrit.wikimedia.org/r/#/c/106435/]

'''''[[m:Special:MyLanguage/Tech/News|Actualit&#233;s techniques]]''' r&#233;dig&#233;es par les [[m:Special:MyLanguage/Tech/Ambassadors|ambassadeurs techniques]] et post&#233;es par le [[m:Special:MyLanguage/User:MediaWiki message delivery|syst&#232;me de distribution de messages MediaWiki]] &#8226; [[m:Special:MyLanguage/Tech/News#contribute|Contribuer]] &#8226; [[m:Special:MyLanguage/Tech/News/2014/04|Traduire]] &#8226; [[m:Tech|Obtenir de l&#8217;aide]] &#8226; [[m:Talk:Tech/News|Donner votre avis]] &#8226; [[m:Global message delivery/Targets/Tech ambassadors|S&#8217;inscrire ou se d&#233;sinscrire]].''
&lt;/div&gt; &lt;section end="technews-2014-W04"/&gt; 20 janvier 2014 &#224; 11:21 (CET)
&lt;!-- Message envoy&#233; par User:Guillom@metawiki en utilisant la liste &#224; http://meta.wikimedia.org/w/index.php?title=Global_message_delivery/Targets/Tech_ambassadors&amp;oldid=7102866 --&gt;

== L'article Sophie Lacoste est propos&#233; &#224; la suppression ==
[[Image:Icono consulta borrar.png|70px|link=|Page propos&#233;e &#224; la suppression|gauche]]
Bonjour,

L&#8217;article &#171; '''{{Lien &#224; supprimer|1=Sophie Lacoste}}''' &#187; est propos&#233; &#224; la suppression ({{cf.}} [[Wikip&#233;dia:Pages &#224; supprimer]]). Apr&#232;s avoir pris connaissance des [[Wikip&#233;dia:Crit&#232;res d'admissibilit&#233; des articles|crit&#232;res g&#233;n&#233;raux d&#8217;admissibilit&#233; des articles]] et des [[:Cat&#233;gorie:Wikip&#233;dia:Admissibilit&#233; des articles|crit&#232;res sp&#233;cifiques]], vous pourrez [[Aide:Arguments &#224; &#233;viter lors d'une proc&#233;dure de suppression|donner votre avis]] sur la page de discussion '''[[{{TALKPAGENAME:Sophie Lacoste}}/Suppression]]'''.

Le meilleur moyen d&#8217;obtenir un consensus pour la conservation de l&#8217;article est de fournir des [[Wikip&#233;dia:Citez vos sources|sources secondaires fiables et ind&#233;pendantes]]. Si vous ne pouvez trouver de telles sources, c&#8217;est que l&#8217;article n&#8217;est probablement pas admissible. N&#8217;oubliez pas que les [[Wikip&#233;dia:Principes fondateurs|principes fondateurs]] de Wikip&#233;dia ne garantissent aucun droit &#224; avoir un article sur Wikip&#233;dia. [[Utilisateur:Enrevseluj|Enrevseluj]] ([[Discussion utilisateur:Enrevseluj|discuter]]) 21 janvier 2014 &#224; 21:42 (CET)

== Merci de votre message ==

Concerne &#171; Quelques aides, conventions et recommandations sur Wikip&#233;dia &#187;.
--[[Utilisateur:Anandali|Anandali]] ([[Discussion utilisateur:Anandali|discuter]]) 22 janvier 2014 &#224; 08:48 (CET)

== la r&#233;f biblio que j'avais ajout&#233; &#224; l'article Freud ==

Bonsoir
J'ai ajout&#233; &#224; l'article Freud une r&#233;f biblio
Etude historique
Les Nuits savantes (de Jacqueline Carroy)

vous l'avez supprim&#233;e
- en faisant remarquer que cela allait plut&#244;t dans r&#234;ve (et enffet, il y a pas mal de temps d&#233;j&#224; j'ai d&#233;j&#224; ins&#233;r&#233; cette r&#233;f dans l'article r&#234;ve)
- vous l'avez supprim&#233; en estimant aussi que cela &#233;tait hors sujet :  ce n'est pas mon avis, avez vous lu ce livre ? Je l'ai lu avec la plus grande attention,  me suis entretenue avec l'auteur elle meme dont l'objectif d&#233;clar&#233; est "j'ai voulu rendre compte des lectures de Freud" . C'est un ouvrage tr&#232;s &#233;clairant, salutaire et tr&#232;s original parce qu'il n'est d'aucune ob&#233;dience mais au contraire &#233;crit par une historienne. Freud n'appara&#238;t plus un monolithe surgissant ex nihilo mais issu d'un si&#232;cle entier de recherches foisonnantes, pleine de libert&#233;s, de la part notamment des acad&#233;miciens fran&#231;ais. Qu'il a lus en fran&#231;ais et m&#234;me d&#233;vor&#233;s.  Aussi je trouve que la r&#233;f a on ne peut plus sa place dans l'article Freud. Un gros chapitre lui est &#233;videmment consacr&#233;, l'ouvrage y converge tout entier.      Attentivement, --[[Utilisateur:Mocaya|Mocaya]] ([[Discussion utilisateur:Mocaya|discuter]]) 23 janvier 2014 &#224; 19:51 (CET)

:(Suite : ) je vois que vous m'avez adress&#233; un message, je peux donc r&#233;tablir cette r&#233;f dans l'article Freud ? J'avoue que je ne comprends pas si c'est un accord ? --[[Utilisateur:Mocaya|Mocaya]] ([[Discussion utilisateur:Mocaya|discuter]]) 23 janvier 2014 &#224; 20:04 (CET)
::(Suite) : je relis le message que vous m'avez envoy&#233; : j'ai l'impression que c'est un message type que vous envoyez &#224; de nombreux destinataires ? Il n'y a rien qui concerne le fond du sujet. Pourquoi avoir supprim&#233; cette r&#233;f&#233;rence ? A l'avance merci de votre r&#233;ponse.&lt;br/&gt;{{Non sign&#233;|Mocaya|24 janvier 2014 &#224; 10:15 (CET)}}
:::Suite: merci pour votre message, je comprends mieux - d&#232;s que j'aurai du temps disponible je suivrai vos conseils afin cette r&#233;f&#233;rence s'int&#232;gre -( &#233;ventuellement!) plus intimement au corps de l'article, gr&#226;ce &#224; un passage d&#233;j&#224; existant ou une incise &#224; cr&#233;er dans le corps de l'article, avec appel de note. Cordialement--[[Utilisateur:Mocaya|Mocaya]] ([[Discussion utilisateur:Mocaya|discuter]]) 24 janvier 2014 &#224; 16:07 (CET)

== RCH ==

Bonjour, peut-on parler de ''Traitement traditionnel alternatif'' si on en est &#224; des  tests ''chez l'animal de laboratoire''. Le titre ne me parait pas appropri&#233;.--Cordialement. ''' [[Discussion utilisateur:Pramzan|pramzan]]''' 24 janvier 2014 &#224; 15:56 (CET)

== [[Special:redirect/page/7692863|RAW 2014-01-24]] ==

{{RAW/PdD|2014-01-24}} &#8212; [[Utilisateur:Cantons-de-l'Est|Cantons-de-l'Est]] &lt;sup&gt;[[Discussion utilisateur:Cantons-de-l'Est|&lt;span style="color:#008000;"&gt;discuter&lt;/span&gt;]]&lt;/sup&gt; 24 janvier 2014 &#224; 18:53 (CET)
&lt;!-- Message envoy&#233; par User:Cantons-de-l'Est@frwiki en utilisant la liste &#224; http://fr.wikipedia.org/w/index.php?title=Wikip%C3%A9dia:RAW/Inscription&amp;oldid=100505887 --&gt;

== Wikidata weekly summary #94 ==

&lt;div class="plainlinks mw-content-ltr" lang="en" dir="ltr"&gt;
[[File:Wikidata-logo-en.svg|150px|right]]
&lt;div style="margin-top:10px; padding-left:5px; font-family:Georgia, Palatino, Palatino Linotype, Times, Times New Roman, serif;"&gt;''Here's your quick overview of what has been happening around Wikidata over the last week.''&lt;/div&gt;
&lt;div style="-moz-column-count:2; -webkit-column-count:2; column-count:2;"&gt;
* Discussions
** [[:d:Wikidata:Project chat#P31 for animals|Discussion about using 'instance of' specific for animals]]
* Events/Blogs/Press
** Next Wikidata IRC office hour on Monday, February 3rd
** FOSDEM
* Other Noteworthy Stuff
** The [[:d:Wikidata:Development plan|Wikidata Development Plan]] for 2014+ has been published
** [http://tools.wmflabs.org/wikidata-todo/stats.php Wikidata stats] now also includes statistics for ranks
* Did you know?
** Newest properties: [[:d:Property:P1076|ICTV virus ID]], [[:d:Property:P1075|rector]], [[:d:Property:P1074|fictional analog of]], [[:d:Property:P1073|writable file format]], [[:d:Property:P1072|readable file format]], [[:d:Property:P1071|place made]]
** [[d:Wikidata:Showcase items|Showcase items]]: [[:d:Q14560|Cactaceae]]
* Development
** Daniel and Katie took part in the MediaWiki Architecture Summit in San Francisco
** [[Bugzilla:60027]] Add language to label and description field to make it less likely that people enter a label or description in a wrong language
** [[Bugzilla:58394]] Avoid throwing out of bounds error when adding new claims
** [[Bugzilla:50570]] API now reveals qualifier hashes
** [[Bugzilla:57213]] API now reveals data type ids
** [[Bugzilla:57754]] Die if wbeditentity tries to clear from an old revision id
** [[Bugzilla:55795]] Add API option to show snaks in a list rather than grouped by property
** Refactor of ChangeOp remove functionality
** Continued to move parsing and validating of values from the frontend into the backend to improve performance and make the non-JS user interface more useful
** Finished the Wikidata build script (We use it to pull together code from various git repositories into a single one for deployment)
* Monthly Tasks
** [[:d:Wikidata:Database reports/Constraint violations/P1001|Fix a format or content violation]] for the [[:d:Property:P1001|belongs to jurisdiction (P1001)]] property
** Hack on one of [https://bugzilla.wikimedia.org/buglist.cgi?keywords=need-volunteer%2C%20&amp;keywords_type=allwords&amp;emailcc1=1&amp;resolution=---&amp;emailtype1=exact&amp;emailassigned_to1=1&amp;query_format=advanced&amp;email1=wikidata-bugs%40lists.wikimedia.org&amp;list_id=162515 these].
** Help develop the next summary [[d:Wikidata:Status updates/Next|here!]]
** Contribute to a [[:d:Wikidata:Showcase|Showcase item]]
&lt;/div&gt;
&lt;div style="margin-top:10px; font-size:90%; padding-left:5px; font-family:Georgia, Palatino, Palatino Linotype, Times, Times New Roman, serif;"&gt;'''[[m:Wikidata/Status updates/2014 01 24|Read the full report]]''' &amp;middot; [[m:Global message delivery/Targets/Wikidata|Unsubscribe]] &amp;middot; [[:d:User:John F. Lewis|John F. Lewis]] 25 janvier 2014 &#224; 00:57 (CET)
&lt;/div&gt;
&lt;/div&gt;
&lt;!-- Message envoy&#233; par User:John F. Lewis@metawiki en utilisant la liste &#224; http://meta.wikimedia.org/w/index.php?title=Global_message_delivery/Targets/Wikidata&amp;oldid=7197111 --&gt;

== ''The Signpost'': 22 January 2014 ==

&lt;div style="margin-top:10px; font-size:90%; padding-left:5px; font-family:Georgia, Palatino, Palatino Linotype, Times, Times New Roman, serif;"&gt;''News, reports and features from the English Wikipedia's weekly journal about Wikipedia and Wikimedia''&lt;/div&gt;
&lt;div style="-moz-column-count:2; -webkit-column-count:2; column-count:2;"&gt;
* Book review: [[w:en:Wikipedia:Wikipedia Signpost/2014-01-22/Book review|''Missing Links and Secret Histories: A Selection of Wikipedia Entries from Across the Known Multiverse'']]
* Special report: [[w:en:Wikipedia:Wikipedia Signpost/2014-01-22/Special report|The few who write Wikipedia]]
* News and notes: [[w:en:Wikipedia:Wikipedia Signpost/2014-01-22/News and notes|Modification of WMF protection brought to Arbcom]]
* Featured content: [[w:en:Wikipedia:Wikipedia Signpost/2014-01-22/Featured content|Dr. Watson, I presume with the Tramp]]* Traffic report: [[w:en:Wikipedia:Wikipedia Signpost/2014-01-22/Traffic report|No show for the Globes]]
* Technology report: [[w:en:Wikipedia:Wikipedia Signpost/2014-01-22/Technology report|Architecting the future of MediaWiki]]&lt;/div&gt;
&lt;div style="margin-top:10px; font-size:90%; padding-left:5px; font-family:Georgia, Palatino, Palatino Linotype, Times, Times New Roman, serif;"&gt;'''[[w:en:Wikipedia:Wikipedia Signpost|Read this Signpost in full]]''' &amp;middot; [[w:en:Wikipedia:Signpost/Single|Single-page]] &amp;middot; [[m:Global message delivery/Targets/Signpost|Unsubscribe]] &amp;middot; [[m:Global message delivery|Global message delivery]] 25 janvier 2014 &#224; 01:54 (CET)
&lt;/div&gt;
&lt;!-- EdwardsBot 0673 --&gt;

== Du nouveau sur WPO ==
&lt;center&gt;{{M&#233;ta cadre
 | width   = 60%
 | couleur = lightcyan
 | fond    = lightgreen
 | bordure = yellow
 | image   = WPO.png
 | titre   = '''Du nouveau sur WPO'''
 | bas     = {{#if:|'''{{{bas}}}'''|http://orikrin.wordpress.com/ &#8212;&#8212;&#8212; [[Utilisateur:Orikrin1998/Blog|abonnez-vous]] !}}
 | contenu = &lt;font face="Courier New"&gt;&lt;span class=plainlinks&gt;Un ''[https://orikrin.wordpress.com/2014/01/26/notifications-et-liverc-ou-fonctionnent-elles-comment-evolue-t-il/ nouvel article]'' a &#233;t&#233; publi&#233; sur WPO le 26 janvier 2014 !&lt;/span&gt;&lt;/font&gt;
}}&lt;/center&gt;

== Wikimag n&#176;304 - Semaine 4 ==
{{Wikimag message|304|2014|4}} [[Utilisateur:BeBot|BeBot]] ([[Discussion utilisateur:BeBot|discuter]]) 27 janvier 2014 &#224; 05:07 (CET)

== [[m:Special:MyLanguage/Tech/News/2014/05|Tech News: 2014-05]] ==

&lt;section begin="technews-2014-W05"/&gt;&lt;div class="plainlinks mw-content-ltr" lang="fr" dir="ltr"&gt;
Derni&#232;res '''[[m:Special:MyLanguage/Tech/News|actualit&#233;s techniques]]''' de la communaut&#233; technique Wikimedia. Veuillez informer les autres utilisateurs de ces changements. Certains changements ne vous concernent pas. [[m:Special:MyLanguage/Tech/News/2014/05|D&#8217;autres traductions]] sont disponibles.

'''Changements r&#233;cents du logiciel'''

* Les pages des sites Wikimedia se chargent maintenant plus rapidement dans votre navigateur gr&#226;ce au &#171; stockage de module &#187;, une fa&#231;on pour votre navigateur de sauvegarder des donn&#233;es comme JavaScript et CSS sur votre ordinateur, pour &#233;viter de les t&#233;l&#233;charger &#224; nouveau. [[:File:Ori Livneh, Site performance update, January 2014.webm|Voir la vid&#233;o]]. [http://lists.wikimedia.org/pipermail/wikitech-l/2014-January/074140.html]
* Le code utilis&#233; pour montrer des vid&#233;os a chang&#233;. Vous devriez pouvoir lire la vid&#233;o sur la page avec le bouton de lecture au-dessus de la vid&#233;o. Si vous voyez le bouton de lecture &#224; droite de la vid&#233;o ou si un clic sur la vid&#233;o vous m&#232;ne au fichier original, veuillez [https://bugzilla.wikimedia.org/enter_bug.cgi?product=MediaWiki%20extensions&amp;component=TimedMediaHandler signaler l&#8217;anomalie] ou en discuter avec [[mw:User talk:Bawolff|User:Bawolff]]. [//bugzilla.wikimedia.org/55550]
* La page sp&#233;ciale listant les utilisateurs actifs (&lt;code&gt;Special:ActiveUsers&lt;/code&gt;) sera enlev&#233;e parce qu&#8217;elle est trop lente. [//gerrit.wikimedia.org/r/107988]
* La derni&#232;re version de MediaWiki ([[mw:MediaWiki 1.23/wmf11|1.23wmf11]]) a &#233;t&#233; ajout&#233;e pour tester les  wikis  et  Mediawiki.org le 16 janvier. Elle sera activ&#233;e sur tous les sites ext&#233;rieurs &#224; Wikip&#233;dia le 28 janvier, et sur toutes les &#233;ditions de Wikip&#233;dia le 30 janvier 2014. ([[mw:MediaWiki 1.23/Roadmap|calendrier]])

'''Probl&#232;mes'''
* Le 21 janvier, le [[mw:Special:MyLanguage/Extension:UniversalLanguageSelector|S&#233;lecteur universel de langues]] a &#233;t&#233; d&#233;sactiv&#233; par d&#233;faut sur tous les sites Wikimedia car [[mw:Special:MyLanguage/Universal Language Selector/Announcement Jan2014|il ralentit trop le chargement des pages (une traduction fran&#231;aise de l&#8217;annonce est &#233;galement disponible)]]. Si vous voulez utiliser les polices web, ou &#233;crire dans des syst&#232;mes d&#8217;&#233;criture et alphabets non disponibles sur votre clavier, vous devez l&#8217;ajouter en option [[Special:Preferences#mw-prefsection-personal|dans vos pr&#233;f&#233;rences]]. La fonctionnalit&#233; sera r&#233;activ&#233;e lorsque les probl&#232;mes seront r&#233;solus. [//bugzilla.wikimedia.org/56433]
* Durant 20 minutes le 9 janvier, il y a eu des probl&#232;mes avec [[m:fr:Feuilles de style en cascade|les feuilles de style CSS]] et [[m:fr:JavaScript|JavaScript]] &#224; cause d&#8217;une charge de travail &#233;lev&#233;e des serveurs.

'''&#201;volutions futures du logiciel'''
* Vous pouvez [[mw:Talk:Winter|donner vos avis et commentaires]] sur la nouvelle version de &#171; [http://unicorn.wmflabs.org/winter/ Winter] &#187;, une proposition pour avoir une barre d&#8217;outils fixe en haut des pages wiki. [http://lists.wikimedia.org/pipermail/design/2014-January/001411.html]

'''''[[m:Special:MyLanguage/Tech/News|Actualit&#233;s techniques]]''' pr&#233;par&#233;es par les [[m:Special:MyLanguage/Tech/Ambassadors|ambassadeurs techniques]] et post&#233;es par le [[m:Special:MyLanguage/User:MediaWiki message delivery|syst&#232;me de distribution global]] &#8226; [[m:Special:MyLanguage/Tech/News#contribute|Contribuer]] &#8226; [[m:Special:MyLanguage/Tech/News/2014/05|Traduire]] &#8226; [[m:Tech|Obtenir de l&#8217;aide]] &#8226; [[m:Talk:Tech/News|Donner votre avis]] &#8226; [[m:Global message delivery/Targets/Tech ambassadors|S&#8217;inscrire ou se d&#233;sinscrire]].''
&lt;/div&gt; &lt;section end="technews-2014-W05"/&gt; 27 janvier 2014 &#224; 10:46 (CET)
&lt;!-- Message envoy&#233; par User:Guillom@metawiki en utilisant la liste &#224; http://meta.wikimedia.org/w/index.php?title=Global_message_delivery/Targets/Tech_ambassadors&amp;oldid=7227365 --&gt;

== D&#233;sol&#233;... ==

... d'avoir effac&#233; par erreur vos derni&#232;res modifications sur l'article concernant l'Ayurveda, mais j'avais effectu&#233; les miennes sur un fichier ant&#233;rieur aux v&#244;tres. D'o&#249; l'erreur. Sans rancune? :-)
--[[Utilisateur:Anandali|Anandali]] ([[Discussion utilisateur:Anandali|discuter]]) 29 janvier 2014 &#224; 06:31 (CET)

== [[Ywesee]] ==

Hello,

j'ai laiss&#233; un commentaire expliquant la raison de mon bandeau sur la page de discussion de l'article : [[Discussion:Ywesee]]. D&#233;sol&#233; de ne pas l'avoir fait hier soir comme promis, je n'ai finalement pas eu le temps. Cordialement --[[Utilisateur:Abaddon1337|Abaddon1337]] ([[Discussion utilisateur:Abaddon1337|discuter]]) 30 janvier 2014 &#224; 08:27 (CET)

== [[:Wikip&#233;dia:RAW/2014-01-31|RAW 2014-01-31]] ==

{{RAW/PdD|2014-01-31}} &#8212; [[Utilisateur:Cantons-de-l'Est|Cantons-de-l'Est]] &lt;sup&gt;[[Discussion utilisateur:Cantons-de-l'Est|&lt;span style="color:#008000;"&gt;discuter&lt;/span&gt;]]&lt;/sup&gt; 31 janvier 2014 &#224; 19:31 (CET)
&lt;!-- Message envoy&#233; par User:Cantons-de-l'Est@frwiki en utilisant la liste &#224; http://fr.wikipedia.org/w/index.php?title=Wikip%C3%A9dia:RAW/Inscription&amp;oldid=100580598 --&gt;

== Wikidata weekly summary #95 ==

&lt;div class="plainlinks mw-content-ltr" lang="en" dir="ltr"&gt;
[[File:Wikidata-logo-en.svg|150px|right]]
&lt;div style="margin-top:10px; padding-left:5px; font-family:Georgia, Palatino, Palatino Linotype, Times, Times New Roman, serif;"&gt;''Here's your quick overview of what has been happening around Wikidata over the last week.''&lt;/div&gt;
&lt;div style="-moz-column-count:2; -webkit-column-count:2; column-count:2;"&gt;
* Discussions
** [[:d:Wikidata:Project chat#Cactaceae (Q14560) as showcase item ? P31 as a qualifier ?|Discussion over P31 as a qualifier]]
** Open RfA: [[:d:Wikidata:Requests for permissions/Administrator/Sjoerddebruin|Sjoerddebruin]]
* Events/Blogs/Press
** Wikidata is at FOSDEM in Brussels, Februrary 1st-2nd
* Other Noteworthy Stuff
** Quantities released on Wikidata!
** Wikisource [[:d:Wikidata:Phase 2|phase 2]] coming Februrary 25th.
* Did you know?
** Newest properties:  [[:d:Property:P1110|attendance]], [[:d:Property:P1109|refractive index]], [[:d:Property:P1108|electronegativity]], [[:d:Property:P1107|proportion]], [[:d:Property:P1106|sandbox-quantity]], [[:d:Property:P1104|number of pages]], [[:d:Property:P1103|number of platforms ]], [[:d:Property:P1102|flattening]], [[:d:Property:P1101|floors above ground]], [[:d:Property:P1100|number of cylinders]], [[:d:Property:P1099|masts]], [[:d:Property:P1098|number of speakers]], [[:d:Property:P1097|g-factor]], [[:d:Property:P1096|orbital eccentricity]], [[:d:Property:P1093|gross tonnage]], [[:d:Property:P1092|total produced]], [[:d:Property:P1090|redshift]], [[:d:Property:P1088|Mohs' hardness]], [[:d:Property:P1087|ELO rating]], [[:d:Property:P1086|atomic number]], [[:d:Property:P1085|LibraryThing work identifier]], [[:d:Property:P1084|EUL control number]], [[:d:Property:P1083|capacity]], [[:d:Property:P1082|population]], [[:d:Property:P1081|Human Development Index]], [[:d:Property:P1080|from narrative]], [[:d:Property:P1079|launch contractor]], [[:d:Property:P1078|valvetrain configuration]], [[:d:Property:P1077|KOATUU identifier]]
* Development
** Deployed quantities to Wikidata! :)
** Made patch to make wbmergeitems more reliable [[Bugzilla::55960]]
** Wikidata edit permissions now included in [https://gerrit.wikimedia.org/r/#/c/109333/ wikimedia OAuth edit groups]
** Moved Diff repo to [https://github.com/wmde/Diff Github]
** Work put into make the frontend use backend formatters through the api
** Refactoring of the [https://github.com/wmde/ValueView ValueView extension]
** MergeItems special page merged as an experimental feature
** Our easy RDF fork is now included using composer
** Fixed wbmergeitems issues
* Monthly Tasks
** [[:d:Wikidata:Database reports/Constraint violations/P1001|Fix a format or content violation]] for the [[:d:Property:P1001|belongs to jurisdiction (P1001)]] property
** Hack on one of [https://bugzilla.wikimedia.org/buglist.cgi?keywords=need-volunteer%2C%20&amp;keywords_type=allwords&amp;emailcc1=1&amp;resolution=---&amp;emailtype1=exact&amp;emailassigned_to1=1&amp;query_format=advanced&amp;email1=wikidata-bugs%40lists.wikimedia.org&amp;list_id=162515 these].
** Help develop the next summary [[d:Wikidata:Status updates/Next|here!]]
** Contribute to a [[:d:Wikidata:Showcase|Showcase item]]
&lt;/div&gt;
&lt;div style="margin-top:10px; font-size:90%; padding-left:5px; font-family:Georgia, Palatino, Palatino Linotype, Times, Times New Roman, serif;"&gt;'''[[:d:Wikidata:Status updates/2014 01 31|Read the full report]]''' &amp;middot; [[m:Global message delivery/Targets/Wikidata|Unsubscribe]] &amp;middot; [[:d:User:John F. Lewis|John F. Lewis]] 1 f&#233;vrier 2014 &#224; 00:37 (CET)
&lt;/div&gt;
&lt;/div&gt;
&lt;!-- Message envoy&#233; par User:John F. Lewis@metawiki en utilisant la liste &#224; http://meta.wikimedia.org/w/index.php?title=Global_message_delivery/Targets/Wikidata&amp;oldid=7249659 --&gt;

==  ''The Signpost'': 29 January 2014 ==

&lt;div lang="en" dir="ltr" class="mw-content-ltr"&gt;&lt;div style="margin-top:10px; font-size:90%; padding-left:5px; font-family:Georgia, Palatino, Palatino Linotype, Times, Times New Roman, serif;"&gt;''News, reports and features from the English Wikipedia's weekly journal about Wikipedia and Wikimedia''&lt;/div&gt;
&lt;div style="-moz-column-count:2; -webkit-column-count:2; column-count:2;"&gt;
* News and notes: [[w:en:Wikipedia:Wikipedia Signpost/2014-01-29/News and notes|Wiki-PR defends itself, condemns Wikipedia's actions]]
* Traffic report: [[w:en:Wikipedia:Wikipedia Signpost/2014-01-29/Traffic report|Six strikes out]]
* WikiProject report: [[w:en:Wikipedia:Wikipedia Signpost/2014-01-29/WikiProject report|Contesting Contests]]
* Arbitration report: [[w:en:Wikipedia:Wikipedia Signpost/2014-01-29/Arbitration report|''Kafziel'' case closed; Kww admonished by motion]]
* Recent research: [[w:en:Wikipedia:Wikipedia Signpost/2014-01-29/Recent research|Translation assignments, weasel words, and Wikipedia's content in its later years]]&lt;/div&gt;
&lt;div style="margin-top:10px; font-size:90%; padding-left:5px; font-family:Georgia, Palatino, Palatino Linotype, Times, Times New Roman, serif;"&gt;'''[[w:en:Wikipedia:Wikipedia Signpost|Read this Signpost in full]]''' &amp;middot; [[w:en:Wikipedia:Signpost/Single|Single-page]] &amp;middot; [[m:Global message delivery/Targets/Signpost|Unsubscribe]] &amp;middot; [[m:Global message delivery|Global message delivery]] 1 f&#233;vrier 2014 &#224; 21:31 (CET)
&lt;/div&gt;&lt;/div&gt;
&lt;!-- Message envoy&#233; par User:The ed17@metawiki en utilisant la liste &#224; http://meta.wikimedia.org/w/index.php?title=Global_message_delivery/Targets/Signpost&amp;oldid=7284907 --&gt;

== David Reimer : annulation de mes modifications == 

Bonjour '''{{BASEPAGENAME}}''',

Merci pour vos conseils concernant les modifications que j'ai r&#233;cemment effectu&#233;es sur la page de David Reimer (essentiellement des traductions de la version anglophone) et qui, selon vous, "apportent plus de confusion au lecteur francophone que la version que vous souhaiteriez enrichir".
Afin d'am&#233;liorer au mieux la page, pourriez-vous m'indiquer les passages que vous jugez confus ?
--[[Utilisateur:Saphiaah|Saphiaah]] ([[Discussion utilisateur:Saphiaah|discuter]]) 2 f&#233;vrier 2014 &#224; 22:59 (CET)

:Bonjour '''{{BASEPAGENAME}}''', Merci pour votre derni&#232;re modification, qui reprend effectivement en les am&#233;liorant mes derniers enrichissements. Concernant le terme "genr&#233;" : je trouvais la formulation moins lourde que "selon les normes binaires conformes au genre" Ce terme est parfois utilis&#233; (par exemple ici : http://genre.francophonie.org/spip.php?article806), et, d&#233;rivant directement de "genre", me semblait clair. Cordialement. --[[Utilisateur:Saphiaah|Saphiaah]] ([[Discussion utilisateur:Saphiaah|discuter]]) 3 f&#233;vrier 2014 &#224; 12:08 (CET)

== Wikimag n&#176;305 - Semaine 5 ==
{{Wikimag message|305|2014|5}} [[Utilisateur:BeBot|BeBot]] ([[Discussion utilisateur:BeBot|discuter]]) 3 f&#233;vrier 2014 &#224; 05:07 (CET)

== [[m:Special:MyLanguage/Tech/News/2014/06|Tech News: 2014-06]] ==

&lt;section begin="technews-2014-W06"/&gt;&lt;div class="plainlinks mw-content-ltr" lang="fr" dir="ltr"&gt;
Derni&#232;res '''[[m:Special:MyLanguage/Tech/News|actualit&#233;s techniques]]''' de la communaut&#233; technique Wikimedia. Veuillez informer les autres utilisateurs de ces changements. Certains changements ne vous concernent pas. [[m:Special:MyLanguage/Tech/News/2014/06|D&#8217;autres traductions]] sont disponibles.

'''Changements r&#233;cents du logiciel'''
* La derni&#232;re version de MediaWiki ([[mw:MediaWiki 1.23/wmf12|1.23wmf12]]) a &#233;t&#233; ajout&#233;e aux wikis de test et de Mediawiki.org le 30 janvier. Elle sera activ&#233;e sur tous les sites hors de Wikip&#233;dia le 4 f&#233;vrier, et sur toutes les &#233;ditions de Wikip&#233;dia le 6 f&#233;vrier 2014. ([[mw:MediaWiki 1.23/Roadmap|calendrier]])
* Les r&#232;gles globales du [[mw:Extension:AbuseFilter|Filtre anti-abus]] sont d&#233;sormais actives sur tous les  [//noc.wikimedia.org/conf/small.dblist petits wikis]. [//bugzilla.wikimedia.org/show_bug.cgi?id=60408] [//gerrit.wikimedia.org/r/#/c/109435/]
* Les boutons utilis&#233;s sur les pages telles que la connexion, la cr&#233;ation de compte et la recherche utilisent d&#233;sormais les [[:mw:UX standardization|m&#234;mes styles et couleurs]]. [//bugzilla.wikimedia.org/show_bug.cgi?id=58297] [//gerrit.wikimedia.org/r/#/c/103494/]
* Vous pouvez maintenant &#233;tablir des liens vers des diff&#233;rences de versions de pages en utilisant &lt;code&gt;&lt;nowiki&gt;[[Special:Diff/12345]]&lt;/nowiki&gt;&lt;/code&gt; et des liens similaires. [//gerrit.wikimedia.org/r/#/c/63395/]
* La pr&#233;f&#233;rence utilisateur permettant de masquer les sommaires de toutes les pages a &#233;t&#233; supprim&#233;e. [//bugzilla.wikimedia.org/show_bug.cgi?id=52813]
* La recherche dans l&#8217;espace de noms &lt;code&gt;File:&lt;/code&gt; sur Wikimedia Commons est maintenant plus rapide, depuis qu&#8217;une anomalie a &#233;t&#233; corrig&#233;e le 29 janvier. [//gerrit.wikimedia.org/r/#/c/110191/]
* Tous les wikis de Wikimedia ont maintenant des [[m:fr:Favicon|ic&#244;nes de raccourcis]] (''favicons'') en haute r&#233;solution. [//bugzilla.wikimedia.org/show_bug.cgi?id=45036]

'''Nouvelles de l&#8217;&#201;diteurVisuel'''
* Vous pouvez maintenant afficher une liste de raccourcis clavier en pressant &lt;span style="white-space:nowrap"&gt;&lt;kbd class="keyboard-key nowrap" style="border:1px solid #aaa; background-color: #f9f9f9; padding: 1px 3px; font-family: inherit"&gt;Ctrl&lt;/kbd&gt;+&lt;kbd class="keyboard-key nowrap" style="border: 1px solid #aaa; background-color: #f9f9f9; padding: 1px 3px; font-family: inherit"&gt;/&lt;/kbd&gt;&lt;/span&gt; dans l&#8217;&#201;diteurVisuel [//gerrit.wikimedia.org/r/#/c/107153/]

'''Changements &#224; venir du logiciel'''
* Les modifications et fichiers cach&#233;s avec l&#8217;outil de [[mw:Extension:Oversight|Supervision]] (''Oversight'') ont &#233;t&#233; d&#233;plac&#233;s vers le syst&#232;me de [[mw:Help:RevisionDelete|Suppression de versions]]. L&#8217;outil de supervision sera par la suite supprim&#233; des wikis de Wikimedia. [//bugzilla.wikimedia.org/show_bug.cgi?id=60373] [//bugzilla.wikimedia.org/show_bug.cgi?id=18598] [//gerrit.wikimedia.org/r/#/c/18229/]
* Pour les langues dont tous les projets fr&#232;res n&#8217;existent pas, vous pourrez cr&#233;er des liens vers d&#8217;autres &#233;ditions linguistiques des projets au moyen de doubles codes interwikis (&lt;code&gt;:ko:v&lt;/code&gt;, &lt;code&gt;:v:ko&lt;/code&gt;, etc.). [//gerrit.wikimedia.org/r/#/c/94716/]
* Il sera bient&#244;t possible d&#8217;utiliser l&#8217;outil [[mw:Extension:GettingStarted|Pour commencer]] sur les autres wikis que l&#8217;&#233;dition anglophone de Wikip&#233;dia. Vous pouvez le traduire sur [//translatewiki.net/w/i.php?title=Special:MessageGroupStats&amp;x=D&amp;group=ext-gettingstarted&amp;suppressempty=1&amp;language= Translatewiki.net]. [http://lists.wikimedia.org/pipermail/wikitech-ambassadors/2014-January/000561.html]
* Vous pourrez bient&#244;t inclure la page [[Special:Contributions|Sp&#233;cial:Contributions]] dans d&#8216;autres pages. [//gerrit.wikimedia.org/r/#/c/106320/]
* Vous pourrez voir o&#249; un fichier est utilis&#233; depuis la [[mw:Extension:MultimediaViewer|visionneuse multim&#233;dia]] (''MultimediaViewer''), le nouvel outil permettant de visualiser les fichiers m&#233;dias. [//bugzilla.wikimedia.org/show_bug.cgi?id=60087] [//gerrit.wikimedia.org/r/#/c/107993/]
* Il sera bient&#244;t possible d&#8217;envoyer des messages diffus&#233;s par l&#8217;outil [[mw:Extension:MassMessage|Message en masse]] (''MassMessage'') en utilisant l&#8217;API. [//gerrit.wikimedia.org/r/#/c/87311/]
* Vous pourrez bient&#244;t consulter des statistiques audio sur la page [[Special:TimedMediaHandler|Sp&#233;cial:Gestionnaire de m&#233;dias temporis&#233;s]] (''TimedMediaHandler''). [//gerrit.wikimedia.org/r/#/c/97998/]

'''''[[m:Special:MyLanguage/Tech/News|Actualit&#233;s techniques]]''' pr&#233;par&#233;es par les [[m:Special:MyLanguage/Tech/Ambassadors|ambassadeurs techniques]] et post&#233;es par le [[m:Special:MyLanguage/User:MediaWiki message delivery|syst&#232;me MediaWiki de distribution de messages]] &#8226; [[m:Special:MyLanguage/Tech/News#contribute|Contribuer]] &#8226; [[m:Special:MyLanguage/Tech/News/2014/06|Traduire]] &#8226; [[m:Tech|Obtenir de l&#8217;aide]] &#8226; [[m:Talk:Tech/News|Donner votre avis]] &#8226; [[m:Global message delivery/Targets/Tech ambassadors|S&#8217;inscrire ou se d&#233;sinscrire]].''
&lt;/div&gt; &lt;section end="technews-2014-W06"/&gt; 3 f&#233;vrier 2014 &#224; 09:30 (CET)
&lt;!-- Message envoy&#233; par User:Guillom@metawiki en utilisant la liste &#224; http://meta.wikimedia.org/w/index.php?title=Global_message_delivery/Targets/Tech_ambassadors&amp;oldid=7321633 --&gt;

== ''The Signpost'': 29 January 2014 ==

&lt;div style="margin-top:10px; font-size:90%; padding-left:5px; font-family:Georgia, Palatino, Palatino Linotype, Times, Times New Roman, serif;"&gt;''News, reports and features from the English Wikipedia's weekly journal about Wikipedia and Wikimedia''&lt;/div&gt;
&lt;div style="-moz-column-count:2; -webkit-column-count:2; column-count:2;"&gt;
* News and notes: [[w:en:Wikipedia:Wikipedia Signpost/2014-01-29/News and notes|Wiki-PR defends itself, condemns Wikipedia's actions]]
* Traffic report: [[w:en:Wikipedia:Wikipedia Signpost/2014-01-29/Traffic report|Six strikes out]]
* WikiProject report: [[w:en:Wikipedia:Wikipedia Signpost/2014-01-29/WikiProject report|Contesting Contests]]
* Arbitration report: [[w:en:Wikipedia:Wikipedia Signpost/2014-01-29/Arbitration report|''Kafziel'' case closed; Kww admonished by motion]]
* Recent research: [[w:en:Wikipedia:Wikipedia Signpost/2014-01-29/Recent research|Translation assignments, weasel words, and Wikipedia's content in its later years]]&lt;/div&gt;
&lt;div style="margin-top:10px; font-size:90%; padding-left:5px; font-family:Georgia, Palatino, Palatino Linotype, Times, Times New Roman, serif;"&gt;'''[[w:en:Wikipedia:Wikipedia Signpost|Read this Signpost in full]]''' &amp;middot; [[w:en:Wikipedia:Signpost/Single|Single-page]] &amp;middot; [[m:Global message delivery/Targets/Signpost|Unsubscribe]] &amp;middot; [[m:Global message delivery|Global message delivery]] 3 f&#233;vrier 2014 &#224; 11:28 (CET)
&lt;/div&gt;
&lt;!-- EdwardsBot 0674 --&gt;

== Modification de l'article {{a'|myopie}} ==
Bonjour,

serait-il possible que vous annuliez a chaque fois les contributions que j'apporte &#224; l'article myopie sur lequel j'ai pass&#233; du temps afin de le rendre plus complet et accessible sur wikip&#233;dia dans la mesure ou vous ne faites m&#234;me pas des remarques sur le sujet
Merci de prendre la peine de r&#233;pondre

{{Non sign&#233;|True-script|3 f&#233;vrier 2014 &#224; 18:52&#8206; (CET)}}

:Re-Bonsoir Boniface,&lt;br&gt;Je comprend mieux la suppression de ma contribution cependant, je ne pense pas avoir tr&#232;s transgress&#233; les probl&#232;me de typographie dans la mesure ou je n'en ai quasiment pas fait, c'est pourquoi, est-ce que vous pourriez juste modifier les petits points qui ne vont pas sans supprimer toute ma contribution ? Merci par avance&lt;br&gt;{{Non sign&#233;|True-script|3 f&#233;vrier 2014 &#224; 19:08&#8206; (CET)}}

== [[Callosotomie]] ==
Bonjour,

Par rapport &#224; ton [https://fr.wikipedia.org/w/index.php?title=Callosotomie&amp;diff=100915246&amp;oldid=100912636 commentaire de diff], bien s&#251;r que si : si je veux conna&#238;tre des liens ou des ouvrages/articles sur le sujet, je vais voir dans la section &#171;&#160;Liens externes&#160;&#187; ou &#171;&#160;Bibliographie&#160;&#187;, les r&#233;f&#233;rences n'ont, en th&#233;orie, rien &#224; voir, m&#234;me si effectivement elles peuvent se baser sur une partie de la bibliographie. D'ailleurs pour bien faire, il faudrait tout placer dans ces sections, puis utiliser le mod&#232;le {{m|harvsp}} pour utiliser la bibliographie en r&#233;f. Bref, c'est une erreur d'avoir tout enlev&#233;. Mais bon, je ne compte pas me battre...

Cordialement, --[[Utilisateur:Floflo|Floflo]] ([[Discussion utilisateur:Floflo|discuter]]) 5 f&#233;vrier 2014 &#224; 00:22 (CET)
:''Oui, d&#233;sol&#233;, bien s&#251;r que l'article avec des {{m|harvsp}} aurait "de la gueule". Je n'avais pas capt&#233; que tu voulais te lancer dans une telle d&#233;monstration, je pensais r&#233;pondre &#224; un contributeur r&#233;cemment inscrit qui aurait voulu un regard "wiki-technique" pour une premi&#232;re cr&#233;ation. C'est avec plaisir que je reviendrai lire l'article si tu mets &#231;a en place {{Incise|le Mod&#232;le Harvard sp}} sur un mode didactique pour r&#233;pondre aux remarquables efforts de cr&#233;ation encyclop&#233;dique de {{u'|Valcat96}}. Cordialement --[[Utilisateur:BonifaceFR|BonifaceFR]] ([[Discussion utilisateur:BonifaceFR|discuter]]) 5 f&#233;vrier 2014 &#224; 00:40 (CET)''
::Merci pour ta r&#233;ponse. Pour l'instant je n&#8217;avais pas pr&#233;vu de placer des mod&#232;les Harvard-sp, mais quand bien m&#234;me ils ne sont pas l&#224;, il me parait plus logique pour un lecteur d&#233;sirant prolonger le sujet de trouver la bibliographie dans la section... &#171;&#160;Bibliographie&#160;&#187;. Pareil pour les liens, en plus que comme tu as pu voir je n&#8217;ai pas non plus mis une s&#233;rie de liens moyens, mais les deux qui me semblaient vraiment les plus proches du sujet.
::Je t'avoue que se voir retirer tout un ajout ne pousse pas &#224; poursuivre l'am&#233;lioration. Je verrai donc selon mon humeur des jours prochains si je compl&#232;te.. En attendant, merci d'aider cette nouvelle sur cet article o/
::Bien cordialement, --[[Utilisateur:Floflo|Floflo]] ([[Discussion utilisateur:Floflo|discuter]]) 5 f&#233;vrier 2014 &#224; 01:02 (CET) (et oui, plut&#244;t parmi les &#171;&#160;vieux c...&#160;&#187; que les d&#233;butants &#224; pr&#233;sent...)

== Bonjour, j'ai envie d'emprunter (copier ) ==

les mod&#232;les disponibles sur votre page de pr&#233;sentation pour les mettre sur la mienne. Merci par avance (m&#234;me si vous y &#234;tes oppos&#233;). Amicalement. [[Utilisateur:No&#235;lFR3|No&#235;lFR3]] ([[Discussion utilisateur:No&#235;lFR3|discuter]]) 6 f&#233;vrier 2014 &#224; 14:16 (CET)

== [[:w:fr:Wikip&#233;dia:RAW/2014-02-07|RAW 2014-02-07]] ==

{{RAW/PdD|2014-02-07}} &#8212; [[Utilisateur:Cantons-de-l'Est|Cantons-de-l'Est]] &lt;sup&gt;[[Discussion utilisateur:Cantons-de-l'Est|&lt;span style="color:#008000;"&gt;discuter&lt;/span&gt;]]&lt;/sup&gt; 7 f&#233;vrier 2014 &#224; 19:36 (CET)
&lt;!-- Message envoy&#233; par User:Cantons-de-l'Est@frwiki en utilisant la liste &#224; http://fr.wikipedia.org/w/index.php?title=Wikip%C3%A9dia:RAW/Inscription&amp;oldid=100919180 --&gt;

== Wikidata weekly summary #96 ==

&lt;div class="plainlinks mw-content-ltr" lang="en" dir="ltr"&gt;
[[File:Wikidata-logo-en.svg|150px|right]]
&lt;div style="margin-top:10px; padding-left:5px; font-family:Georgia, Palatino, Palatino Linotype, Times, Times New Roman, serif;"&gt;''Here's your quick overview of what has been happening around Wikidata over the last week.''&lt;/div&gt;
&lt;div style="-moz-column-count:2; -webkit-column-count:2; column-count:2;"&gt;
* Discussions
** [[:d:Wikidata:Project chat#Name of person|Discussion over the naming of people]]
** [[:d:Wikidata:Project chat#Population|Discussion over population]]
** Successful RfA: [[:d:Wikidata:Requests for permissions/Administrator/Sjoerddebruin|Sjoerddebruin]]
* Events/Blogs/Press
** See the office hours logs at [[:m:IRC office hours/Office hours 2014-02-03|meta]]
* Other Noteworthy Stuff
** See the FOSDEM [https://docs.google.com/presentation/d/16VDTk9Lo9YU-Q-lj68984o8cGLZDwTDVUfazsB4V1GQ/edit slides]
** Thiemo joins the Wikidata development team
* Development
** More work on badges by Bene*
** Lots of Lua improvements by hoo (separate announcement with details soon)
** Created backend Time parsers (yet another necessary step towards doing more in the backend instead of in Java Script in the frontend)
** Automatic builds created, tested and deployed to beta labs every day!
** Investigate Elastic Search as possible backend for queries
** Made Wikibase Query work with our new component structure
* Monthly Tasks
** [[:d:Wikidata:Database reports/Constraint violations/P1001|Fix a format or content violation]] for the [[:d:Property:P1001|belongs to jurisdiction (P1001)]] property
** Hack on one of [https://bugzilla.wikimedia.org/buglist.cgi?keywords=need-volunteer%2C%20&amp;keywords_type=allwords&amp;emailcc1=1&amp;resolution=---&amp;emailtype1=exact&amp;emailassigned_to1=1&amp;query_format=advanced&amp;email1=wikidata-bugs%40lists.wikimedia.org&amp;list_id=162515 these].
** Help develop the next summary [[d:Wikidata:Status updates/Next|here!]]
** Contribute to a [[:d:Wikidata:Showcase|Showcase item]]
&lt;/div&gt;
&lt;div style="margin-top:10px; font-size:90%; padding-left:5px; font-family:Georgia, Palatino, Palatino Linotype, Times, Times New Roman, serif;"&gt;'''[[:d:Wikidata:Status updates/2014 02 07|Read the full report]]''' &amp;middot; [[m:Global message delivery/Targets/Wikidata|Unsubscribe]] &amp;middot; [[:d:User:John F. Lewis|John F. Lewis]] 7 f&#233;vrier 2014 &#224; 23:37 (CET)
&lt;/div&gt;
&lt;/div&gt;
&lt;!-- Message envoy&#233; par User:John F. Lewis@metawiki en utilisant la liste &#224; http://meta.wikimedia.org/w/index.php?title=Global_message_delivery/Targets/Wikidata&amp;oldid=7384712 --&gt;</text>
      <sha1>qiyxh5hwhc2013svhc52dnro7lss8i2</sha1>
      <model>wikitext</model>
      <format>text/x-wiki</format>
    </revision>
  </page>
