<page xmlns="http://www.mediawiki.org/xml/export-0.8/" xmlns:xsi="http://www.w3.org/2001/XMLSchema-instance">
    <title>Discussion utilisateur:Ryo</title>
    <ns>3</ns>
    <id>536464</id>
    <revision>
      <id>97460745</id>
      <parentid>96380264</parentid>
      <timestamp>2013-10-14T00:10:52Z</timestamp>
      <contributor>
        <username>Davyluissi7</username>
        <id>1614387</id>
      </contributor>
      <text xml:space="preserve">{{Babel-3|fr|en-3|ja-2}}

Sp&#233;cial bot: [[/TempBot]]

Programmes:
* [[Discussion Utilisateur:Ryo/Liste2Lien.pl]]

----

'''Archives :''' [[Discussion Utilisateur:Ryo/Archives|1]] | [[Discussion Utilisateur:Ryo/Archives 2|2]] | [[Discussion Utilisateur:Ryo/Archives 3|3]] | [[Discussion Utilisateur:Ryo/Archives 4|4]] | [[Discussion Utilisateur:Ryo/Archives 5|5]] | [[Discussion Utilisateur:Ryo/Archives 6|6]]

[[Discussion Utilisateur:Ryo/Manga &amp; cie]]


==&gt; Merci de discuter sur [[Discussion Utilisateur:Nicolas Weeger|cette page]].

== L'article Le Grand Silence (roman) est propos&#233; &#224; la suppression ==
[[Image:Icono consulta borrar.png|70px|link=|Page propos&#233;e &#224; la suppression|gauche]]
Bonjour,

L&#8217;article &#171; '''{{Lien &#224; supprimer|1=Le Grand Silence (roman)}}''' &#187; est propos&#233; &#224; la suppression ({{cf.}} [[Wikip&#233;dia:Pages &#224; supprimer]]). Apr&#232;s avoir pris connaissance des [[Wikip&#233;dia:Crit&#232;res d'admissibilit&#233; des articles|crit&#232;res g&#233;n&#233;raux d&#8217;admissibilit&#233; des articles]] et des [[:Cat&#233;gorie:Wikip&#233;dia:Admissibilit&#233; des articles|crit&#232;res sp&#233;cifiques]], vous pourrez [[Aide:Arguments &#224; &#233;viter lors d'une proc&#233;dure de suppression|donner votre avis]] sur la page de discussion '''[[{{TALKPAGENAME:Le Grand Silence (roman)}}/Suppression]]'''.

Le meilleur moyen d&#8217;obtenir un consensus pour la conservation de l&#8217;article est de fournir des [[Wikip&#233;dia:Citez vos sources|sources secondaires fiables et ind&#233;pendantes]]. Si vous ne pouvez trouver de telles sources, c&#8217;est que l&#8217;article n&#8217;est probablement pas admissible. N&#8217;oubliez pas que les [[Wikip&#233;dia:Principes fondateurs|principes fondateurs]] de Wikip&#233;dia ne garantissent aucun droit &#224; avoir un article sur Wikip&#233;dia. [[Utilisateur:Mathieudu68|Mathieudu68]] &lt;sup&gt;([[Discussion utilisateur:Mathieudu68|je t'offre le caf&#233;]])&lt;/sup&gt; 4 juillet 2013 &#224; 20:22 (CEST)
== Les articles [[C&#233;sar]], [[Caesar]] et [[Cesar]] sont propos&#233;s &#224; la fusion ==
[[Image:Merge-arrows.svg|60px|left|Proposition de fusion en cours.]]

La discussion a lieu sur la page [[Wikip&#233;dia:Pages &#224; fusionner#C&#233;sar et Caesar et Cesar]]. La proc&#233;dure de fusion est consultable sur [[Wikip&#233;dia:Pages &#224; fusionner]].

[[Utilisateur:Saumon fum&#233;|Saumon fum&#233;]] ([[Discussion utilisateur:Saumon fum&#233;|discuter]]) 29 ao&#251;t 2013 &#224; 22:56 (CEST)

== Les articles [[Close combat]] et [[Instructeur de Close Combat]] sont propos&#233;s &#224; la fusion ==
[[Image:Merge-arrows.svg|60px|left|Proposition de fusion en cours.]]

La discussion a lieu sur la page [[Wikip&#233;dia:Pages &#224; fusionner#Close combat et Instructeur de Close Combat]]. La proc&#233;dure de fusion est consultable sur [[Wikip&#233;dia:Pages &#224; fusionner]].

'''JR''' &lt;small&gt;[[Discussion_utilisateur:Jrcourtois|(disc)]]&lt;/small&gt; 4 septembre 2013 &#224; 09:49 (CEST)

Bonjour,

j'ai publi&#233; l'article https://fr.wikipedia.org/wiki/Adrian_Von_Ziegler et j'aimerais le publier sur wikip&#233;dia anglophone et sur wikip&#233;dia allemand &#233;tant donn&#233; que la personnalit&#233; que j'ai d&#233;crit parle l'anglais et l'allemand et est d'origine suisse et allemande

Pouvez vous me traduite l'article en anglais et allemand? ou doit je contacter un de vos coll&#232;gues pour me faire la traduction en allemand?

merci.</text>
      <sha1>ey2ivddjvaittcuplwmbj36s0cknbey</sha1>
      <model>wikitext</model>
      <format>text/x-wiki</format>
    </revision>
  </page>
