<page xmlns="http://www.mediawiki.org/xml/export-0.8/" xmlns:xsi="http://www.w3.org/2001/XMLSchema-instance">
    <title>Discussion utilisateur:Kalu34</title>
    <ns>3</ns>
    <id>707215</id>
    <revision>
      <id>88182031</id>
      <parentid>30541889</parentid>
      <timestamp>2013-01-29T15:06:01Z</timestamp>
      <contributor>
        <username>Butterfly austral</username>
        <id>453812</id>
      </contributor>
      <comment>/* Lieu de naissance de Armel Le Cleac'h */ nouvelle section</comment>
      <text xml:space="preserve">{{D&#233;but cadre|bleu|fond=white}}&lt;center&gt;[[Wikip&#233;dia:Bistro des non-francophones/en|Welcome!]], [[Wikip&#233;dia:Bistro des non-francophones/ja|&#12424;&#12358;&#12371;&#12381;]] , [[Wikip&#233;dia:Bistro des non-francophones/es|&#161;Bienvenido!]], [[Wikip&#233;dia:Bistro des non-francophones/sr|Dobrodosli]], [[Wikip&#233;dia:Bistro des non-francophones|&#54872;&#50689;&#54633;&#45768;&#45796;]] , [[Wikip&#233;dia:Bistro des non-francophones/de|Wilkommen]], [[Wikip&#233;dia:Bistro des non-francophones/ru|&#1044;&#1086;&#1073;&#1088;&#1086; &#1087;&#1086;&#1078;&#1072;&#1083;&#1086;&#1074;&#1072;&#1090;&#1100;]], [[Wikip&#233;dia:Bistro des non-francophones/it|Benvenuti]], [[Wikip&#233;dia:Bistro des non-francophones|Bem-vindo!]], [[Wikip&#233;dia:Bistro des non-francophones|&#27426;&#36814;]], [[Wikip&#233;dia:Bistro des non-francophones/eo|Bonvenon]], [[Wikip&#233;dia:Bistro des non-francophones/nl|Welkom]]&lt;/center&gt;


&lt;center&gt;&lt;big&gt;[[Wikip&#233;dia:Accueil des nouveaux arrivants|Bienvenue]] sur [[Wikip&#233;dia]], '''{{PAGENAME}} !'''&lt;/big&gt;&lt;/center&gt;


{|
|[[Image:WikiLettreMini.svg]]
|Wikip&#233;dia est un large projet dans lequel il est facile de se perdre. Cependant, chaque page du site poss&#232;de en haut &#224; gauche un lien vers l''''[[Aide:Sommaire|aide]]''' de Wikip&#233;dia.

N'h&#233;site pas &#224; consulter les premi&#232;res indications pour [[Aide:Comment modifier une page|modifier]] et [[Aide:Comment r&#233;diger une page|r&#233;diger]] des pages dans Wikip&#233;dia. Le [[Wikip&#233;dia:Bac &#224; sable|bac &#224; sable]] est tout sp&#233;cialement destin&#233; &#224; accueillir tes essais.

|---
|[[Image:Crystal Clear app ktip.png|left|40px]]
|Sur une page de '''discussion''', n'oublie pas de [[Aide:Signature|signer tes messages]], en tapant &amp;#126;&amp;#126;&amp;#126;&amp;#126; . Cependant, nous ne signons pas les articles encyclop&#233;diques. 

Je te conseille un petit tour par les [[Wikip&#233;dia:R&#232;gles|recommandations &#224; suivre]] ([[Wikip&#233;dia:Neutralit&#233; de point de vue|r&#232;gles de neutralit&#233;]], [[Wikipedia:Citez vos sources|r&#232;gles de citation des sources]], [[Wikip&#233;dia:Crit&#232;res d'admissibilit&#233; des articles|admissibilit&#233; des articles]], [[Wikip&#233;dia:Conventions de style|conventions de style]], etc.) et les pages [[Wikip&#233;dia:Projet|projets]] o&#249; il y a sans doute un sujet qui t'int&#233;ressera. 

|--
|[[Image:Crystal Clear app lphoto.png|left|40px]]
|Tu es le bienvenu si tu d&#233;sires [[Aide:Comment ins&#233;rer une image|ins&#233;rer une image]] ou [[Aide:D&#233;buter sur Wikip&#233;dia|enrichir les articles]] mais il est imp&#233;ratif de respecter des r&#232;gles tr&#232;s strictes sur [[Wikip&#233;dia:R&#232;gles d'utilisation des images|l'utilisation des images]] et le [[Wikipedia:copyright#Droits et devoirs des contributeurs|respect des droits d'auteurs]].

|--
|[[Image:Crystal Clear app amor.png|left|40px]]
|Si tu le d&#233;sires, tu peux te pr&#233;senter sur le [[Wikip&#233;dia:Journal des nouveaux arrivants|journal des nouveaux arrivants]] et indiquer sur ta [[Utilisateur:{{PAGENAME}}|page utilisateur]] [[Wikip&#233;dia:Babel|quelles langues tu parles]] et [[Wikip&#233;dia:Mod&#232;les/Espace Utilisateur/Bo&#238;te Utilisateur|d'o&#249; tu viens, quels sont tes centres d'int&#233;r&#234;ts...]]

Enfin le plus important, je te souhaite de '''[[Wikip&#233;dia:N'h&#233;sitez pas !|prendre du plaisir]]''' &#224; contribuer au projet !&lt;/br&gt;
|}

{{Fin cadre}}
Si tu as d'autres questions, tu peux voir [[Aide:Poser une question|cette page]] ou me contacter :&amp;nbsp; [[Utilisateur:Leag|Leag]] [[Discussion Utilisateur:Leag|&amp;#x2807;&amp;#x2811;&amp;#x2801;&amp;#x281B;]] 26 mars 2006 &#224; 19:39 (CEST)

== Lieu de naissance de Armel Le Cleac'h ==

Bonjour Kalu34. J&#8217;ai revert&#233; votre modif en fonction de plusieurs sources dont celle-ci[http://www.voile.banquepopulaire.fr/Armel-Le-Cleac-h/default.html]. O&#249; sont donc vos sources ? Bien cordialement. --&lt;font face="Maiandra GD"&gt;[[Utilisateur:Butterfly austral|Butterfly]]&lt;/font&gt; &lt;font face="Maiandra GD"&gt;[[Discussion Utilisateur:Butterfly austral|&lt;sup&gt;''austral''&lt;/sup&gt;]]&lt;/font&gt; 29 janvier 2013 &#224; 16:06 (CET)</text>
      <sha1>kud6ye75b8ve01psghypeee9nvx3dds</sha1>
      <model>wikitext</model>
      <format>text/x-wiki</format>
    </revision>
  </page>
