<page xmlns="http://www.mediawiki.org/xml/export-0.8/" xmlns:xsi="http://www.w3.org/2001/XMLSchema-instance">
    <title>Discussion utilisateur:H&#233;g&#233;sippe Cormier</title>
    <ns>3</ns>
    <id>4252936</id>
    <revision>
      <id>101011787</id>
      <parentid>101006433</parentid>
      <timestamp>2014-02-07T22:37:21Z</timestamp>
      <contributor>
        <username>MediaWiki message delivery</username>
        <id>1696240</id>
      </contributor>
      <comment>/* Wikidata weekly summary #96 */ nouvelle section</comment>
      <text xml:space="preserve">&lt;div style="display: table; padding: 2px; border: #99B3FF solid 1px; margin: 1em auto;"&gt;
{| cellspacing="0" style="border: 1px solid #ccc; border-right: 3px solid #ccc; border-bottom: 3px solid #ccc; padding: 1px; background-color: #fff8dc;"
| style="background-color: #ffffff; padding: 0.3em 0.8em 0.3em 1em;" | [[Fichier:Snail (PSF).png|100px|escargot]]
&lt;div style="margin: 0.5em 0.3em 0 0.4em; font-size: 1.3em; color: #aaa;"&gt; '''&#177;&#920;&#177; H&#8757;C&#8757;''' &lt;/div&gt;
|}__NOINDEX__
&lt;/div&gt;
&lt;gallery mode="packed"&gt;
Fichier:Vladimir Putin 12015.jpg|&lt;div style="text-align: center;"&gt; [[Vladimir Poutine|&#1042;&#1083;&#1072;&#1076;&#1080;&#769;&#1084;&#1080;&#1088; &#1042;&#1083;&#1072;&#1076;&#1080;&#769;&#1084;&#1080;&#1088;&#1086;&#1074;&#1080;&#1095; &#1055;&#1091;&#769;&#1090;&#1080;&#1085;]], &lt;br /&gt; [[Liste des monarques de Russie|&#1062;&#1072;&#1088;&#1100; &#1074;&#1089;&#1077;&#1103; &#1056;&#1091;&#1089;&#1080;]] &lt;/div&gt;
Fichier:Coat of Arms of the Russian Federation.svg|&lt;div style="text-align: center;"&gt; [[Armoiries de la Russie|&#1043;&#1077;&#1088;&#1073; &#1056;&#1086;&#1089;&#1089;&#1080;&#1080;]] &lt;/div&gt;
&lt;/gallery&gt;

== [[Wikip&#233;dia:RAW/2014-01-17|RAW 2014-01-17]] ==

{{RAW/PdD|2014-01-17}} &#8212; [[Utilisateur:Cantons-de-l'Est|Cantons-de-l'Est]] &lt;sup&gt;[[Discussion utilisateur:Cantons-de-l'Est|&lt;span style="color:#008000;"&gt;discuter&lt;/span&gt;]]&lt;/sup&gt; 17 janvier 2014 &#224; 19:23 (CET)
&lt;!-- Message envoy&#233; par User:Cantons-de-l'Est@frwiki en utilisant la liste &#224; http://fr.wikipedia.org/w/index.php?title=Wikip%C3%A9dia:RAW/Inscription&amp;oldid=100300868 --&gt;

== L'article FIA-NET est propos&#233; &#224; la suppression ==
[[Image:Icono consulta borrar.png|70px|link=|Page propos&#233;e &#224; la suppression|gauche]]
Bonjour,

L&#8217;article &#171; '''{{Lien &#224; supprimer|1=FIA-NET}}''' &#187; est propos&#233; &#224; la suppression ({{cf.}} [[Wikip&#233;dia:Pages &#224; supprimer]]). Apr&#232;s avoir pris connaissance des [[Wikip&#233;dia:Crit&#232;res d'admissibilit&#233; des articles|crit&#232;res g&#233;n&#233;raux d&#8217;admissibilit&#233; des articles]] et des [[:Cat&#233;gorie:Wikip&#233;dia:Admissibilit&#233; des articles|crit&#232;res sp&#233;cifiques]], vous pourrez [[Aide:Arguments &#224; &#233;viter lors d'une proc&#233;dure de suppression|donner votre avis]] sur la page de discussion '''[[{{TALKPAGENAME:FIA-NET}}/Suppression]]'''.

Le meilleur moyen d&#8217;obtenir un consensus pour la conservation de l&#8217;article est de fournir des [[Wikip&#233;dia:Citez vos sources|sources secondaires fiables et ind&#233;pendantes]]. Si vous ne pouvez trouver de telles sources, c&#8217;est que l&#8217;article n&#8217;est probablement pas admissible. N&#8217;oubliez pas que les [[Wikip&#233;dia:Principes fondateurs|principes fondateurs]] de Wikip&#233;dia ne garantissent aucun droit &#224; avoir un article sur Wikip&#233;dia. [[Utilisateur:Enrevseluj|Enrevseluj]] ([[Discussion utilisateur:Enrevseluj|discuter]]) 17 janvier 2014 &#224; 19:55 (CET)

== &#171; faute d'un compte &#187; ==

[//fr.wikipedia.org/w/index.php?title=Liste_des_tourn%C3%A9es_de_concerts_d%27Alan_Stivell&amp;diff=100391127&amp;oldid=100386106 Voil&#224; qui fait sourire], si l'on songe aux exploits de {{u|Lurulu}}, cf. [[Wikip&#233;dia:V&#233;rificateur d'adresses IP/Requ&#234;tes/janvier 2014#Demande concernant Lurulu et diverses IP - 19 janvier|RCU sur Lurulu]] et [//fr.wikipedia.org/w/index.php?title=Discussion_utilisateur:H%C3%A9g%C3%A9sippe_Cormier&amp;action=history historique r&#233;cent de ma page de discussion]. [[User:H&#233;g&#233;sippe Cormier|H&#233;g&#233;sippe]]&amp;nbsp;([[User talk:H&#233;g&#233;sippe Cormier|'''discuter''']])&amp;nbsp;[op&#233;rateur] 19 janvier 2014 &#224; 12:43 (CET)
: Bien not&#233;. 
: M&#234;me si je ne connais pas les tenants et aboutissants de l'affaire, j'ai finalement r&#233;tabli &#171; la mauvaise version &#187; et &lt;u&gt;semi-prot&#233;g&#233;&lt;/u&gt; l'article, histoire d'obliger &#224; une vraie discussion =&gt; pas de discussion argument&#233; = l'article reste tel qu'il est... et donc, tel que l'IP ne le veut pas. &lt;br /&gt;Cordialement. -- &#8212; [[Utilisateur:Azurfrog|Azurfrog]] &lt;sup&gt;&lt;small&gt;&amp;#91;[[Discussion Utilisateur:Azurfrog|&#2344;&#2368;&#2354;&#2375; &#2350;&#2375;&#2306;&#2338;&#2325; &#2325;&#2375; &#2360;&#2366;&#2341; &#2348;&#2366;&#2340; &#2325;&#2352;&#2344;&#2366;]]&amp;#93;&lt;/small&gt;&lt;/sup&gt;  19 janvier 2014 &#224; 12:52 (CET)

== Wikidata weekly summary #93 ==

&lt;div class="plainlinks mw-content-ltr" lang="en" dir="ltr"&gt;
[[File:Wikidata-logo-en.svg|150px|right]]
&lt;div style="margin-top:10px; padding-left:5px; font-family:Georgia, Palatino, Palatino Linotype, Times, Times New Roman, serif;"&gt;''Here's your quick overview of what has been happening around Wikidata over the last week.''&lt;/div&gt;
&lt;div style="-moz-column-count:2; -webkit-column-count:2; column-count:2;"&gt;
* [[:Wikidata:Events|Events]]
** upcoming: FOSDEM
* Other Noteworthy Stuff
** Wikisource now gets its language links via Wikidata
** [[:toollabs:reasonator|Reasonator]] gets extended functionality
* Did you know?
** Newest properties: [[:d:Property:P1070|PlantList-ID]], [[:d:Property:P1069|Danemark Job Code (DISCO-08)]], [[:d:Property:P1068|Instruction Set]], [[:d:Property:P1067|Thailand central administrative unit code]], [[:d:Property:P1066|student of]], [[:d:Property:P1065|archive URL]]
** [[d:Wikidata:Showcase items|Showcase items]]: [[:d:Q153|ethanol]]
** Fun Fact: [[:d:Q2001|A Space Odyssey (Q2001)]]
* Development
** Enabled language links for Wikisource
** Move more part of an item page from JS to HTML to improve performance and non-JS interface
** Database performance improvements
** Work on forward compatibility for new entity types
** Introducing the EntityStore service to improve modularity
* Monthly Tasks
** [[:d:Wikidata:Database reports/Constraint violations/P1001|Fix a format or content violation]] for the [[:d:Property:P1001|belongs to jurisdiction (P1001)]] property
** Contribute to a [[:d:Wikidata:Showcase|Showcase item]]
** Hack on one of [https://bugzilla.wikimedia.org/buglist.cgi?keywords=need-volunteer%2C%20&amp;keywords_type=allwords&amp;emailcc1=1&amp;resolution=---&amp;emailtype1=exact&amp;emailassigned_to1=1&amp;query_format=advanced&amp;email1=wikidata-bugs%40lists.wikimedia.org&amp;list_id=162515 these].
** Help develop the next summary [[d:Wikidata:Status updates/Next|here!]]
&lt;/div&gt;
&lt;div style="margin-top:10px; font-size:90%; padding-left:5px; font-family:Georgia, Palatino, Palatino Linotype, Times, Times New Roman, serif;"&gt;'''[[m:Wikidata/Status updates/2014 01 17|Read the full report]]''' &amp;middot; [[m:Global message delivery/Targets/Wikidata|Unsubscribe]] &amp;middot; [[:d:User:Lydia Pintscher (WMDE)|Lydia Pintscher]] using [[Utilisateur:MediaWiki message delivery|MediaWiki message delivery]] ([[Discussion utilisateur:MediaWiki message delivery|discuter]]) 19 janvier 2014 &#224; 13:22 (CET)
&lt;/div&gt;
&lt;/div&gt;
&lt;!-- Message envoy&#233; par User:Lydia Pintscher (WMDE)@metawiki en utilisant la liste &#224; http://meta.wikimedia.org/w/index.php?title=Global_message_delivery/Targets/Wikidata&amp;oldid=7139323 --&gt;

== Non intervention des admins sur les attaques homophobes de G&#233;rard ==

Hello H&#233;g&#233;sippe,
 
pour r&#233;pondre &#224; ton r&#233;sum&#233; sur le RA [https://fr.wikipedia.org/w/index.php?title=Wikip%C3%A9dia:Requ%C3%AAte_aux_administrateurs&amp;diff=100119475&amp;oldid=100119076] vu que la demande est maintenant close:
* Je n'ai jamais eu de conflit avec G&#233;rard, je le connais juste par ses excellents articles sur la musique classique.
* Je constate que pour les administrateurs "Les homosexuels voient de l'homophobie partout - c'est m&#234;me &#224; &#231;a qu'on les reconna&#238;t" (et toute sa suite) [https://fr.wikipedia.org/w/index.php?title=Discussion_mod%C3%A8le:Utilisateur_Pas_Homo/Suppression&amp;diff=99552122&amp;oldid=99549114] n'est ni homophobe, ni une attaque personnelle alors qu'elle est adress&#233; sur une PaS &#224; un utilisateur qui se d&#233;clare officiellement homosexuel sur sa PU.
* Je constate que tu confonds les propos de G&#233;rard avec la prise de d&#233;cision sur la BU et qu'en plus tu consid&#232;res que face &#224; cette attaque homophobe " il n'y a aucune raison, notamment l&#233;gale,pour que les administrateurs op&#233;rateurs du site fr.wikipedia.org, endossent comme nouvel uniforme celui de serviteurs ou suppl&#233;tifs z&#233;l&#233;s de la nouvelle bienpensance." [https://fr.wikipedia.org/w/index.php?title=Wikip%C3%A9dia:Requ%C3%AAte_aux_administrateurs&amp;diff=100113788&amp;oldid=100113628]. Non seulement tu te trompe et ton POV n'engage que toi mais Pikazwanghaft &#224; toute latitude &#224; faire intervenir des associations comme [[SOS homophobie]] pour ce genre de propos.
* Je constate que pour un vice de proc&#233;dure (Admin juge et parti dans le blocage de G&#233;rard) et malgr&#233; ses excuses Derekson se voit contester son statut d&#8217;administrateur et pr&#233;f&#232;re d&#233;missionner "ne souhaitant pas &#234;tre assimil&#233; &#224; la portion des op&#233;rateurs qui justifient ou acceptent des propos consid&#233;r&#233;s par certains de nos contributeurs comme homophobes" [https://fr.wikipedia.org/w/index.php?title=Discussion_utilisateur:Dereckson&amp;diff=99966413&amp;oldid=99965393]
* Je constate les prises de d&#233;cision &#224; g&#233;om&#233;trie variable des admins pour des raisons que j'ignore compl&#232;tement &#224; propos de ce qui est consid&#233;r&#233; comme attaque personnelle ou discriminatoire (raciste, religieuse). Trait&#233; quelqu&#8217;un de troll ne passe pas, mais d'homo parano oui...
* Pour conclure je n'attendais plus grand chose du RA depuis certaines d&#233;cision iniques, mais vous venez encore de repousser les limites en ne donnant m&#234;me pas un avertissement &#224; G&#233;rard et j'esp&#232;re franchement me tromper quand j'annon&#231;ais que vous veniez d'ouvrir la porte aux insultes discriminatoires avec ce genre de (non) d&#233;cision, j'esp&#232;re que des personnes mal intentionn&#233;es ne vont pas prendre cette "jurisprudence" pour un blanc-seing.
* Je suis arriv&#233; sur wikipedia en 2006, &#224; l'&#233;poque l'ambiance me praissait bien diff&#233;rente et aucun contributeur n'aurait pu prof&#233;rer de telle attaques sans r&#233;action des admins.
* Ce commentaires n'est pas adress&#233; qu'&#224; toi, il est &#233;galement adress&#233; &#224; tous les admins qui n'ont pas cru bon r&#233;agir (&#224; part Derekson) mais vu que tu as &#233;t&#233; le dernier &#224; exprimer une opinion, je me devais d'une ultime r&#233;ponse quelque part. [[Utilisateur:Apollofox|Apollofox]] ([[Discussion utilisateur:Apollofox|discuter]]) 19 janvier 2014 &#224; 19:01 (CET)

== Convention ==

Bonsoir H&#233;g&#233;sippe. Je ne suis pas sp&#233;cialiste des [[Wikip&#233;dia:Conventions typographiques|conventions typographiques]] mais l&#8217;utilisateur {{u|Keckel}} recommence ces multiples modifications sur l'article [[Saison 3 de The Voice, la plus belle voix]] comme il le fit sur [[Saison 3 de Danse avec les stars]]. Elles sont par exemple abus de [[Wikip&#233;dia:Liens internes|liens internes]] ou d'[[Wikip&#233;dia:Mise en forme des images|images]]. Il est peut-&#234;tre encore en train de s'approprier cette page ? Par contre, mon observation est peut-&#234;tre exag&#233;r&#233;e. Je ne sais pas comment me prononcer. Merci de m'avoir lu.  &lt;font face="Maiandra GD"&gt;[[Utilisateur:Eliedion|Eliedion]]&lt;/font&gt; [[image:Plume pen w.png|23px]]([[Discussion utilisateur:Eliedion|d]])&lt;/font&gt; 20 janvier 2014 &#224; 20:12 (CET)
:Merci pour ce conseil {{clin}}  &lt;font face="Maiandra GD"&gt;[[Utilisateur:Eliedion|Eliedion]]&lt;/font&gt; [[image:Plume pen w.png|23px]]([[Discussion utilisateur:Eliedion|d]])&lt;/font&gt; 20 janvier 2014 &#224; 23:50 (CET)

== Funeste anniversaire ==

[[Louis XVI de France|'''221 ans''']]. C'est tout. [[User:H&#233;g&#233;sippe Cormier|H&#233;g&#233;sippe]]&amp;nbsp;([[User talk:H&#233;g&#233;sippe Cormier|'''discuter''']])&amp;nbsp;[op&#233;rateur] 21 janvier 2014 &#224; 17:48 (CET)

== [[Alain Lubrano]] ==

Bonsoir H&#233;g&#233;sippe C.
&lt;br /&gt;Pour ma part, je ne vois pas d'inconv&#233;nient &#224; ce que ce musicien ai un article qui lui soit consacr&#233; ; bien au contraire. Peu connu publiquement &#224; l'&#233;poque, et encore de nos jours (sa mort s'&#233;tant annonc&#233;e d'une fa&#231;on discr&#232;te dans la presse), j'ai jug&#233; bon de le faire figurer dans l'article de l'album ''Le Danger'' pour lequel il avait grandement &#339;uvr&#233; et o&#249; il m&#233;ritait largement un paragraphe qui lui soit consacr&#233;. Si une plus grande exposition est possible, ce serait une bonne chose &#224; faire en effet. En tous cas, merci de m'avoir fait part de votre initiative. Bien cordialement [[Utilisateur:L&#233;zard|L&#233;zard]] ([[Discussion utilisateur:L&#233;zard|discuter]]) 22 janvier 2014 &#224; 00:02 (CET)

== L'article Liste de squats est propos&#233; &#224; la suppression ==
[[Image:Icono consulta borrar.png|70px|link=|Page propos&#233;e &#224; la suppression|gauche]]
Bonjour,

L&#8217;article &#171; '''{{Lien &#224; supprimer|1=Liste de squats}}''' &#187; est propos&#233; &#224; la suppression ({{cf.}} [[Wikip&#233;dia:Pages &#224; supprimer]]). Apr&#232;s avoir pris connaissance des [[Wikip&#233;dia:Crit&#232;res d'admissibilit&#233; des articles|crit&#232;res g&#233;n&#233;raux d&#8217;admissibilit&#233; des articles]] et des [[:Cat&#233;gorie:Wikip&#233;dia:Admissibilit&#233; des articles|crit&#232;res sp&#233;cifiques]], vous pourrez [[Aide:Arguments &#224; &#233;viter lors d'une proc&#233;dure de suppression|donner votre avis]] sur la page de discussion '''[[{{TALKPAGENAME:Liste de squats}}/Suppression]]'''.

Le meilleur moyen d&#8217;obtenir un consensus pour la conservation de l&#8217;article est de fournir des [[Wikip&#233;dia:Citez vos sources|sources secondaires fiables et ind&#233;pendantes]]. Si vous ne pouvez trouver de telles sources, c&#8217;est que l&#8217;article n&#8217;est probablement pas admissible. N&#8217;oubliez pas que les [[Wikip&#233;dia:Principes fondateurs|principes fondateurs]] de Wikip&#233;dia ne garantissent aucun droit &#224; avoir un article sur Wikip&#233;dia. [[Utilisateur:Enrevseluj|Enrevseluj]] ([[Discussion utilisateur:Enrevseluj|discuter]]) 23 janvier 2014 &#224; 10:35 (CET)

== [[Special:redirect/page/7692863|RAW 2014-01-24]] ==

{{RAW/PdD|2014-01-24}} &#8212; [[Utilisateur:Cantons-de-l'Est|Cantons-de-l'Est]] &lt;sup&gt;[[Discussion utilisateur:Cantons-de-l'Est|&lt;span style="color:#008000;"&gt;discuter&lt;/span&gt;]]&lt;/sup&gt; 24 janvier 2014 &#224; 18:53 (CET)
&lt;!-- Message envoy&#233; par User:Cantons-de-l'Est@frwiki en utilisant la liste &#224; http://fr.wikipedia.org/w/index.php?title=Wikip%C3%A9dia:RAW/Inscription&amp;oldid=100505887 --&gt;

== Wikidata weekly summary #94 ==

&lt;div class="plainlinks mw-content-ltr" lang="en" dir="ltr"&gt;
[[File:Wikidata-logo-en.svg|150px|right]]
&lt;div style="margin-top:10px; padding-left:5px; font-family:Georgia, Palatino, Palatino Linotype, Times, Times New Roman, serif;"&gt;''Here's your quick overview of what has been happening around Wikidata over the last week.''&lt;/div&gt;
&lt;div style="-moz-column-count:2; -webkit-column-count:2; column-count:2;"&gt;
* Discussions
** [[:d:Wikidata:Project chat#P31 for animals|Discussion about using 'instance of' specific for animals]]
* Events/Blogs/Press
** Next Wikidata IRC office hour on Monday, February 3rd
** FOSDEM
* Other Noteworthy Stuff
** The [[:d:Wikidata:Development plan|Wikidata Development Plan]] for 2014+ has been published
** [http://tools.wmflabs.org/wikidata-todo/stats.php Wikidata stats] now also includes statistics for ranks
* Did you know?
** Newest properties: [[:d:Property:P1076|ICTV virus ID]], [[:d:Property:P1075|rector]], [[:d:Property:P1074|fictional analog of]], [[:d:Property:P1073|writable file format]], [[:d:Property:P1072|readable file format]], [[:d:Property:P1071|place made]]
** [[d:Wikidata:Showcase items|Showcase items]]: [[:d:Q14560|Cactaceae]]
* Development
** Daniel and Katie took part in the MediaWiki Architecture Summit in San Francisco
** [[Bugzilla:60027]] Add language to label and description field to make it less likely that people enter a label or description in a wrong language
** [[Bugzilla:58394]] Avoid throwing out of bounds error when adding new claims
** [[Bugzilla:50570]] API now reveals qualifier hashes
** [[Bugzilla:57213]] API now reveals data type ids
** [[Bugzilla:57754]] Die if wbeditentity tries to clear from an old revision id
** [[Bugzilla:55795]] Add API option to show snaks in a list rather than grouped by property
** Refactor of ChangeOp remove functionality
** Continued to move parsing and validating of values from the frontend into the backend to improve performance and make the non-JS user interface more useful
** Finished the Wikidata build script (We use it to pull together code from various git repositories into a single one for deployment)
* Monthly Tasks
** [[:d:Wikidata:Database reports/Constraint violations/P1001|Fix a format or content violation]] for the [[:d:Property:P1001|belongs to jurisdiction (P1001)]] property
** Hack on one of [https://bugzilla.wikimedia.org/buglist.cgi?keywords=need-volunteer%2C%20&amp;keywords_type=allwords&amp;emailcc1=1&amp;resolution=---&amp;emailtype1=exact&amp;emailassigned_to1=1&amp;query_format=advanced&amp;email1=wikidata-bugs%40lists.wikimedia.org&amp;list_id=162515 these].
** Help develop the next summary [[d:Wikidata:Status updates/Next|here!]]
** Contribute to a [[:d:Wikidata:Showcase|Showcase item]]
&lt;/div&gt;
&lt;div style="margin-top:10px; font-size:90%; padding-left:5px; font-family:Georgia, Palatino, Palatino Linotype, Times, Times New Roman, serif;"&gt;'''[[m:Wikidata/Status updates/2014 01 24|Read the full report]]''' &amp;middot; [[m:Global message delivery/Targets/Wikidata|Unsubscribe]] &amp;middot; [[:d:User:John F. Lewis|John F. Lewis]] 25 janvier 2014 &#224; 00:57 (CET)
&lt;/div&gt;
&lt;/div&gt;
&lt;!-- Message envoy&#233; par User:John F. Lewis@metawiki en utilisant la liste &#224; http://meta.wikimedia.org/w/index.php?title=Global_message_delivery/Targets/Wikidata&amp;oldid=7197111 --&gt;

== pdg ==

coucou h&#233;g&#233; ! tu sais j'aime pas beaucoup le trop plein de pr&#233;cisions dans les pages d'homonymie ! c'est juste des redirections surmultipli&#233;es pour moi ! qui servent juste &#224; orienter vers l'article qui donnera tous les d&#233;tails ! un lien vers (oui enfin bleu) suffit ! &lt;s&gt;tu voudrais pas r&#233;server pour [[pierre de Grenoble (album)]] ce que tu viens de mettre dans [[pierre de Grenoble (homonymie)]] pour y laisser juste : &#171;&#160;* [[pierre de Grenoble (album)]], album de Gabriel et Marie Yacoub publi&#233; en 1973. &#187; stp ?&lt;/s&gt; pitibizou ! [[user:mandariine|mandariine]] &lt;small&gt;&lt;sup&gt;[[user talk:mandariine|''(lib&#233;rez les sardiines)'']]&lt;/sup&gt;&lt;/small&gt; 25 janvier 2014 &#224; 02:03 (CET) &lt;small&gt;bah finalement je m'en suis charg&#233;e {{sourire}}&lt;/small&gt;

== "Marcia baila" ou "Marcia ba&#239;la" ;-) ==

Bonjour H&#233;g&#233;sippe,

Je reposte ce message car il me semble qu'il est pass&#233; inaper&#231;u la premi&#232;re fois que je l'ai post&#233; (il y a une dizaine de jours).&lt;br /&gt;
J'avais d&#233;plac&#233; l'article "[[Marcia baila]]" vers "Marcia ba&#239;la" (en pr&#233;cisant pourquoi), or tu as annul&#233; cette modification en expliquant qu'il s'agit de la conjugaison du verbe espagnol "bailar".

Effectivement, le titre ''Marcia baila'' devrait, si l'on s'en tient &#224; l'orthographe espagnole, s'&#233;crire avec un ''i'', or il se trouve que Les Rita Mitsouko ont d&#233;cid&#233; (par humour loufoque?) de l'&#233;crire ''Marcia ba&#239;la'' (avec un ''i tr&#233;ma'') sur la pochette du disque (et ce choix est maintenu sur l'&#233;dition CD). Quand ce titre a &#233;t&#233; repris, 25 ans plus tard, par [[Nouvelle Vague (musique)|Nouvelle Vague]] sur leur album ''Couleurs sur Paris'', cette orthographe particuli&#232;re avec un i tr&#233;ma a, une fois de plus, &#233;t&#233; conserv&#233;e. Il est peu probable qu'il s'agisse d'une erreur.&lt;br /&gt;
D'ailleurs, &#233;tant donn&#233; le nombre de gens impliqu&#233;s dans la conception d'une pochette de disque (graphiste, maquettiste, photographe etc.) et les divers responsables de la maison de disque qui doivent l'approuver, il est peu probable qu'une telle erreur soit pass&#233;e inaper&#231;u - d'autant plus que Catherine Ringer [http://www.leparisien.fr/espace-premium/val-d-oise-95/catherine-ringer-version-tango-28-11-2013-3356375.php elle-m&#234;me parle espagnol].

Ne devrions-nous pas, alors, rendre compte de la graphie choisie par les Rita Mitsouko, m&#234;me si celle-ci s'&#233;carte d&#233;lib&#233;r&#233;ment de l'orthographe espagnole?

J'ai &#233;galement pos&#233; cette question sur la [[Discussion:Marcia baila|page de discussion de l'article ''Marcia baila'']].&lt;br /&gt;
Ce n'est certes qu'un d&#233;tail (!), mais c'est n&#233;anmoins une question int&#233;ressante. Jusqu'&#224; pr&#233;sent, j'ai toujours suppos&#233; que les gens qui &#233;crivaient ''Marcia baila'' avec un ''i'' n'avaient tout simplement jamais eu l'album entre les mains. En revanche, si un contributeur, en connaissance de cause, maintenait qu'il faut corriger le titre reproduit sur la pochette de l'album (donc l'&#233;crire avec un i), la question m&#233;riterait r&#233;flexion :-)

Voici au passage la pochette du 33 tours: http://www.rocknrollbazar.com/1859-thickbox/les-rita-mitsouko-album-vinyle.jpg

...celle du CD: http://www.copertinedvd.org/copertine-cd-file/R/rita_mitsouko_-_rita_mitsouko_-_back.jpg

...et celle de l'album de "Nouvelle Vague": http://www.mangpong.co.th/ProductImage/product/b007653.jpg


Bonne journ&#233;e!

--[[Utilisateur:Wikizen|Wikizen]] ([[Discussion utilisateur:Wikizen|discuter]]) 25 janvier 2014 &#224; 15:34 (CET)

==Julie Gayet==
En effet ! Mais vous conviendrez sans doute que si en janvier 2014 le "journal" &#233;crit qu'elle dure depuis deux ans ce n'est ni trahir la source ni tromper le lecteur que d'&#233;crire qu'elle dure depuis janvier 2012, selon la source.--[[Utilisateur:Albergrin007|Albergrin007]] ([[Discussion utilisateur:Albergrin007|discuter]]) 26 janvier 2014 &#224; 00:10 (CET)
: Non, je ne conviens pas. On ne fait pas dire &#224; une source ce qu'elle ne dit pas. Et si elle se montre impr&#233;cise (&#171;&amp;nbsp;depuis deux ans&amp;nbsp;&#187; ne signifie pas que cela fait justement 24 mois, d'autant que les paparazzis n'avaient pas de cam&#233;ra cach&#233;e dans les lunettes de FH, aux derni&#232;res nouvelles), ce n'est pas pour que nous '''inventions une datation''' hors de propos. [[User:H&#233;g&#233;sippe Cormier|H&#233;g&#233;sippe]]&amp;nbsp;([[User talk:H&#233;g&#233;sippe Cormier|'''discuter''']])&amp;nbsp;[op&#233;rateur] 26 janvier 2014 &#224; 00:33 (CET)
:: La source ne se montre pas impr&#233;cise et dit m&#234;me pr&#233;cis&#233;ment, en janvier 2014, qu'elle dure depuis deux ans. Mais les paparazzis n'ayant en effet pas de cam&#233;ra cach&#233;e dans les lunettes de FH, aux derni&#232;res nouvelles, le conditionnel s'impose donc dans WP que ce soit dans "durerait depuis deux ans" ou dans "durerait depuis janvier 2012", les deux formulations signifiant exactement la m&#234;me chose. Mais c'est bien s&#251;r votre droit le plus absolu de ne pas en convenir.--[[Utilisateur:Albergrin007|Albergrin007]] ([[Discussion utilisateur:Albergrin007|discuter]]) 26 janvier 2014 &#224; 00:51 (CET)

== Corrections de fautes de fran&#231;ais ==
Bonjour. Je vous remercie d'avoir pris ma d&#233;fense.
Le pseudo de [[Utilisateur:Akeron|Akeron]] &#233;voque l'[[Ach&#233;ron]] (photo sur sa page), dieu fleuve fils d'H&#233;lios et de [[Ga&#239;a]]. Il semble donc que Akeron soit un adepte des [[th&#233;ories Ga&#239;a]]. Voyez ce que j'en pense sur [http://pautard.e-monsite.com/pages/ecologie-signe-des-temps.html cette page de mon site]. Cordialement.[[Utilisateur:Pautard|Pautard]] ([[Discussion utilisateur:Pautard|discuter]]) 26 janvier 2014 &#224; 07:17 (CET)

== Jeetkido==

Un nouveau contributeur [[Utilisateur:Stabilosofiane|Stabilosofiane]] dont le comportement coop&#233;ratif tranche &#233;tonnamment avec nos pr&#233;c&#233;dents interlocuteurs semble pr&#234;t &#224; d&#233;montrer que si le jeetkido fran&#231;ais reste encore une activit&#233; confidentielle, il s'agit bien d'une discipline mondialement reconnue. Son travail commence &#224; porter ses fruits. Compte-tenu de la difficult&#233; de recr&#233;er un article supprim&#233;, il serait peut-&#234;tre judicieux d'accorder &#224; celui-ci un nouveau sursis. Peux-tu jeter un &#339;il sur l'&#233;tat actuel de l'article ? Merci et bonne soir&#233;e.--[[Utilisateur:Claude PIARD|Claude PIARD]] ([[Discussion utilisateur:Claude PIARD|discuter]]) 26 janvier 2014 &#224; 21:07 (CET)

{{Avertissement fusion|Mod&#232;le:Infobox Conflit militaire|Mod&#232;le:Infobox Bataille Rome antique}}

== Fabien-Roland L&#233;vy ==

Bonjour

Juste une ligne pour te signaler [[Sp&#233;cial:Restaurer/Fabien_Roland-L&#233;vy_(journaliste)|&#231;a]].

Bonne continuation [[Discussion Utilisateur:Chaoborus|&#8226; Chaoborus]] 27 janvier 2014 &#224; 20:59 (CET)

== L'article [[La Manif pour tous]] a &#233;t&#233; restaur&#233; ==
[[Image:Icono consulta borrar.png|70px|link=|Page propos&#233;e &#224; la suppression|gauche]]
Bonjour,

L&#8217;article &#171; '''{{Lien &#224; supprimer|1=La Manif pour tous}}''' &#187; est en d&#233;bat d'admissibilit&#233; ({{cf.}} [[Wikip&#233;dia:Pages &#224; supprimer]]) suite &#224; une DRP. Apr&#232;s avoir pris connaissance des [[Wikip&#233;dia:Crit&#232;res d'admissibilit&#233; des articles|crit&#232;res g&#233;n&#233;raux d&#8217;admissibilit&#233; des articles]] et des [[:Cat&#233;gorie:Wikip&#233;dia:Admissibilit&#233; des articles|crit&#232;res sp&#233;cifiques]], vous pourrez [[Aide:Arguments &#224; &#233;viter lors d'une proc&#233;dure de suppression|donner votre avis]] sur la page de discussion '''[[{{TALKPAGENAME:La Manif pour tous}}/Suppression]]'''.

Le meilleur moyen d&#8217;obtenir un consensus pour la conservation de l&#8217;article est de fournir des [[Wikip&#233;dia:Citez vos sources|sources secondaires fiables et ind&#233;pendantes]]. Si vous ne pouvez trouver de telles sources, c&#8217;est que l&#8217;article n&#8217;est probablement pas admissible. N&#8217;oubliez pas que les [[Wikip&#233;dia:Principes fondateurs|principes fondateurs]] de Wikip&#233;dia ne garantissent aucun droit &#224; avoir un article sur Wikip&#233;dia. [[Utilisateur:Guillaume70|Guillaume]] &lt;small&gt;([[Discussion Utilisateur:Guillaume70|bah?]], [[Sp&#233;cial:Contributions/Guillaume70|qu'ai-je fait?]])&lt;/small&gt; 28 janvier 2014 &#224; 12:19 (CET)

== [[:Wikip&#233;dia:RAW/2014-01-31|RAW 2014-01-31]] ==

{{RAW/PdD|2014-01-31}} &#8212; [[Utilisateur:Cantons-de-l'Est|Cantons-de-l'Est]] &lt;sup&gt;[[Discussion utilisateur:Cantons-de-l'Est|&lt;span style="color:#008000;"&gt;discuter&lt;/span&gt;]]&lt;/sup&gt; 31 janvier 2014 &#224; 19:31 (CET)
&lt;!-- Message envoy&#233; par User:Cantons-de-l'Est@frwiki en utilisant la liste &#224; http://fr.wikipedia.org/w/index.php?title=Wikip%C3%A9dia:RAW/Inscription&amp;oldid=100580598 --&gt;

== Wikidata weekly summary #95 ==

&lt;div class="plainlinks mw-content-ltr" lang="en" dir="ltr"&gt;
[[File:Wikidata-logo-en.svg|150px|right]]
&lt;div style="margin-top:10px; padding-left:5px; font-family:Georgia, Palatino, Palatino Linotype, Times, Times New Roman, serif;"&gt;''Here's your quick overview of what has been happening around Wikidata over the last week.''&lt;/div&gt;
&lt;div style="-moz-column-count:2; -webkit-column-count:2; column-count:2;"&gt;
* Discussions
** [[:d:Wikidata:Project chat#Cactaceae (Q14560) as showcase item ? P31 as a qualifier ?|Discussion over P31 as a qualifier]]
** Open RfA: [[:d:Wikidata:Requests for permissions/Administrator/Sjoerddebruin|Sjoerddebruin]]
* Events/Blogs/Press
** Wikidata is at FOSDEM in Brussels, Februrary 1st-2nd
* Other Noteworthy Stuff
** Quantities released on Wikidata!
** Wikisource [[:d:Wikidata:Phase 2|phase 2]] coming Februrary 25th.
* Did you know?
** Newest properties:  [[:d:Property:P1110|attendance]], [[:d:Property:P1109|refractive index]], [[:d:Property:P1108|electronegativity]], [[:d:Property:P1107|proportion]], [[:d:Property:P1106|sandbox-quantity]], [[:d:Property:P1104|number of pages]], [[:d:Property:P1103|number of platforms ]], [[:d:Property:P1102|flattening]], [[:d:Property:P1101|floors above ground]], [[:d:Property:P1100|number of cylinders]], [[:d:Property:P1099|masts]], [[:d:Property:P1098|number of speakers]], [[:d:Property:P1097|g-factor]], [[:d:Property:P1096|orbital eccentricity]], [[:d:Property:P1093|gross tonnage]], [[:d:Property:P1092|total produced]], [[:d:Property:P1090|redshift]], [[:d:Property:P1088|Mohs' hardness]], [[:d:Property:P1087|ELO rating]], [[:d:Property:P1086|atomic number]], [[:d:Property:P1085|LibraryThing work identifier]], [[:d:Property:P1084|EUL control number]], [[:d:Property:P1083|capacity]], [[:d:Property:P1082|population]], [[:d:Property:P1081|Human Development Index]], [[:d:Property:P1080|from narrative]], [[:d:Property:P1079|launch contractor]], [[:d:Property:P1078|valvetrain configuration]], [[:d:Property:P1077|KOATUU identifier]]
* Development
** Deployed quantities to Wikidata! :)
** Made patch to make wbmergeitems more reliable [[Bugzilla::55960]]
** Wikidata edit permissions now included in [https://gerrit.wikimedia.org/r/#/c/109333/ wikimedia OAuth edit groups]
** Moved Diff repo to [https://github.com/wmde/Diff Github]
** Work put into make the frontend use backend formatters through the api
** Refactoring of the [https://github.com/wmde/ValueView ValueView extension]
** MergeItems special page merged as an experimental feature
** Our easy RDF fork is now included using composer
** Fixed wbmergeitems issues
* Monthly Tasks
** [[:d:Wikidata:Database reports/Constraint violations/P1001|Fix a format or content violation]] for the [[:d:Property:P1001|belongs to jurisdiction (P1001)]] property
** Hack on one of [https://bugzilla.wikimedia.org/buglist.cgi?keywords=need-volunteer%2C%20&amp;keywords_type=allwords&amp;emailcc1=1&amp;resolution=---&amp;emailtype1=exact&amp;emailassigned_to1=1&amp;query_format=advanced&amp;email1=wikidata-bugs%40lists.wikimedia.org&amp;list_id=162515 these].
** Help develop the next summary [[d:Wikidata:Status updates/Next|here!]]
** Contribute to a [[:d:Wikidata:Showcase|Showcase item]]
&lt;/div&gt;
&lt;div style="margin-top:10px; font-size:90%; padding-left:5px; font-family:Georgia, Palatino, Palatino Linotype, Times, Times New Roman, serif;"&gt;'''[[:d:Wikidata:Status updates/2014 01 31|Read the full report]]''' &amp;middot; [[m:Global message delivery/Targets/Wikidata|Unsubscribe]] &amp;middot; [[:d:User:John F. Lewis|John F. Lewis]] 1 f&#233;vrier 2014 &#224; 00:37 (CET)
&lt;/div&gt;
&lt;/div&gt;
&lt;!-- Message envoy&#233; par User:John F. Lewis@metawiki en utilisant la liste &#224; http://meta.wikimedia.org/w/index.php?title=Global_message_delivery/Targets/Wikidata&amp;oldid=7249659 --&gt;

== Lesya Orobets ==

Moi pareil, j'avais lu cet entretien. Il m'arrive des fois de cr&#233;er un articulet apr&#232;s avoir lu la presse en ligne, mais c'est la premi&#232;re fois qu'on me coupe l'herbe sous le pied&#8230; {{clin}}. --[[Utilisateur:FreCha|FreCha]] ([[Discussion utilisateur:FreCha|discuter]]) 2 f&#233;vrier 2014 &#224; 17:51 (CET)

== En passant ==

'''[//fr.wikipedia.org/w/index.php?title=Simone_H%C3%A9rault&amp;diff=100963400&amp;oldid=99565819 Petite intervention]''' (avec citation sourc&#233;e) dans l'article '''[[Simone H&#233;rault]]''' (o&#249; j'avais commis une  tr&#232;s l&#233;g&#232;re rectification, en mai 2012, apr&#232;s avoir &#171;&amp;nbsp;crois&#233; cette voix&amp;nbsp;&#187;, en dehors des gares, dans le domaine du livre audio), apr&#232;s lecture du n&#176; 669 de [[Institut de journalisme Bordeaux-Aquitaine|'''''Imprimatur''''']] (25 mars 2011). Il faudra que je prenne le temps d'archiver les num&#233;ros disponibles et, &#224; l'occasion, d'y &#171;&amp;nbsp;picorer quelque grain ap&#233;tissant&amp;nbsp;&#187;, comme je viens de le faire &lt;span class="smiley"&gt;[[Image:Face-smile.svg|20px|Sourire]]&lt;/span&gt;. [[User:H&#233;g&#233;sippe Cormier|H&#233;g&#233;sippe]]&amp;nbsp;([[User talk:H&#233;g&#233;sippe Cormier|'''discuter''']])&amp;nbsp;[op&#233;rateur] 6 f&#233;vrier 2014 &#224; 13:21 (CET)
:C'est cool :) Tu as r&#233;cup&#233;r&#233; les deux derniers ? --'''[[Utilisateur:Mikani|''mikani'']]''' &lt;small&gt;''[[Discussion utilisateur:Mikani|(Disc)]]''&lt;/small&gt; 6 f&#233;vrier 2014 &#224; 13:25 (CET)
::C'est top. :) --'''[[Utilisateur:Mikani|''mikani'']]''' &lt;small&gt;''[[Discussion utilisateur:Mikani|(Disc)]]''&lt;/small&gt; 6 f&#233;vrier 2014 &#224; 19:13 (CET)

== [[:w:fr:Wikip&#233;dia:RAW/2014-02-07|RAW 2014-02-07]] ==

{{RAW/PdD|2014-02-07}} &#8212; [[Utilisateur:Cantons-de-l'Est|Cantons-de-l'Est]] &lt;sup&gt;[[Discussion utilisateur:Cantons-de-l'Est|&lt;span style="color:#008000;"&gt;discuter&lt;/span&gt;]]&lt;/sup&gt; 7 f&#233;vrier 2014 &#224; 19:36 (CET)
&lt;!-- Message envoy&#233; par User:Cantons-de-l'Est@frwiki en utilisant la liste &#224; http://fr.wikipedia.org/w/index.php?title=Wikip%C3%A9dia:RAW/Inscription&amp;oldid=100919180 --&gt;

== Wikidata weekly summary #96 ==

&lt;div class="plainlinks mw-content-ltr" lang="en" dir="ltr"&gt;
[[File:Wikidata-logo-en.svg|150px|right]]
&lt;div style="margin-top:10px; padding-left:5px; font-family:Georgia, Palatino, Palatino Linotype, Times, Times New Roman, serif;"&gt;''Here's your quick overview of what has been happening around Wikidata over the last week.''&lt;/div&gt;
&lt;div style="-moz-column-count:2; -webkit-column-count:2; column-count:2;"&gt;
* Discussions
** [[:d:Wikidata:Project chat#Name of person|Discussion over the naming of people]]
** [[:d:Wikidata:Project chat#Population|Discussion over population]]
** Successful RfA: [[:d:Wikidata:Requests for permissions/Administrator/Sjoerddebruin|Sjoerddebruin]]
* Events/Blogs/Press
** See the office hours logs at [[:m:IRC office hours/Office hours 2014-02-03|meta]]
* Other Noteworthy Stuff
** See the FOSDEM [https://docs.google.com/presentation/d/16VDTk9Lo9YU-Q-lj68984o8cGLZDwTDVUfazsB4V1GQ/edit slides]
** Thiemo joins the Wikidata development team
* Development
** More work on badges by Bene*
** Lots of Lua improvements by hoo (separate announcement with details soon)
** Created backend Time parsers (yet another necessary step towards doing more in the backend instead of in Java Script in the frontend)
** Automatic builds created, tested and deployed to beta labs every day!
** Investigate Elastic Search as possible backend for queries
** Made Wikibase Query work with our new component structure
* Monthly Tasks
** [[:d:Wikidata:Database reports/Constraint violations/P1001|Fix a format or content violation]] for the [[:d:Property:P1001|belongs to jurisdiction (P1001)]] property
** Hack on one of [https://bugzilla.wikimedia.org/buglist.cgi?keywords=need-volunteer%2C%20&amp;keywords_type=allwords&amp;emailcc1=1&amp;resolution=---&amp;emailtype1=exact&amp;emailassigned_to1=1&amp;query_format=advanced&amp;email1=wikidata-bugs%40lists.wikimedia.org&amp;list_id=162515 these].
** Help develop the next summary [[d:Wikidata:Status updates/Next|here!]]
** Contribute to a [[:d:Wikidata:Showcase|Showcase item]]
&lt;/div&gt;
&lt;div style="margin-top:10px; font-size:90%; padding-left:5px; font-family:Georgia, Palatino, Palatino Linotype, Times, Times New Roman, serif;"&gt;'''[[:d:Wikidata:Status updates/2014 02 07|Read the full report]]''' &amp;middot; [[m:Global message delivery/Targets/Wikidata|Unsubscribe]] &amp;middot; [[:d:User:John F. Lewis|John F. Lewis]] 7 f&#233;vrier 2014 &#224; 23:37 (CET)
&lt;/div&gt;
&lt;/div&gt;
&lt;!-- Message envoy&#233; par User:John F. Lewis@metawiki en utilisant la liste &#224; http://meta.wikimedia.org/w/index.php?title=Global_message_delivery/Targets/Wikidata&amp;oldid=7384712 --&gt;</text>
      <sha1>bekfu4ptit5eztnaq4uhu20wykrfscz</sha1>
      <model>wikitext</model>
      <format>text/x-wiki</format>
    </revision>
  </page>
