<page xmlns="http://www.mediawiki.org/xml/export-0.8/" xmlns:xsi="http://www.w3.org/2001/XMLSchema-instance">
    <title>Discussion utilisateur:Gyhou</title>
    <ns>3</ns>
    <id>6406099</id>
    <revision>
      <id>80503738</id>
      <timestamp>2012-07-05T12:01:43Z</timestamp>
      <contributor>
        <username>Loveless</username>
        <id>41312</id>
      </contributor>
      <comment>Bienvenue !</comment>
      <text xml:space="preserve">&lt;div class="globegris plainlinks" style="width:100%; height: auto; border-right:1px solid #a7d7f9; vertical-align:top; -moz-border-radius: 10px; -webkit-border-radius: 10px; border-radius:10px; padding: 5px 5px 0 0;background-repeat:no-repeat; background-position:105% -15px; "&gt;

&lt;div style="padding: 0; width: 60%; float: left; font-size: 1em;"&gt;
&lt;p style="display: block; padding: 5px; margin: 2% 0 0 0; border: none; border-left: 5px solid #a7d7f9; font-size: 132%;"&gt;'''Bienvenue sur Wikip&#233;dia, {{BASEPAGENAME}} !'''&lt;/p&gt;
&lt;div style="padding-left: 5%;margin : 10px 0 0 0"&gt;
Je suis [[user:Chatsam|Chatsam]], b&#233;n&#233;vole sur Wikip&#233;dia pour l&#8217;accueil et l&#8217;aide aux d&#233;butants. Si vous avez besoin d'aide, n&#8217;h&#233;sitez pas &#224; me contacter sur ma [[user talk:Chatsam|page de discussion]] ; j'essayerai de vous r&#233;pondre aussi vite que possible.

Wikip&#233;dia est une formidable aventure, toujours en construction ! L'encyclop&#233;die comporte aujourd'hui {{NUMBEROFARTICLES}} articles en fran&#231;ais portant sur le savoir reconnu, r&#233;dig&#233;s par des b&#233;n&#233;voles passionn&#233;s suivant des [[Wikip&#233;dia:Principes fondateurs|'''principes fondateurs''' respect&#233;s par tous]] : encyclop&#233;disme, neutralit&#233;, licence libre, savoir-vivre, audace et innovation.

Vous nous rejoignez afin de partager vos savoirs ? Vous pouvez d'ores et d&#233;j&#224; corriger ou am&#233;liorer des articles existants, en utilisant des informations de qualit&#233; et v&#233;rifiables, participer aux discussions, cr&#233;er de nouveaux articles... Je vous invite donc &#224; d&#233;couvrir comment faire vos [[Aide:Premiers pas|premiers pas]] afin de participer &#224; Wikip&#233;dia.

Un [[Aide:Livret Bienvenue sur Wikip&#233;dia|livret d'aide]] reprenant l&#8217;essentiel &#224; conna&#238;tre est &#233;galement &#224; votre disposition si vous en avez besoin.
{{clr|left}}

Je vous souhaite de prendre du plaisir &#224; contribuer &#224; Wikip&#233;dia ! 

&#192; bient&#244;t, 
&lt;/div&gt;
&lt;/div&gt;
&lt;div style="width:30%; float: left; padding-left:5%;"&gt;
&lt;p style="color:#444; font-weight: bold; font-size: 116%;border-bottom: 1px dotted #a7d7f9; padding-top: 0.55em;"&gt;L'indispensable&lt;/p&gt;
* [[Wikip&#233;dia:Principes fondateurs|Principes fondateurs]]
* [[Aide:Tout l'indispensable...|Tout l'indispensable&#8230;]]
* [[WP:Crit&#232;res d'admissibilit&#233; des articles|Crit&#232;res d'admissibilit&#233; des articles]]

&lt;p style="color:#444; font-weight: bold;border-bottom: 1px dotted #a7d7f9; padding-top: 0.55em;"&gt;Ressources utiles&lt;/p&gt;
* [[Aide:Sommaire|Sommaire de l'aide]]
* [[Aide:Que faire sur Wikip&#233;dia ?|Que faire sur Wikip&#233;dia ?]]
* [[Wikip&#233;dia:Citez vos sources|Comment apporter des sources ?]]
* [[Wikip&#233;dia:Ce que Wikip&#233;dia n'est pas|Wikip&#233;dia n&#8217;est pas&#8230;]]
* [[Aide:Jargon de Wikip&#233;dia|Jargon de Wikip&#233;dia]]

&lt;p style="color:#444; font-weight: bold;border-bottom: 1px dotted #a7d7f9; padding-top: 0.55em;"&gt;Vos pages&lt;/p&gt;
* [[Utilisateur:{{PAGENAME}}|Acc&#233;der &#224; ma page personnelle]]
* [{{fullurl:Utilisateur:{{PAGENAME}}/Brouillon|action=edit&amp;redlink=1&amp;editintro=Mod&#232;le:Brouillon/message}} Faire un brouillon]

&lt;p style="color:#444; font-weight: bold;border-bottom: 1px dotted #a7d7f9; padding-top: 0.55em;"&gt;La communaut&#233;&lt;/p&gt;
* [[Wikip&#233;dia:Accueil de la communaut&#233;|Accueil de la communaut&#233;]]
* [[Wikip&#233;dia:Forum des nouveaux|Forum d'aide aux nouveaux]]
* [[Wikip&#233;dia:Wikimag|Wikimag]] et [[Wikip&#233;dia:Regards sur l'actualit&#233; de la Wikimedia|actualit&#233;s Wikimedia]]

&lt;/div&gt;
{{clr}}
&lt;div style="background:#a7d7f9;padding:.3em;margin:10px 5% 0 65%;text-align:center;-moz-border-radius:10px 10px 0 10px; -webkit-border-radius:10px 10px 0 10px; border-radius:10px 10px 0 10px;"&gt;[[Aide:Premiers pas|'''Commencer &#224; contribuer''' &#8594; ]]&lt;/div&gt;
{{clr}}
&lt;/div&gt; [[user:Chatsam|Chatsam]] 5 juillet 2012 &#224; 14:01 (CEST)</text>
      <sha1>8avr2l9cti8x31zn5o5hoyqiyxpsgtm</sha1>
      <model>wikitext</model>
      <format>text/x-wiki</format>
    </revision>
  </page>
