<page xmlns="http://www.mediawiki.org/xml/export-0.8/" xmlns:xsi="http://www.w3.org/2001/XMLSchema-instance">
    <title>Discussion utilisateur:Grook Da Oger</title>
    <ns>3</ns>
    <id>796514</id>
    <revision>
      <id>100859166</id>
      <parentid>100640352</parentid>
      <timestamp>2014-02-03T04:16:06Z</timestamp>
      <contributor>
        <username>BeBot</username>
        <id>809686</id>
      </contributor>
      <comment>Demandez [[Wikip&#233;dia:Wikimag/2014/5|Cannes Midi (n&#176;305)]]. Le tueur de Cannes frappe encore... 5 cents</comment>
      <text xml:space="preserve">&lt;div style="align: center; padding: 1em; border: solid 1px blue; background-color: white;"&gt;
Bonjour, vous &#234;tes bien sur la Page de Discussion de [[Utilisateur:Grook_Da_Oger|&lt;font color=#CC6666&gt;G&lt;/font&gt;&lt;font color=#CC8B66&gt;r&lt;/font&gt;&lt;font color=#CCB266&gt;o&lt;/font&gt;&lt;font color=#C0CC66&gt;o&lt;/font&gt;&lt;font color=#99CC66&gt;k&lt;/font&gt;
&lt;font color=#74CC66&gt;D&lt;/font&gt;&lt;font color=#66CC80&gt;a&lt;/font&gt;
&lt;font color=#66CCA5&gt;O&lt;/font&gt;&lt;font color=#66CCCC&gt;g&lt;/font&gt;&lt;font color=#66A7CC&gt;e&lt;/font&gt;&lt;font color=#6680CC&gt;r&lt;/font&gt;]]  &lt;small&gt; &lt;font color=#CF0000&gt;(&lt;/font&gt;[[Discussion Utilisateur:Grook Da Oger|&lt;font color=#CF6500&gt;bla bla&lt;/font&gt;]]&lt;font color=#CF0000&gt;)&lt;/font&gt;&lt;/small&gt;.&lt;br&gt;

''Si j'ai '''supprim&#233; un article''' que vous avez cr&#233;&#233;'' &#8594; Veuillez d'abord lire les [[WP:CAA|crit&#232;res d'admissibilit&#233; des articles]]. 

''Si j'ai '''retir&#233; un lien externe''' que vous avez mis dans un article'' &#8594; Veuillez lire attentivement [[WP:LE|la page concernant les liens externes]]. 

''Si vous ne comprenez pas pourquoi j'ai supprim&#233; un autre type d'ajout que vous avez fait'' &#8594; Merci de lire [[WP:pas|ce que Wikip&#233;dia n'est pas]]. Sachez &#233;galement que tout ajout d'une information importante doit &#234;tre r&#233;f&#233;renc&#233; (voir [[WP:V|V&#233;rifiabilit&#233;]] et [[WP:CITE|Citez vos sources]]).

''[http://fr.wikipedia.org/w/wiki.phtml?title=Discussion_Utilisateur:Grook_Da_Oger&amp;amp;action=edit&amp;amp;section=new  Cliquez ici pour m'envoyer un nouveau message]...''&lt;br&gt;
''[http://fr.wikipedia.org/w/wiki.phtml?title=Discussion_Utilisateur:Grook_Da_Oger&amp;amp;action=edit&amp;amp;section=new  To talk with me]...''&lt;/div&gt;



&lt;div style="align: center; padding: 1em; border: solid 1px blue; background-color: white;"&gt;

Aujourd'hui {{CURRENTDAYNAME}} {{CURRENTDAY}} {{CURRENTMONTHNAME}} {{CURRENTYEAR}} - '''{{CURRENTTIME}}'''  -  [[Wikip&#233;dia]] compte '''&lt;b&gt;[[Special:Statistics|{{NUMBEROFARTICLES}}]]&lt;/b&gt; ''' articles parmi lesquels &lt;b&gt;'''&lt;font color=blue&gt;{{Nombre d'articles de qualit&#233;}}&lt;/font&gt;'''&lt;/b&gt;&lt;/b&gt; se sont vus d&#233;cerner le label ''[[WP:AdQ|article de qualit&#233;]]'' et [[Mod&#232;le:Nombre de bons articles|{{Nombre de bons articles}}]] celui de ''[[Wikip&#233;dia:Bons articles|bon article]]''.

&lt;small&gt;Nous devrions atteindre le cap des 1 000 000 d'articles le {{Mod|{{#expr: (((1000000 - {{NUMBEROFARTICLES:R}}) / 600) + {{CURRENTDAY}}) round 0}}|{{CURRENTMONTHDAYS}}}} {{MONTHNAME|{{#expr: {{Div|{{#expr: (((1000000 - {{NUMBEROFARTICLES:R}}) / 600) + {{CURRENTDAY}}) round 0}}|{{CURRENTMONTHDAYS}}}} + {{CURRENTMONTH}}}}}} {{#expr: {{Div|{{#expr: ((1000000 - {{NUMBEROFARTICLES:R}}) / 600) + ({{#time:z}} + 1)}}|365}} + {{CURRENTYEAR}}}}.&lt;/small&gt;&lt;br /&gt;

A ce jour il y a &lt;font color=blue&gt;&lt;b&gt;[[Special:Statistics|{{NUMBEROFUSERS}}]]&lt;/b&gt;&lt;/font&gt; [[Wikip&#233;dia:Wikip&#233;diens|wikip&#233;diens]] dont [[Special:Listusers/sysop|{{NUMBEROFADMINS}}]] [[Wikip&#233;dia:Administrateur|administrateurs]].

&lt;/div&gt;&lt;br&gt;

*[[Discussion_Utilisateur:Grook_Da_Oger/Archivage_2006|Archivage 2006]]
*[[Discussion_Utilisateur:Grook_Da_Oger/Archivage_2007|Archivage 2007]]
*[[Discussion_Utilisateur:Grook_Da_Oger/Archivage_2008|Archivage 2008]]
*[[Discussion_Utilisateur:Grook_Da_Oger/Archivage_2009|Archivage 2009]]

{{Citation bloc|Entre Ce que je pense, Ce que je veux dire, Ce que je crois dire, Ce que je dis, Ce que vous avez envie d'entendre, Ce que vous croyez entendre, Ce que vous entendez, Ce que vous avez envie de comprendre, Ce que vous croyez comprendre, Ce que vous comprenez, Il y a dix possibilit&#233;s qu'on ait des difficult&#233;s &#224; communiquer. Mais essayons quand m&#234;me&#8230;|Bernard Weber|taille=40%}}
&lt;br&gt;&lt;br&gt;&lt;br&gt;&lt;br&gt;&lt;br&gt;&lt;br&gt;&lt;br&gt;&lt;br&gt;

{{sommaire &#224; droite}}

==L&#226;che attentat==
&lt;gallery&gt;
File:Hakarl near Bjarnah&#246;fn in Iceland.JPG|un peu de [[H&#225;karl|requin faisand&#233;]] en entr&#233;e
Fichier:Brennivin2.jpg|accompagn&#233; de la [[Brenniv&#237;n|boisson traditionnellement associ&#233;e]], cens&#233;e aider &#224; avaler le pr&#233;c&#233;dent
File:Cassoulet toulousain.jpg|suivi d'un [[cassoulet|truc bien hexagonal]] malgr&#233; sa g&#233;om&#233;trie informe
File:Chateau lagrezette cahors cru d'exception 2003.jpg|accompagn&#233; du cahors gouleyant
File:Foret noire mel0.jpg|on termine avec un petit dessert
File:Couperne Calvados.jpg|et un truc pour faire glisser
&lt;/gallery&gt;
[[crise de foie|Te reste plus qu'&#224; m&#233;diter]] ; encore merci ; Joyeuses F&#234;tes. [[Utilisateur:Alvaro|Alvar&lt;small&gt;&#9774;&lt;/small&gt;]]  [[Discussion Utilisateur:Alvaro|&#9742;]] 23 d&#233;cembre 2009 &#224; 00:33 (CET)
:ce fromage&#8230; j'en avais mang&#233;, en Corse, vers 1975 ; je l'avais bien &#233;tal&#233; sur du pain et enlev&#233; les bestioles gigotantes. Pour la texture et le go&#251;t&#8230; tu verras bien ; note que j'ai surv&#233;cu {{rire}} [[Utilisateur:Alvaro|Alvar&lt;small&gt;&#9774;&lt;/small&gt;]]  [[Discussion Utilisateur:Alvaro|&#9742;]] 23 d&#233;cembre 2009 &#224; 01:24 (CET)


==Liens internes==
Je pense, &#224; titre personnel, qu'ajouter des liens internes en rapport avec le sujet dans le chapitre "liens internes" est tout &#224; fait judicieux et int&#233;ressant, m&#234;me si ces liens peuvent &#234;tre effectivement retrouv&#233;s dans le texte. 
Pourquoi? Tout simplement car ce chapitre est bien pratique pour retrouver, en un clin d'&#339;il et sans devoir parcourir tout le texte parfois long, des articles en rapport avec le sujet. --[[Utilisateur:Grook_Da_Oger|Grook]] [[Utilisateur:Grook_Da_Oger/Mes contributions|Da]] [[Discussion utilisateur:Grook_Da_Oger|&lt;small&gt;&lt;sup&gt;Oger&lt;/sup&gt;&lt;/small&gt;]] 12 janvier 2010 &#224; 12:47 (CET)
: Bonjour, c'est pourtant la pratique courante (qui vaut aussi pour les liens externes qu'on pr&#233;f&#232;re g&#233;n&#233;ralement voir comme r&#233;f&#233;rence). Si un groupe de d'articles peut s'inscrire dans une liste th&#233;matique on peut choisir de cr&#233;er une [[Aide:Palette de navigation|palette de navigation]]. Cordialement - [[:Utilisateur:Wikig|Wikig]] | [[Discussion_Utilisateur:Wikig|talk to me]] | 12 janvier 2010 &#224; 13:44 (CET)


== [[Crise de foie]] ==
je sais bien, mon intuition, (ou mon exp&#233;rience familiale me dit qu'il existe un lien causal entre le sous diagnostic de migraine et la sur-pr&#233;valence des crises de foie, en france. Autrement dit je crois que ce que les gens appelent des crises de foie sont souvent des crises de migraine : chronique, provoqu&#233;e (apr&#232;s une veille prolong&#233;, un repas trop copieux ou trop arros&#233;, st&#233;r&#233;otyp&#233;e). Il est probable que les victimes de crises de foie mettent en avant les troubles dij / aux c&#233;phal&#233;es, qui sont souvent sous estim&#233;es. enfin quad on voit les victimes des crises de foie s'isoler du bruit et de la lumi&#232;re (pour etre tranquille) on se dit que la migraine n'est pas loin. Je reprend l'article et je met plutot migraine dans &#233;tiologie que dans diagnostic diff. le pb est qu'on ne peut pas parler d'&#233;tiologie ni de diagnostic diff&#233;rentiel pour un terme (crise de foie) qui n'est pas m&#233;dical.
Revenons aux fondamentaux : si le patient dit qu'il &#224; une crise de foie, on va l'interroger pour savoir ce qu'il d&#233;crit ainsi, l'ensemble des symptomes et &#233;ventuellement des signes cliniques seront analys&#233;s et on pourra porter peut &#234;tre un diagnostic, il ne peut pas y avoir de diagnostic positif ni de diagnostic diff&#233;rentiel dans ce cas. salut et au plaisir. PS : je vais essayer de retravailler sur les articles de canc&#233;ro (cliniques et fondamentaux), mais j'ai un peu perdu la main. je compte sur le soutien de ceux qui n'ont vsiblement pas quitt&#233; le bateau depuis toutes ces ann&#233;es. ciao --[[Utilisateur:Larzac|Larzac]] 13 janvier 2010 &#224; 12:27 (CET)

== Hymen artificiel ==

Bonjour

J'ai renomm&#233; cet article d'un titre "plus fran&#231;ais" (et trouv&#233; un interwiki).

D'autre part, il me semble que sa r&#233;daction est dangereusement proche de celle d'[http://www.courrierinternational.com/article/2010/01/19/like-a-virgin un des articles que tu cites en sources]. Fais gaffe : C'est quasiment du copyvio. &lt;small&gt;(pour tout t'avouer, l'article aurait &#233;t&#233; cr&#233;&#233; par une IP, je le d&#233;gageais direct, avec un gros bandeau orange &#224; la cl&#233;).&lt;/small&gt;

Cordialement [[Discussion Utilisateur:Chaoborus|&#8226; Chaoborus]] 21 janvier 2010 &#224; 20:36 (CET)

== Sida(s) et suppos&#233;(s) VIH ==

Bonjour ;

Que d'intimidation, alors que je ne faisais s&#251;rement que rectifier que pour &#233;crire ce dont dans quelque temps on dira : "oui, bien s&#251;r, &#233;videmment" ! Je renvoie &#224; ma discussion sur le sujet avec Sanao (sauf erreur), sur sa page. Un gardien du temple ''bis'' ?...

Cordialement et sans intimidation, [[Utilisateur:Aruspice|Aruspice]] ([[Discussion utilisateur:Aruspice|d]]) 23 janvier 2010 &#224; 16:15 (CET)

== Est-ce que j'ai fait une boulette ?  ==

Bonjour Grook Da Oger, 

J'ai demand&#233; hier soir la suppression imm&#233;diate de [[Demis Ton]], [http://www.google.fr/search?q=%22Demis+Ton%22+%22Nicola+deMarchi%22&amp;sa=X&amp;oi=print_back   apr&#232;s une recherche Google pas du tout concluante...]. En relan&#231;ant la recherche, je d&#233;couvre (ce que je n'avais pas vu hier (peut-&#234;tre parce que Google ne l'avais pas encore r&#233;f&#233;renc&#233; ?) que tu sembles avoir cette page en brouillon. Du coup, je me pose des questions... &lt;br /&gt;Avec mes excuses si jamais c'&#233;tait une &#233;bauche de ta part (mais &#224; vrai dire, je n'y ai pas retrouv&#233; la qualit&#233; habituelle de ton style {{clin}}). &#8212; [[Utilisateur:Azurfrog|Azurfrog]] &lt;sup&gt;&lt;small&gt;&amp;#91;[[Discussion Utilisateur:Azurfrog|&#38738;&#12356;&#12459;&#12456;&#12523;&#12395;&#30693;&#12425;&#12379;&#12427;]]&amp;#93;&lt;/small&gt;&lt;/sup&gt;  24 janvier 2010 &#224; 11:12 (CET)

== Darwin ==

&lt;div style="border:4px solid blue;padding:1ex;text-align:left;"&gt;
[[Fichier:Emblem-important.svg&#8206;|40px]]
Bonjour, pour information j'ai d&#233;cid&#233; de proposer {{a|Charles Darwin}} comme [[Wikip&#233;dia:Bon article|Bon Article]]. Ton vote, tes remarques et ton aide de relecture sont bienvenus! 
&lt;/div&gt;
--[[Utilisateur:Prosopee|Prosopee]] ([[Discussion utilisateur:Prosopee|d]]) 31 janvier 2010 &#224; 18:07 (CET)
:Merci de ta pr&#233;cisions, j'ai ajout&#233; ces deux noms sur la page de vote car ils ont bien fait le gros du travail... Je ne vois rien &#224; ajouter en derni&#232;re minute, sinon, &#233;ventuellement, alimenter la todo list pour l'AdQ...--[[Utilisateur:Prosopee|Prosopee]] ([[Discussion utilisateur:Prosopee|d]]) 7 f&#233;vrier 2010 &#224; 16:56 (CET)

== [[Cholangiocarcinome]] ==

Merci de l'attention port&#233; &#224; cet article... mais serait-il possible d'avoir un petit conseil pour l'am&#233;liorer? J'avoue que, si on peut certainement &#233;toffer le contenu, je ne sais pas trop sur quelle partie porter l'effort en particulier. Alors, une lacune en vue? Merci d'avance, [[Utilisateur:Eleventh|Eleventh]] ([[Discussion utilisateur:Eleventh|d]]) 2 f&#233;vrier 2010 &#224; 23:42 (CET)

== Reiki ==

Salut, est-ce que tu pourrais passer donner ton avis sur [[Discussion:Reiki/Neutralit&#233;]], un utilisateur tient absolument &#224; faire figurer une &#233;tude peu pertinente (n=24, pas d'aveugle...) [http://fr.wikipedia.org/w/index.php?title=Reiki&amp;diff=49924667&amp;oldid=49921429], il y a aussi eu des discussions sur la page de discussion de l'article. Merci.&#8201;&#8211;[[Utilisateur:Akeron|Akeron]]&amp;nbsp;&lt;small&gt;[[Discussion Utilisateur:Akeron|(d)]]&lt;/small&gt; 15 f&#233;vrier 2010 &#224; 14:56 (CET)

== Francaiseguadeloupeenne ==

Vos informations sont tr&#232;s sectaires,tr&#232;s afrocentristes,  il est temps de voir la Guadeloupe dans son ensemble . {{non sign&#233;|Francaiseguadeloupeenne|15 f&#233;vrier 2010}}

Etes vous Haitien? Vos articles sont tr&#232;s noiristes. {{non sign&#233;|Francaiseguadeloupeenne|16 f&#233;vrier 2010}}

== [[Thomas Henry Huxley]] ==
Salut,

Tu as ajout&#233; texte et note sur cet article, mais les r&#233;f&#233;rences ne sont pas compl&#232;tes (ref group=A) et il y a un beau texte rouge en bas. Dommage. Pourrais-tu y jeter un &#339;il ? A +, [[Utilisateur:C&#233;dric Boissi&#232;re|C&#233;dric]] [[Image:Face-glasses.svg|20px]] &lt;small&gt;[[Discussion Utilisateur:C&#233;dric Boissi&#232;re|Questions, probl&#232;mes, angoisses ?]]&lt;/small&gt; 24 mai 2010 &#224; 16:07 (CEST)
:Merci, je n'aurais pas su o&#249; chercher.
:Je viens de lire que c'est [[Robert Chambers]] qui a pouss&#233; Huxley &#224; d&#233;battre contre Wilberforce.
:A +, [[Utilisateur:C&#233;dric Boissi&#232;re|C&#233;dric]] [[Image:Face-glasses.svg|20px]] &lt;small&gt;[[Discussion Utilisateur:C&#233;dric Boissi&#232;re|Questions, probl&#232;mes, angoisses ?]]&lt;/small&gt; 24 mai 2010 &#224; 17:25 (CEST)
::Merci pour le lien (qui confirme). Il y a des bons trucs &#224; traduire de chez en:
::[[Utilisateur:C&#233;dric Boissi&#232;re|C&#233;dric]] [[Image:Face-glasses.svg|20px]] &lt;small&gt;[[Discussion Utilisateur:C&#233;dric Boissi&#232;re|Questions, probl&#232;mes, angoisses ?]]&lt;/small&gt; 24 mai 2010 &#224; 18:53 (CEST)

== Tumeur de Klatskin ==

Bonjour Grook Da Oger,

Vous avez r&#233;cemment ins&#233;r&#233; un '''lien vers CHU Rouen''' dans l'article [[Tumeur de Klatskin]]. Pourquoi? Je ne vois pas l'apport que cela apporte &#224; l'article. 
Par ailleurs, je me suis bas&#233; sur mon cours de m&#233;decine pour r&#233;diger l'article, mais comment le faire appara&#238;tre dans les r&#233;f&#233;rences (c'est un syllabus) ?

Merci beaucoup,

--[[Utilisateur:Cerogas|Cerogas]] ([[Discussion utilisateur:Cerogas|d]]) 27 juin 2010 &#224; 20:27 (CEST)

== contestation du label AdQ de [[Toxoplasmose]] ==

Bonjour. J'ai l'intention de contester le label AdQ de cet article, qui ne semble plus correspondre aux crit&#232;res en vigueur actuellement. J'ai souhait&#233; vous avertir car vous avez beaucoup contribu&#233; &#224; cet article. Cordialement, [[Utilisateur:Freewol|Freewol]] ([[Discussion utilisateur:Freewol|d]]) 1 juillet 2010 &#224; 11:46 (CEST)

== Reiki ==

Salut, j'ai fait il y a quelque temps une nouvelle proposition de retrait sur [[Discussion:Reiki/Neutralit&#233;#Proposition de retrait]], avec plusieurs avis pour et l'abandon d'Asavaa j'ai finalement retir&#233; le passage mais il me reproche de t'avoir compt&#233; dans les pour, si tu pouvais donner ton avis sur le retrait pour que les choses soient bien claires. Puisqu'il en parle, la discussion sur la charte en science est int&#233;ressante mais avec sa r&#233;ponse, j'ai trouv&#233; que &#231;a partait pour &#234;tre trop englu&#233; dans ce conflit pr&#233;cis et finalement refaire le m&#234;me d&#233;bat que sur la page de NPOV. Le sujet m&#233;riterai d'&#234;tre discut&#233;, &#231;a vaudrait le coup d'y revenir plus tard lorsque cette histoire aura bien d&#233;cant&#233;. Amicalement.&#8201;&#8211;[[Utilisateur:Akeron|Akeron]]&amp;nbsp;&lt;small&gt;[[Discussion Utilisateur:Akeron|(d)]]&lt;/small&gt; 20 juillet 2010 &#224; 16:23 (CEST)
::Ah oui j'&#233;tais en vacs &#224; Londres pendant votre discussion j'ai rat&#233; &#231;a. Lu le tout ce soir, bon, pas grand chose &#224; rajouter, la discussion est close ... fait ce qu'il y a &#224; faire. Pour te dire la v&#233;rit&#233;, je suis persuad&#233; que le Reiki est probablement efficace sur le bien &#234;tre g&#233;n&#233;ral voir la douleur de patients. Au m&#234;me titre que des caresses, des massages, des mantras, une discussion au coin du feu, un th&#233; pris sous la v&#233;randa ou une parti de bridge entre amis. On attend les r&#233;sultats des &#233;tudes vs placebo avec dans le groupe t&#233;moin de faux th&#233;rapeutes faisant de faux reiki ... a pluche! --[[Utilisateur:Grook_Da_Oger|Grook]] [[Utilisateur:Grook_Da_Oger/Mes contributions|Da]] [[Discussion utilisateur:Grook_Da_Oger|&lt;small&gt;&lt;sup&gt;Oger&lt;/sup&gt;&lt;/small&gt;]] 21 juillet 2010 &#224; 08:08 (CEST)
:::J'esp&#232;re que tu as pass&#233; de bonnes vacances {{sourire}}. Sur l'efficacit&#233; du Reiki j'ai exactement le m&#234;me avis, comme sur la plupart des m&#233;decines non conventionnelles d'ailleurs. &#199;a me fait penser qu'il y aurait de quoi faire un [[Projet:M&#233;decine non conventionnelle]] pour suivre ces articles particuliers, qu'est-ce que tu en penses ? En ce moment j'ai pas trop le temps, mais &#224; partir de septembre je pourrais peut-&#234;tre m'en occuper plus s&#233;rieusement. D&#233;sol&#233; d'insister mais est-ce que tu pourrais me dire clairement si tu es d'accord avec le retrait de la note [http://fr.wikipedia.org/w/index.php?title=Reiki&amp;diff=55115308&amp;oldid=55101714] sur la page Reiki ou pas, c'est juste que vu comment Asavaa prend le chose et s'en prend &#224; moi (vilain pov-pusher, tout &#231;a...), je pr&#233;f&#232;re pouvoir dire quelles personnes &#233;taient d'accord avec ce retrait et que ce n'&#233;tait pas que mon vilain pov (comme &#231;a je n'aurai pas &#224; te re-d&#233;ranger avec &#231;a si il veut ressortir cette histoire, il m'a d&#233;j&#224; menac&#233; de faire un A&#224;C sur moi par exemple).&#8201;&#8211;[[Utilisateur:Akeron|Akeron]]&amp;nbsp;&lt;small&gt;[[Discussion Utilisateur:Akeron|(d)]]&lt;/small&gt; 21 juillet 2010 &#224; 13:19 (CEST)
::::Ah oui super vacs, que Londres me semble &#233;nergisante compar&#233;e &#224; mon ile des cara&#239;bes ... --[[Utilisateur:Grook_Da_Oger|Grook]] [[Utilisateur:Grook_Da_Oger/Mes contributions|Da]] [[Discussion utilisateur:Grook_Da_Oger|&lt;small&gt;&lt;sup&gt;Oger&lt;/sup&gt;&lt;/small&gt;]] 22 juillet 2010 &#224; 01:54 (CEST)
:::::C'est un peu le monde &#224; l'envers, la plupart des gens r&#234;veraient de faire l'inverse {{sourire}}, j'imagine que les pays tropicaux sont plus agr&#233;ables pour les vacances que pour le quotidien. Merci pour ton petit mot.&#8201;&#8211;[[Utilisateur:Akeron|Akeron]]&amp;nbsp;&lt;small&gt;[[Discussion Utilisateur:Akeron|(d)]]&lt;/small&gt; 22 juillet 2010 &#224; 14:21 (CEST)

== Psychologie en m&#233;decine ? ==
&lt;br /&gt;

Hello Grook Da Oger,&lt;br /&gt;

je suis tr&#232;s ancien lecteur de wikipedia et participant d&#233;butant, j'ai vu que tu interviens en m&#233;decine. J'ai laiss&#233; un message la discussion du portail pour proposer de s&#233;parer psychologie et psychiatrie... Je suis ancien squatter de la fac de m&#233;decine Ren&#233; Descarte de la rue des Saints P&#232;res &#224; Paris, ancien auditeur libre en socio et pycho, j'esp&#232;re pouvoir aider wikipedia.&lt;br /&gt;
 Merci. [[Utilisateur:GuNT-heRR-FranCk--|GuNT-heRR-FranCk--]] ([[Discussion utilisateur:GuNT-heRR-FranCk--|d]]) 22 juillet 2010 &#224; 04:00 (CEST)

== [[Syndrome de la guerre du Golfe]] ==
Salut ! Je ne comprend pas ta question.
Une infobox c'est bien le tableau sur la droite qui pr&#233;sente certains articles(datation, illustration, etc)? Car il n'y en a pas sur celui-ci.
Enjoy
[[Utilisateur:Lousk|Lousk]] ([[Discussion utilisateur:Lousk|d]]) 25 juillet 2010 &#224; 17:21 (CEST)
:Re! Ha tu parles de l'espace o&#249; on justifie ses modifications.
:Eh ben j'ai mis Cat&#233;gorie retravaill&#233;e car j'ai chang&#233; le titre de la cat&#233;gorie "Pol&#233;mique et d&#233;sinformation", car le terme d&#233;sinformation me paraissait trop engag&#233; pour figurer dans le titre de cat&#233;gorie d'un article cens&#233; &#234;tre objectif.
:Aussi car j'ai retravaill&#233; le contenu &#224; l'essentiel pour ne pas avoir plusieurs lignes de blablatage sans rapport direct avec le :sujet de l'article. Voil&#224;. Je ne comprend pas vraiment s'il y a un probl&#232;me mais si c'est le cas fais-m'en part ;) merci, enjoy
:[[Utilisateur:Lousk|Lousk]] ([[Discussion utilisateur:Lousk|d]]) 25 juillet 2010 &#224; 19:10 (CEST)
::Ok! Je pr&#233;ciserai davantage &#224; l'avenir. Merci pour ce signalement, enjoy ;) [[Utilisateur:Lousk|Lousk]] ([[Discussion utilisateur:Lousk|d]]) 27 juillet 2010 &#224; 11:58 (CEST)

== [[Conservatoire Gabriel Faur&#233;]] ==

Bonjour,

Pour info [[Discussion:Conservatoire Gabriel Faur&#233;/Suppression]], puisque tu as contribu&#233; sur cette page. B&#224;t--[[Utilisateur:LPLT|LPLT]] &lt;sup&gt;&lt;small&gt; &amp;#91;[[Discussion Utilisateur:LPLT|discu]]&amp;#93;&lt;/small&gt;&lt;/sup&gt; 30 juillet 2010 &#224; 10:51 (CEST)

==L'accord en 17 articles==
Bonjour, Grook Da Oger, Long time no see... 

Pour la question de l'accord en 17 points, ne penses-tu pas qu'il faudrait quand m&#234;me veiller &#224; ne pas trop surcharger la page de choses venant des exil&#233;s et de leurs sympathisants et faire un &#233;ni&#232;me article, dans le portail Tibet, relayant massivement leur point de vue ? 

Les sources essentielles dont il faut tenir compte &#224; mon avis pour l'historique des n&#233;gociations sont les t&#233;moignages des n&#233;gociateurs et traducteurs - au fait pourquoi refuses-tu ce terme ? -, d'un bord ou de l'autre, et publi&#233;s de pr&#233;f&#233;rence peu de temps apr&#232;s les faits, et le livre du tib&#233;tologue am&#233;ricain Melvyn C. Goldstein, que tu connais peut-&#234;tre, qui d&#233;crit dans le d&#233;tail le d&#233;roulement des n&#233;gociations (parlant tib&#233;tain, il a interrog&#233; divers participants aux n&#233;gociations). C'est un vrai travail d'historien. Il donne en particulier des informations (que je compte retranscrire) sur les communications entre les n&#233;gociateurs d'une part et Lhassa et Yatoung d'autre part.

Bon retour dans les pages Tibet et cordialement,--[[Utilisateur:Elnon|Elnon]] ([[Discussion utilisateur:Elnon|d]]) 1 ao&#251;t 2010 &#224; 02:08 (CEST)

== Le Salon Cin&#233;matographique - XIV ==
{{Projet:Cin&#233;ma/Newsletter/ao&#251;t 2010}}
&lt;small&gt;n'h&#233;sitez pas &#224; nous [[Discussion Projet:Cin&#233;ma/Newsletter|faire part de vos commentaires]] ! Pour les inscriptions ou d&#233;sinscriptions, c'est [[Projet:Cin&#233;ma/Newsletter/Liste|par l&#224;]].&lt;/small&gt;

== Marprelate ==

Bonjour,
traduction de l'article [[Controverse de Marprelate]] termin&#233;e ;) [[Utilisateur:Gaspardetende|Gaspardetende]] ([[Discussion utilisateur:Gaspardetende|d]]) 6 ao&#251;t 2010 &#224; 00:14 (CEST)

== Le Salon Cin&#233;matographique - XV ==
{{Projet:Cin&#233;ma/Newsletter/septembre 2010}}
&lt;small&gt;n'h&#233;sitez pas &#224; nous [[Discussion Projet:Cin&#233;ma/Newsletter|faire part de vos commentaires]] ! Pour les inscriptions ou d&#233;sinscriptions, c'est [[Projet:Cin&#233;ma/Newsletter/Liste|par l&#224;]].&lt;/small&gt;

== Cr&#226;nesss ==

Monsieur de Talleyrand n&#8217;aurait pas fait mieux ! --[[Utilisateur:Archaeodontosaurus|Archaeodontosaurus]] ([[Discussion utilisateur:Archaeodontosaurus|d]]) 22 septembre 2010 &#224; 20:33 (CEST)

== Portail ? ==

Bonjour Grook Da Oger. Que penses-tu de la cr&#233;ation d'un '''portail M&#233;decine non conventionnelle''' + projet ? Il me semble qu'il permettrait de mieux organiser et surveiller les articles li&#233;s. J'avais cr&#233;&#233; la page [[Pratique &#233;nerg&#233;tique|Th&#233;rapies &#233;nerg&#233;tiques]] afin de rassembler les pratiques de ce nom, plut&#244;t que d'avoir syst&#233;matiquement un article d&#233;di&#233; pour chacune, et la r&#233;cente [[Discussion:Dentisterie_holistique/Suppression|P&#224;S de dentisterie holistique]] m'a fait penser que nous pourrions faire la m&#234;me chose avec les pratiques dites holistiques en les regroupant en [[Th&#233;rapie holistique|Th&#233;rapies holistiques]]. Voil&#224; pour un des motivations &#224; avoir un projet autour de ce th&#232;me. Il y aurait beaucoup &#224; dire sur la mani&#232;re de restituer le savoir sur ces sujets sans que l'on oscille toujours entre les articles pan&#233;gyriques et les incendiaires, mais c'est une question &#224; aborder ensuite, je crois. Cordialement [[Utilisateur:Ataraxie|&lt;font face="Papyrus"&gt;A t a r a x i e&lt;font color="white"&gt;-&lt;/font&gt;&lt;/font&gt;]]&lt;font color="white"&gt;-&lt;/font&gt;&lt;sup&gt;[[Discussion Utilisateur:Ataraxie|d]]&lt;/sup&gt; 10 octobre 2010 &#224; 08:29 (CEST)

==Articles [[CFES]] et [[INPES]]==
Bonjour, je vous invite &#224; participer &#224; la discussion suivante concernant l'enrichissement des pages relatives au Comit&#233; fran&#231;ais d'&#233;ducation pour la sant&#233; (CFES) et &#224; l'Institut national de pr&#233;vention et d'&#233;ducation pour la sant&#233; (INPES), ici : [[Wikip&#233;dia:Le Bistro/15 octobre 2010#Qui veut du spot publicitaire ?|le bistro du jour]]. Il m'est en effet reproch&#233; d'avoir d&#233;taill&#233; les campagnes r&#233;alis&#233;es par ces deux institutions publiques charg&#233;es de r&#233;aliser les campagnes de pr&#233;vention en sant&#233; publique du minist&#232;re de la sant&#233; et de la S&#233;curit&#233; sociale (CNAMTS), et d'avoir effectuer des liens externes vers le site de l'INA qui permet de visionner les campagnes TV. Merci d'avance pour votre avis dans le d&#233;bat qui s'engage. [[Utilisateur:Mikal9|Mikal9]] 19 octobre 2010 &#224; 10:46 (CEST)

== Le Salon Cin&#233;matographique &#8212; XVI ==
{{Projet:Cin&#233;ma/Newsletter/octobre 2010}}
&lt;small&gt;n'h&#233;sitez pas &#224; nous [[Discussion Projet:Cin&#233;ma/Newsletter|faire part de vos commentaires]] ! Pour les inscriptions ou d&#233;sinscriptions, c'est [[Projet:Cin&#233;ma/Newsletter/Liste|par l&#224;]].&lt;/small&gt;

== [[M&#233;moires d'un moine aventurier tib&#233;tain]] ==


{| class="WSerieH plainlinks" title="&lt;nowiki&gt;{{&lt;/nowiki&gt;Copieur|article concern&#233;|site d&#8217;origine&lt;nowiki&gt;}}&lt;/nowiki&gt;" align="center" style="width:100%; margin-top:0; border:2px solid OrangeRed; padding:5px; background-color:#FFDF80;"
|-
|[[Fichier:Red copyright.svg|center|64px|alt=|link=]]
|style="padding-left: 10px" |Bonjour '''Grook Da Oger''',

'''Vous avez copi&#233; sur [[M&#233;moires d'un moine aventurier tib&#233;tain]] un contenu (texte ou image) provenant d&#8217;une source prot&#233;g&#233;e par le droit d&#8217;auteur.''' Cette modification a &#233;t&#233; annul&#233;e car elle contrevient &#224; [[Wikip&#233;dia:Droit d'auteur|l&#8217;un des principes fondateurs de Wikip&#233;dia]] et &#224; la l&#233;gislation sur les droits d&#8217;auteur.

{| align="center" style="padding: 0.5em; border: 1px solid red; background: #FFDF80"
| Toutefois, [[Mod&#232;le:Copieur/Ayant-droit|si vous &#234;tes l&#8217;auteur de ce que vous avez &#233;crit ou import&#233; sur Wikip&#233;dia]],&lt;br /&gt;consultez la '''[[Aide:Republication|page d&#8217;aide sur la republication de contenu sur Wikip&#233;dia]]'''.&lt;br /&gt; ''Il ne sera proc&#233;d&#233; &#224; aucune restauration d&#8217;article ou d&#8217;image sans autorisation pr&#233;alable''.
|}

Dans tous les autres cas, en copiant du mat&#233;riel prot&#233;g&#233;, '''vous &#234;tes personnellement responsable de contrefa&#231;on''', et vous engagez &#233;galement la responsabilit&#233; de l&#8217;h&#233;bergeur de Wikip&#233;dia, [[Wikimedia Foundation]]. En cas de r&#233;cidive, un administrateur bloquera votre acc&#232;s en &#233;criture.

&lt;small&gt;[[Wikip&#233;dia:Legifer|Comment faire pour &#234;tre s&#251;r de la validit&#233; juridique de mes contributions ?]] - [[Wikip&#233;dia:Licence Creative Commons Paternit&#233;-Partage des Conditions Initiales &#224; l'Identique 3.0 Unported|Licence Creative Commons Paternit&#233;-Partage des Conditions Initiales &#224; l'Identique 3.0 Unported]] - [[Licence de documentation libre GNU]]&lt;/small&gt;
|}&lt;div style="float:right;display:none;margin-top:1em;" class="icone_de_titre"&gt;&lt;span title="Copieur"&gt;[[Fichier:Red copyright.svg|25px|link=//fr.wikipedia.org/wiki/Wikip%C3%A9dia:Droit_d%27auteur|alt=Copieur]]&lt;/span&gt;&lt;/div&gt;

== [[Acide_Amin&#233;]] ==

L'histidine comporte bien un cycle h&#233;t&#233;roaromatique, celui de l'imidazole. Si vous d&#233;comptez les &#233;lectrons pi du cycle (2*2 provenant des liaisons doubles et 2 du doublet libre de l'un des azotes), vous vous apercevez qu'ils sont au nombre de 6, ce qui, selon la [[r&#232;gle de H&#252;ckel]], correspond bien &#224; un aromatique. Il est simplement possible que la r&#233;action xanthoprot&#233;ique (qui est une nitration), ne donne pas un r&#233;sultat pouvant &#234;tre lu de la m&#234;me fa&#231;on que pour les trois autres, qui comportent un cycle benz&#232;nique.
Bien cordialement [[Utilisateur:Jengi|Jengi]] ([[Discussion utilisateur:Jengi|d]]) 29 octobre 2010 &#224; 20:23 (CEST)
:L'histidine comporte bel et bien un cycle aromatique, mais pour des raisons techniques, on ne le classe pas dans las acides amin&#233;s aromatiques. Une discussion est en cours sur la PdD. &lt;font face="Maiandra GD"&gt;[[Utilisateur:Agrafian Hem Rarko|Agrafian]] ([[Discussion Utilisateur:Agrafian Hem Rarko|''me parler'']])&lt;/font&gt; 29 octobre 2010 &#224; 20:34 (CEST)

== ton message pr&#233;c&#233;dent ==

Salut,

je ne le comprends pas.
Explique moi ce que tu veux me faire comprendre.
Gilbert
([[Utilisateur:GilbertBCQ|GilbertBCQ]] ([[Discussion utilisateur:GilbertBCQ|d]]) 31 octobre 2010 &#224; 17:34 (CET))

== non-progresseur ==

Bonjour,j'ai post&#233; une remarque/question sur la page http://fr.wikipedia.org/wiki/Discussion:Contr%C3%B4leur_du_VIH ....[[Utilisateur:Trente7cinq|Trente7cinq]] ([[Discussion utilisateur:Trente7cinq|d]]) 1 novembre 2010 &#224; 00:21 (CET)

== Le Salon Cin&#233;matographique - XVII ==
{{Projet:Cin&#233;ma/Newsletter/novembre 2010}}
&lt;small&gt;n'h&#233;sitez pas &#224; nous [[Discussion Projet:Cin&#233;ma/Newsletter|faire part de vos commentaires]] ! Pour les inscriptions ou d&#233;sinscriptions, c'est [[Projet:Cin&#233;ma/Newsletter/Liste|par l&#224;]].&lt;/small&gt; [[Utilisateur:BoToulousain|BoToulousain]] ([[Discussion utilisateur:BoToulousain|d]]) 1 novembre 2010 &#224; 16:06 (CET)

== Le Salon Cin&#233;matographique ==

Bonjour, je t'invite &#224; venir participer &#224; [[http://fr.wikipedia.org/wiki/Discussion_Projet:Cin%C3%A9ma/Newsletter#Sondage_sur_les_liens_dans_les_bo.C3.AEtes_d.C3.A9roulantes_annon.C3.A7ant_les_sorties_du_mois|ce sondage]] concernant l'infolettre. Cdlt [[Utilisateur:BoToulousain|BoToulousain]] ([[Discussion utilisateur:Sebletoulousain|d]])

== Le Salon Cin&#233;matographique - XVIII ==
{{Projet:Cin&#233;ma/Newsletter/d&#233;cembre 2010}}
&lt;small&gt;n'h&#233;sitez pas &#224; nous [[Discussion Projet:Cin&#233;ma/Newsletter|faire part de vos commentaires]] ! Pour les inscriptions ou d&#233;sinscriptions, c'est [[Projet:Cin&#233;ma/Newsletter/Liste|par l&#224;]].&lt;/small&gt; [[Utilisateur:BoToulousain|BoToulousain]] ([[Discussion utilisateur:Sebletoulousain|d]]) 1 d&#233;cembre 2010 &#224; 18:28 (CET)
&lt;br /&gt;PS: Le [[Discussion_Projet:Cin&#233;ma/Newsletter#Sondage_sur_les_liens_dans_les_bo.C3.AEtes_d.C3.A9roulantes_annon.C3.A7ant_les_sorties_du_mois|d&#233;bat sur les liens des sorties de films du mois]] est toujours d'actualit&#233;.

== [[&#201;ditions de Magic : l'assembl&#233;e]] ==

Bonjour, je viens vers vous concernant cet article.
En effet, je crois que c'est vous qui avez upload&#233; les logos des premi&#232;res &#233;ditions de base.
j'ai donc r&#233;cemment fait de m&#234;me avec toutes les extensions.
Mais quelqu'un viens de soumettre au vote le fait de supprimer ces images.
Si le vote est majoritairement pour la suppression, vos images risquent &#233;galement d'&#234;tre supprim&#233;es.
Venez donc donner votre avis sur cette page de discussion : 

http://fr.wikipedia.org/wiki/Wikip%C3%A9dia:Images_%C3%A0_supprimer/Fichier:Url-c.gif

Cordialement. --[[Utilisateur:CrAz|CrAz]] ([[Discussion utilisateur:CrAz|d]]) 24 d&#233;cembre 2010 &#224; 16:07 (CET)

== Le Salon Cin&#233;matographique - XIX ==
{{Projet:Cin&#233;ma/Newsletter/janvier 2011}}
&lt;small&gt;n'h&#233;sitez pas &#224; nous [[Discussion Projet:Cin&#233;ma/Newsletter|faire part de vos commentaires]] ! Pour les inscriptions ou d&#233;sinscriptions, c'est [[Projet:Cin&#233;ma/Newsletter/Liste|par l&#224;]].&lt;/small&gt; [[Utilisateur:BoToulousain|BoToulousain]] ([[Discussion utilisateur:Sebletoulousain|d]]) 1 janvier 2011 &#224; 21:01 (CET)

== Le Salon Cin&#233;matographique - XX ==
{{Projet:Cin&#233;ma/Newsletter/f&#233;vrier 2011}}
&lt;small&gt;n'h&#233;sitez pas &#224; nous [[Discussion Projet:Cin&#233;ma/Newsletter|faire part de vos commentaires]] ! Pour les inscriptions ou d&#233;sinscriptions, c'est [[Projet:Cin&#233;ma/Newsletter/Liste|par l&#224;]].&lt;/small&gt; [[Utilisateur:BoToulousain|BoToulousain]] ([[Discussion utilisateur:Sebletoulousain|d]]) 3 f&#233;vrier 2011 &#224; 13:52 (CET)

== Usine &#224; gaz est propos&#233; &#224; la suppression ==

{| align=center title="{{((}}subst:avertissement suppression page{{!}}page{{))}}" border=0 cellpadding=4 cellspacing=4 style="border-style:none; background-color: #FFFFFF" 
| [[Image:Icono consulta borrar.png|64px|Page propos&#233;e &#224; la suppression]] 
|Bonjour,

L&#8217;article '''{{Lien &#224; supprimer|Usine &#224; gaz|Usine &#224; gaz}}''' a &#233;t&#233; propos&#233; &#224; la suppression (cf. [[Wikip&#233;dia:Pages &#224; supprimer]]). Apr&#232;s avoir pris connaissance des [[Wikip&#233;dia:Crit&#232;res d'admissibilit&#233; des articles|crit&#232;res g&#233;n&#233;raux d&#8217;admissibilit&#233; des articles]] et des [[:Cat&#233;gorie:Wikip&#233;dia:Admissibilit&#233; des articles|crit&#232;res sp&#233;cifiques]], vous pourrez [[Aide:Comment argumenter lors d'une proc&#233;dure de suppression|donner votre avis]] sur la page de discussion '''[[Discussion:Usine &#224; gaz/Suppression]]'''. 

Le meilleur moyen d&#8217;obtenir un consensus pour la conservation de l&#8217;article est de fournir des [[Wikip&#233;dia:Citez vos sources|sources secondaires fiables et ind&#233;pendantes]]. Si vous ne pouvez trouver de telles sources, c&#8217;est que l&#8217;article n&#8217;est probablement pas admissible. N&#8217;oubliez pas que les [[Wikip&#233;dia:Principes fondateurs|principes fondateurs]] de Wikip&#233;dia ne garantissent aucun droit &#224; avoir un article sur Wikip&#233;dia.
|}
== L'article Chambounaud est propos&#233; &#224; la suppression ==

{| align=center title="{{((}}subst:avertissement suppression page{{!}}page{{))}}" border=0 cellpadding=4 cellspacing=4 style="border-style:none; background-color: #FFFFFF" 
| [[Image:Icono consulta borrar.png|64px|Page propos&#233;e &#224; la suppression]] 
|Bonjour,

L&#8217;article &#171;&#160;'''{{Lien &#224; supprimer|Chambounaud|Chambounaud}}'''&#160;&#187; est propos&#233; &#224; la suppression (cf. [[Wikip&#233;dia:Pages &#224; supprimer]]). Apr&#232;s avoir pris connaissance des [[Wikip&#233;dia:Crit&#232;res d'admissibilit&#233; des articles|crit&#232;res g&#233;n&#233;raux d&#8217;admissibilit&#233; des articles]] et des [[:Cat&#233;gorie:Wikip&#233;dia:Admissibilit&#233; des articles|crit&#232;res sp&#233;cifiques]], vous pourrez [[Aide:Comment argumenter lors d'une proc&#233;dure de suppression|donner votre avis]] sur la page de discussion '''[[Discussion:Chambounaud/Suppression]]'''. 

Le meilleur moyen d&#8217;obtenir un consensus pour la conservation de l&#8217;article est de fournir des [[Wikip&#233;dia:Citez vos sources|sources secondaires fiables et ind&#233;pendantes]]. Si vous ne pouvez trouver de telles sources, c&#8217;est que l&#8217;article n&#8217;est probablement pas admissible. N&#8217;oubliez pas que les [[Wikip&#233;dia:Principes fondateurs|principes fondateurs]] de Wikip&#233;dia ne garantissent aucun droit &#224; avoir un article sur Wikip&#233;dia.
|}

--&amp;#124;[[Utilisateur:Passoa15|&lt;tt&gt;&lt;b&gt; Passoa15&lt;/b&gt; &lt;/tt&gt;]]&amp;#124;&lt;i&gt;&lt;tt&gt;[[Discussion Utilisateur:Passoa15| me parler ]]&lt;/tt&gt;&lt;/i&gt;&amp;#124; 11 mai 2011 &#224; 17:46 (CEST)
== Hep, hep ==

Salut Grook, en passant, comment vas-tu ? Au plaisir, [[Utilisateur:Nanoxyde|Nanoxyde]] ([[Discussion utilisateur:Nanoxyde|d]]) 23 mai 2011 &#224; 02:49 (CEST)
== L'article DouBt est propos&#233; &#224; la suppression ==

{| align="center" title="{{((}}subst:avertissement suppression page{{!}}page{{))}}" border="0" cellpadding="4" cellspacing="4" style="border-style:none; background-color:#FFFFFF;"
| [[Image:Icono consulta borrar.png|64px|Page propos&#233;e &#224; la suppression]] 
|Bonjour,

L&#8217;article &#171;&#160;'''{{Lien &#224; supprimer|DouBt}}'''&#160;&#187; est propos&#233; &#224; la suppression ({{cf.}} [[Wikip&#233;dia:Pages &#224; supprimer]]). Apr&#232;s avoir pris connaissance des [[Wikip&#233;dia:Crit&#232;res d'admissibilit&#233; des articles|crit&#232;res g&#233;n&#233;raux d&#8217;admissibilit&#233; des articles]] et des [[:Cat&#233;gorie:Wikip&#233;dia:Admissibilit&#233; des articles|crit&#232;res sp&#233;cifiques]], vous pourrez [[Aide:Comment argumenter lors d'une proc&#233;dure de suppression|donner votre avis]] sur la page de discussion '''[[Discussion:DouBt/Suppression]]'''. 

Le meilleur moyen d&#8217;obtenir un consensus pour la conservation de l&#8217;article est de fournir des [[Wikip&#233;dia:Citez vos sources|sources secondaires fiables et ind&#233;pendantes]]. Si vous ne pouvez trouver de telles sources, c&#8217;est que l&#8217;article n&#8217;est probablement pas admissible. N&#8217;oubliez pas que les [[Wikip&#233;dia:Principes fondateurs|principes fondateurs]] de Wikip&#233;dia ne garantissent aucun droit &#224; avoir un article sur Wikip&#233;dia.
|} --[[Utilisateur:Chris a liege|Chris a liege]] ([[Discussion utilisateur:Chris a liege|d]]) 16 juin 2011 &#224; 12:07 (CEST)
== Rare ==

Salut, tu te fais de plus en plus rare parmi nous cher confr&#232;re {{clin}}. --[[Utilisateur:Padawane|P&#170;&#598;aw@n]]&lt;font color="red"&gt;[[Discussion Utilisateur:Padawane|e]]&lt;/font&gt; 23 juillet 2011 &#224; 23:49 (CEST)
== Wikimag n&#176;??? - Semaine 44 ==
{{Wikimag message|???|2011|44}}
[[Utilisateur:BeBot|BeBot]] ([[Discussion utilisateur:BeBot|d]]) 7 novembre 2011 &#224; 06:14 (CET)

== Proposition de fusion de {{a|Insuffisance h&#233;patique aigu&#235;}} et {{a|H&#233;patite fulminante}} ==

Bonjour. Nouveau ''Peon'', je remarque que [[Insuffisance h&#233;patique aigu&#235;]] et [[H&#233;patite fulminante]] peuvent justifier une fusion. Qu'en pensez-vous ? --[[Utilisateur:BonifaceFR|BonifaceFR]] ([[Discussion utilisateur:BonifaceFR|d]]) 13 juin 2012 &#224; 09:45 (CEST)
: bonjour . pourquoi pas . et ins&#233;rer li&#233; vers [[Insuffisance h&#233;pato-cellulaire]] - cdlt --[[Utilisateur:Grook_Da_Oger|Grook]] [[Utilisateur:Grook_Da_Oger/Mes contributions|Da]] [[Discussion utilisateur:Grook_Da_Oger|&lt;small&gt;&lt;sup&gt;Oger&lt;/sup&gt;&lt;/small&gt;]] 18 juin 2012 &#224; 14:25 (CEST)
Bonjour ! La discussion se tient [http://fr.wikipedia.org/wiki/Wikip%C3%A9dia:Pages_%C3%A0_fusionner#H.C3.A9patite_fulminante_et_Insuffisance_h.C3.A9patique_aigu.C3.AB ici]. Merci ! (Je vous avais signal&#233; cette proposition sans doute car vous &#233;tiez le premier contributeur de l'un des deux (ou des deux) articles) --[[Utilisateur:BonifaceFR|BonifaceFR]] ([[Discussion utilisateur:BonifaceFR|d]]) 18 juin 2012 &#224; 15:15 (CEST)

== [[Pseudomyxome p&#233;riton&#233;al]] et [[Ascite g&#233;latineuse]] ==

Je propose la fusion de [[Pseudomyxome p&#233;riton&#233;al]] et [[Ascite g&#233;latineuse]] qui traitent du m&#234;me sujet sous deux d&#233;nominations distinctes. Le premier article est sp&#233;cialis&#233;, document&#233;, le second est d'acc&#232;s plus facile, moins pointu et nettement moins r&#233;f&#233;renc&#233;--[[Utilisateur:BonifaceFR|BonifaceFR]] ([[Discussion utilisateur:BonifaceFR|d]]) 25 juin 2012 &#224; 00:29 (CEST)

== proposition de fusion d'articles ==
Bonjour, je te signale
{| align="center" title="&lt;nowiki&gt;{{subst:Avertissement fusion|page 1|page 2|page 3|page 4|page 5|page 6|signature}}&lt;/nowiki&gt;" border="0" cellpadding="4" cellspacing="4" style="border: 2px solid #000000; background-color: #ffffff"
|-
| [[Image:Emblem-important.svg|45px|alt=|link=]]
| style="text-align:center; font-size:larger; font-weight:bold;" | [[Dermohypodermite bact&#233;rienne n&#233;crosante]] et [[Fasciite n&#233;crosante]] sont propos&#233;s &#224; la fusion
|-
| [[Image:Merge-arrows.svg|45px|alt=|link=]]
| La discussion a lieu sur la page [[Wikip&#233;dia:Pages &#224; fusionner#Dermohypodermite bact&#233;rienne n&#233;crosante et Fasciite n&#233;crosante]].&lt;br /&gt;&lt;!--
--&gt;&lt;small&gt;La proc&#233;dure de fusion est consultable sur [[Wikip&#233;dia:Pages &#224; fusionner]].&lt;br /&gt;&lt;!--
--&gt;&lt;/small&gt;
|} car tu es un des premiers contributeurs de chacun de ces articles. Cdlt--[[Utilisateur:BonifaceFR|BonifaceFR]] ([[Discussion utilisateur:BonifaceFR|d]]) 29 juillet 2012 &#224; 11:34 (CEST)

== L'article Philippe Charlier est propos&#233; &#224; la suppression ==

{| align="center" title="{{((}}subst:avertissement suppression page{{!}}page{{))}}" border="0" cellpadding="4" cellspacing="4" style="border-style:none; background-color:#FFFFFF;"
| [[Image:Icono consulta borrar.png|64px|Page propos&#233;e &#224; la suppression]]
|Bonjour,

L&#8217;article &#171;&#160;'''{{Lien &#224; supprimer|Philippe Charlier}}'''&#160;&#187; est propos&#233; &#224; la suppression ({{cf.}} [[Wikip&#233;dia:Pages &#224; supprimer]]). Apr&#232;s avoir pris connaissance des [[Wikip&#233;dia:Crit&#232;res d'admissibilit&#233; des articles|crit&#232;res g&#233;n&#233;raux d&#8217;admissibilit&#233; des articles]] et des [[:Cat&#233;gorie:Wikip&#233;dia:Admissibilit&#233; des articles|crit&#232;res sp&#233;cifiques]], vous pourrez [[Aide:Arguments &#224; &#233;viter lors d'une proc&#233;dure de suppression|donner votre avis]] sur la page de discussion '''[[Discussion:Philippe Charlier/Suppression]]'''.

Le meilleur moyen d&#8217;obtenir un consensus pour la conservation de l&#8217;article est de fournir des [[Wikip&#233;dia:Citez vos sources|sources secondaires fiables et ind&#233;pendantes]]. Si vous ne pouvez trouver de telles sources, c&#8217;est que l&#8217;article n&#8217;est probablement pas admissible. N&#8217;oubliez pas que les [[Wikip&#233;dia:Principes fondateurs|principes fondateurs]] de Wikip&#233;dia ne garantissent aucun droit &#224; avoir un article sur Wikip&#233;dia.
|}

[[Utilisateur:BonifaceFR|BonifaceFR]] ([[Discussion utilisateur:BonifaceFR|d]]) 22 ao&#251;t 2012 &#224; 16:48 (CEST)

== Proposition de fusion &#224; discuter ==
{| align="center" title="&lt;nowiki&gt;{{subst:Avertissement fusion|page 1|page 2|page 3|page 4|page 5|page 6|signature}}&lt;/nowiki&gt;" border="0" cellpadding="4" cellspacing="4" style="border: 2px solid #000000; background-color: #ffffff"
|-
| [[Image:Emblem-important.svg|45px|alt=|link=]]
| style="text-align:center; font-size:larger; font-weight:bold;" | [[Schistocyte]] et [[Schizocytose]] sont propos&#233;s &#224; la fusion
|-
| [[Image:Merge-arrows.svg|45px|alt=|link=]]
| La discussion a lieu sur la page [[Wikip&#233;dia:Pages &#224; fusionner#Schistocyte et Schizocytose]].&lt;br /&gt;&lt;!--
--&gt;&lt;small&gt;La proc&#233;dure de fusion est consultable sur [[Wikip&#233;dia:Pages &#224; fusionner]].&lt;br /&gt;&lt;!--
--&gt;mettre sa signature sous la forme 7=4 tildes&lt;/small&gt;
|}--[[Utilisateur:BonifaceFR|BonifaceFR]] ([[Discussion utilisateur:BonifaceFR|d]]) 25 septembre 2012 &#224; 05:59 (CEST)

== Question about pictures on Wikimedia commons ==

First of all, my apologies for speaking in English. I doubt you would figure out what I want from you if I'd try to use all the French that I know. :) Anyhow: I'm currently checking various categories for copyright violations over at Commons, and I found your images that way. You upload a great deal of medical images on Commons. Could you tell me where you got all those images from? I'm guessing that's part of your job or something, but I just wanted to make sure. Thanks in advance! --[[Utilisateur:Conti|Conti]] ([[Discussion utilisateur:Conti|d]]) 1 d&#233;cembre 2012 &#224; 19:44 (CET)
:Thanx you to help me to improve my english :) That's it, i got all these pictures at my job .. See you --[[Utilisateur:Grook_Da_Oger|Grook]] [[Utilisateur:Grook_Da_Oger/Mes contributions|Da]] [[Discussion utilisateur:Grook_Da_Oger|&lt;small&gt;&lt;sup&gt;Oger&lt;/sup&gt;&lt;/small&gt;]] 2 d&#233;cembre 2012 &#224; 02:23 (CET)

== Bravo et merci pour ton engagement ==
{{R&#233;compense|BoNM Hires.png|[[Wikip&#233;dia:Liste de Wikip&#233;diens par nombre d'&#233;ditions|Grook Da Oger est le 173{{e}} contributeur en nombre d'&#233;ditions sur Wikip&#233;dia en fran&#231;ais (d&#233;cembre 2012)]].}}&lt;br /&gt;Bonnes f&#234;tes de fin d'ann&#233;e et meilleurs v&#339;ux pour 2013 ! --[[Utilisateur:Copyleft|Copyleft]] ([[Discussion utilisateur:Copyleft|d]]) 21 d&#233;cembre 2012 &#224; 18:08 (CET)

== Proposition de fusion d'articles ==
{| align="center" title="&lt;nowiki&gt;{{subst:Avertissement fusion|page 1|page 2|page 3|page 4|page 5|page 6|signature}}&lt;/nowiki&gt;" border="0" cellpadding="4" cellspacing="4" style="border: 2px solid #000000; background-color: #ffffff"
|-
| [[Image:Emblem-important.svg|45px|alt=|link=]]
| style="text-align:center; font-size:larger; font-weight:bold;" | [[Odontologie]] et [[M&#233;decine dentaire]] sont propos&#233;s &#224; la fusion
|-
| [[Image:Merge-arrows.svg|45px|alt=|link=]]
| La discussion a lieu sur la page [[Wikip&#233;dia:Pages &#224; fusionner#Odontologie et M&#233;decine dentaire]].&lt;br /&gt;&lt;!--
--&gt;&lt;small&gt;La proc&#233;dure de fusion est consultable sur [[Wikip&#233;dia:Pages &#224; fusionner]].&lt;br /&gt;&lt;!--
--&gt;mettre sa signature sous la forme 7=4 tildes&lt;/small&gt;
|}--[[Utilisateur:BonifaceFR|BonifaceFR]] ([[Discussion utilisateur:BonifaceFR|d]]) 15 janvier 2013 &#224; 15:15 (CET)

== Les articles [[&#338;d&#232;me angio-neurotique]] et [[&#338;d&#232;me de Quincke]] sont propos&#233;s &#224; la fusion ==
[[Image:Merge-arrows.svg|60px|left|Proposition de fusion en cours.]]

La discussion a lieu sur la page [[Wikip&#233;dia:Pages &#224; fusionner#&#338;d&#232;me angio-neurotique et &#338;d&#232;me de Quincke]]. La proc&#233;dure de fusion est consultable sur [[Wikip&#233;dia:Pages &#224; fusionner]].

[[Utilisateur:BonifaceFR|BonifaceFR]] ([[Discussion utilisateur:BonifaceFR|d]]) 2 mars 2013 &#224; 14:33 (CET)

== La Terre et ses coordonn&#233;es... mais dans quel r&#233;f&#233;rentiel ??? ==

Bonsoir,&lt;br/&gt;
Je t'invite &#224; participer &#224; [[Discussion:Terre#Coordonn&#233;es...dans quel r&#233;f&#233;rentiel ???|cette discussion]]. Merci d'avance !&lt;br/&gt;
[[Utilisateur:SenseiAC|SenseiAC]] ([[Discussion utilisateur:SenseiAC|d]]) 18 mars 2013 &#224; 23:39 (CET)

== Les articles [[Audition]] et [[Ou&#239;e]] sont propos&#233;s &#224; la fusion ==
[[Image:Merge-arrows.svg|60px|left|Proposition de fusion en cours.]]

La discussion a lieu sur la page [[Wikip&#233;dia:Pages &#224; fusionner#Audition et Ou&#239;e]]. La proc&#233;dure de fusion est consultable sur [[Wikip&#233;dia:Pages &#224; fusionner]].

[[Utilisateur:BonifaceFR|BonifaceFR]] ([[Discussion utilisateur:BonifaceFR|d]]) 14 mai 2013 &#224; 19:09 (CEST)

== Combat libre, article sur le Bellator ==

Salut,

J'ai vu que tu a cr&#233;e le projet sur le combat libre il y a fort longtemps. Je te sollicite pour savoir si tu serais chaud de traduire avec d'autre membre de Wikip&#233;dia que j'ai aussi sollicit&#233; (Skyzmma et Maxouh70) l'article sur le bellator ? --[[Utilisateur:Marchall|Marchall]] ([[Discussion utilisateur:Marchall|d]]) 30 mai 2013 &#224; 20:01 (CEST)

== L'article Com'Sup est propos&#233; &#224; la suppression ==
[[Image:Icono consulta borrar.png|70px|link=|Page propos&#233;e &#224; la suppression|gauche]]
Bonjour,

L&#8217;article &#171; '''{{Lien &#224; supprimer|1=Com'Sup}}''' &#187; est propos&#233; &#224; la suppression ({{cf.}} [[Wikip&#233;dia:Pages &#224; supprimer]]). Apr&#232;s avoir pris connaissance des [[Wikip&#233;dia:Crit&#232;res d'admissibilit&#233; des articles|crit&#232;res g&#233;n&#233;raux d&#8217;admissibilit&#233; des articles]] et des [[:Cat&#233;gorie:Wikip&#233;dia:Admissibilit&#233; des articles|crit&#232;res sp&#233;cifiques]], vous pourrez [[Aide:Arguments &#224; &#233;viter lors d'une proc&#233;dure de suppression|donner votre avis]] sur la page de discussion '''[[{{TALKPAGENAME:Com'Sup}}/Suppression]]'''.

Le meilleur moyen d&#8217;obtenir un consensus pour la conservation de l&#8217;article est de fournir des [[Wikip&#233;dia:Citez vos sources|sources secondaires fiables et ind&#233;pendantes]]. Si vous ne pouvez trouver de telles sources, c&#8217;est que l&#8217;article n&#8217;est probablement pas admissible. N&#8217;oubliez pas que les [[Wikip&#233;dia:Principes fondateurs|principes fondateurs]] de Wikip&#233;dia ne garantissent aucun droit &#224; avoir un article sur Wikip&#233;dia. [[Utilisateur:Gratus|Gratus]] ([[Discussion utilisateur:Gratus|d]]) 4 juin 2013 &#224; 20:52 (CEST)

== Les articles [[Accident de d&#233;compression]] et [[Maladie de d&#233;compression]] sont propos&#233;s &#224; la fusion ==
[[Image:Merge-arrows.svg|60px|left|Proposition de fusion en cours.]]

La discussion a lieu sur la page [[Wikip&#233;dia:Pages &#224; fusionner#Accident de d&#233;compression et Maladie de d&#233;compression]]. La proc&#233;dure de fusion est consultable sur [[Wikip&#233;dia:Pages &#224; fusionner]].

[[Utilisateur:BonifaceFR|BonifaceFR]] ([[Discussion utilisateur:BonifaceFR|d]]) 21 juin 2013 &#224; 08:42 (CEST)

== Les articles [[Angine de Vincent]] et [[Gingivite ulc&#233;ro-n&#233;crotique]] sont propos&#233;s &#224; la fusion ==
[[Image:Merge-arrows.svg|60px|left|Proposition de fusion en cours.]]

La discussion a lieu sur la page [[Wikip&#233;dia:Pages &#224; fusionner#Angine de Vincent et Gingivite ulc&#233;ro-n&#233;crotique]]. La proc&#233;dure de fusion est consultable sur [[Wikip&#233;dia:Pages &#224; fusionner]].

[[Utilisateur:BonifaceFR|BonifaceFR]] ([[Discussion utilisateur:BonifaceFR|d]]) 27 juin 2013 &#224; 21:14 (CEST)

== L'article Complot Bronswick est propos&#233; &#224; la suppression ==
[[Image:Icono consulta borrar.png|70px|link=|Page propos&#233;e &#224; la suppression|gauche]]
Bonjour,

L&#8217;article &#171; '''{{Lien &#224; supprimer|1=Complot Bronswick}}''' &#187; est propos&#233; &#224; la suppression ({{cf.}} [[Wikip&#233;dia:Pages &#224; supprimer]]). Apr&#232;s avoir pris connaissance des [[Wikip&#233;dia:Crit&#232;res d'admissibilit&#233; des articles|crit&#232;res g&#233;n&#233;raux d&#8217;admissibilit&#233; des articles]] et des [[:Cat&#233;gorie:Wikip&#233;dia:Admissibilit&#233; des articles|crit&#232;res sp&#233;cifiques]], vous pourrez [[Aide:Arguments &#224; &#233;viter lors d'une proc&#233;dure de suppression|donner votre avis]] sur la page de discussion '''[[{{TALKPAGENAME:Complot Bronswick}}/Suppression]]'''.

Le meilleur moyen d&#8217;obtenir un consensus pour la conservation de l&#8217;article est de fournir des [[Wikip&#233;dia:Citez vos sources|sources secondaires fiables et ind&#233;pendantes]]. Si vous ne pouvez trouver de telles sources, c&#8217;est que l&#8217;article n&#8217;est probablement pas admissible. N&#8217;oubliez pas que les [[Wikip&#233;dia:Principes fondateurs|principes fondateurs]] de Wikip&#233;dia ne garantissent aucun droit &#224; avoir un article sur Wikip&#233;dia. [[Utilisateur:Etiennekd|'''&lt;span style="color:#808080"&gt;Etienne&lt;small&gt;kd&lt;/small&gt;&lt;/span&gt;''']]&amp;nbsp;([[Discussion utilisateur:Etiennekd|d]]) 7 juillet 2013 &#224; 22:35 (CEST)

== Les articles [[analg&#233;sique]] et [[antalgique]] sont propos&#233;s &#224; la fusion ==
[[Image:Merge-arrows.svg|60px|left|Proposition de fusion en cours.]]

La discussion a lieu sur la page [[Wikip&#233;dia:Pages &#224; fusionner#analg&#233;sique et antalgique]]. La proc&#233;dure de fusion est consultable sur [[Wikip&#233;dia:Pages &#224; fusionner]].

[[Utilisateur:Bloub&#233;ri|Bloub&#233;ri]] ([[Discussion utilisateur:Bloub&#233;ri|discuter]]) 4 septembre 2013 &#224; 13:37 (CEST)
* Ce message vient du fait que vous avez particip&#233; &#224; l'article [[antalgique]] il y a un certain temps (certes), et que vous &#234;tes encore actif r&#233;cemment. [[Utilisateur:Bloub&#233;ri|Bloub&#233;ri]] ([[Discussion utilisateur:Bloub&#233;ri|discuter]]) 4 septembre 2013 &#224; 13:37 (CEST)

== L'article Joseph R&#233;ty est propos&#233; &#224; la suppression ==
[[Image:Icono consulta borrar.png|70px|link=|Page propos&#233;e &#224; la suppression|gauche]]
Bonjour,

L&#8217;article &#171; '''{{Lien &#224; supprimer|1=Joseph R&#233;ty}}''' &#187; est propos&#233; &#224; la suppression ({{cf.}} [[Wikip&#233;dia:Pages &#224; supprimer]]). Apr&#232;s avoir pris connaissance des [[Wikip&#233;dia:Crit&#232;res d'admissibilit&#233; des articles|crit&#232;res g&#233;n&#233;raux d&#8217;admissibilit&#233; des articles]] et des [[:Cat&#233;gorie:Wikip&#233;dia:Admissibilit&#233; des articles|crit&#232;res sp&#233;cifiques]], vous pourrez [[Aide:Arguments &#224; &#233;viter lors d'une proc&#233;dure de suppression|donner votre avis]] sur la page de discussion '''[[{{TALKPAGENAME:Joseph R&#233;ty}}/Suppression]]'''.

Le meilleur moyen d&#8217;obtenir un consensus pour la conservation de l&#8217;article est de fournir des [[Wikip&#233;dia:Citez vos sources|sources secondaires fiables et ind&#233;pendantes]]. Si vous ne pouvez trouver de telles sources, c&#8217;est que l&#8217;article n&#8217;est probablement pas admissible. N&#8217;oubliez pas que les [[Wikip&#233;dia:Principes fondateurs|principes fondateurs]] de Wikip&#233;dia ne garantissent aucun droit &#224; avoir un article sur Wikip&#233;dia. [[Utilisateur:Agamitsudo|Aga]] ([[Discussion utilisateur:Agamitsudo|d]]) 21 octobre 2013 &#224; 15:58 (CEST)

== L'article Boulinier est propos&#233; &#224; la suppression ==
[[Image:Icono consulta borrar.png|70px|link=|Page propos&#233;e &#224; la suppression|gauche]]
Bonjour,

L&#8217;article &#171; '''{{Lien &#224; supprimer|1=Boulinier}}''' &#187; est propos&#233; &#224; la suppression ({{cf.}} [[Wikip&#233;dia:Pages &#224; supprimer]]). Apr&#232;s avoir pris connaissance des [[Wikip&#233;dia:Crit&#232;res d'admissibilit&#233; des articles|crit&#232;res g&#233;n&#233;raux d&#8217;admissibilit&#233; des articles]] et des [[:Cat&#233;gorie:Wikip&#233;dia:Admissibilit&#233; des articles|crit&#232;res sp&#233;cifiques]], vous pourrez [[Aide:Arguments &#224; &#233;viter lors d'une proc&#233;dure de suppression|donner votre avis]] sur la page de discussion '''[[{{TALKPAGENAME:Boulinier}}/Suppression]]'''.

Le meilleur moyen d&#8217;obtenir un consensus pour la conservation de l&#8217;article est de fournir des [[Wikip&#233;dia:Citez vos sources|sources secondaires fiables et ind&#233;pendantes]]. Si vous ne pouvez trouver de telles sources, c&#8217;est que l&#8217;article n&#8217;est probablement pas admissible. N&#8217;oubliez pas que les [[Wikip&#233;dia:Principes fondateurs|principes fondateurs]] de Wikip&#233;dia ne garantissent aucun droit &#224; avoir un article sur Wikip&#233;dia. '''JR''' &lt;small&gt;[[Discussion_utilisateur:Jrcourtois|(disc)]]&lt;/small&gt; 22 octobre 2013 &#224; 16:52 (CEST)

Good Afternoon,

Great River Technologies is hoping to use the following image in their forthcoming textbook, Human and Animal Pathology: http://commons.wikimedia.org/wiki/File:Teigne_-_Tinea_capitis.jpg. Can you please let me know where I can submit a formal permissions request?

Thank You,
Heather

Heather Salus
Permissions Researcher
The Permissions Group, Inc.
1247 Milwaukee Avenue, Suite 303
Glenview, IL 60025
phone: 847.635.6550, ext. 17
fax: 847.635.6968
www.permissionsgroup.com

== L'article Bourgogne D&#233;veloppement est propos&#233; &#224; la suppression ==
[[Image:Icono consulta borrar.png|70px|link=|Page propos&#233;e &#224; la suppression|gauche]]
Bonjour,

L&#8217;article &#171; '''{{Lien &#224; supprimer|1=Bourgogne D&#233;veloppement}}''' &#187; est propos&#233; &#224; la suppression ({{cf.}} [[Wikip&#233;dia:Pages &#224; supprimer]]). Apr&#232;s avoir pris connaissance des [[Wikip&#233;dia:Crit&#232;res d'admissibilit&#233; des articles|crit&#232;res g&#233;n&#233;raux d&#8217;admissibilit&#233; des articles]] et des [[:Cat&#233;gorie:Wikip&#233;dia:Admissibilit&#233; des articles|crit&#232;res sp&#233;cifiques]], vous pourrez [[Aide:Arguments &#224; &#233;viter lors d'une proc&#233;dure de suppression|donner votre avis]] sur la page de discussion '''[[{{TALKPAGENAME:Bourgogne D&#233;veloppement}}/Suppression]]'''.

Le meilleur moyen d&#8217;obtenir un consensus pour la conservation de l&#8217;article est de fournir des [[Wikip&#233;dia:Citez vos sources|sources secondaires fiables et ind&#233;pendantes]]. Si vous ne pouvez trouver de telles sources, c&#8217;est que l&#8217;article n&#8217;est probablement pas admissible. N&#8217;oubliez pas que les [[Wikip&#233;dia:Principes fondateurs|principes fondateurs]] de Wikip&#233;dia ne garantissent aucun droit &#224; avoir un article sur Wikip&#233;dia. [[Utilisateur:Sismarinho|Sismarinho]] ([[Discussion utilisateur:Sismarinho|discuter]]) 2 d&#233;cembre 2013 &#224; 11:05 (CET)

== Crit&#232;res d'admissibilit&#233; des combattants en MMA ==

Bonjour Grook Da Oger,&lt;br/&gt;
J'ai ouvert une discussion sur les [[Discussion Projet:Combat libre#Crit&#232;res d'admissibilit&#233; d'un combattant MMA|crit&#232;res d'admissibilit&#233; des combattants MMA]] au sein du projet &#171;&#160;combat libre&#160;&#187;. Je cherche &#224; r&#233;cup&#233;rer un maximum d'avis afin de pouvoir cr&#233;er une recommandation pour le MMA, &#224; l'instar d'autres sports sur [[Wikip&#233;dia:Notori&#233;t&#233; des sportifs]]. Alors n'h&#233;site pas &#224; participer si tu le souhaites.&lt;br/&gt;
[[Utilisateur:Jgui|Jgui]] ([[Discussion utilisateur:Jgui|discuter]]) 5 d&#233;cembre 2013 &#224; 22:01 (CET)

== Wikimag n&#176;304 - Semaine 4 ==
{{Wikimag message|304|2014|4}} [[Utilisateur:BeBot|BeBot]] ([[Discussion utilisateur:BeBot|discuter]]) 27 janvier 2014 &#224; 05:16 (CET)

== Wikimag n&#176;305 - Semaine 5 ==
{{Wikimag message|305|2014|5}} [[Utilisateur:BeBot|BeBot]] ([[Discussion utilisateur:BeBot|discuter]]) 3 f&#233;vrier 2014 &#224; 05:16 (CET)</text>
      <sha1>lv61pqszurpgs42s7i4n80hhgid6wlm</sha1>
      <model>wikitext</model>
      <format>text/x-wiki</format>
    </revision>
  </page>
