<page xmlns="http://www.mediawiki.org/xml/export-0.8/" xmlns:xsi="http://www.w3.org/2001/XMLSchema-instance">
    <title>Discussion utilisateur:Yugiz</title>
    <ns>3</ns>
    <id>519997</id>
    <revision>
      <id>94277606</id>
      <parentid>72099296</parentid>
      <timestamp>2013-06-21T14:49:15Z</timestamp>
      <contributor>
        <username>Etiennekd</username>
        <id>1217013</id>
      </contributor>
      <text xml:space="preserve">&lt;center&gt;
&lt;div overflow:invisible; margin:5px"&gt;
&lt;table border=2&gt;
&lt;tr&gt;&lt;td bgcolor=ffffff&gt;&lt;center&gt;
[[Image:Warning icon.png]] &lt;span style="color:#FF1677; text-align:center; font-size:large;"&gt;'''Bienvenue, veuillez choisir la page de discussion pertinente (onglets ci-dessous)'''&lt;/span&gt;[[Image:Warning icon.png]]&lt;/table&gt;&lt;/div&gt;
&lt;/center&gt;


{{D&#233;but des onglets
|Onglet-1={{Color&#233;|#0000FF|Discussions diverses}}
|URL-1=Discussion Utilisateur:Yugiz
|Onglet-2=Discuter de la {{Color&#233;|#0000FF|psychologie}} ou du projet/ portail associ&#233;
|URL-2=Discussion Utilisateur:Yugiz/Psychologie
|Onglet-3=Discuter de la {{Color&#233;|#0000FF|Sardaigne}} ou du projet Italie
|URL-3=Discussion Utilisateur:Yugiz/Italie-Sardaigne
|Onglet-4=Accueil et aide des {{Color&#233;|#0000FF|nouveaux arrivant}}
|URL-4=Discussion Utilisateur:Yugiz/Pr&#233;sentation
|bordure=2px solid #888888
|fond onglets=#aaaaaa
|fond cadre=#EEEFFF
|arrondi=5em
|alignement onglet=left
}}

== Archive==
* [[Discussion Utilisateur:Yugiz/archiveWerdnabot|Toutes mes archives de discussion]]

== Analyse automatique de vos cr&#233;ations (V1) ==
Bonjour.

Je suis [[Utilisateur:Escalabot|Escalabot]], un robot dress&#233; par [[Utilisateur:Escaladix|Escaladix]]. Je fais l'analyse quotidienne de tous les articles cr&#233;&#233;s deux jours plus t&#244;t afin de d&#233;tecter les articles sans cat&#233;gories, en impasse et/ou orphelins.

Les '''liens internes''' permettent de passer d'un article &#224; l'autre. Un '''article en impasse''' est un article qui ne contient aucun lien interne et un '''article orphelin''' est un article vers lequel aucun article encyclop&#233;dique, donc hors portail, cat&#233;gorie, etc., ne pointe. Pour plus de d&#233;tails sur les liens internes, vous pouvez consulter [[Aide:Liens internes|cette page]].

Les '''cat&#233;gories''' permettent une classification coh&#233;rente des articles et sont un des points forts de Wikip&#233;dia. Pour plus de d&#233;tails sur les cat&#233;gories, vous pouvez consulter [[Aide:Cat&#233;gorie|cette page]].

Ajouter des liens ou des cat&#233;gories n'est pas obligatoire, bien s&#251;r, mais cela augmente fortement l'accessibilit&#233; &#224; votre article et donc ses chances d'&#234;tre lu par d'autres internautes d'une part et d'&#234;tre am&#233;lior&#233; par d'autres contributeurs d'autre part.

Pour tout renseignement, n'h&#233;sitez pas &#224; passer voir [[Discussion_Utilisateur:Escaladix|mon dresseur]]. De m&#234;me, si vous constatez que mon analyse est erron&#233;e, merci de le lui indiquer.

Si vous ne souhaitez plus recevoir mes messages, vous pouvez en faire la demande [[Discussion_Utilisateur:Escaladix|ici]], n&#233;anmoins, je vous conseille de laisser ce message tel quel et, dans ce cas, j'ajouterai simplement mes prochaines analyses, &#224; la suite les unes des autres. [[Utilisateur:Escalabot|Escalabot]] 16 mai 2007 &#224; 06:28 (CEST)

===Analyse du 14 mai 2007 ===
*[[M&#233;thode g&#233;n&#233;tique]] &#233;tait
**un article non cat&#233;goris&#233;

===Analyse du 6 juillet 2008 ===
*[[Bulletin de psychologie]] &#233;tait
**un article orphelin &lt;small&gt;([http://fr.wikipedia.org/w/index.php?title=Special:Whatlinkshere&amp;target=Bulletin_de_psychologie Pages li&#233;es])&lt;/small&gt;
*[[Le journal des psychologues]] &#233;tait
**un article orphelin &lt;small&gt;([http://fr.wikipedia.org/w/index.php?title=Special:Whatlinkshere&amp;target=Le_journal_des_psychologues Pages li&#233;es])&lt;/small&gt;

== Relecture ==
Bonjour,

Je te sollicite en tant que participant au Wikip&#233;dia:Demande de relecture; le vote sur une nouvelle organisation est lanc&#233; ici : [[Wikip&#233;dia:Sondage/R&#233;novation du Projet:Relecture]], ton avis est le bienvenu.

La discussion a commenc&#233; sur le [[Discussion Wikip&#233;dia:Atelier d'&#233;criture|Salon de lecture]].

[[Utilisateur:Prosopee|Prosopee]] ([[Discussion utilisateur:Prosopee|d]]) 23 octobre 2010 &#224; 12:13 (CEST)

== Wikimag n&#176;179 - Semaine 35 ==
{{Wiki magazine|2011|35}}
[[Utilisateur:BeBot|BeBot]] ([[Discussion utilisateur:BeBot|d]]) 5 septembre 2011 &#224; 07:32 (CEST)

== Wikimag n&#176;181 - Semaine 37 ==
{{Wikimag message|181|2011|37}}
[[Utilisateur:BeBot|BeBot]] ([[Discussion utilisateur:BeBot|d]]) 19 septembre 2011 &#224; 07:32 (CEST)

== Wikimag n&#176;182 - Semaine 38 ==
{{Wikimag message|182|2011|38}}
[[Utilisateur:BeBot|BeBot]] ([[Discussion utilisateur:BeBot|d]]) 26 septembre 2011 &#224; 07:33 (CEST)

== Wikimag n&#176;183 - Semaine 39 ==
{{Wikimag message|183|2011|39}}
[[Utilisateur:BeBot|BeBot]] ([[Discussion utilisateur:BeBot|d]]) 3 octobre 2011 &#224; 07:34 (CEST)

== Wikimag n&#176;184 - Semaine 40 ==
{{Wikimag message|184|2011|40}}
[[Utilisateur:BeBot|BeBot]] ([[Discussion utilisateur:BeBot|d]]) 10 octobre 2011 &#224; 07:34 (CEST)

== Wikimag n&#176;185 - Semaine 41 ==
{{Wikimag message|185|2011|41}}
[[Utilisateur:BeBot|BeBot]] ([[Discussion utilisateur:BeBot|d]]) 17 octobre 2011 &#224; 07:34 (CEST)

== Wikimag n&#176;186 - Semaine 42 ==
{{Wikimag message|186|2011|42}}
[[Utilisateur:BeBot|BeBot]] ([[Discussion utilisateur:BeBot|d]]) 24 octobre 2011 &#224; 07:33 (CEST)

== Wikimag n&#176;187 - Semaine 43 ==
{{Wikimag message|187|2011|43}}
[[Utilisateur:BeBot|BeBot]] ([[Discussion utilisateur:BeBot|d]]) 31 octobre 2011 &#224; 06:34 (CET)

== Wikimag n&#176;??? - Semaine 44 ==
{{Wikimag message|???|2011|44}}
[[Utilisateur:BeBot|BeBot]] ([[Discussion utilisateur:BeBot|d]]) 7 novembre 2011 &#224; 06:33 (CET)

== Wikimag n&#176;189 - Semaine 45 ==
{{Wikimag message|189|2011|45}}
[[Utilisateur:BeBot|BeBot]] ([[Discussion utilisateur:BeBot|d]]) 14 novembre 2011 &#224; 06:34 (CET)

== [[Projet:&#201;cole]] ==

Bonjour cher utilisateur.

Le message qui suit a &#233;t&#233; publi&#233; sur toutes les pages de discussion des participants au [[Projet:&#201;cole|projet &#201;cole]], actuellement en sommeil.

Nous ne nous connaissons pas, mais aujourd'hui, je suis tomb&#233; sur la page de ce projet int&#233;ressant. Je l'ai en quelques sortes &#171;&#160;r&#233;nov&#233;&#160;&#187; en am&#233;liorant ses diff&#233;rentes pages, les fautes d'orthographe, de grammaire et de typographie, ainsi que l'esth&#233;tique g&#233;n&#233;rale de la page d'accueil.

Je suis venu vous parler personnellement pour savoir si vous &#233;tiez int&#233;ress&#233; &#224; relancer le projet. Merci d'avance de votre collaboration. N'h&#233;sitez pas &#224; m'en parler sur ma page de discussion.

[[Utilisateur:Etiennekd|'''&lt;span style="color:#808080"&gt;Etienne&lt;small&gt;kd&lt;/small&gt;&lt;/span&gt;''']]&amp;nbsp;([[Discussion utilisateur:Etiennekd|d]]) 21 juin 2013 &#224; 16:49 (CEST)</text>
      <sha1>obansp8vt00whj1sci2s0clqpn58fm3</sha1>
      <model>wikitext</model>
      <format>text/x-wiki</format>
    </revision>
  </page>
