<page xmlns="http://www.mediawiki.org/xml/export-0.8/" xmlns:xsi="http://www.w3.org/2001/XMLSchema-instance">
    <title>Discussion utilisateur:Dumoulinb</title>
    <ns>3</ns>
    <id>4112955</id>
    <revision>
      <id>49457808</id>
      <parentid>45993165</parentid>
      <timestamp>2010-01-31T16:54:55Z</timestamp>
      <contributor>
        <username>H&#233;g&#233;sippe Cormier</username>
        <id>6155</id>
      </contributor>
      <minor/>
      <comment>[[Cat&#233;gorie:Utilisateur bloqu&#233; ind&#233;finiment|Dumoulinb]]</comment>
      <text xml:space="preserve">Utilisateur bloqu&#233; ind&#233;finiment. [[Utilisateur:Vyk|Vyk]] &amp;#124; [[Discussion utilisateur:Vyk|&#9993;]] 17 octobre 2009 &#224; 18:49 (CEST)
: Voir aussi la page '''[[Wikip&#233;dia:Faux-nez/Dumoulinb]]'''.
[[Cat&#233;gorie:Utilisateur bloqu&#233; ind&#233;finiment|Dumoulinb]]</text>
      <sha1>ft8s8ofboql4vae4a19pnexnf4rprj9</sha1>
      <model>wikitext</model>
      <format>text/x-wiki</format>
    </revision>
  </page>
