<page xmlns="http://www.mediawiki.org/xml/export-0.8/" xmlns:xsi="http://www.w3.org/2001/XMLSchema-instance">
    <title>Discussion utilisateur:Laurence67</title>
    <ns>3</ns>
    <id>347459</id>
    <revision>
      <id>30476388</id>
      <parentid>3785332</parentid>
      <timestamp>2008-06-10T01:19:12Z</timestamp>
      <contributor>
        <username>HerculeBot</username>
        <id>346772</id>
      </contributor>
      <minor/>
      <comment>recommandation commons</comment>
      <text xml:space="preserve">&lt;div aLIGN=CENTER&gt;
&lt;div align=left  style="padding:5px;width:100%;border:1px dotted grey; background:#eeffed"&gt;
[[Image:WikiLettreMini.svg]] [[Wikip&#233;dia:Accueil des nouveaux arrivants|Bienvenue]] sur [[Wikip&#233;dia]], '''{{PAGENAME}} !'''
&lt;br/&gt;

N'h&#233;site pas &#224; consulter les premi&#232;res indications pour [[Aide:Comment modifier une page|modifier]] et [[Aide:Comment r&#233;diger une page|r&#233;diger]] des pages dans Wikip&#233;dia.&lt;br/&gt;
Tu peux &#233;galement consulter la [[Aide:FAQ|Foire Aux Questions]] (FAQ), la [[Aide:Syntaxe_Wikip&#233;dia|syntaxe de Wikip&#233;dia]] et faire tes essais dans le [[Wikip&#233;dia:Bac &#224; sable|bac &#224; sable]].

Pour compl&#233;ter la pr&#233;sentation, je te conseille un petit tour par les [[Wikip&#233;dia:R&#232;gles|recommandations &#224; suivre]] ([[Wikip&#233;dia:Neutralit&#233; de point de vue|r&#232;gle de neutralit&#233;]], [[Wikip&#233;dia:Crit&#232;res d'admissibilit&#233; des articles|d'admissibilit&#233; des articles]], [[Wikip&#233;dia:Copyright|copyright]]...), les pages [[Wikip&#233;dia:Projet|projets]] o&#249; il y a sans doute un sujet qui t'int&#233;ressera ou encore les [[Aide:Aide|pages d'aide]].

Pour '''signer tes messages''' (uniquement sur les pages de discussion), tu peux taper &amp;#126;&amp;#126;&amp;#126; ;
Avec un quatri&#232;me tilde, en plus de ta &#171; signature &#187;, seront affich&#233;es la date et l'heure (&amp;#126;&amp;#126;&amp;#126;&amp;#126;). '''Il ne faut pas signer les articles encyclop&#233;diques'''. Il est possible de retrouver la liste des auteurs en visitant leur historique.

Nous utilisons des sigles parfois myst&#233;rieux : tu pourras trouver leur explication sur la page [[Aide:jargon|jargon]].

Si tu le d&#233;sires, tu peux aussi nous dire d'[[Wikip&#233;dia:Wikip&#233;diens par pays|o&#249;]] tu viens et tes [[Wikip&#233;dia:Wikip&#233;diens par th&#232;mes d'int&#233;r&#234;t|centres d'int&#233;r&#234;t]]. Tu peux pour cela modifier ta [[Utilisateur:{{PAGENAME}}|page personnelle]].
Si tu viens d'une autre Wikip&#233;dia, n'oublie pas de mettre les liens vers tes autres pages perso.

Pour faciliter la communication interlinguistique entre utilisateurs, tu peux indiquer les langues que tu pratiques &#8212; et &#224; quel niveau &#8212; en incluant dans ta page personnelle un des mod&#232;les que tu trouveras sur [[Wikip&#233;dia:Babel]].

Et si tu as des questions &#224; poser, n'h&#233;site surtout pas &#224; me contacter, &#224; les poser dans le [[Wikip&#233;dia:Le Bistro|bistro local]] ou &#224; venir discuter sur [[Wikip&#233;dia:IRC|IRC]].

Bonne continuation parmi nous !
&lt;/div&gt;
&lt;/div&gt; [[Utilisateur:C&#233;r&#233;ales Killer|&#169;&#233;r&#233;ales Kille&#174;]] [mailto:cerkil(at)free.fr |] [[Discussion Utilisateur:C&#233;r&#233;ales Killer||&#9786;]] 4 ao&#251;t 2005 &#224; 08:24 (CEST)

== Demande d'arbitrage ==

Bonjour

Il y a une demande d'arbitrage dans lequel tu es mis en cause. Tu peux pr&#233;senter tes arguments sur la page [[Wikip&#233;dia:Comit&#233; d'arbitrage/Arbitrage/YBM - Laurence67]].

je iens de voir que tu es r&#233;cents sur Wikipedia. Tu peux trouver plus de renseignements sur les demandes d'arbitrage ainsi que sur le comit&#233; d'arbitrage sur : [[Wikip&#233;dia:Comit&#233; d'arbitrage]], [[Wikip&#233;dia:Comit&#233; d'arbitrage/R&#232;glement]].

[[Utilisateur:Romary|Romary]] 15 ao&#251;t 2005 &#224; 19:01 (CEST)

== Arbitrage ==

Bonjour Laurence67, le comit&#233; d'arbitrage s'est prononc&#233; pour l'affaire [[Wikip&#233;dia:Comit&#233; d'arbitrage/Arbitrage/YBM - Laurence67|YBM-Laurence67]] :


* Consid&#233;rant que les utilisateurs [[Utilisateur:YBM|YBM]] et [[Utilisateur:Laurence67|Laurence67]] se sont livr&#233;s &#224; une guerre d'&#233;dition sur l'article [[Pol&#233;mique autour des travaux des fr&#232;res Bogdanoff]] qui n'est que la continuation d'une bataille men&#233;e auparavant sur d'autres sites Internet et sur Usenet, 
* Consid&#233;rant que Wikip&#233;dia n'a pas vocation &#224; servir de champ de bataille st&#233;rile,
*le CAr propose :
** d'interdir d'&#233;dition les deux protagonistes pendant deux mois &#224; compter du 20 octobre (date de la prise de d&#233;cision),
** de d&#233;bloquer l'article pour les autres contributeurs,
* conseille &#224;  YBM et de Laurence67 d'adopter un comportement plus constructif et conforme aux r&#232;gles de bases de Wikip&#233;dia dans leurs contributions,
* les avertit que, au cas o&#249; ils reprendraient leur guerre d'&#233;dition &#224; l'issue des deux mois de blocage, le CAr demanderait leur exclusion  d&#233;finitive. 


Pour le CAr, [[Utilisateur:Korrigan|le Korrigan]] [[Discussion Utilisateur:Korrigan|&lt;sup&gt;''bla''&lt;/sup&gt;]] 21 octobre 2005 &#224; 20:04 (CEST)</text>
      <sha1>pupl44vm7kae4g9plr6sl7lgcr49xsq</sha1>
      <model>wikitext</model>
      <format>text/x-wiki</format>
    </revision>
  </page>
