<page xmlns="http://www.mediawiki.org/xml/export-0.8/" xmlns:xsi="http://www.w3.org/2001/XMLSchema-instance">
    <title>Discussion utilisateur:Cantons-de-l'Est</title>
    <ns>3</ns>
    <id>3478951</id>
    <revision>
      <id>101011803</id>
      <parentid>101008288</parentid>
      <timestamp>2014-02-07T22:37:28Z</timestamp>
      <contributor>
        <username>MediaWiki message delivery</username>
        <id>1696240</id>
      </contributor>
      <comment>/* Wikidata weekly summary #96 */ nouvelle section</comment>
      <text xml:space="preserve">__NOTOC__{{Utilisateur:Cantons-de-l'Est/Wikislow}}
{{DISPLAYTITLE:Discussion&lt;span style="font-size:0%; line-height:90%;"&gt; utilisateur&lt;/span&gt;:&lt;span style="font-family: Palatino Linotype ; color:#0930A5; text-shadow:gray 0.1em 0.1em 0.1em;"&gt;Cantons-de-l'Est&lt;/span&gt;}}{{Admin mop}}{{Utilisateur:Cantons-de-l'Est/Alias}}{{Utilisateur:Cantons-de-l'Est/Onglets}}{{Utilisateur:Cantons-de-l'Est/Mentions}}
{{saut|1em}}
{{Page de discussion personnelle|Cantons-de-l'Est}}__FORCETOC__

== [[Attaque du Prince of Wales et du Repulse]] ==

Bonjour Cantons-de-l'Est,

J'ai fini de traduire cet article et j'aimerais, si tu as le temps et l'envie, que tu relises et corriges les mauvaises tournures, les fautes d'orthographe et de grammaire ainsi que la syntaxe d&#233;faillante. (Merci de ne pas supprimer les liens rouges). Merci d'avance pour ton aide. [[Utilisateur:Skiff|Skiff]] ([[Discussion utilisateur:Skiff|discuter]]) 7 d&#233;cembre 2013 &#224; 06:49 (CET)

== Wikidata weekly summary #93 ==

&lt;div class="plainlinks mw-content-ltr" lang="en" dir="ltr"&gt;
[[File:Wikidata-logo-en.svg|150px|right]]
&lt;div style="margin-top:10px; padding-left:5px; font-family:Georgia, Palatino, Palatino Linotype, Times, Times New Roman, serif;"&gt;''Here's your quick overview of what has been happening around Wikidata over the last week.''&lt;/div&gt;
&lt;div style="-moz-column-count:2; -webkit-column-count:2; column-count:2;"&gt;
* [[:Wikidata:Events|Events]]
** upcoming: FOSDEM
* Other Noteworthy Stuff
** Wikisource now gets its language links via Wikidata
** [[:toollabs:reasonator|Reasonator]] gets extended functionality
* Did you know?
** Newest properties: [[:d:Property:P1070|PlantList-ID]], [[:d:Property:P1069|Danemark Job Code (DISCO-08)]], [[:d:Property:P1068|Instruction Set]], [[:d:Property:P1067|Thailand central administrative unit code]], [[:d:Property:P1066|student of]], [[:d:Property:P1065|archive URL]]
** [[d:Wikidata:Showcase items|Showcase items]]: [[:d:Q153|ethanol]]
** Fun Fact: [[:d:Q2001|A Space Odyssey (Q2001)]]
* Development
** Enabled language links for Wikisource
** Move more part of an item page from JS to HTML to improve performance and non-JS interface
** Database performance improvements
** Work on forward compatibility for new entity types
** Introducing the EntityStore service to improve modularity
* Monthly Tasks
** [[:d:Wikidata:Database reports/Constraint violations/P1001|Fix a format or content violation]] for the [[:d:Property:P1001|belongs to jurisdiction (P1001)]] property
** Contribute to a [[:d:Wikidata:Showcase|Showcase item]]
** Hack on one of [https://bugzilla.wikimedia.org/buglist.cgi?keywords=need-volunteer%2C%20&amp;keywords_type=allwords&amp;emailcc1=1&amp;resolution=---&amp;emailtype1=exact&amp;emailassigned_to1=1&amp;query_format=advanced&amp;email1=wikidata-bugs%40lists.wikimedia.org&amp;list_id=162515 these].
** Help develop the next summary [[d:Wikidata:Status updates/Next|here!]]
&lt;/div&gt;
&lt;div style="margin-top:10px; font-size:90%; padding-left:5px; font-family:Georgia, Palatino, Palatino Linotype, Times, Times New Roman, serif;"&gt;'''[[m:Wikidata/Status updates/2014 01 17|Read the full report]]''' &amp;middot; [[m:Global message delivery/Targets/Wikidata|Unsubscribe]] &amp;middot; [[:d:User:Lydia Pintscher (WMDE)|Lydia Pintscher]] using [[Utilisateur:MediaWiki message delivery|MediaWiki message delivery]] ([[Discussion utilisateur:MediaWiki message delivery|discuter]]) 19 janvier 2014 &#224; 13:22 (CET)
&lt;/div&gt;
&lt;/div&gt;
&lt;!-- Message envoy&#233; par User:Lydia Pintscher (WMDE)@metawiki en utilisant la liste &#224; http://meta.wikimedia.org/w/index.php?title=Global_message_delivery/Targets/Wikidata&amp;oldid=7139323 --&gt;

== ''The Signpost'': 15 January 2014 ==

&lt;div style="margin-top:10px; font-size:90%; padding-left:5px; font-family:Georgia, Palatino, Palatino Linotype, Times, Times New Roman, serif;"&gt;''News, reports and features from the English Wikipedia's weekly journal about Wikipedia and Wikimedia''&lt;/div&gt;
&lt;div style="-moz-column-count:2; -webkit-column-count:2; column-count:2;"&gt;
* Op-ed: [[w:en:Wikipedia:Wikipedia Signpost/2014-01-15/Op-ed|Licensed for reuse? Citing open-access sources in Wikipedia articles]]
* News and notes: [[w:en:Wikipedia:Wikipedia Signpost/2014-01-15/News and notes|Wikimedia Germany asks for "reworking" of Funds Dissemination Committee; should MP4 be allowed on Wikimedia sites?]]
* In the media: [[w:en:Wikipedia:Wikipedia Signpost/2014-01-15/In the media|Is Google hurting Wikipedia traffic?; "Wikipedia-Mania" in the ''New York Times'']]
* WikiProject report: [[w:en:Wikipedia:Wikipedia Signpost/2014-01-15/WikiProject report|WikiProject Sociology]]
* Traffic report: [[w:en:Wikipedia:Wikipedia Signpost/2014-01-15/Traffic report|The Hours are Ours]]
* Technology report: [[w:en:Wikipedia:Wikipedia Signpost/2014-01-15/Technology report|Architecture Summit schedule published]]&lt;/div&gt;
&lt;div style="margin-top:10px; font-size:90%; padding-left:5px; font-family:Georgia, Palatino, Palatino Linotype, Times, Times New Roman, serif;"&gt;'''[[w:en:Wikipedia:Wikipedia Signpost|Read this Signpost in full]]''' &amp;middot; [[w:en:Wikipedia:Signpost/Single|Single-page]] &amp;middot; [[m:Global message delivery/Targets/Signpost|Unsubscribe]] &amp;middot; [[m:Global message delivery|Global message delivery]] 20 janvier 2014 &#224; 00:28 (CET)
&lt;/div&gt;
&lt;!-- EdwardsBot 0672 --&gt;

== [[m:Special:MyLanguage/Tech/News/2014/04|Tech News: 2014-04]] ==

&lt;section begin="technews-2014-W04"/&gt;&lt;div class="plainlinks mw-content-ltr" lang="fr" dir="ltr"&gt;
Derni&#232;res '''[[m:Special:MyLanguage/Tech/News|actualit&#233;s techniques]]''' de la communaut&#233; technique Wikimedia. Veuillez informer les autres utilisateurs de ces changements. Certains changements ne vous affecteront pas. [[m:Special:MyLanguage/Tech/News/2014/04|D&#8217;autres traductions]] sont disponibles.

'''Changements r&#233;cents du logiciel'''
* La derni&#232;re version de MediaWiki ([[mw:MediaWiki 1.23/wmf11|1.23wmf11]]) a &#233;t&#233; ajout&#233;e aux wikis de test et de Mediawiki.org le 16 janvier. Elle sera activ&#233;e sur tous les sites hors de Wikip&#233;dia le 28 janvier, et sur toutes les &#233;ditions de Wikip&#233;dia le 30 janvier 2014. ([[mw:MediaWiki 1.23/Roadmap|calendrier]])
* Vous pouvez maintenant voir les r&#233;sultats relativement r&#233;cents sur les pages sp&#233;ciales comme [[Special:DoubleRedirects|Page sp&#233;ciale:Doubles redirections]], [[Special:UncategorizedPages|Page sp&#233;ciale:Pages non cat&#233;goris&#233;es]] ou [[Special:WantedCategories|Page sp&#233;ciale:Cat&#233;gories demand&#233;es]]. Jusqu&#8217;&#224; r&#233;cemment, ces filtres &#233;taient d&#233;sactiv&#233;s car ils &#233;taient trop lents. Les r&#233;sultats sont d&#233;sormais mis &#224; jour une fois par mois. [//bugzilla.wikimedia.org/show_bug.cgi?id=15434]
* Depuis le 16 janvier, vous pouvez utiliser les [[mw:Guided tours|visites guid&#233;es]] sur les &#233;ditions de Wikip&#233;dia en asturien, persan et russe. Si vous d&#233;sirez cet outil sur votre wiki, il vous faudra [//translatewiki.net/w/i.php?title=Special:Translate&amp;group=ext-guidedtour&amp;filter=&amp;language={{CONTENTLANG}}&amp;action=translate le traduire] et formuler votre demande sur [//bugzilla.wikimedia.org Bugzilla]. [http://lists.wikimedia.org/pipermail/wikitech-ambassadors/2014-January/000542.html] [//gerrit.wikimedia.org/r/#/c/105997/]
* Vous pouvez donner vos avis et commentaires &#224; propos de l&#8217;id&#233;e de disposer d&#8217;une [http://unicorn.wmflabs.org/navmod/ barre d&#8217;outils fixe] en haut des pages wiki. [http://lists.wikimedia.org/pipermail/design/2014-January/001377.html]
* Vous pouvez [[:File:How to file a report in Bugzilla.webm|regarder une vid&#233;o]] pour apprendre comment signaler les probl&#232;mes sur Bugzilla. [//bugzilla.wikimedia.org/show_bug.cgi?id=54606]

'''Nouvelles concernant l'&#233;diteur visuel'''
* Dans la barre d&#8217;outils, le menu de modification des styles (tels que gras, italique, etc.) affiche maintenant une fl&#232;che vers le bas ([[File:VisualEditor - Icon - Text style.svg|25px]][[File:VisualEditor - Icon - Down.svg|15px]]). L&#8217;ordre  du menu Insertion a &#233;galement l&#233;g&#232;rement chang&#233;.
* Vous pouvez modifier les balises &lt;code&gt;&lt;nowiki&gt;&lt;gallery /&gt;&lt;/nowiki&gt;&lt;/code&gt; avec un outil tr&#232;s basique. [//gerrit.wikimedia.org/r/#/c/107537/]
* Vous pouvez maintenant voir une page d&#8217;aide concernant les raccourcis clavier dans la page de menu. [//bugzilla.wikimedia.org/show_bug.cgi?id=52844] 
* Lorsque vous modifiez les cat&#233;gories, vous pouvez maintenant les voir quand vous enregistrez la page. [//bugzilla.wikimedia.org/show_bug.cgi?id=48560]
* Quand vous modifiez des mod&#232;les, vous verrez maintenant les param&#232;tres dans le bon ordre. Ceux que vous devez ajouter sont marqu&#233;s d&#8217;une ast&#233;risque (*). [//bugzilla.wikimedia.org/show_bug.cgi?id=51930] [//bugzilla.wikimedia.org/show_bug.cgi?id=53611]
* Les pages seront maintenant enregistr&#233;es plus rapidement, gr&#226;ce &#224; une nouvelle fa&#231;on de coder le texte qui envoie 40% de donn&#233;es en moins aux serveurs. [//bugzilla.wikimedia.org/show_bug.cgi?id=59660]
* Votre wiki peut demander &#224; tester un nouvel outil pour modifier les [[mw:Extension:TemplateData|donn&#233;es de mod&#232;les]]. [//bugzilla.wikimedia.org/show_bug.cgi?id=51734]

'''Probl&#232;mes'''
* Un probl&#232;me est survenu dans les recherches sur les &#233;ditions de Wikip&#233;dia en anglais et en allemand entre le 6 janvier et le 14 janvier. Vous pouvez maintenant voir les nouvelles pages et nouvelles modifications dans les r&#233;sultats de recherche. [//bugzilla.wikimedia.org/show_bug.cgi?id=59979]
* Des erreurs de &#171; d&#233;lai d&#233;pass&#233; &#187; se sont produites sur plusieurs wikis le 13 janvier ; ceci &#233;tait d&#251; &#224; une modification du code destin&#233;e &#224; r&#233;gler un autre probl&#232;me. [//bugzilla.wikimedia.org/show_bug.cgi?id=59993]
* Le 17 janvier, Bugzilla et Wikimedia Labs n&#8217;ont pas fonctionn&#233; durant 20 minutes &#224; cause de probl&#232;mes de connexion au serveur. Les canaux IRC de suivi des modifications r&#233;centes ([irc://irc.wikimedia.org irc.wikimedia.org]) ont &#233;t&#233; interrompus durant deux heures.  [http://lists.wikimedia.org/pipermail/wikitech-l/2014-January/074050.html]

'''&#201;volutions futures du logiciel'''
[[File:Echo Notifications new message indicator.png|353px|frame|La barre orange des nouveaux messages.]]
* Si vous avez d&#233;sactiv&#233; JavaScript dans votre navigateur web, vous pourrez bient&#244;t voir la barre orange indiquant que vous avez de nouveaux messages. Si vous avez modifi&#233; l&#8217;apparence de la barre avec un gadget, vous pourriez avoir besoin de modifier &#224; nouveau le gadget. [//bugzilla.wikimedia.org/show_bug.cgi?id=56974] [//gerrit.wikimedia.org/r/#/c/95102/]
* Il vous sera bient&#244;t possible de rejeter tous les fichiers qui viennent d&#8217;utilisateurs sp&#233;cifiques de ''Flickr'' et qui sont import&#233;s avec l&#8217;outil [[mw:Extension:UploadWizard|Assistant de t&#233;l&#233;versement]] sur Wikimedia Commons et sur les autres wikis qui utilisent cette extension. [//gerrit.wikimedia.org/r/42770]
* Vous verrez un avertissement lorsque vous essaierez de supprimer une page incluse dans au moins une autre page. [//gerrit.wikimedia.org/r/#/c/108188/]
* Les pages d&#8217;homonymies ne seront plus list&#233;es parmi les r&#233;sultats de la [[Special:LonelyPages|Page sp&#233;ciale:Pages orphelines]]. [//bugzilla.wikimedia.org/show_bug.cgi?id=3483] [https://gerrit.wikimedia.org/r/#/c/106435/]

'''''[[m:Special:MyLanguage/Tech/News|Actualit&#233;s techniques]]''' r&#233;dig&#233;es par les [[m:Special:MyLanguage/Tech/Ambassadors|ambassadeurs techniques]] et post&#233;es par le [[m:Special:MyLanguage/User:MediaWiki message delivery|syst&#232;me de distribution de messages MediaWiki]] &#8226; [[m:Special:MyLanguage/Tech/News#contribute|Contribuer]] &#8226; [[m:Special:MyLanguage/Tech/News/2014/04|Traduire]] &#8226; [[m:Tech|Obtenir de l&#8217;aide]] &#8226; [[m:Talk:Tech/News|Donner votre avis]] &#8226; [[m:Global message delivery/Targets/Tech ambassadors|S&#8217;inscrire ou se d&#233;sinscrire]].''
&lt;/div&gt; &lt;section end="technews-2014-W04"/&gt; 20 janvier 2014 &#224; 11:21 (CET)
&lt;!-- Message envoy&#233; par User:Guillom@metawiki en utilisant la liste &#224; http://meta.wikimedia.org/w/index.php?title=Global_message_delivery/Targets/Tech_ambassadors&amp;oldid=7102866 --&gt;

== ''WikiWork'' (&#969;) ==

Pour ta chronique, j'ai pens&#233; &#224; ''WikiWork''. Tu pourrais peut-&#234;tre parler &lt;small&gt;(il ne me semble pas l'avoir vu)&lt;/small&gt; de cette initiative maintenant qu'on a plusieurs mois de recul sur :en. Si tu ne sais pas encore ce que c'est, je pense que [[:en:Wikipedia:Wikipedia Signpost/2013-02-25/WikiProject report|cet article du Signpost]] te le r&#233;sumera plus clairement. '''[[Utilisateur:Like tears in rain|Like tears in rain]]''' &lt;sup&gt;[[Discussion Utilisateur:Like tears in rain|{-_-}]]&lt;/sup&gt; 21 janvier 2014 &#224; 16:00 (CET)

== Autorit&#233; ==
Salut Cantons. Bravo pour Leonore ! Pyb et moi t'avons congratul&#233; [https://www.wikidata.org/wiki/User_talk:Pyb#Colette l&#224;]. Que penserais-tu maintenant d'impl&#233;menter ULAN, suggestion d&#233;j&#224; faite il y a un moment par Kou07kou ? A +. [[Utilisateur:Octave.H|&#8226; Octave.H]] &lt;sup&gt;&lt;small&gt;[[Discussion Utilisateur:Octave.H|''hello'']]&lt;/small&gt;&lt;/sup&gt; 22 janvier 2014 &#224; 20:05 (CET)
:Je d&#233;couvre ULAN dans les Notices d&#8217;autorit&#233;, je subodore que tu y es pour qq chose... En tout cas, c'est tr&#232;s bien ! [[Utilisateur:Octave.H|&#8226; Octave.H]] &lt;sup&gt;&lt;small&gt;[[Discussion Utilisateur:Octave.H|''hello'']]&lt;/small&gt;&lt;/sup&gt; 28 janvier 2014 &#224; 14:04 (CET)

== [[Mod&#232;le:Linkiw]] ==

Salut Canton de l'Est,
Pourrais tu ajouter stp un param&#232;tre &lt;code&gt;|noredirect=&lt;/code&gt; dans le cas o&#249; l'entr&#233;e est occup&#233;e par une redirection (par exemple &lt;code&gt;&lt;nowiki&gt;{{linkiw|noredirect=Fluide non-Newtonnien|en=Non-Newtonian fluid}}&lt;/nowiki&gt;&lt;/code&gt;) ? Cordialement.--[[Utilisateur:pixeltoo|pixeltoo]] &lt;small&gt;([[Discussion utilisateur:Pixeltoo|discuter]])&lt;/small&gt; 24 janvier 2014 &#224; 13:53 (CET)

== Oppenheimer ==

Effectivement, j'ai fait une double recherche sur la base et le seul Oppenheimer qui sort n'est pas Robert, alors que l'attribution est attest&#233;e par 2 ouvrages apparemment fiables, l'un ici et l'autre sur WP:EN. Tous les "l&#233;gionnaires" devraient pourtant apparaitre. Curieux ?!! A + [[Utilisateur:Octave.H|&#8226; Octave.H]] &lt;sup&gt;&lt;small&gt;[[Discussion Utilisateur:Octave.H|''hello'']]&lt;/small&gt;&lt;/sup&gt; 25 janvier 2014 &#224; 00:40 (CET)

== ''The Signpost'': 22 January 2014 ==

&lt;div style="margin-top:10px; font-size:90%; padding-left:5px; font-family:Georgia, Palatino, Palatino Linotype, Times, Times New Roman, serif;"&gt;''News, reports and features from the English Wikipedia's weekly journal about Wikipedia and Wikimedia''&lt;/div&gt;
&lt;div style="-moz-column-count:2; -webkit-column-count:2; column-count:2;"&gt;
* Book review: [[w:en:Wikipedia:Wikipedia Signpost/2014-01-22/Book review|''Missing Links and Secret Histories: A Selection of Wikipedia Entries from Across the Known Multiverse'']]
* Special report: [[w:en:Wikipedia:Wikipedia Signpost/2014-01-22/Special report|The few who write Wikipedia]]
* News and notes: [[w:en:Wikipedia:Wikipedia Signpost/2014-01-22/News and notes|Modification of WMF protection brought to Arbcom]]
* Featured content: [[w:en:Wikipedia:Wikipedia Signpost/2014-01-22/Featured content|Dr. Watson, I presume with the Tramp]]* Traffic report: [[w:en:Wikipedia:Wikipedia Signpost/2014-01-22/Traffic report|No show for the Globes]]
* Technology report: [[w:en:Wikipedia:Wikipedia Signpost/2014-01-22/Technology report|Architecting the future of MediaWiki]]&lt;/div&gt;
&lt;div style="margin-top:10px; font-size:90%; padding-left:5px; font-family:Georgia, Palatino, Palatino Linotype, Times, Times New Roman, serif;"&gt;'''[[w:en:Wikipedia:Wikipedia Signpost|Read this Signpost in full]]''' &amp;middot; [[w:en:Wikipedia:Signpost/Single|Single-page]] &amp;middot; [[m:Global message delivery/Targets/Signpost|Unsubscribe]] &amp;middot; [[m:Global message delivery|Global message delivery]] 25 janvier 2014 &#224; 01:54 (CET)
&lt;/div&gt;
&lt;!-- EdwardsBot 0673 --&gt;

== Nasser ==

Salut merci de relire les modifs de 3dhelene et de les r&#233;voquer si besoin --[[Utilisateur:Panam2014|Panam2014]] ([[Discussion utilisateur:Panam2014|discuter]]) 26 janvier 2014 &#224; 19:19 (CET)

== [[Robert Oppenheimer]] est BA ==
{{R&#233;compense|Wiki silver medal.png|taille=80px|L'article [[Robert Oppenheimer]] a obtenu le label BA &#224; l'unanimit&#233;, avec 12 votes pour (incluant le mien). Bravo pour ton patient travail (six mois d'efforts). &#8212; [[Utilisateur:Cantons-de-l'Est|Cantons-de-l'Est]] &lt;sup&gt;[[Discussion utilisateur:Cantons-de-l'Est|&lt;span style="color:#008000;"&gt;discuter&lt;/span&gt;]]&lt;/sup&gt; 27 janvier 2014 &#224; 02:09 (CET)}}

J'aime cet article! Bravo pour votre travail! [[Utilisateur:Hawkeye7|Hawkeye7]] ([[Discussion utilisateur:Hawkeye7|discuter]]) 27 janvier 2014 &#224; 02:45 (CET)
:Je joins mes f&#233;licitations &#224; celles d&#233;j&#224; exprim&#233;es lors du vote : label bien m&#233;rit&#233; ! {{bravo}} [[Utilisateur:Flopinot2012|FL]]&lt;sup&gt;[[Discussion Utilisateur:Flopinot2012|ni d'yeux n'y mettre]]&lt;/sup&gt; 27 janvier 2014 &#224; 12:47 (CET)

== Wikimag n&#176;304 - Semaine 4 ==
{{Wikimag message|304|2014|4}} [[Utilisateur:BeBot|BeBot]] ([[Discussion utilisateur:BeBot|discuter]]) 27 janvier 2014 &#224; 05:08 (CET)

== Connaissances personnelles ==

Salut Cantons-de-l&amp;#39;Est , It seems that you haven't registered in the matrix yet. Please try again and follow the guidelines in the green section: [[Wikip&#233;dia:Connaissances personnelles]]. [[Utilisateur:Romaine|Romaine]] ([[Discussion utilisateur:Romaine|discuter]]) 27 janvier 2014 &#224; 23:09 (CET)


Salut Cantons-de-l&amp;#39;Est , peux-tu, s'il te pla&#238;t, cr&#233;er une page utilisateur sur [[:de:User:Cantons-de-l&amp;#39;Est]] sur la Wikip&#233;dia en Allemand ? &#199;a peut-&#234;tre simplement un lien vers ta page utilisateur de Wikip&#233;dia FR : &lt;code&gt;Siehe &lt;nowiki&gt;[[&lt;/nowiki&gt;:fr:Utilisateur:Cantons-de-l&amp;#39;Est&lt;nowiki&gt;]]&lt;/nowiki&gt;&lt;/code&gt; . Merci ! [[Utilisateur:Romaine|Romaine]] ([[Discussion utilisateur:Romaine|discuter]]) 28 janvier 2014 &#224; 01:15 (CET)


[[File:People icon.svg|right|80px]]
Salut Cantons-de-l&amp;#39;Est, Tu es maintenant [[Wikip&#233;dia:Connaissances personnelles|confirm&#233;]]! Bienvenue!
* Tu peux maintenant ajouter cette bo&#238;te sur ta page utilisateur(trice): &lt;code&gt;&lt;nowiki&gt;{{User:Romaine/Pers&#246;nliche Bekanntschaften/box}}&lt;/nowiki&gt;&lt;/code&gt; Cela fonctionne pour on fr-wiki, de-wiki, en-wiki, nl-wiki, Commons, Meta, Wikidata, WMBE-wiki, WMNL-wiki et peut-&#234;tre demand&#233; pour les autre wikis.
* Pour le moment la liste des utilisateurs fran&#231;ais est sur [[Wikip&#233;dia:Connaissances personnelles/Participants]].
** Pour rester inform&#233;, ajoute cette page &#224; ta liste de suivi.
* Pour voir tout les participants, clique [[:de:Wikipedia:Ontmoete_Wikimedianen#Teilnehmer|ici]].
* '''TU peux confirmer d'autres utilisateurs(trices) sur:''' [[:de:Wikipedia:Pers&#246;nliche Bekanntschaften/neue Anfragen]].
[[Utilisateur:Romaine|Romaine]] ([[Discussion utilisateur:Romaine|discuter]]) 29 janvier 2014 &#224; 02:37 (CET)

== [[Herv&#233; Lehning]] ==
Salut. Je ne pense pas que cet auteur auto&#233;dit&#233; soit [[WP:NSU|notoire]] au sens o&#249; l'entend Wikip&#233;dia. Aussi, pourrais-tu bien vouloir fournir les [[WP:REF|sources]] [[WP:SPS|secondaires '''de qualit&#233;''']] &#224; l'appui de ta cr&#233;ation ? Merci d'avance et cordialement, [[Utilisateur:Patrick Rogel|Patrick Rogel]] ([[Discussion utilisateur:Patrick Rogel|discuter]]) 28 janvier 2014 &#224; 17:20 (CET)

== L'article Herv&#233; Lehning est propos&#233; &#224; la suppression ==
[[Image:Icono consulta borrar.png|70px|link=|Page propos&#233;e &#224; la suppression|gauche]]
Bonjour,

L&#8217;article &#171; '''{{Lien &#224; supprimer|1=Herv&#233; Lehning}}''' &#187; est propos&#233; &#224; la suppression ({{cf.}} [[Wikip&#233;dia:Pages &#224; supprimer]]). Apr&#232;s avoir pris connaissance des [[Wikip&#233;dia:Crit&#232;res d'admissibilit&#233; des articles|crit&#232;res g&#233;n&#233;raux d&#8217;admissibilit&#233; des articles]] et des [[:Cat&#233;gorie:Wikip&#233;dia:Admissibilit&#233; des articles|crit&#232;res sp&#233;cifiques]], vous pourrez [[Aide:Arguments &#224; &#233;viter lors d'une proc&#233;dure de suppression|donner votre avis]] sur la page de discussion '''[[{{TALKPAGENAME:Herv&#233; Lehning}}/Suppression]]'''.

Le meilleur moyen d&#8217;obtenir un consensus pour la conservation de l&#8217;article est de fournir des [[Wikip&#233;dia:Citez vos sources|sources secondaires fiables et ind&#233;pendantes]]. Si vous ne pouvez trouver de telles sources, c&#8217;est que l&#8217;article n&#8217;est probablement pas admissible. N&#8217;oubliez pas que les [[Wikip&#233;dia:Principes fondateurs|principes fondateurs]] de Wikip&#233;dia ne garantissent aucun droit &#224; avoir un article sur Wikip&#233;dia. 29 janvier 2014 &#224; 18:34 (CET)[[Utilisateur:Patrick Rogel|Patrick Rogel]] ([[Discussion utilisateur:Patrick Rogel|discuter]])

== Infobox non conventionnelle ==

Bonjour Canton-de-l'Est, je souhaiterais savoir si je peux cr&#233;er un mod&#232;le dans le m&#234;me &#233;tat d'esprit que celle que vous avez cr&#233;e [https://fr.wikipedia.org/wiki/Mod%C3%A8le:Mort_de_Ian_Tomlinson/proc%C3%A8s ici]. Faut-il &#234;tre administrateur pour cr&#233;er un mod&#232;le, puis-je le faire librement puis poster mon infobox "proc&#232;s" dans un article ensuite ? --[[Utilisateur:Cvbn|Cvbn]] ([[Discussion utilisateur:Cvbn|discuter]]) 29 janvier 2014 &#224; 03:46 (CET)
: [[Utilisateur:Cvbn|Cvbn]]  : Tout contributeur, peu importe qu'il soit anonyme, ordinaire ou administrateur, peut cr&#233;er une telle infobox. Vous pouvez donc faire de m&#234;me. Vous pourriez m&#234;me cr&#233;er ou demander &#224; [[Projet:infobox]] de cr&#233;er une infobox avec param&#232;tres (les mod&#233;listes pourront s'inspirer de [[Mod&#232;le:Mort de Ian Tomlinson/proc&#232;s]]). Si un tel mod&#232;le venait &#224; exister, juste me laisser un mot, je l'utiliserai dans au moins trois articles. Bon succ&#232;s ! &#8212; [[Utilisateur:Cantons-de-l'Est|Cantons-de-l'Est]] &lt;sup&gt;[[Discussion utilisateur:Cantons-de-l'Est|&lt;span style="color:#008000;"&gt;discuter&lt;/span&gt;]]&lt;/sup&gt; 29 janvier 2014 &#224; 13:29 (CET)
::Merci bien du renseignement, c'est bien aimable. Je me suis tr&#232;s souvent aid&#233; de votre page "aide &#224; l'insertion d'une r&#233;f&#233;rence" qui je crois fait autorit&#233; sur WP et qui est tr&#232;s compl&#232;te. Si je cr&#233;e ce mod&#232;le, je vous le dirai. --[[Utilisateur:Cvbn|Cvbn]] ([[Discussion utilisateur:Cvbn|discuter]]) 29 janvier 2014 &#224; 17:09 (CET)
:::Si je peux abuser de vos connaissances sur WP : Lorsqu'un contributeur vandalise une fois, pas de probl&#232;me on clique sur "annuler" et on efface le diff. Mais lorsque un vandale fait plusieurs modif &#224; la suite, comment fait-on pour toutes les annuler et revenir &#224; la version correcte, saine ? Merci bien --[[Utilisateur:Cvbn|Cvbn]] ([[Discussion utilisateur:Cvbn|discuter]]) 30 janvier 2014 &#224; 13:12 (CET)
:::: [[Utilisateur:Cvbn|Cvbn]] : Dans [[Aide:R&#233;vocation]], la section [[Aide:R&#233;vocation#Retour_.C3.A0_une_version_pr.C3.A9c.C3.A9dente|''Retour &#224; une version pr&#233;c&#233;dente'']] propose deux m&#233;thodes. Bon succ&#232;s. &#8212; [[Utilisateur:Cantons-de-l'Est|Cantons-de-l'Est]] &lt;sup&gt;[[Discussion utilisateur:Cantons-de-l'Est|&lt;span style="color:#008000;"&gt;discuter&lt;/span&gt;]]&lt;/sup&gt; 30 janvier 2014 &#224; 15:41 (CET)
:::::Super ! je n'avais jamais compris le truc. C'est ok maintenant! Bonne soir&#233;e --[[Utilisateur:Cvbn|Cvbn]] ([[Discussion utilisateur:Cvbn|discuter]]) 30 janvier 2014 &#224; 16:11 (CET)

== Electron#Th&#233;orie de l&#8217;atome ==

Bonjour Cantons-de-l'Est. Dans la [[&#201;lectron#Th&#233;orie de l'atome|th&#233;orie de l'atome expos&#233;e dans l&#8217;article &#201;lectron]], je verrais un avantage &#224; mieux respecter la chronologie : d&#8217;abord 1909-1912, exp&#233;rience de Rutherford et atome (plan&#233;taire) de Rutherford ; puis 1913, Niels Bohr&#8230; Mais je n&#8217;ose pas toucher &#224; cet AdQ sans pr&#233;cautions. Cordialement. [[Utilisateur:Fabrice Dury|Fabrice Dury]] ([[Discussion utilisateur:Fabrice Dury|discuter]]) 30 janvier 2014 &#224; 12:22 (CET)
: [[Utilisateur:Fabrice Dury|Fabrice Dury]] : Si vous pensez pouvoir conserver le sens du texte, osez ! &#8212; [[Utilisateur:Cantons-de-l'Est|Cantons-de-l'Est]] &lt;sup&gt;[[Discussion utilisateur:Cantons-de-l'Est|&lt;span style="color:#008000;"&gt;discuter&lt;/span&gt;]]&lt;/sup&gt;
::Je pense &#224; une simple interversion des deux premiers alin&#233;as. Avant d&#8217;y proc&#233;der, je vais relire la section pour v&#233;rifier que cela n'alt&#232;re pas autre chose qui m&#8217;&#233;chappe. 31 janvier 2014 &#224; 09:44 (CET)[[Utilisateur:Fabrice Dury|Fabrice Dury]] ([[Discussion utilisateur:Fabrice Dury|discuter]])

== Interview ==

{{Demande d'interview}}
: Suite &#224; votre &#233;lection au statut d'administrateur.
: Des questions vous seront pos&#233;s ici et vos r&#233;ponses apparaitront dans [[Wikip&#233;dia:Wikimag|Wikimag]].
: Merci de me contacter sur ma page de discussion pour donner votre accord ou votre refus ou si vous avez des questions. Cordialement.--[[Utilisateur:Gratus|Gratus]] ([[Discussion utilisateur:Gratus|discuter]]) 31 janvier 2014 &#224; 19:20 (CET)

* Bonjour, vous contribuez officiellement depuis d&#233;cembre 2008. Depuis quand contribuez-vous officieusement (=sous IP) ? Souvenez-vous de votre premi&#232;re contribution sur Wikip&#233;dia ?
: &#199;a fait si longtemps que je contribue ici que je dois consulter [[Utilisateur:Cantons-de-l'Est/Autobiographie|mon autobiographie]]. Attendez un instant... Oui... J'y suis. &#199;a remonte &#224; mars 2005, je parcourais [[Slashdot]] pour me d&#233;lasser d'une longue journ&#233;e de travail. Dans l'une des entr&#233;es, on a mentionn&#233; la Wikip&#233;dia en anglais (d&#233;j&#224; en ligne depuis quatre ans). Je suis all&#233; faire un tour. J'ai remarqu&#233; qu'un article sur [[A. E. van Vogt]] &#233;xistait aussi dans la Wikip&#233;dia en fran&#231;ais. J'ai d&#233;barqu&#233; ici sans trop savoir ce qui m'attendais. J'ai corrig&#233; une faute d'orthographe (qui ne le fait pas ?). Il &#233;tait trop tard, mon petit doigt &#233;tait engag&#233; dans la machine Wikip&#233;dia. Les lecteurs les plus observateurs ont remarqu&#233; que je ne situe pas ma wikinaissance &#224; 2008. Je vous laisse trouver quel pseudonyme j'ai port&#233;. 
* Quels sont vos domaines d'activit&#233;s favoris sur Wikip&#233;dia ?
: Vous &#234;tes s&#233;rieux ? Je n'en ai pas ou j'en ai trop. Je fais de la maintenance, mais la forme a chang&#233; tout au long de ma wikicarri&#232;re : correction de fautes d'orthographe et de grammaire au d&#233;tour de mes lectures, suivie par une participation au [[Projet:Correction syntaxique]], correction de cat&#233;gorisation pendant un moment, puis correction en lot de coquilles typographiques. Demain, qui sait, je serai peut-&#234;tre accro &#224; [[Wikip&#233;dia:AutoWikiBrowser|AWB]], ferai de la [[WP:Patrouille RC|Patrouille RC]] ou mettrai au point un bot pour remplir [[Wikidata]] de donn&#233;es bibliographiques d'articles scientifiques ? En ce qui concerne la r&#233;daction, je suis surtout habile dans ce qui est g&#233;n&#233;ralement qualifi&#233; de sciences dures : physique, chimie et math&#233;matiques, mais je ne me sens pas d&#233;muni en ce qui concerne les biographies ou la science-fiction, &#224; moins que ce ne soit des affaires judiciaires ou la Seconde Guerre mondiale. Mon dernier BA, [[Robert Oppenheimer]], porte sur un physicien am&#233;ricain qui a particip&#233; &#224; l'&#233;laboration des premi&#232;res bombes atomiques. J'aimerais bien continuer sur cette lanc&#233;e (car il y a beaucoup de biographies de personnalit&#233;s &#171; atomiques &#187; qui sont incompl&#232;tes), mais il est possible que je jette mon d&#233;volu sur {{linkiw|fr=Effets cons&#233;cutifs &#224; la consommation prolong&#233; de benzodiaz&#233;pines 
|en=Effects of long-term benzodiazepine use}}. Avant de trop ennuyer vos lecteurs, je passe &#224; la prochaine question.
* Pensez-vous que Wikip&#233;dia influence sur votre vie r&#233;elle ? Comment ? (Attentions plus grandes aux sources indiqu&#233;s par les m&#233;dias, prise de note en syntaxe wiki...) 
: Ma conjointe clamerait que c'est le cas. Mes coll&#232;gues de travail aussi. Je crois bien que mes amis aussi. J'ai rencontr&#233; des wikip&#233;diens en vrai et, je crois, ne jugent que je vois Wikip&#233;dia partout. Mais, ce sont des accros, alors leur avis est biais&#233;. En ce qui concerne les m&#233;dias, Wikip&#233;dia ne m'a pas rendu plus critique. C'est que j'ai un parcours inhabituel qui m'a permis de c&#244;toyer des gens tr&#232;s cr&#233;dules et des gens qui ne cessent de tout remettre en question. J'ai &#233;t&#233; influenc&#233; par les int&#233;grismes (puret&#233; de la pens&#233;e, puret&#233; du corps, puret&#233; des sentiments, Amour inconditionnel, recherche inlassable de la V&#233;rit&#233;, de la Science et que de la Science), mais la V&#233;rit&#233; est ailleurs. Aujourd'hui, je lis les articles de journaux en me disant que la moiti&#233; est fausse, mais je ne sais pas laquelle. Les revues scientifiques font mieux. Ceci &#233;crit, je prends le temps de confirmer ce que j'ai lu, en commen&#231;ant par Wikip&#233;dia. Si je doute encore, je cherche ailleurs. 
*Faites [[Wikip&#233;dia:Test : &#202;tes-vous wikip&#233;diholique ?]] sans tricher. Quel est votre score ? Que pensez-vous de votre score ?
: La derni&#232;re fois que je l'ai compl&#233;t&#233;, je crois avoir d&#233;pass&#233; {{unit&#233;|2000|}} (mais je ne l'ai jamais &#233;crit par souci de ne pas surcharger [[Wikip&#233;dia:Wikip&#233;diholiques confess&#233;s|la page de confessions]]). Vous pensez bien que &#231;a n'a pas chang&#233; dans les six-sept derni&#232;res ann&#233;es. Existe-t-il un moyen de me gu&#233;rir ? Oui. Quand les {{unit&#233;|10000+|articles}} que je juge importants ou int&#233;ressants seront de bonne facture, je cesserai de r&#233;diger, mais continuerai &#224; faire de la maintenance l&#233;g&#232;re. 
* Vous avez &#233;t&#233; &#233;lu [[Wikip&#233;dia:Administrateur|administrateur]] en janvier 2014, en quelques mots, pouvez-vous nous rappeler vos motivations pour ce statut ?
: Oui, je me cite : {{citation|Pour faire la maintenance et l'am&#233;lioration de certains mod&#232;les et modules (notamment [[module:Autorit&#233;]]) qui ne peuvent &#234;tre modifi&#233;s que par un administrateur.}} [//fr.wikipedia.org/wiki/Wikip&#233;dia:Administrateur/Cantons-de-l%27Est]
* Maintenant que vous avez les outils, comment comptez-vous les utiliser (principalement pour bloquer les vandales, s'occuper des suppressions imm&#233;diates, faire des fusions d'historique...) ?
: Je me cite &#224; nouveau : {{citation|Je ne pr&#233;vois pas faire plus de lutte au vandalisme (j'ai presque {{unit&#233;|16000|pages}} dans ma LdS). Je ne pr&#233;vois pas faire plus de maintenance (j'ai d&#233;j&#224; un arri&#233;r&#233; de choses &#224; faire). Je ne suis pas ferm&#233; &#224; faire diff&#233;remment, c'est selon mes int&#233;r&#234;ts et mes disponibilit&#233;s.}} [//fr.wikipedia.org/wiki/Wikip&#233;dia:Administrateur/Cantons-de-l%27Est] En trois semaines, je me suis d&#233;j&#224; servi des outils un dizaine de fois (suppressions imm&#233;diates, masquage de versions, distribution de [[Wikip&#233;dia:Regards sur l'actualit&#233; de la Wikimedia|RAW]]). Si les outils me permettent d'agir ailleurs, je le ferai au mieux de mes connaissances. Cependant, jamais, au grand jamais, je ne laisserai Wikip&#233;dia miner ma s&#233;r&#233;nit&#233;. Certains y verront de la l&#226;chet&#233;. Oui. Wikip&#233;dia est un jeu. Et doit le rester. 
* D'autres choses &#224; dire (remerciements, commentaires...) ?
: Je pourrais inscrire le pseudonyme de tous les gens qui m'ont remerci&#233;, f&#233;licit&#233; ou encourag&#233;. Il y en a tellement qu'il me faudrait probablement une semaine de fouilles dans les archives pour tous les identifier. Ils se reconnaitront. Ils ont ma gratitude. 

Cordialement.--[[Utilisateur:Gratus|Gratus]] ([[Discussion utilisateur:Gratus|discuter]]) 31 janvier 2014 &#224; 19:43 (CET)
: Vous pouvez lire cet interview dans le wikimag du [https://fr.wikipedia.org/wiki/Wikip%C3%A9dia:Wikimag/2014/5 lundi 3 au dimanche 9 f&#233;vrier 2014]. Cordialement.--[[Utilisateur:Gratus|Gratus]] ([[Discussion utilisateur:Gratus|discuter]]) 1 f&#233;vrier 2014 &#224; 08:55 (CET)

== Wikidata weekly summary #95 ==

&lt;div class="plainlinks mw-content-ltr" lang="en" dir="ltr"&gt;
[[File:Wikidata-logo-en.svg|150px|right]]
&lt;div style="margin-top:10px; padding-left:5px; font-family:Georgia, Palatino, Palatino Linotype, Times, Times New Roman, serif;"&gt;''Here's your quick overview of what has been happening around Wikidata over the last week.''&lt;/div&gt;
&lt;div style="-moz-column-count:2; -webkit-column-count:2; column-count:2;"&gt;
* Discussions
** [[:d:Wikidata:Project chat#Cactaceae (Q14560) as showcase item ? P31 as a qualifier ?|Discussion over P31 as a qualifier]]
** Open RfA: [[:d:Wikidata:Requests for permissions/Administrator/Sjoerddebruin|Sjoerddebruin]]
* Events/Blogs/Press
** Wikidata is at FOSDEM in Brussels, Februrary 1st-2nd
* Other Noteworthy Stuff
** Quantities released on Wikidata!
** Wikisource [[:d:Wikidata:Phase 2|phase 2]] coming Februrary 25th.
* Did you know?
** Newest properties:  [[:d:Property:P1110|attendance]], [[:d:Property:P1109|refractive index]], [[:d:Property:P1108|electronegativity]], [[:d:Property:P1107|proportion]], [[:d:Property:P1106|sandbox-quantity]], [[:d:Property:P1104|number of pages]], [[:d:Property:P1103|number of platforms ]], [[:d:Property:P1102|flattening]], [[:d:Property:P1101|floors above ground]], [[:d:Property:P1100|number of cylinders]], [[:d:Property:P1099|masts]], [[:d:Property:P1098|number of speakers]], [[:d:Property:P1097|g-factor]], [[:d:Property:P1096|orbital eccentricity]], [[:d:Property:P1093|gross tonnage]], [[:d:Property:P1092|total produced]], [[:d:Property:P1090|redshift]], [[:d:Property:P1088|Mohs' hardness]], [[:d:Property:P1087|ELO rating]], [[:d:Property:P1086|atomic number]], [[:d:Property:P1085|LibraryThing work identifier]], [[:d:Property:P1084|EUL control number]], [[:d:Property:P1083|capacity]], [[:d:Property:P1082|population]], [[:d:Property:P1081|Human Development Index]], [[:d:Property:P1080|from narrative]], [[:d:Property:P1079|launch contractor]], [[:d:Property:P1078|valvetrain configuration]], [[:d:Property:P1077|KOATUU identifier]]
* Development
** Deployed quantities to Wikidata! :)
** Made patch to make wbmergeitems more reliable [[Bugzilla::55960]]
** Wikidata edit permissions now included in [https://gerrit.wikimedia.org/r/#/c/109333/ wikimedia OAuth edit groups]
** Moved Diff repo to [https://github.com/wmde/Diff Github]
** Work put into make the frontend use backend formatters through the api
** Refactoring of the [https://github.com/wmde/ValueView ValueView extension]
** MergeItems special page merged as an experimental feature
** Our easy RDF fork is now included using composer
** Fixed wbmergeitems issues
* Monthly Tasks
** [[:d:Wikidata:Database reports/Constraint violations/P1001|Fix a format or content violation]] for the [[:d:Property:P1001|belongs to jurisdiction (P1001)]] property
** Hack on one of [https://bugzilla.wikimedia.org/buglist.cgi?keywords=need-volunteer%2C%20&amp;keywords_type=allwords&amp;emailcc1=1&amp;resolution=---&amp;emailtype1=exact&amp;emailassigned_to1=1&amp;query_format=advanced&amp;email1=wikidata-bugs%40lists.wikimedia.org&amp;list_id=162515 these].
** Help develop the next summary [[d:Wikidata:Status updates/Next|here!]]
** Contribute to a [[:d:Wikidata:Showcase|Showcase item]]
&lt;/div&gt;
&lt;div style="margin-top:10px; font-size:90%; padding-left:5px; font-family:Georgia, Palatino, Palatino Linotype, Times, Times New Roman, serif;"&gt;'''[[:d:Wikidata:Status updates/2014 01 31|Read the full report]]''' &amp;middot; [[m:Global message delivery/Targets/Wikidata|Unsubscribe]] &amp;middot; [[:d:User:John F. Lewis|John F. Lewis]] 1 f&#233;vrier 2014 &#224; 00:37 (CET)
&lt;/div&gt;
&lt;/div&gt;
&lt;!-- Message envoy&#233; par User:John F. Lewis@metawiki en utilisant la liste &#224; http://meta.wikimedia.org/w/index.php?title=Global_message_delivery/Targets/Wikidata&amp;oldid=7249659 --&gt;

==  ''The Signpost'': 29 January 2014 ==

&lt;div lang="en" dir="ltr" class="mw-content-ltr"&gt;&lt;div style="margin-top:10px; font-size:90%; padding-left:5px; font-family:Georgia, Palatino, Palatino Linotype, Times, Times New Roman, serif;"&gt;''News, reports and features from the English Wikipedia's weekly journal about Wikipedia and Wikimedia''&lt;/div&gt;
&lt;div style="-moz-column-count:2; -webkit-column-count:2; column-count:2;"&gt;
* News and notes: [[w:en:Wikipedia:Wikipedia Signpost/2014-01-29/News and notes|Wiki-PR defends itself, condemns Wikipedia's actions]]
* Traffic report: [[w:en:Wikipedia:Wikipedia Signpost/2014-01-29/Traffic report|Six strikes out]]
* WikiProject report: [[w:en:Wikipedia:Wikipedia Signpost/2014-01-29/WikiProject report|Contesting Contests]]
* Arbitration report: [[w:en:Wikipedia:Wikipedia Signpost/2014-01-29/Arbitration report|''Kafziel'' case closed; Kww admonished by motion]]
* Recent research: [[w:en:Wikipedia:Wikipedia Signpost/2014-01-29/Recent research|Translation assignments, weasel words, and Wikipedia's content in its later years]]&lt;/div&gt;
&lt;div style="margin-top:10px; font-size:90%; padding-left:5px; font-family:Georgia, Palatino, Palatino Linotype, Times, Times New Roman, serif;"&gt;'''[[w:en:Wikipedia:Wikipedia Signpost|Read this Signpost in full]]''' &amp;middot; [[w:en:Wikipedia:Signpost/Single|Single-page]] &amp;middot; [[m:Global message delivery/Targets/Signpost|Unsubscribe]] &amp;middot; [[m:Global message delivery|Global message delivery]] 1 f&#233;vrier 2014 &#224; 21:31 (CET)
&lt;/div&gt;&lt;/div&gt;
&lt;!-- Message envoy&#233; par User:The ed17@metawiki en utilisant la liste &#224; http://meta.wikimedia.org/w/index.php?title=Global_message_delivery/Targets/Signpost&amp;oldid=7284907 --&gt;

== Infobox scientifiques ==
J'ai r&#233;pondu &#224; ta r&#233;ponse sur le bistro du 24 janvier, je voudrais &#234;tre s&#251;r que l'on soit d'accord (&#224; deux on devrait pouvoir y arriver). Par ailleurs j'aimerais bien comprendre comment ces choses l&#224; s'organisent ? Sais-tu s'il y a une page o&#249; on discute du sujet de ses bo&#238;tes, quels champs choisir par exemple, ou est-ce que &#231;a se fait comme &#231;a au petit bonheur, avec les modifications de chacun jusqu'&#224; arriver &#224; une esp&#232;ce de statu quo ? Tout &#231;a peut devenir assez int&#233;ressant si les informations sont structur&#233;es, mais il faudrait alors certainement diff&#233;rencier suivant les &#233;poques (et voir ce qui se fait en histoire des sciences). [[Utilisateur:Proz|Proz]] ([[Discussion utilisateur:Proz|discuter]]) 2 f&#233;vrier 2014 &#224; 01:27 (CET)
: [[Utilisateur:Proz|Proz]] : D&#233;sol&#233;, mais je ne participerai pas &#224; cet effort. Je suis neutre, je suis en wikislow et j'ai d&#233;j&#224; beaucoup de choses &#224; faire. &#8212; [[Utilisateur:Cantons-de-l'Est|Cantons-de-l'Est]] &lt;sup&gt;[[Discussion utilisateur:Cantons-de-l'Est|&lt;span style="color:#008000;"&gt;discuter&lt;/span&gt;]]&lt;/sup&gt; 2 f&#233;vrier 2014 &#224; 14:04 (CET)
ok, je comprends parfaitement (mais ce n'est pas vraiment ce que je te demandais, peut-&#234;tre la fin de mon message pouvait-elle laisser comprendre le contraire). [[Utilisateur:Proz|Proz]] ([[Discussion utilisateur:Proz|discuter]]) 2 f&#233;vrier 2014 &#224; 17:32 (CET)

== Wikimag n&#176;305 - Semaine 5 ==
{{Wikimag message|305|2014|5}} [[Utilisateur:BeBot|BeBot]] ([[Discussion utilisateur:BeBot|discuter]]) 3 f&#233;vrier 2014 &#224; 05:08 (CET)

== [[m:Special:MyLanguage/Tech/News/2014/06|Tech News: 2014-06]] ==

&lt;section begin="technews-2014-W06"/&gt;&lt;div class="plainlinks mw-content-ltr" lang="fr" dir="ltr"&gt;
Derni&#232;res '''[[m:Special:MyLanguage/Tech/News|actualit&#233;s techniques]]''' de la communaut&#233; technique Wikimedia. Veuillez informer les autres utilisateurs de ces changements. Certains changements ne vous concernent pas. [[m:Special:MyLanguage/Tech/News/2014/06|D&#8217;autres traductions]] sont disponibles.

'''Changements r&#233;cents du logiciel'''
* La derni&#232;re version de MediaWiki ([[mw:MediaWiki 1.23/wmf12|1.23wmf12]]) a &#233;t&#233; ajout&#233;e aux wikis de test et de Mediawiki.org le 30 janvier. Elle sera activ&#233;e sur tous les sites hors de Wikip&#233;dia le 4 f&#233;vrier, et sur toutes les &#233;ditions de Wikip&#233;dia le 6 f&#233;vrier 2014. ([[mw:MediaWiki 1.23/Roadmap|calendrier]])
* Les r&#232;gles globales du [[mw:Extension:AbuseFilter|Filtre anti-abus]] sont d&#233;sormais actives sur tous les  [//noc.wikimedia.org/conf/small.dblist petits wikis]. [//bugzilla.wikimedia.org/show_bug.cgi?id=60408] [//gerrit.wikimedia.org/r/#/c/109435/]
* Les boutons utilis&#233;s sur les pages telles que la connexion, la cr&#233;ation de compte et la recherche utilisent d&#233;sormais les [[:mw:UX standardization|m&#234;mes styles et couleurs]]. [//bugzilla.wikimedia.org/show_bug.cgi?id=58297] [//gerrit.wikimedia.org/r/#/c/103494/]
* Vous pouvez maintenant &#233;tablir des liens vers des diff&#233;rences de versions de pages en utilisant &lt;code&gt;&lt;nowiki&gt;[[Special:Diff/12345]]&lt;/nowiki&gt;&lt;/code&gt; et des liens similaires. [//gerrit.wikimedia.org/r/#/c/63395/]
* La pr&#233;f&#233;rence utilisateur permettant de masquer les sommaires de toutes les pages a &#233;t&#233; supprim&#233;e. [//bugzilla.wikimedia.org/show_bug.cgi?id=52813]
* La recherche dans l&#8217;espace de noms &lt;code&gt;File:&lt;/code&gt; sur Wikimedia Commons est maintenant plus rapide, depuis qu&#8217;une anomalie a &#233;t&#233; corrig&#233;e le 29 janvier. [//gerrit.wikimedia.org/r/#/c/110191/]
* Tous les wikis de Wikimedia ont maintenant des [[m:fr:Favicon|ic&#244;nes de raccourcis]] (''favicons'') en haute r&#233;solution. [//bugzilla.wikimedia.org/show_bug.cgi?id=45036]

'''Nouvelles de l&#8217;&#201;diteurVisuel'''
* Vous pouvez maintenant afficher une liste de raccourcis clavier en pressant &lt;span style="white-space:nowrap"&gt;&lt;kbd class="keyboard-key nowrap" style="border:1px solid #aaa; background-color: #f9f9f9; padding: 1px 3px; font-family: inherit"&gt;Ctrl&lt;/kbd&gt;+&lt;kbd class="keyboard-key nowrap" style="border: 1px solid #aaa; background-color: #f9f9f9; padding: 1px 3px; font-family: inherit"&gt;/&lt;/kbd&gt;&lt;/span&gt; dans l&#8217;&#201;diteurVisuel [//gerrit.wikimedia.org/r/#/c/107153/]

'''Changements &#224; venir du logiciel'''
* Les modifications et fichiers cach&#233;s avec l&#8217;outil de [[mw:Extension:Oversight|Supervision]] (''Oversight'') ont &#233;t&#233; d&#233;plac&#233;s vers le syst&#232;me de [[mw:Help:RevisionDelete|Suppression de versions]]. L&#8217;outil de supervision sera par la suite supprim&#233; des wikis de Wikimedia. [//bugzilla.wikimedia.org/show_bug.cgi?id=60373] [//bugzilla.wikimedia.org/show_bug.cgi?id=18598] [//gerrit.wikimedia.org/r/#/c/18229/]
* Pour les langues dont tous les projets fr&#232;res n&#8217;existent pas, vous pourrez cr&#233;er des liens vers d&#8217;autres &#233;ditions linguistiques des projets au moyen de doubles codes interwikis (&lt;code&gt;:ko:v&lt;/code&gt;, &lt;code&gt;:v:ko&lt;/code&gt;, etc.). [//gerrit.wikimedia.org/r/#/c/94716/]
* Il sera bient&#244;t possible d&#8217;utiliser l&#8217;outil [[mw:Extension:GettingStarted|Pour commencer]] sur les autres wikis que l&#8217;&#233;dition anglophone de Wikip&#233;dia. Vous pouvez le traduire sur [//translatewiki.net/w/i.php?title=Special:MessageGroupStats&amp;x=D&amp;group=ext-gettingstarted&amp;suppressempty=1&amp;language= Translatewiki.net]. [http://lists.wikimedia.org/pipermail/wikitech-ambassadors/2014-January/000561.html]
* Vous pourrez bient&#244;t inclure la page [[Special:Contributions|Sp&#233;cial:Contributions]] dans d&#8216;autres pages. [//gerrit.wikimedia.org/r/#/c/106320/]
* Vous pourrez voir o&#249; un fichier est utilis&#233; depuis la [[mw:Extension:MultimediaViewer|visionneuse multim&#233;dia]] (''MultimediaViewer''), le nouvel outil permettant de visualiser les fichiers m&#233;dias. [//bugzilla.wikimedia.org/show_bug.cgi?id=60087] [//gerrit.wikimedia.org/r/#/c/107993/]
* Il sera bient&#244;t possible d&#8217;envoyer des messages diffus&#233;s par l&#8217;outil [[mw:Extension:MassMessage|Message en masse]] (''MassMessage'') en utilisant l&#8217;API. [//gerrit.wikimedia.org/r/#/c/87311/]
* Vous pourrez bient&#244;t consulter des statistiques audio sur la page [[Special:TimedMediaHandler|Sp&#233;cial:Gestionnaire de m&#233;dias temporis&#233;s]] (''TimedMediaHandler''). [//gerrit.wikimedia.org/r/#/c/97998/]

'''''[[m:Special:MyLanguage/Tech/News|Actualit&#233;s techniques]]''' pr&#233;par&#233;es par les [[m:Special:MyLanguage/Tech/Ambassadors|ambassadeurs techniques]] et post&#233;es par le [[m:Special:MyLanguage/User:MediaWiki message delivery|syst&#232;me MediaWiki de distribution de messages]] &#8226; [[m:Special:MyLanguage/Tech/News#contribute|Contribuer]] &#8226; [[m:Special:MyLanguage/Tech/News/2014/06|Traduire]] &#8226; [[m:Tech|Obtenir de l&#8217;aide]] &#8226; [[m:Talk:Tech/News|Donner votre avis]] &#8226; [[m:Global message delivery/Targets/Tech ambassadors|S&#8217;inscrire ou se d&#233;sinscrire]].''
&lt;/div&gt; &lt;section end="technews-2014-W06"/&gt; 3 f&#233;vrier 2014 &#224; 09:30 (CET)
&lt;!-- Message envoy&#233; par User:Guillom@metawiki en utilisant la liste &#224; http://meta.wikimedia.org/w/index.php?title=Global_message_delivery/Targets/Tech_ambassadors&amp;oldid=7321633 --&gt;

== RAW/Brouillon ==

Bonjour,

Juste une bricole sur le brouillon courant : Dans la liste des concours sur WP:en (&#167;3 ''Dans les coulisses de Wikimedia'') il y a :
{{citation|[[:en:Wikipedia:WikiProject Articles for creation/Backlog elimination drives|Backlog elimination drives]] (r&#233;duction du nombre d'articles &#224; cr&#233;er) et [[:en:Wikipedia:WikiProject Guild of Copy Editors/Backlog elimination drives|Backlog elimination drives]] (relecture d'articles)}}
soit deux fois le meme lien pour deux traductions diff&#233;rentes. Est ce une erreur ? je ne connais pas assez Wiki en (et mon niveau d'anglais et pas assez bon) pour v&#233;rifier cette assertion. Cordialement, --[[Utilisateur:Sacamol|Sacamol]] ([[Discussion utilisateur:Sacamol|discuter]]) 5 f&#233;vrier 2014 &#224; 20:26 (CET)

== Carmen Dragon ==

Bonjour,

"Pr&#233;cision excessive"? Dans une encyclop&#233;die?

Premi&#232;re fois que j'ai cette remarque.

La r&#233;f&#233;rence pr&#233;cise d'un disque vinyle me semble &#233;quivalente &#224; l'ISBN d'un bouquin, non?

Les informations qu'on trouve au dos des pochettes sont une source pr&#233;cieuse de renseignements.
[[Utilisateur:Papardelle|Papardelle]] ([[Discussion utilisateur:Papardelle|discuter]]) 5 f&#233;vrier 2014 &#224; 22:43 (CET)

== One more time... ==
[[image:N_write.svg|40px]]
J'ai lu les deux derniers num&#233;ros des '''Regards sur l'actualit&#233; de la Wikimedia'''. On y trouve &#224; la fois un excellent condens&#233; de ce qui se passe sur la &#171; plan&#232;te &#187; Wikim&#233;dia, les interactions avec ses &#171; satellites &#187; (dont principalement Wikip&#233;dia anglophone et francophone), et une pr&#233;sentation des meilleurs articles de WP. Merci beaucoup &#224; tous ses r&#233;dacteurs pour leur qualit&#233; d'&#233;criture et leur pers&#233;v&#233;rance, qu'ils puissent continuer longtemps ainsi !   


Bravo aussi pour l'article [[Robert Oppenheimer]] pass&#233; en BA ! Et comme tu dis, avec quelques semaines de travail en plus, il pourrait &#234;tre AdQ (&#224; mon avis). 


-- [[Utilisateur:Warp3|Warp3]] ([[Discussion utilisateur:Warp3|discuter]]) 6 f&#233;vrier 2014 &#224; 09:01 (CET)

== Nobellis&#233;es, d&#233;laiss&#233;es ==

Bonjour Cantons {{sourire}}

J'ai bien vu le petit message que tu m'avais laiss&#233; en janvier, sur deux femmes dont les articles manquent. Plut&#244;t que de m'atteler directement au travail j'ai finit par compl&#232;tement d&#233;river et &#233;chouer sur la [[liste des laur&#233;ates du prix Nobel]].

Ce n'est qu'hier que j'ai commenc&#233; &#224; bosser dessus, mais quand j'ai vu que l'article est une liste de qualit&#233; en trois langues, et bon article sur une, je me suis dis que c'&#233;tait tout de m&#234;me dommage de laisser la liste dans son &#233;tat indigent.

Pour l'instant j'y vais un peu &#224; la hache et sans plan tout pr&#234;t, un peu au feeling. Mais si tu as des remarques et des id&#233;es, je serais tr&#232;s preneuse. Et une relecture une fois le travail achev&#233; ne sera pas de refus {{sourire}}

Voil&#224;, merci de veiller au grain et puis aussi merci pour les dix millions d'autres choses que tu fais pour Wikip&#233;dia {{clin}} &#164; [[Utilisateur:Euterpia|'''E'''uterpia]] &#164; [[Discussion utilisateur:Euterpia|&lt;font color="#9975a1"&gt;Just ask&lt;/font&gt;]] &#164; 6 f&#233;vrier 2014 &#224; 11:27 (CET)
: [[Utilisateur:Euterpia|'''E'''uterpia]] : {{sourire}} J'ai h&#226;te de voir le fruit de ton travail. &#8212; [[Utilisateur:Cantons-de-l'Est|Cantons-de-l'Est]] &lt;sup&gt;[[Discussion utilisateur:Cantons-de-l'Est|&lt;span style="color:#008000;"&gt;discuter&lt;/span&gt;]]&lt;/sup&gt; 6 f&#233;vrier 2014 &#224; 19:32 (CET)

== Fracturation hydraulique ==

Merci de m'avoir signal&#233; cet article. J'ai mis &#224; jour les pages [[Gaz de schiste]] et [[P&#233;trole de schiste]]. L'absence de lois environnementales susceptibles d'endiguer la cupidit&#233; naturelle risque bien de nous co&#251;ter tr&#232;s cher. [[Utilisateur:Codex|Codex]] ([[Discussion utilisateur:Codex|discuter]]) 7 f&#233;vrier 2014 &#224; 20:56 (CET)

== Wikidata weekly summary #96 ==

&lt;div class="plainlinks mw-content-ltr" lang="en" dir="ltr"&gt;
[[File:Wikidata-logo-en.svg|150px|right]]
&lt;div style="margin-top:10px; padding-left:5px; font-family:Georgia, Palatino, Palatino Linotype, Times, Times New Roman, serif;"&gt;''Here's your quick overview of what has been happening around Wikidata over the last week.''&lt;/div&gt;
&lt;div style="-moz-column-count:2; -webkit-column-count:2; column-count:2;"&gt;
* Discussions
** [[:d:Wikidata:Project chat#Name of person|Discussion over the naming of people]]
** [[:d:Wikidata:Project chat#Population|Discussion over population]]
** Successful RfA: [[:d:Wikidata:Requests for permissions/Administrator/Sjoerddebruin|Sjoerddebruin]]
* Events/Blogs/Press
** See the office hours logs at [[:m:IRC office hours/Office hours 2014-02-03|meta]]
* Other Noteworthy Stuff
** See the FOSDEM [https://docs.google.com/presentation/d/16VDTk9Lo9YU-Q-lj68984o8cGLZDwTDVUfazsB4V1GQ/edit slides]
** Thiemo joins the Wikidata development team
* Development
** More work on badges by Bene*
** Lots of Lua improvements by hoo (separate announcement with details soon)
** Created backend Time parsers (yet another necessary step towards doing more in the backend instead of in Java Script in the frontend)
** Automatic builds created, tested and deployed to beta labs every day!
** Investigate Elastic Search as possible backend for queries
** Made Wikibase Query work with our new component structure
* Monthly Tasks
** [[:d:Wikidata:Database reports/Constraint violations/P1001|Fix a format or content violation]] for the [[:d:Property:P1001|belongs to jurisdiction (P1001)]] property
** Hack on one of [https://bugzilla.wikimedia.org/buglist.cgi?keywords=need-volunteer%2C%20&amp;keywords_type=allwords&amp;emailcc1=1&amp;resolution=---&amp;emailtype1=exact&amp;emailassigned_to1=1&amp;query_format=advanced&amp;email1=wikidata-bugs%40lists.wikimedia.org&amp;list_id=162515 these].
** Help develop the next summary [[d:Wikidata:Status updates/Next|here!]]
** Contribute to a [[:d:Wikidata:Showcase|Showcase item]]
&lt;/div&gt;
&lt;div style="margin-top:10px; font-size:90%; padding-left:5px; font-family:Georgia, Palatino, Palatino Linotype, Times, Times New Roman, serif;"&gt;'''[[:d:Wikidata:Status updates/2014 02 07|Read the full report]]''' &amp;middot; [[m:Global message delivery/Targets/Wikidata|Unsubscribe]] &amp;middot; [[:d:User:John F. Lewis|John F. Lewis]] 7 f&#233;vrier 2014 &#224; 23:37 (CET)
&lt;/div&gt;
&lt;/div&gt;
&lt;!-- Message envoy&#233; par User:John F. Lewis@metawiki en utilisant la liste &#224; http://meta.wikimedia.org/w/index.php?title=Global_message_delivery/Targets/Wikidata&amp;oldid=7384712 --&gt;</text>
      <sha1>f4nf1wv2u7oc96s2cjid04zw925os2z</sha1>
      <model>wikitext</model>
      <format>text/x-wiki</format>
    </revision>
  </page>
