<page xmlns="http://www.mediawiki.org/xml/export-0.8/" xmlns:xsi="http://www.w3.org/2001/XMLSchema-instance">
    <title>Discussion utilisateur:Samsamsam</title>
    <ns>3</ns>
    <id>521208</id>
    <revision>
      <id>97052296</id>
      <parentid>76511095</parentid>
      <timestamp>2013-09-27T19:35:12Z</timestamp>
      <contributor>
        <username>ChoumX</username>
        <id>74925</id>
      </contributor>
      <text xml:space="preserve">==Usurpation request confirmation==
I certify the request of usurpation of the account Samsamsam on en.wikipedia.  [[Utilisateur:Samsamsam|Sam Genas]] &lt;small&gt;([[Discussion Utilisateur:Samsamsam|blabla]])&lt;/small&gt; 6 mars 2012 &#224; 16:45 (CET)

==Archives==
[[Discussion utilisateur:Samsamsam/Archive]]

== Les articles [[Brocciu]] et [[Bruccio]] sont propos&#233;s &#224; la fusion ==
[[Image:Merge-arrows.svg|60px|left|Proposition de fusion en cours.]]

La discussion a lieu sur la page [[Wikip&#233;dia:Pages &#224; fusionner#Brocciu et Bruccio]]. La proc&#233;dure de fusion est consultable sur [[Wikip&#233;dia:Pages &#224; fusionner]].

[[Utilisateur:ChoumX|choumix]] ([[Discussion utilisateur:ChoumX|discuter]]) 27 septembre 2013 &#224; 21:35 (CEST)</text>
      <sha1>roxord3cwbyh9udfl3gs03s3gid4vs0</sha1>
      <model>wikitext</model>
      <format>text/x-wiki</format>
    </revision>
  </page>
