<page xmlns="http://www.mediawiki.org/xml/export-0.8/" xmlns:xsi="http://www.w3.org/2001/XMLSchema-instance">
    <title>Discussion utilisateur:Claire Dod&#233;</title>
    <ns>3</ns>
    <id>6737718</id>
    <revision>
      <id>92608662</id>
      <parentid>89158424</parentid>
      <timestamp>2013-04-30T07:25:35Z</timestamp>
      <contributor>
        <username>13Malik88</username>
        <id>1546030</id>
      </contributor>
      <comment>/* Bonjour (wikiMedia) */ nouvelle section</comment>
      <text xml:space="preserve">&lt;div class="globegris plainlinks" style="width:100%; height: auto; border-right:1px solid #a7d7f9; vertical-align:top; border-radius:10px; padding: 5px 5px 0 0;background-repeat:no-repeat; background-position:105% -15px; "&gt;

&lt;div style="padding: 0; width: 60%; float: left; font-size: 1em;"&gt;
&lt;p style="display: block; padding: 5px; margin: 2% 0 0 0; border: none; border-left: 5px solid #a7d7f9; font-size: 132%;"&gt;'''Bienvenue sur Wikip&#233;dia, {{BASEPAGENAME}} !'''&lt;/p&gt;
&lt;div style="padding-left: 5%; margin: 10px 0 0 0"&gt;
Je suis {{#if:C&#233;r&#233;ales Killer|[[user:C&#233;r&#233;ales Killer{{!}}C&#233;r&#233;ales Killer]],|}} b&#233;n&#233;vole sur Wikip&#233;dia pour l&#8217;accueil et l&#8217;aide aux d&#233;butants. Si vous avez besoin d'aide, n&#8217;h&#233;sitez pas &#224; me contacter {{#if:C&#233;r&#233;ales Killer|sur ma [[user talk:C&#233;r&#233;ales Killer{{!}}page de discussion]]|}} ; j'essayerai de vous r&#233;pondre aussi vite que possible.

Wikip&#233;dia est une formidable aventure, toujours en construction ! L'encyclop&#233;die comporte aujourd'hui {{NUMBEROFARTICLES}} articles en fran&#231;ais portant sur le savoir reconnu, r&#233;dig&#233;s par des b&#233;n&#233;voles passionn&#233;s suivant des [[Wikip&#233;dia:Principes fondateurs|'''principes fondateurs''' respect&#233;s par tous]] : encyclop&#233;disme, neutralit&#233;, licence libre, savoir-vivre, audace et innovation.

Vous nous rejoignez afin de partager vos savoirs ? Vous pouvez d'ores et d&#233;j&#224; corriger ou am&#233;liorer des articles existants, en utilisant des informations de qualit&#233; et v&#233;rifiables, participer aux discussions, cr&#233;er de nouveaux articles... Je vous invite donc &#224; d&#233;couvrir comment faire vos [[Aide:Premiers pas|premiers pas]] afin de participer &#224; Wikip&#233;dia.

Un [[Aide:Livret Bienvenue sur Wikip&#233;dia|livret d'aide]] reprenant l&#8217;essentiel &#224; conna&#238;tre est &#233;galement &#224; votre disposition si vous en avez besoin.{{#if:{{{message}}}|
{{clr|left}}
}}

Je vous souhaite de prendre du plaisir &#224; contribuer &#224; Wikip&#233;dia ! 

&#192; bient&#244;t, 
&lt;div style="font-size:0.85em;"&gt;Vos nouveaux messages seront affich&#233;s en bas de cette page et sign&#233;s par leur exp&#233;diteur.&lt;/div&gt;
&lt;/div&gt;
&lt;/div&gt;
&lt;div style="width:30%; float: left; padding-left:5%;"&gt;
&lt;p style="color:#444; font-weight: bold; font-size: 116%;border-bottom: 1px dotted #a7d7f9; padding-top: 0.55em;"&gt;L'indispensable&lt;/p&gt;
* [[Wikip&#233;dia:Principes fondateurs|Principes fondateurs]]
* [[Aide:Tout l'indispensable...|Tout l'indispensable&#8230;]]
* [[WP:Crit&#232;res d'admissibilit&#233; des articles|Crit&#232;res d'admissibilit&#233; des articles]]

&lt;p style="color:#444; font-weight: bold;border-bottom: 1px dotted #a7d7f9; padding-top: 0.55em;"&gt;Ressources utiles&lt;/p&gt;
* [[Aide:Sommaire|Sommaire de l'aide]]
* [[Aide:Que faire sur Wikip&#233;dia ?|Que faire sur Wikip&#233;dia ?]]
* [[Wikip&#233;dia:Citez vos sources|Comment apporter des sources ?]]
* [[Wikip&#233;dia:Ce que Wikip&#233;dia n'est pas|Wikip&#233;dia n&#8217;est pas&#8230;]]
* [[Aide:Jargon de Wikip&#233;dia|Jargon de Wikip&#233;dia]]

&lt;p class="plainlinks" style="color:#444; font-weight: bold;border-bottom: 1px dotted #a7d7f9; padding-top: 0.55em;"&gt;Vos pages&lt;/p&gt;
* [[Utilisateur:{{PAGENAME}}|Acc&#233;der &#224; votre page personnelle]]
* {{#ifexist:Utilisateur:{{PAGENAME}}/Brouillon|[[Utilisateur:{{PAGENAME}}/Brouillon|Acc&#233;der &#224; votre brouillon]].|[{{fullurl:Utilisateur:{{PAGENAME}}/Brouillon|action=edit&amp;redlink=1&amp;preload=Mod&#232;le:Cr&#233;er+brouillon/preload&amp;editintro=Mod&#232;le:Brouillon/message}} {{color&#233;|#BA0000|Cr&#233;er votre brouillon}}]}}

&lt;p style="color:#444; font-weight: bold;border-bottom: 1px dotted #a7d7f9; padding-top: 0.55em;"&gt;La communaut&#233;&lt;/p&gt;
* [[Wikip&#233;dia:Accueil de la communaut&#233;|Accueil de la communaut&#233;]]
* [[Wikip&#233;dia:Forum des nouveaux|Forum d'aide aux nouveaux]]
* [[Wikip&#233;dia:Parrainage des nouveaux|Parrainage des nouveaux]]

&lt;/div&gt;
{{clr}}
&lt;div style="background:#a7d7f9; padding:.3em; margin:10px 5% 0 65%; text-align:center; border-radius:10px;"&gt;[[Aide:Premiers pas|'''Commencer &#224; contribuer''' &#8594; ]]&lt;/div&gt;
{{clr}}
&lt;/div&gt; &#8722; [[Utilisateur:C&#233;r&#233;ales Killer|&#169;&#233;r&#233;ales Kille&#174;]] &lt;small&gt;[[Discussion Utilisateur:C&#233;r&#233;ales Killer/novembre 2012|[''Speak to me'']]][[The Dark Side of the Moon|*]]&lt;/small&gt; en ce mercredi 21 novembre 2012 &#224; 20:23 (CET)

== Quelques &#233;l&#233;ments pour d&#233;buter ==

Alors, je ne sais pas pourquoi ton nom est (&#233;tait ?) en rouge, sans doute parce que tu n'as pas encore contribu&#233; &#224; un article (voir [[WP:MODIF]]) ni cr&#233;&#233; de page utilisateur (voir [[Aide:PU]]) (&#224; moins que ce ne soit parce que tu n'&#233;tais pas connect&#233;e ?). D'autre part, sur la  [[Discussion utilisateur:Claire Dod&#233;|page de discussion de ta PU]], il semble que quelqu'un se soit d&#233;vou&#233; pour t&#8217;accueillir, tu peux toujours le/la contacter en cliquant sur son pseudo [[Utilisateur:C&#233;r&#233;ales Killer|C&#233;r&#233;ales Killer]], tu tombes sur sa PU et tu as un onglet [[Discussion utilisateur:C&#233;r&#233;ales Killer|"Discussion"]], en haut vers la droite qui t'am&#232;nes sur sa page de discussion et l&#224; un lien surlign&#233; en jaune fluo pour ajouter un sujet et lui poser des questions. Si tu ne te sens pas de voler de tes propres ailes sur Wikip&#233;dia, tu peux aussi demander un parrainage [[Wikip&#233;dia:Parrainage des nouveaux]]. Sinon, en termes pratiques pour imbriquer les r&#233;ponses, on appelle cela l'indentation et je te conseille la lecture de [[WP:INDENT]]. D'autre part, il est recommand&#233; de signer ses messages sur Wikip&#233;dia, ce qui est expliqu&#233; ici : [[WP:SIGN]].&lt;small&gt;Copie du message sur la PDD neutralit&#233; psychanalyse&lt;/small&gt; Cordialement. --[[Utilisateur:JoleK|JoleK]] ([[Discussion utilisateur:JoleK|d]]) 23 f&#233;vrier 2013 &#224; 17:21 (CET)

== Bonjour (wikiMedia) ==

Bonjour, me trompes-je ? --[[Utilisateur:13Malik88|13Malik88]] ([[Discussion utilisateur:13Malik88|d]]) 30 avril 2013 &#224; 09:25 (CEST)</text>
      <sha1>qiux4vm0cxpzjn1vn6cowcct85ap4zt</sha1>
      <model>wikitext</model>
      <format>text/x-wiki</format>
    </revision>
  </page>
