<page xmlns="http://www.mediawiki.org/xml/export-0.8/" xmlns:xsi="http://www.w3.org/2001/XMLSchema-instance">
    <title>Discussion utilisateur:Ediacara</title>
    <ns>3</ns>
    <id>4481007</id>
    <revision>
      <id>85429294</id>
      <parentid>85428162</parentid>
      <timestamp>2012-11-17T13:42:43Z</timestamp>
      <contributor>
        <username>Jules78120</username>
        <id>903634</id>
      </contributor>
      <minor/>
      <comment>A prot&#233;g&#233; &#171; [[Discussion utilisateur:Ediacara]] &#187;: Utilisateur bloqu&#233; ind&#233;finiment (&#8206;[edit=sysop] (infini) &#8206;[move=sysop] (infini))</comment>
      <text xml:space="preserve">Utilisateur bloqu&#233; ind&#233;finiment. &#8212; [[Utilisateur:Jules78120|'''&lt;span style="color:Gold"&gt;Jules&lt;/span&gt;''']]  &lt;strong&gt;&lt;sup&gt;&lt;small style="border-bottom:1px solid #80D000;"&gt;[[Discussion utilisateur:Jules78120|&lt;span style="color:#80D000"&gt;''Discuter''&lt;/span&gt;]]&lt;/small&gt;&lt;/sup&gt;&lt;/strong&gt; 17 novembre 2012 &#224; 14:18 (CET)</text>
      <sha1>pla8c5rmjl6a3uh71a4g8r0nccwqjxz</sha1>
      <model>wikitext</model>
      <format>text/x-wiki</format>
    </revision>
  </page>
