<page xmlns="http://www.mediawiki.org/xml/export-0.8/" xmlns:xsi="http://www.w3.org/2001/XMLSchema-instance">
    <title>Discussion utilisateur:Letartean</title>
    <ns>3</ns>
    <id>2799513</id>
    <revision>
      <id>101027157</id>
      <parentid>101006454</parentid>
      <timestamp>2014-02-08T11:00:28Z</timestamp>
      <contributor>
        <username>Enrevseluj</username>
        <id>1278279</id>
      </contributor>
      <text xml:space="preserve">{{Archivage par bot
|maxarchivesize = 100K
|counter = 6
|minthreadsleft = 2
|algo = old(7d)
|archive = Discussion utilisateur:Letartean/Archive %(counter)d
}}
{{Utilisateur:Letartean/Menu}}

{{Archive bot}}

{{Archive auto}}

== [[:Wikip&#233;dia:RAW/2014-01-31|RAW 2014-01-31]] ==

{{RAW/PdD|2014-01-31}} &#8212; [[Utilisateur:Cantons-de-l'Est|Cantons-de-l'Est]] &lt;sup&gt;[[Discussion utilisateur:Cantons-de-l'Est|&lt;span style="color:#008000;"&gt;discuter&lt;/span&gt;]]&lt;/sup&gt; 31 janvier 2014 &#224; 19:31 (CET)
&lt;!-- Message envoy&#233; par User:Cantons-de-l'Est@frwiki en utilisant la liste &#224; http://fr.wikipedia.org/w/index.php?title=Wikip%C3%A9dia:RAW/Inscription&amp;oldid=100580598 --&gt;

== L'article Ren&#233; Grando est propos&#233; &#224; la suppression ==
[[Image:Icono consulta borrar.png|70px|link=|Page propos&#233;e &#224; la suppression|gauche]]
Bonjour,

L&#8217;article &#171; '''{{Lien &#224; supprimer|1=Ren&#233; Grando}}''' &#187; est propos&#233; &#224; la suppression ({{cf.}} [[Wikip&#233;dia:Pages &#224; supprimer]]). Apr&#232;s avoir pris connaissance des [[Wikip&#233;dia:Crit&#232;res d'admissibilit&#233; des articles|crit&#232;res g&#233;n&#233;raux d&#8217;admissibilit&#233; des articles]] et des [[:Cat&#233;gorie:Wikip&#233;dia:Admissibilit&#233; des articles|crit&#232;res sp&#233;cifiques]], vous pourrez [[Aide:Arguments &#224; &#233;viter lors d'une proc&#233;dure de suppression|donner votre avis]] sur la page de discussion '''[[{{TALKPAGENAME:Ren&#233; Grando}}/Suppression]]'''.

Le meilleur moyen d&#8217;obtenir un consensus pour la conservation de l&#8217;article est de fournir des [[Wikip&#233;dia:Citez vos sources|sources secondaires fiables et ind&#233;pendantes]]. Si vous ne pouvez trouver de telles sources, c&#8217;est que l&#8217;article n&#8217;est probablement pas admissible. N&#8217;oubliez pas que les [[Wikip&#233;dia:Principes fondateurs|principes fondateurs]] de Wikip&#233;dia ne garantissent aucun droit &#224; avoir un article sur Wikip&#233;dia. [[Utilisateur:Enrevseluj|Enrevseluj]] ([[Discussion utilisateur:Enrevseluj|discuter]]) 1 f&#233;vrier 2014 &#224; 12:01 (CET)

== Wikimag n&#176;305 - Semaine 5 ==
{{Wikimag message|305|2014|5}} [[Utilisateur:BeBot|BeBot]] ([[Discussion utilisateur:BeBot|discuter]]) 3 f&#233;vrier 2014 &#224; 05:21 (CET)

== [[:w:fr:Wikip&#233;dia:RAW/2014-02-07|RAW 2014-02-07]] ==

{{RAW/PdD|2014-02-07}} &#8212; [[Utilisateur:Cantons-de-l'Est|Cantons-de-l'Est]] &lt;sup&gt;[[Discussion utilisateur:Cantons-de-l'Est|&lt;span style="color:#008000;"&gt;discuter&lt;/span&gt;]]&lt;/sup&gt; 7 f&#233;vrier 2014 &#224; 19:36 (CET)
&lt;!-- Message envoy&#233; par User:Cantons-de-l'Est@frwiki en utilisant la liste &#224; http://fr.wikipedia.org/w/index.php?title=Wikip%C3%A9dia:RAW/Inscription&amp;oldid=100919180 --&gt;

== L'article Auguste Vandekerkhove est propos&#233; &#224; la suppression ==
[[Image:Icono consulta borrar.png|70px|link=|Page propos&#233;e &#224; la suppression|gauche]]
Bonjour,

L&#8217;article &#171; '''{{Lien &#224; supprimer|1=Auguste Vandekerkhove}}''' &#187; est propos&#233; &#224; la suppression ({{cf.}} [[Wikip&#233;dia:Pages &#224; supprimer]]). Apr&#232;s avoir pris connaissance des [[Wikip&#233;dia:Crit&#232;res d'admissibilit&#233; des articles|crit&#232;res g&#233;n&#233;raux d&#8217;admissibilit&#233; des articles]] et des [[:Cat&#233;gorie:Wikip&#233;dia:Admissibilit&#233; des articles|crit&#232;res sp&#233;cifiques]], vous pourrez [[Aide:Arguments &#224; &#233;viter lors d'une proc&#233;dure de suppression|donner votre avis]] sur la page de discussion '''[[{{TALKPAGENAME:Auguste Vandekerkhove}}/Suppression]]'''.

Le meilleur moyen d&#8217;obtenir un consensus pour la conservation de l&#8217;article est de fournir des [[Wikip&#233;dia:Citez vos sources|sources secondaires fiables et ind&#233;pendantes]]. Si vous ne pouvez trouver de telles sources, c&#8217;est que l&#8217;article n&#8217;est probablement pas admissible. N&#8217;oubliez pas que les [[Wikip&#233;dia:Principes fondateurs|principes fondateurs]] de Wikip&#233;dia ne garantissent aucun droit &#224; avoir un article sur Wikip&#233;dia. [[Utilisateur:Enrevseluj|Enrevseluj]] ([[Discussion utilisateur:Enrevseluj|discuter]]) 8 f&#233;vrier 2014 &#224; 12:00 (CET)</text>
      <sha1>s9feb4n0x47gviyxtqraclxnct4s951</sha1>
      <model>wikitext</model>
      <format>text/x-wiki</format>
    </revision>
  </page>
