<page xmlns="http://www.mediawiki.org/xml/export-0.8/" xmlns:xsi="http://www.w3.org/2001/XMLSchema-instance">
    <title>Discussion utilisateur:Copyleft</title>
    <ns>3</ns>
    <id>3447693</id>
    <revision>
      <id>100871859</id>
      <parentid>100859116</parentid>
      <timestamp>2014-02-03T16:09:15Z</timestamp>
      <contributor>
        <username>Bzh-99</username>
        <id>96695</id>
      </contributor>
      <comment>/* Ta photo de Dieudonn&#233; */ nouvelle section</comment>
      <text xml:space="preserve">{{Bienvenue nouveau}}
[[User:DocteurCosmos|DocteurCosmos]] ([[User talk:DocteurCosmos|d]]) 17 novembre 2008 &#224; 16:43 (CET)

&lt;font size=-2&gt;
[[/Archives de discussion 1|Archive1]]
| [[/Archives de discussion 2|Archive2]]
| [[/Archives de discussion 3|Archive3]]
| [[/Archives de discussion 4|Archive4]] 
| [[/Archives de discussion 5|Archive5]] 
&lt;/font&gt;

== Bonne ann&#233;e 2013 ==
Et je me permets aussi de te souhaiter en plus une bonne et heureuse ann&#233;e 2013, avec surtout la sant&#233;, mais tu peux rajouter si tu le souhaites amour, gloire et beaut&#233; {{clin}} Amicalement, --[[Utilisateur:Floflo|Floflo]] ([[Discussion utilisateur:Floflo|d]]) 1 janvier 2013 &#224; 22:18 (CET)

== F&#233;licitations ==
Bonjour,

Je viens de compl&#233;ter la lecture de [[n:France : rencontres Wikimedia sur l'&#233;ducation|''France : rencontres Wikimedia sur l'&#233;ducation'']]. Du beau travail. J'en ai d'ailleurs repris plusieurs extraits pour [[Wikip&#233;dia:RAW/Brouillon|le prochain RAW]].

&#8212; [[user_talk:Cantons-de-l'Est|Cantons-de-l'Est]] 19 janvier 2013 &#224; 16:47 (CET)
:Merci pour tes ajouts et honor&#233; par ta citation. --[[Utilisateur:Copyleft|Copyleft]] ([[Discussion utilisateur:Copyleft|d]]) 19 janvier 2013 &#224; 23:02 (CET)

== Images des &#233;l&#233;phants en patchwork ==
Bonjour,

Les images des &#233;l&#233;phants en patchwork sont tr&#232;s probablement emprunt&#233;es de l'oeuvre de David McKee (voir par exemple [http://www.ateliermelaniedromain.fr/post/2008/03/05/Elmer-a-40-ans]), qui n'est pas dans le domaine public. Je crois qu'il faut supprimer les trois images &#171; Elmer &#187; [//commons.wikimedia.org/wiki/File:2013_Elmer_coloring_modified.jpg], [//commons.wikimedia.org/wiki/File:2013_Elmer_elephant_patchwork.png] et [//commons.wikimedia.org/wiki/File:2013_Elmer_coloring_%28attribution_to_Mathias_Rodet%29.jpg]. &#8212; [[user_talk:Cantons-de-l'Est|Cantons-de-l'Est]] 21 janvier 2013 &#224; 02:25 (CET)
:Merci pour la r&#233;f&#233;rence &#224; David McKee qui je ne connaissais pas. Pour &#234;tre valable dans toutes les couleurs, les marques, dessins ou mod&#232;les doivent &#234;tre d&#233;pos&#233;s en noir et blanc. Or, David McKee ne l'a pas fait. D'une part, c'est pas le m&#234;me dessin ; et d'autre part, ce ne sont pas les m&#234;mes couleurs. Et pour r&#233;pondre par l'absurde, je dirai qu'on peut envisager la suppression de tous les &#233;l&#233;phants sur Wikip&#233;dia parce qu'ils ressemblent &#224; celui de David McKee{{sourire}} &lt;small&gt;Pr&#233;cision : ceci est de l'humour, ne le fait pas ! {{clin}}&lt;/small&gt;. --[[Utilisateur:Copyleft|Copyleft]] ([[Discussion utilisateur:Copyleft|d]]) 21 janvier 2013 &#224; 09:57 (CET)

== Wikibreak ==
{{Long wikibreak|[[User:Copyleft|Copyleft]]}}

== CdI ==

Bonjour Copyleft. [http://fr.wikipedia.org/w/index.php?title=Wikip%C3%A9dia:Conflit_d%27int%C3%A9r%C3%AAts&amp;curid=1199459&amp;diff=88501874&amp;oldid=87681452 Ceci] n'est pas la traduction de la wikip&#233;dia anglaise, et en supposant que ce le soit, cela ne correspond pas aux usages de wikip&#233;dia de dire qu'un contributeur est "prohib&#233;" ou qu'il est "interdit" de contribuer. Ce qui est "fortement d&#233;courag&#233;" est de ne pas respecter les r&#232;gles, quel que soit le projet personnel du contributeur. Le reste de la page sur les conflits d'int&#233;r&#234;ts est suffisamment clair sur ce point pour ne pas avoir &#224; rajouter &#224; une recommandation des informations erron&#233;es. Merci de votre attention. [[Utilisateur:K&#245;an|&lt;font face="Calibri"&gt;K &#245; a n&lt;font color="white"&gt;-&lt;/font&gt;&lt;/font&gt;]]&lt;font color="white"&gt;-&lt;/font&gt;&lt;sup&gt;[[Discussion Utilisateur:K&#245;an|&lt;font face="Calibri"&gt;Zen&lt;/font&gt;]]&lt;/sup&gt; 7 f&#233;vrier 2013 &#224; 16:11 (CET)
:[http://en.wikipedia.org/wiki/Wikipedia:Conflict_of_interest C'est ce qui est &#233;crit en anglais] '''dans l&#8217;introduction''', ne t'en d&#233;plaise.--[[Utilisateur:Copyleft|Copyleft]] ([[Discussion utilisateur:Copyleft|d]]) 7 f&#233;vrier 2013 &#224; 16:21 (CET)
::Rien &#224; voir avec ce qui me pla&#238;t ou pas. La source de Wikip&#233;dia ne peut de toute fa&#231;on pas &#234;tre... Wikip&#233;dia. Le fait que l'introduction de cette page anglaise dise une chose ou une autre ne signifie pas que cela soit une loi grav&#233;e dans le marbre e pour tout le monde. Ne serait-ce d'ailleurs que parce qu'il s'agit d'une recommandation et non d'une r&#232;gle, impliquant que le ton ne peut pas &#234;tre dans "l'interdiction". C'est de toute fa&#231;on une question de nuances avant tout, sur un sujet qui doit prendre en compte la nature de Wikip&#233;dia (des choses sont a priori "fortement d&#233;courag&#233;es", pas des gens, et c'est le r&#233;sultat (respect des principes fondateurs) qui fait la norme, non des paragraphes d'interdiction cousus main comme celui que vous aviez compos&#233;).  [[Utilisateur:K&#245;an|&lt;font face="Calibri"&gt;K &#245; a n&lt;font color="white"&gt;-&lt;/font&gt;&lt;/font&gt;]]&lt;font color="white"&gt;-&lt;/font&gt;&lt;sup&gt;[[Discussion Utilisateur:K&#245;an|&lt;font face="Calibri"&gt;Zen&lt;/font&gt;]]&lt;/sup&gt; 7 f&#233;vrier 2013 &#224; 16:47 (CET)
:::C'est vrai que j'ai titr&#233; sur un interdit au lieu de reprendre le texte de l'introduction. [[wikt:mea culpa|mea culpa]] --[[Utilisateur:Copyleft|Copyleft]] ([[Discussion utilisateur:Copyleft|d]]) 7 f&#233;vrier 2013 &#224; 16:56 (CET)

== L'article Jean-Yves Bilien est propos&#233; &#224; la suppression ==
[[Image:Icono consulta borrar.png|70px|link=|Page propos&#233;e &#224; la suppression|gauche]]
Bonjour,

L&#8217;article &#171; '''{{Lien &#224; supprimer|1=Jean-Yves Bilien}}''' &#187; est propos&#233; &#224; la suppression ({{cf.}} [[Wikip&#233;dia:Pages &#224; supprimer]]). Apr&#232;s avoir pris connaissance des [[Wikip&#233;dia:Crit&#232;res d'admissibilit&#233; des articles|crit&#232;res g&#233;n&#233;raux d&#8217;admissibilit&#233; des articles]] et des [[:Cat&#233;gorie:Wikip&#233;dia:Admissibilit&#233; des articles|crit&#232;res sp&#233;cifiques]], vous pourrez [[Aide:Arguments &#224; &#233;viter lors d'une proc&#233;dure de suppression|donner votre avis]] sur la page de discussion '''[[{{TALKPAGENAME:Jean-Yves Bilien}}/Suppression]]'''.

Le meilleur moyen d&#8217;obtenir un consensus pour la conservation de l&#8217;article est de fournir des [[Wikip&#233;dia:Citez vos sources|sources secondaires fiables et ind&#233;pendantes]]. Si vous ne pouvez trouver de telles sources, c&#8217;est que l&#8217;article n&#8217;est probablement pas admissible. N&#8217;oubliez pas que les [[Wikip&#233;dia:Principes fondateurs|principes fondateurs]] de Wikip&#233;dia ne garantissent aucun droit &#224; avoir un article sur Wikip&#233;dia.

12 f&#233;vrier 2013 &#224; 22:03 (CET)[[Utilisateur:Patrick Rogel|Patrick Rogel]] ([[Discussion utilisateur:Patrick Rogel|d]])

== David Latapie personnage cl&#233; de l'AFT ==

Bonjour Copyleft,

Un petit merci pour des contributions qui ont largement am&#233;lior&#233; la page de l'AFT. En tant que vieux de la vieille sur Wikipedia, je m'efforce de respecter la r&#232;gle tacite de non-intervention sur une page qui me concerne ; mais &#231;a ne m'emp&#234;che pas de te remercier de [http://fr.wikipedia.org/w/index.php?title=Association_fran%C3%A7aise_transhumaniste&amp;diff=prev&amp;oldid=84510827 me consid&#233;rer comme un personnage-cl&#233;] :)

Bien &#224; toi--&lt;br /&gt;&lt;small&gt;[[User:David Latapie|David Latapie]] ([[User_talk:David Latapie|&#10002;]] | [[Special:Emailuser/David Latapie|@]]) &#8212; [http://david.latapie.name/ www]&lt;/small&gt; 13 f&#233;vrier 2013 &#224; 11:25 (CET)
:Salut David, Puisque &#231;a t'a plus, je rajoute le logo de l'[[Association fran&#231;aise transhumaniste|AFT]]{{sourire}}. Mais la non-intervention sur une page qui te concerne n'est pas une r&#232;gle ; et cette coutume (destin&#233;e &#224; &#233;viter les conflits) ne me semble pas pertinente. En tant que tr&#233;sorier, il n'y aura a priori que toi qui pourra jamais renseigner compl&#232;tement l'infobox, par exemple sur le financement. A+ --[[Utilisateur:Copyleft|Copyleft]] ([[Discussion utilisateur:Copyleft|d]]) 13 f&#233;vrier 2013 &#224; 18:29 (CET)

== L'article Appel &#224; la panique bancaire du 7 d&#233;cembre 2010 est propos&#233; &#224; la suppression ==
[[Image:Icono consulta borrar.png|70px|link=|Page propos&#233;e &#224; la suppression|gauche]]
Bonjour,

L&#8217;article &#171; '''{{Lien &#224; supprimer|1=Appel &#224; la panique bancaire du 7 d&#233;cembre 2010}}''' &#187; est propos&#233; &#224; la suppression ({{cf.}} [[Wikip&#233;dia:Pages &#224; supprimer]]). Apr&#232;s avoir pris connaissance des [[Wikip&#233;dia:Crit&#232;res d'admissibilit&#233; des articles|crit&#232;res g&#233;n&#233;raux d&#8217;admissibilit&#233; des articles]] et des [[:Cat&#233;gorie:Wikip&#233;dia:Admissibilit&#233; des articles|crit&#232;res sp&#233;cifiques]], vous pourrez [[Aide:Arguments &#224; &#233;viter lors d'une proc&#233;dure de suppression|donner votre avis]] sur la page de discussion '''[[{{TALKPAGENAME:Appel &#224; la panique bancaire du 7 d&#233;cembre 2010}}/Suppression]]'''.

Le meilleur moyen d&#8217;obtenir un consensus pour la conservation de l&#8217;article est de fournir des [[Wikip&#233;dia:Citez vos sources|sources secondaires fiables et ind&#233;pendantes]]. Si vous ne pouvez trouver de telles sources, c&#8217;est que l&#8217;article n&#8217;est probablement pas admissible. N&#8217;oubliez pas que les [[Wikip&#233;dia:Principes fondateurs|principes fondateurs]] de Wikip&#233;dia ne garantissent aucun droit &#224; avoir un article sur Wikip&#233;dia. [[Utilisateur:schlum|schlum]]&amp;nbsp;&lt;sup&gt;[[Discussion_Utilisateur:schlum|=^.^=]]&lt;/sup&gt; 9 juin 2013 &#224; 15:26 (CEST)

== modif [[h&#244;tel Hyatt Regency Paris &#201;toile]] ==
Bonjour Daniel,

Pour info le concorde la fayette s'appel dor&#233;navant hyatt regency paris &#233;toile. 
C'est possible de modifier cette information sur votre article hotel concorde la fayette depuis neuilly?

Merci

Sarah
&lt;!-- signature automatique --&gt;
Message d&#233;pos&#233; par [[Sp&#233;cial:Contributions/62.23.37.226|62.23.37.226]] ([[Discussion utilisateur:62.23.37.226|d]]) 10 juin 2013 &#224; 12:02 (CEST)
{{fait}} --[[Utilisateur:Copyleft|Copyleft]]  ([[User_talk:Copyleft|d]] | [[Special:Emailuser/Copyleft|@]] | [http://fr.wikinews.org/wiki/Accueil www]) 17 juin 2013 &#224; 11:33 (CEST)

== [[Notre poison quotidien]] ==
[[File:T&#234;te de mort Skull and crossbones with fork-knife.jpg|thumb|100px|Symbole]]
Bjr, pour info [http://fr.wikipedia.org/w/index.php?title=Notre_poison_quotidien&amp;diff=95340263&amp;oldid=95077184 votre symbole a &#233;t&#233; supprim&#233;]. Je me suis moi aussi demand&#233; d'o&#249; il venait. Je le trouve r&#233;ussi c'est pourquoi je souhaite vous donner une occasion d'indiquer si il est bien li&#233; au film. --[[Utilisateur:Dadu|Dadu]] ([[Discussion utilisateur:Dadu|d]]) 28 juillet 2013 &#224; 07:36 (CEST)
:Bjr, c'&#233;tait un essai pirate inspir&#233; de l'affiche du film. Je trouvais l'article aust&#232;re sans illustration. Mais je viens d'ajouter l'infobox et la jacquette ce jour. Salutations, --[[Utilisateur:Copyleft|Copyleft]]  ([[User_talk:Copyleft|d]] | [[Special:Emailuser/Copyleft|@]] | [http://fr.wikinews.org/wiki/Accueil www]) 17 ao&#251;t 2013 &#224; 23:14 (CEST)

== Quote ==

[http://fr.wikipedia.org/w/index.php?title=Deepak_Chopra&amp;curid=782059&amp;diff=95813659&amp;oldid=93874851] Pour votre information : On sugg&#232;re de d&#233;placer sur wikiquote des citations de la personnalit&#233; dont traite l'article (puisque ce sont des sources primaires dont la s&#233;lection n'apporte rien &#224; l'article). Mais ces citations sont des sources secondaires pour l'article, elles apportent le point de vue de personnalit&#233; notoire sur la personnalit&#233; dont l'article rapporte la biographie. [[Utilisateur:K&#245;an|&lt;font face="Calibri"&gt;K &#245; a n&lt;font color="white"&gt;-&lt;/font&gt;&lt;/font&gt;]]&lt;font color="white"&gt;-&lt;/font&gt;&lt;sup&gt;[[Discussion Utilisateur:K&#245;an|&lt;font face="Calibri"&gt;Zen&lt;/font&gt;]]&lt;/sup&gt; 15 ao&#251;t 2013 &#224; 09:32 (CEST)
:Merci pour cette pr&#233;cision sur la notion de source secondaire. Si je vous ai bien compris,  Wikiquote est un recueil de citations qui r&#233;unit (1) les citations directes d'une personnalit&#233; (source primaire), (2) les citations sur une personnalit&#233; par une autre personnalit&#233; (source secondaire) et (3) les citations rapport&#233;es d'une personnalit&#233; par une autre personnalit&#233; (source tertiaire). Est-ce cela ? --[[Utilisateur:Copyleft|Copyleft]]  ([[User_talk:Copyleft|d]] | [[Special:Emailuser/Copyleft|@]] | [http://fr.wikinews.org/wiki/Accueil www]) 17 ao&#251;t 2013 &#224; 17:03 (CEST)
::Je ne d&#233;finis pas ce qu'est Wikiquote (?), je vous indique que le bandeau qui demande &#224; d&#233;placer les citations ne s'applique pas &#224; n'importe quel contenu. Les extraits s&#233;lectifs des paroles ou &#233;crits de personnalit&#233;s (&#233;crivains, orateurs etc.) ne sont pas consid&#233;r&#233;es comme du contenu de qualit&#233; dans les biographies selon les usages de Wikip&#233;dia ([http://fr.wikipedia.org/wiki/Louis_Pauwels exemple]). Mais les citations d'autres personnalit&#233;s (donc "secondaires") au sujet de celle dont on r&#233;dige la biographie sont au contraire des informations int&#233;ressantes pour l'article. [[Utilisateur:K&#245;an|&lt;font face="Calibri"&gt;K &#245; a n&lt;font color="white"&gt;-&lt;/font&gt;&lt;/font&gt;]]&lt;font color="white"&gt;-&lt;/font&gt;&lt;sup&gt;[[Discussion Utilisateur:K&#245;an|&lt;font face="Calibri"&gt;Zen&lt;/font&gt;]]&lt;/sup&gt; 17 ao&#251;t 2013 &#224; 17:23 (CEST)

== L'Entreprise ==
Bonjour Copyleft; qu'as-tu voulu faire avec [[L'Entreprise]] et [[L'Entreprise (homonymie)]]? Il semblerait plus logique de faire de [[L'Entreprise]] la page d'homonymie, et de supprimer l'autre article, qui n'a pas d'articles li&#233;s, qu'en penses-tu? Je peux m'en charger si tu es d'accord. -- [[Utilisateur:Speculos|Speculos]] &lt;sup&gt;&lt;big&gt;[[Discussion Utilisateur:Speculos|&#9993;]]&lt;/big&gt;&lt;/sup&gt; 16 ao&#251;t 2013 &#224; 21:47 (CEST)
:{{fait}} en PDD de Speculos --[[Utilisateur:Copyleft|Copyleft]]  ([[User_talk:Copyleft|d]] | [[Special:Emailuser/Copyleft|@]] | [http://fr.wikinews.org/wiki/Accueil www]) 17 ao&#251;t 2013 &#224; 23:36 (CEST)

== Article [[Maxence Layet]] ==

Bonjour. Citer la revue ORBS dans la bibliographie est-il la bonne fa&#231;on de dire qu'il a travaill&#233; au projet ? Il n'a contribu&#233; au num&#233;ro 0 que par deux articles...Je m'interroge. Bien amicalement. [[Utilisateur:Adamantane|Adamantane]] &lt;sup&gt;&lt;small&gt;&amp;#91;[[Discussion Utilisateur:Adamantane|m'&#233;crire]]&amp;#93;&lt;/small&gt;&lt;/sup&gt; 17 ao&#251;t 2013 &#224; 19:45 (CEST)
:Bonsoir. Bonne remarque qui m'a &#233;galement interrog&#233;. Mais Maxence Layet est &#224; la fois auteur ''et'' simultan&#233;ment co-&#233;diteur-r&#233;dacteur en chef de la revue ORBS. C'est pour cela que je l'ai mis dans sa bibliographie. Mais peut &#234;tre est-ce &#224; d&#233;placer dans une sous-rubrique diff&#233;rente ? Bien amicalement, --[[Utilisateur:Copyleft|Copyleft]]  ([[User_talk:Copyleft|d]] | [[Special:Emailuser/Copyleft|@]] | [http://fr.wikinews.org/wiki/Accueil www]) 17 ao&#251;t 2013 &#224; 23:35 (CEST)

== L'article Ting Chen est propos&#233; &#224; la suppression ==
[[Image:Icono consulta borrar.png|70px|link=|Page propos&#233;e &#224; la suppression|gauche]]
Bonjour,

L&#8217;article &#171; '''{{Lien &#224; supprimer|1=Ting Chen}}''' &#187; est propos&#233; &#224; la suppression ({{cf.}} [[Wikip&#233;dia:Pages &#224; supprimer]]). Apr&#232;s avoir pris connaissance des [[Wikip&#233;dia:Crit&#232;res d'admissibilit&#233; des articles|crit&#232;res g&#233;n&#233;raux d&#8217;admissibilit&#233; des articles]] et des [[:Cat&#233;gorie:Wikip&#233;dia:Admissibilit&#233; des articles|crit&#232;res sp&#233;cifiques]], vous pourrez [[Aide:Arguments &#224; &#233;viter lors d'une proc&#233;dure de suppression|donner votre avis]] sur la page de discussion '''[[{{TALKPAGENAME:Ting Chen}}/Suppression]]'''.

Le meilleur moyen d&#8217;obtenir un consensus pour la conservation de l&#8217;article est de fournir des [[Wikip&#233;dia:Citez vos sources|sources secondaires fiables et ind&#233;pendantes]]. Si vous ne pouvez trouver de telles sources, c&#8217;est que l&#8217;article n&#8217;est probablement pas admissible. N&#8217;oubliez pas que les [[Wikip&#233;dia:Principes fondateurs|principes fondateurs]] de Wikip&#233;dia ne garantissent aucun droit &#224; avoir un article sur Wikip&#233;dia. [[Utilisateur:Chris a liege|Chris a liege]] ([[Discussion utilisateur:Chris a liege|discuter]]) 21 septembre 2013 &#224; 02:10 (CEST)

== Instrumentalisation de Wikinews ==

Bonjour, j'ai &#233;crit un coup de gueule te concernant sur [[Wikip&#233;dia:Le Bistro/23 septembre 2013#Instrumentalisation de Wikinews]], par rapport au spam pour ton interview. &#8211;[[Utilisateur:Akeron|Ak&#233;ron]]&amp;nbsp;&lt;small&gt;[[Discussion Utilisateur:Akeron|(d)]]&lt;/small&gt; 23 septembre 2013 &#224; 18:15 (CEST)
:Bonjour, je comprend que l'utilisation des cat&#233;gories Wikinews puisse &#234;tre assimil&#233;e &#224; de la promotion ; mais ce qui importe, c'est de savoir si le sujet de la cat&#233;gorie est abord&#233;e ou non dans l'article Wikinews. Voici [[n:Wikinews:Salle caf&#233;/2013/septembre#Quel est le nombre maximal de cat&#233;gories utilisables sur un article Wikinews ? un cas pratique avec M&#233;decine naturelle : interview du Docteur Jean-Pierre Willem|ma r&#233;ponse sur Wikinews]] --[[Utilisateur:Copyleft|Copyleft]]  ([[User_talk:Copyleft|d]] | [[Special:Emailuser/Copyleft|@]] | [http://fr.wikinews.org/wiki/Accueil www]) 24 septembre 2013 &#224; 09:49 (CEST)

Au passage, il ne faut pas mettre de lien externe dans la signature, voir [[Aide:Signature]]. &#8211;[[Utilisateur:Akeron|Ak&#233;ron]]&amp;nbsp;&lt;small&gt;[[Discussion Utilisateur:Akeron|(d)]]&lt;/small&gt; 24 septembre 2013 &#224; 17:57 (CEST)

== L'article RealDolmen est propos&#233; &#224; la suppression ==
[[Image:Icono consulta borrar.png|70px|link=|Page propos&#233;e &#224; la suppression|gauche]]
Bonjour,

L&#8217;article &#171; '''{{Lien &#224; supprimer|1=RealDolmen}}''' &#187; est propos&#233; &#224; la suppression ({{cf.}} [[Wikip&#233;dia:Pages &#224; supprimer]]). Apr&#232;s avoir pris connaissance des [[Wikip&#233;dia:Crit&#232;res d'admissibilit&#233; des articles|crit&#232;res g&#233;n&#233;raux d&#8217;admissibilit&#233; des articles]] et des [[:Cat&#233;gorie:Wikip&#233;dia:Admissibilit&#233; des articles|crit&#232;res sp&#233;cifiques]], vous pourrez [[Aide:Arguments &#224; &#233;viter lors d'une proc&#233;dure de suppression|donner votre avis]] sur la page de discussion '''[[{{TALKPAGENAME:RealDolmen}}/Suppression]]'''.

Le meilleur moyen d&#8217;obtenir un consensus pour la conservation de l&#8217;article est de fournir des [[Wikip&#233;dia:Citez vos sources|sources secondaires fiables et ind&#233;pendantes]]. Si vous ne pouvez trouver de telles sources, c&#8217;est que l&#8217;article n&#8217;est probablement pas admissible. N&#8217;oubliez pas que les [[Wikip&#233;dia:Principes fondateurs|principes fondateurs]] de Wikip&#233;dia ne garantissent aucun droit &#224; avoir un article sur Wikip&#233;dia. [[Utilisateur:Chris a liege|Chris a liege]] ([[Discussion utilisateur:Chris a liege|discuter]]) 11 octobre 2013 &#224; 01:14 (CEST)

== JCI - Cat&#233;gorie des personnalit&#233;s li&#233;es ==

Bonjour Copyleft, J'ai remarqu&#233; que tu es &#224; la fois un grand utilisateur/contributeur de wikip&#233;dia et un des contributeurs de la page [[JCI]], j'ai essay&#233; de cr&#233;er une cat&#233;gorie "[[:Cat&#233;gorie:Personnalit&#233;_li&#233;e_au_Mouvement_JCI]]" mais elle a &#233;t&#233; propos&#233; en suppression, peux tu donner ton point de vue sur [[Discussion_cat&#233;gorie:Personnalit&#233;_li&#233;e_au_Mouvement_JCI/Suppression]] ? Par ailleurs certaines pages que j'avais cat&#233;goris&#233; dedans ont vue cette cat&#233;gorisation annul&#233;e alors que pour moi l'information est de notori&#233;t&#233; publique et facilement v&#233;rifiable (par exemple pour [[Jacques Chirac]]) quelle doit &#234;tre ma conduite pour que la r&#233;f&#233;rence soit accept&#233;e ? Merci. --[[Utilisateur:RonanKER|RonanKER]] ([[Discussion utilisateur:RonanKER|discuter]]) 14 octobre 2013 &#224; 02:05 (CEST)

== L'article Adneom est propos&#233; &#224; la suppression ==
[[Image:Icono consulta borrar.png|70px|link=|Page propos&#233;e &#224; la suppression|gauche]]
Bonjour,

L&#8217;article &#171; '''{{Lien &#224; supprimer|1=Adneom}}''' &#187; est propos&#233; &#224; la suppression ({{cf.}} [[Wikip&#233;dia:Pages &#224; supprimer]]). Apr&#232;s avoir pris connaissance des [[Wikip&#233;dia:Crit&#232;res d'admissibilit&#233; des articles|crit&#232;res g&#233;n&#233;raux d&#8217;admissibilit&#233; des articles]] et des [[:Cat&#233;gorie:Wikip&#233;dia:Admissibilit&#233; des articles|crit&#232;res sp&#233;cifiques]], vous pourrez [[Aide:Arguments &#224; &#233;viter lors d'une proc&#233;dure de suppression|donner votre avis]] sur la page de discussion '''[[{{TALKPAGENAME:Adneom}}/Suppression]]'''.

Le meilleur moyen d&#8217;obtenir un consensus pour la conservation de l&#8217;article est de fournir des [[Wikip&#233;dia:Citez vos sources|sources secondaires fiables et ind&#233;pendantes]]. Si vous ne pouvez trouver de telles sources, c&#8217;est que l&#8217;article n&#8217;est probablement pas admissible. N&#8217;oubliez pas que les [[Wikip&#233;dia:Principes fondateurs|principes fondateurs]] de Wikip&#233;dia ne garantissent aucun droit &#224; avoir un article sur Wikip&#233;dia. [[Utilisateur:Habertix|Habertix]] ([[Discussion utilisateur:Habertix|discuter]]) 17 octobre 2013 &#224; 00:11 (CEST)

== GeneaNet et Uni-Editions  ==

Bonjour Copyleft, as-tu une source concernant le rachat de GeneaNet par Uni-Editions ? Je n&#8217;ai pas trouv&#233; l&#8217;information sur le {{officiel|http://www.uni-editions.com}}.&lt;br&gt;Fraternellement / [[Utilisateur:Montvallon|Montvallon]] ([[Discussion utilisateur:Montvallon|discuter]]) 12 novembre 2013 &#224; 13:13 (CET)
:{{fait}} J'ai pas trouv&#233; de source plus r&#233;cente. --[[Utilisateur:Copyleft|Copyleft]]  ([[User_talk:Copyleft|d]] | [[Special:Emailuser/Copyleft|@]] 14 novembre 2013 &#224; 23:06 (CET)

== [[D&#233;pendance &#233;conomique]] ==
Bonjou. Je ne pense pas que ce n&#233;ologisme soit [[WP:N&#233;ologisme|notoire]] au sens o&#249; l'entend Wikip&#233;dia. Aussi, je vous remercie de bien vouloir fournir les [[WP:REF|sources]] [[WP:SPS|secondaires de qualit&#233;]] &#224; l'appui de votre cr&#233;ation apr&#232;s avoir pris connaissance de [[WP:AUTO]]. Merci d'avance et cordialement, [[Utilisateur:Patrick Rogel|Patrick Rogel]] ([[Discussion utilisateur:Patrick Rogel|discuter]]) 22 novembre 2013 &#224; 14:41 (CET)
:{{fait}} ce n'est pas un n&#233;ologisme : j'ai ajout&#233; de 2 sources gouvernementales &#224; l'article... Pour ce qui est du contenu &#224; sourcer, je n'ai fait que reprendre la page [[d&#233;pendance]] de Wikip&#233;dia (dont j&#8217;ai partiellement d&#233;plac&#233; du contenu qui &#233;tait sans refrec). Salutations, --[[Utilisateur:Copyleft|Copyleft]]  ([[User_talk:Copyleft|d]] | [[Special:Emailuser/Copyleft|@]] 22 novembre 2013 &#224; 23:33 (CET)

== L'article [[Institut pour la protection de la sant&#233; naturelle]] est propos&#233; &#224; la suppression ==
[[Image:Icono consulta borrar.png|70px|link=|Page propos&#233;e &#224; la suppression|gauche]]
Bonjour,

L&#8217;article &#171; '''{{Lien &#224; supprimer|1=Institut pour la protection de la sant&#233; naturelle}}''' &#187; est propos&#233; &#224; la suppression ({{cf.}} [[Wikip&#233;dia:Pages &#224; supprimer]]). Apr&#232;s avoir pris connaissance des [[Wikip&#233;dia:Crit&#232;res d'admissibilit&#233; des articles|crit&#232;res g&#233;n&#233;raux d&#8217;admissibilit&#233; des articles]] et des [[:Cat&#233;gorie:Wikip&#233;dia:Admissibilit&#233; des articles|crit&#232;res sp&#233;cifiques]], vous pourrez [[Aide:Arguments &#224; &#233;viter lors d'une proc&#233;dure de suppression|donner votre avis]] sur la page de discussion '''[[{{TALKPAGENAME:Institut pour la protection de la sant&#233; naturelle}}/Suppression]]'''.

Le meilleur moyen d&#8217;obtenir un consensus pour la conservation de l&#8217;article est de fournir des [[Wikip&#233;dia:Citez vos sources|sources secondaires fiables et ind&#233;pendantes]]. Si vous ne pouvez trouver de telles sources, c&#8217;est que l&#8217;article n&#8217;est probablement pas admissible. N&#8217;oubliez pas que les [[Wikip&#233;dia:Principes fondateurs|principes fondateurs]] de Wikip&#233;dia ne garantissent aucun droit &#224; avoir un article sur Wikip&#233;dia. [[Utilisateur:Guillaume70|Guillaume]] &lt;small&gt;([[Discussion Utilisateur:Guillaume70|bah?]], [[Sp&#233;cial:Contributions/Guillaume70|qu'ai-je fait?]])&lt;/small&gt; 8 d&#233;cembre 2013 &#224; 17:11 (CET)

== Wikimag n&#176;304 - Semaine 4 ==
{{Wikimag message|304|2014|4}} [[Utilisateur:BeBot|BeBot]] ([[Discussion utilisateur:BeBot|discuter]]) 27 janvier 2014 &#224; 05:10 (CET)

== Wikimag n&#176;305 - Semaine 5 ==
{{Wikimag message|305|2014|5}} [[Utilisateur:BeBot|BeBot]] ([[Discussion utilisateur:BeBot|discuter]]) 3 f&#233;vrier 2014 &#224; 05:10 (CET)

== Ta photo de Dieudonn&#233; ==

Bonjour Copyleft,

SI tu ne l'avais pas d&#233;j&#224; vu, je te signale que ta photo de Dieudonn&#233; est utilis&#233;e par le minist&#232;re de l'Int&#233;rieur britannique (sans les cr&#233;dits requis...) : [http://www.scribd.com/fullscreen/204206948?access_key=key-1ak48hbvmol9vlvpni84&amp;allow_share=true&amp;escape=false&amp;view_mode=scroll].

Cordialement, [[User:Bzh-99|Bzh&lt;sup&gt;99&lt;/sup&gt;]][[Discussion_utilisateur:Bzh-99|''(discuter)'']] 3 f&#233;vrier 2014 &#224; 17:09 (CET)</text>
      <sha1>bmtwlmxeqpson6r4n0sjn4vuknfh0xi</sha1>
      <model>wikitext</model>
      <format>text/x-wiki</format>
    </revision>
  </page>
