<page xmlns="http://www.mediawiki.org/xml/export-0.8/" xmlns:xsi="http://www.w3.org/2001/XMLSchema-instance">
    <title>Discussion utilisateur:ZetudBot</title>
    <ns>3</ns>
    <id>2784480</id>
    <redirect title="Discussion utilisateur:Zetud"/>
    <revision>
      <id>72851843</id>
      <parentid>72793797</parentid>
      <timestamp>2011-12-05T22:30:38Z</timestamp>
      <contributor>
        <username>ZetudBot</username>
        <id>358009</id>
      </contributor>
      <minor/>
      <comment>Annulation des modifications 72793797 de [[Sp&#233;cial:Contributions/Sisqi|Sisqi]] ([[User talk:Sisqi|d]])</comment>
      <text xml:space="preserve">#REDIRECT[[Discussion Utilisateur:Zetud]]</text>
      <sha1>crye3tamwzu8xetm0kqi122ys82khde</sha1>
      <model>wikitext</model>
      <format>text/x-wiki</format>
    </revision>
  </page>
