<page xmlns="http://www.mediawiki.org/xml/export-0.8/" xmlns:xsi="http://www.w3.org/2001/XMLSchema-instance">
    <title>Discussion utilisateur:Marsupilami</title>
    <ns>3</ns>
    <id>804385</id>
    <revision>
      <id>30554695</id>
      <parentid>10958035</parentid>
      <timestamp>2008-06-11T23:51:48Z</timestamp>
      <contributor>
        <username>HerculeBot</username>
        <id>346772</id>
      </contributor>
      <minor/>
      <comment>recommandation commons</comment>
      <text xml:space="preserve">{{D&#233;but cadre|bleu|fond=white}}&lt;center&gt;[[Wikip&#233;dia:Bistro des non-francophones/en|Welcome!]], [[Wikip&#233;dia:Bistro des non-francophones/ja|&#12424;&#12358;&#12371;&#12381;]] , [[Wikip&#233;dia:Bistro des non-francophones/es|&#161;Bienvenido!]], [[Wikip&#233;dia:Bistro des non-francophones/sr|Dobrodosli]], [[Wikip&#233;dia:Bistro des non-francophones|&#54872;&#50689;&#54633;&#45768;&#45796;]] , [[Wikip&#233;dia:Bistro des non-francophones/de|Wilkommen]], [[Wikip&#233;dia:Bistro des non-francophones/ru|&#1044;&#1086;&#1073;&#1088;&#1086; &#1087;&#1086;&#1078;&#1072;&#1083;&#1086;&#1074;&#1072;&#1090;&#1100;]], [[Wikip&#233;dia:Bistro des non-francophones/it|Benvenuti]], [[Wikip&#233;dia:Bistro des non-francophones|Bem-vindo!]], [[Wikip&#233;dia:Bistro des non-francophones|&#27426;&#36814;]], [[Wikip&#233;dia:Bistro des non-francophones/eo|Bonvenon]], [[Wikip&#233;dia:Bistro des non-francophones/nl|Welkom]]&lt;/center&gt;


&lt;center&gt;&lt;big&gt;[[Wikip&#233;dia:Accueil des nouveaux arrivants|Bienvenue]] sur [[Wikip&#233;dia]], '''{{PAGENAME}} !'''&lt;/big&gt;&lt;/center&gt;


{|
|[[Image:WikiLettreMini.svg]]
|Wikip&#233;dia est un grand projet dans lequel il est facile de se perdre. Cependant, chaque page du site poss&#232;de en haut &#224; gauche un lien vers l''''[[Aide:Sommaire|aide]]''' de Wikip&#233;dia.

N'h&#233;site pas &#224; consulter les premi&#232;res indications pour [[Aide:Comment modifier une page|modifier]] et [[Aide:Comment r&#233;diger une page|r&#233;diger]] des pages dans Wikip&#233;dia. Le [[Wikip&#233;dia:Bac &#224; sable|bac &#224; sable]] est tout sp&#233;cialement destin&#233; &#224; accueillir tes essais.

|---
|[[Image:Crystal Clear app ktip.png|left|40px]]
|Sur une page de '''discussion''', n'oublie pas de [[Aide:Signature|signer tes messages]], en tapant &amp;#126;&amp;#126;&amp;#126;&amp;#126; . Cependant, nous ne signons pas les articles encyclop&#233;diques. 

Je te conseille un petit tour par les [[Wikip&#233;dia:R&#232;gles|recommandations &#224; suivre]] ([[Wikip&#233;dia:Neutralit&#233; de point de vue|r&#232;gles de neutralit&#233;]], [[Wikipedia:Citez vos sources|r&#232;gles de citation des sources]], [[Wikip&#233;dia:crit&#232;res d'admissibilit&#233; des articles|crit&#232;res d'admissibilit&#233; des articles]], [[Wikip&#233;dia:Conventions de style|conventions de style]], etc.) et les pages [[Projet:Accueil|projets]], o&#249; il y a sans doute un sujet qui t'int&#233;ressera. 

|--
|[[Image:Crystal Clear app lphoto.png|left|40px]]
|Tu es le bienvenu si tu d&#233;sires [[Aide:Comment ins&#233;rer une image|ins&#233;rer une image]] ou [[Aide:D&#233;buter sur Wikip&#233;dia|enrichir les articles]], mais il est imp&#233;ratif de respecter des r&#232;gles tr&#232;s strictes sur [[Wikip&#233;dia:R&#232;gles d'utilisation des images|l'utilisation des images]] et le [[Wikipedia:copyright#Droits et devoirs des contributeurs|respect des droits d'auteurs]].

|--
|[[Image:Crystal Clear app amor.png|left|40px]]
|Si tu le souhaites, tu peux te pr&#233;senter sur le [[Wikip&#233;dia:Journal des nouveaux arrivants|journal des nouveaux arrivants]] et indiquer, sur ta [[Utilisateur:{{PAGENAME}}|page utilisateur]], [[Wikip&#233;dia:Babel|quelles langues tu parles]] et [[Wikip&#233;dia:Mod&#232;les/Espace Utilisateur/Bo&#238;te Utilisateur|d'o&#249; tu viens, quels sont tes centres d'int&#233;r&#234;t...]]

Enfin, le plus important, je te souhaite de '''[[Wikip&#233;dia:N'h&#233;sitez pas !|prendre du plaisir]]''' &#224; contribuer au projet !&lt;/br&gt;
|}

{{Fin cadre}}
Si tu as d'autres questions, tu peux voir [[Aide:Poser une question|cette page]] ou me contacter :&amp;nbsp;  [[Utilisateur:Alno|AlNo]] [[Discussion utilisateur:Alno|(m'&#233;crire)]] 18 mai 2006 &#224; 16:29 (CEST)

== Houba, houba == 
[[Image:Grove_Karl_Gilbert.jpg|thumb|right|50px]]
Un grand merci pour le conseil. L'image plus que centenaire de Grove Karl Gilbert  se trouve maintenant sur Wikimedia Commons. Heureusement que les Anglo-Saxons se prennent un peu moins au s&#233;rieux que certains Hexagonaux.&lt;/br&gt; 
Houba hop !&lt;/br&gt; 
[[Utilisateur:Carlo denis|Carlo]]

== Analyse automatique de vos cr&#233;ations (V1) ==
Bonjour.

Je suis [[Utilisateur:Escalabot|Escalabot]], un robot dress&#233; par [[Utilisateur:Escaladix|Escaladix]]. Je fais l'analyse quotidienne de tous les articles cr&#233;&#233;s deux jours plus t&#244;t afin de d&#233;tecter les articles sans cat&#233;gories, en impasse et/ou orphelins.

Les '''liens internes''' permettent de passer d'un article &#224; l'autre. Un '''article en impasse''' est un article qui ne contient aucun lien interne et un '''article orphelin''' est un article vers lequel aucun article encyclop&#233;dique, donc hors portail, cat&#233;gorie, etc., ne pointe. Pour plus de d&#233;tails sur les liens internes, vous pouvez consulter [[Aide:Liens internes|cette page]].

Les '''cat&#233;gories''' permettent une classification coh&#233;rente des articles et sont un des points forts de Wikip&#233;dia. Pour plus de d&#233;tails sur les cat&#233;gories, vous pouvez consulter [[Aide:Cat&#233;gorie|cette page]].

Ajouter des liens ou des cat&#233;gories n'est pas obligatoire, bien s&#251;r, mais cela augmente fortement l'accessibilit&#233; &#224; votre article et donc ses chances d'&#234;tre lu par d'autres internautes d'une part et d'&#234;tre am&#233;lior&#233; par d'autres contributeurs d'autre part.

Pour tout renseignement, n'h&#233;sitez pas &#224; passer voir [[Discussion_Utilisateur:Escaladix|mon dresseur]]. De m&#234;me, si vous constatez que mon analyse est erron&#233;e, merci de le lui indiquer.

Si vous ne souhaitez plus recevoir mes messages, vous pouvez en faire la demande [[Discussion_Utilisateur:Escaladix|ici]], n&#233;anmoins, je vous conseille de laisser ce message tel quel et, dans ce cas, j'ajouterai simplement mes prochaines analyses, &#224; la suite les unes des autres. [[Utilisateur:Escalabot|Escalabot]] 12 octobre 2006 &#224; 04:23 (CEST)

===Analyse du 10 octobre 2006 ===
*[[David Hahn]] &#233;tait
**un article non cat&#233;goris&#233;
**un article orphelin &lt;small&gt;([http://fr.wikipedia.org/w/index.php?title=Special:Whatlinkshere&amp;target=David_Hahn Pages li&#233;es])&lt;/small&gt;</text>
      <sha1>ijwquxgt5180yi2q2plygjuzwoyu569</sha1>
      <model>wikitext</model>
      <format>text/x-wiki</format>
    </revision>
  </page>
