<page xmlns="http://www.mediawiki.org/xml/export-0.8/" xmlns:xsi="http://www.w3.org/2001/XMLSchema-instance">
    <title>Discussion utilisateur:Necrid Master</title>
    <ns>3</ns>
    <id>3428381</id>
    <revision>
      <id>100678163</id>
      <parentid>100463452</parentid>
      <timestamp>2014-01-28T11:33:43Z</timestamp>
      <contributor>
        <username>Guillaume70</username>
        <id>374202</id>
      </contributor>
      <text xml:space="preserve">&lt;div class="letterhead" style="padding: 3em 2em;background-color: #faf9f2;"&gt;&lt;!-- petit hack avec le div non ferm&#233;, pour pouvoir ajouter des nouvelles sections &#224; la suite --&gt;
&lt;div style="margin:-3em 0 0 -2em; float:left"&gt;[[Fichier:Tan-page-corner.png|link=]]&lt;/div&gt;
&lt;div style=font-family:Garamond;font-size:15px;font-weight:normal&gt;
[[File:Catholicon, Church of the Holy Sepulchre, Jerusalem1.jpg|thumb|center|1000px|&lt;center&gt;Catholicon, &#201;glise du Saint-S&#233;pulcre, J&#233;rusalem.&lt;/center&gt;]]
{{Clr}}
{{Archives
|
* [[Image:Symbol oppose vote.svg|15px]] [[Image:Vote2 final.png|15px]] [[Wikip&#233;dia:Administrateur/Necrid Master|Archive de la candidature au statut d'administrateur]] : 31 ao&#251;t &#8594; 16 septembre 2007 &lt;small&gt;(''40 pour, 21 contre, 12 r&#233;ticences, 3 neutres, 7 abstentions'')&lt;/small&gt;
* [[Discussion Utilisateur:Necrid Master/Archive 1|Archive {{num&#233;ro}}1]] : 20 juillet 2005 &#8594; 16 juillet 2006
* [[Discussion Utilisateur:Necrid Master/Archive 2|Archive {{num&#233;ro}}2]] : 16 juillet 2006 &#8594; 7 janvier 2007
* [[Discussion Utilisateur:Necrid Master/Archive 3|Archive {{num&#233;ro}}3]] : 16 janvier &#8594; 5 ao&#251;t 2007
* [[Discussion Utilisateur:Necrid Master/Archive 4|Archive {{num&#233;ro}}4]] : 2 ao&#251;t &#8594; 12 d&#233;cembre 2007
* [[Discussion Utilisateur:Necrid Master/Archive 5|Archive {{num&#233;ro}}5]] : 16 d&#233;cembre 2007 &#8594; 2 juillet 2008
* [[Discussion Utilisateur:Necrid Master/Archive 6|Archive {{num&#233;ro}}6]] : 2 juillet &#8594; 21 septembre 2008
* [[Discussion Utilisateur:Necrid Master/Archive 7|Archive {{num&#233;ro}}7]] : 22 septembre 2008 &#8594; 7 juin 2009
* [[Discussion Utilisateur:Necrid Master/Archive 8|Archive {{num&#233;ro}}8]] : 8 juin 2009 &#8594; 16 septembre 2010
* [[Discussion Utilisateur:Necrid Master/Archive 9|Archive {{num&#233;ro}}9]] : 21 septembre 2010 &#8594; 30 juin 2011
* [[Discussion utilisateur:Necrid Master/Archive 10|Archive {{num&#233;ro}}10]] : 30 juin 2011 &#8594;  21 mai 2012 
}}

==Prix du meilleur jeune &#233;conomiste de France==
Dans l'article sur le prix du meilleur jeune &#233;conomiste fran&#231;ais d&#233;cern&#233; par le &#171; cercle des &#233;conomistes &#187; et le ''Monde'', vous avez modifi&#233; la cat&#233;gorie &#171; nomin&#233;s &#187; par &#171; nomm&#233;s &#187; alors que cette cat&#233;gorie correspond &#224; l'intitul&#233; exact donn&#233; par ceux qui remettent le prix et en font la publicit&#233; dans les journaux. Il convient donc de conserver la cat&#233;gorie comme elle &#233;tait afin que ceux qui lisent les articles relatifs &#224; ce prix dans la presse ou sur le site du cercle des &#233;conomistes s'y retrouvent. Je vous laisse le soin de corriger.
Cordialement
[[Utilisateur:Fdo|Fdo]] ([[Discussion utilisateur:Fdo|d]]) 23 mai 2012

== L'article Annie-Laure Banon est propos&#233; &#224; la suppression ==

{| align="center" title="{{((}}subst:avertissement suppression page{{!}}page{{))}}" border="0" cellpadding="4" cellspacing="4" style="border-style:none; background-color:#FFFFFF;"
| [[Image:Icono consulta borrar.png|64px|Page propos&#233;e &#224; la suppression]]
|Bonjour,

L&#8217;article &#171; '''{{Lien &#224; supprimer|Annie-Laure Banon}}''' &#187; est propos&#233; &#224; la suppression ({{cf.}} [[Wikip&#233;dia:Pages &#224; supprimer]]). Apr&#232;s avoir pris connaissance des [[Wikip&#233;dia:Crit&#232;res d'admissibilit&#233; des articles|crit&#232;res g&#233;n&#233;raux d&#8217;admissibilit&#233; des articles]] et des [[:Cat&#233;gorie:Wikip&#233;dia:Admissibilit&#233; des articles|crit&#232;res sp&#233;cifiques]], vous pourrez [[Aide:Arguments &#224; &#233;viter lors d'une proc&#233;dure de suppression|donner votre avis]] sur la page de discussion '''[[Discussion:Annie-Laure Banon/Suppression]]'''.

Le meilleur moyen d&#8217;obtenir un consensus pour la conservation de l&#8217;article est de fournir des [[Wikip&#233;dia:Citez vos sources|sources secondaires fiables et ind&#233;pendantes]]. Si vous ne pouvez trouver de telles sources, c&#8217;est que l&#8217;article n&#8217;est probablement pas admissible. N&#8217;oubliez pas que les [[Wikip&#233;dia:Principes fondateurs|principes fondateurs]] de Wikip&#233;dia ne garantissent aucun droit &#224; avoir un article sur Wikip&#233;dia.
|}

[[Utilisateur:Chris a liege|Chris a liege]] ([[Discussion utilisateur:Chris a liege|d]]) 29 juin 2012 &#224; 09:48 (CEST)

== Demande de relecture ==
J'ai d&#233;pos&#233; une demande pour [[Patronage paroissial]] : histoire de la fin du XIX&#176; et premi&#232;re partie du XX&#176;. Si cel&#224; vous motive : merci d'avance et bonne soir&#233;e.--[[Utilisateur:Claude PIARD|Claude PIARD]] ([[Discussion utilisateur:Claude PIARD|d]]) 3 juillet 2012 &#224; 19:25 (CEST)

== Metapedia ==

Bonjour, &lt;/br&gt;
J'ai vu sur le net que tu contribuais aussi sous le m&#234;me nom &#224; Metapedia. Je pensais cr&#233;er un article ici sur cette encyclop&#233;die, &#224; partir de [[:en:Metapedia]]. Cela serait bien que tu cr&#233;e cet article. Merci et bonne journ&#233;e [[Utilisateur:Mike Coppolano|Mike Coppolano]] ([[Discussion utilisateur:Mike Coppolano|d]]) 12 juillet 2012 &#224; 08:44 (CEST)
: Merci pour ta r&#233;ponse. C'est bizarre, il y a quelqu'un qui a sur Metapedia, le m&#234;me pseudo que toi [https://www.google.com/search?q=m%C3%A9tap%C3%A9dia+Utilisateur%3ANecrid+Master&amp;ie=utf-8&amp;oe=utf-8&amp;aq=t&amp;rls=org.mozilla:fr:official&amp;client=firefox-a]. Porte plainte pour usurpation. Amicalement [[Utilisateur:Mike Coppolano|Mike Coppolano]] ([[Discussion utilisateur:Mike Coppolano|d]]) 12 juillet 2012 &#224; 17:07 (CEST)

== [[France aux Jeux olympiques d'&#233;t&#233; de 2012]]] ==

Salut Necrid Master,

et bravo pour ton travail sur cet article. N&#233;anmoins, je tiens &#224; te faire remarquer qu'en athl&#233;tisme (en natation aussi s&#251;rement mais je ne suis pas expert en la mati&#232;re), les abr&#233;viations MP, RF, ou RO sont inusit&#233;s, on leur pr&#233;f&#232;re leur forme internationale PB, NR, OR (de plus, RF n'est pas bon non plus m&#234;me si on veut franciser &#224; outrance, on utilise RN, sinon, on aurait des trucs du genre RUSA, RGB, RRUS, RFIN, etc.). M&#234;me si le fran&#231;ais est langue officielle des Jeux (et en passant, de l'[[IAAF]] (mais pas de la [[FINA]])). '''&#8212; [[Utilisateur:Defeder|&#393;e&#8526;e&#240;e&#637;]] &lt;sub&gt;[[Discussion Utilisateur:Defeder|Discutation]]&lt;/sub&gt;''' 4 ao&#251;t 2012 &#224; 01:06 (CEST)
:Je viens de voir o&#249; tu as trouv&#233; ces abr&#233;viations (le site officiel des Jeux), et je t'avoue que cela me laisse pantois. Je n'avais jamais vu cela auparavant. '''&#8212; [[Utilisateur:Defeder|&#393;e&#8526;e&#240;e&#637;]] &lt;sub&gt;[[Discussion Utilisateur:Defeder|Discutation]]&lt;/sub&gt;''' 4 ao&#251;t 2012 &#224; 17:54 (CEST)
:: Je confirme que depuis des ann&#233;es, tant sur internet, que dans les m&#233;dias (presse,t&#233;l&#233;,etc) les sigles utilis&#233;s son : WR (World Record), OR (Olympic Record), ER (European Record), RN (Record Nation), PB (Personnal Best), SB (Season Best). Bravo pour tes contributions. Cdlt. [[Utilisateur:Bserin|Bserin]] &lt;sup&gt;([[Discussion Utilisateur:Bserin|Bar des Ailes]])&lt;/sup&gt; 6 ao&#251;t 2012 &#224; 13:10 (CEST)

&#201;galement dans cet article, j&#8217;ai du mal &#224; comprendre les raisons : &lt;br /&gt;&lt;br /&gt;1. De ton maintien, une semaine apr&#232;s ma correction et mes explications en pdd, de l&#8217;appellation ''Deux sans barreur'', alors que le nom officiel de l&#8217;&#233;preuve est ''Deux de pointe''. C s&#251;r que cette nouvelle d&#233;nomination implique(ra) plusieurs changements - dans le titre de plusieurs articles et &#224; l&#8217;int&#233;rieur de plusieurs (autres ou non) - mais ces changement me semblent s'imposer par simple respect de l'information du lecteur. De +, pourquoi y aurait-il des articles pour le ''Deux de couple aux JO'', mais pas pour le ''Deux de pointe'' ?&lt;br /&gt;&lt;br /&gt;
2. De ton revert de mon changement de pictogramme pour le ''tir &#224; l&#8217;arc'', et en remettant celui du ''tir &#224; la carabine'' qui n'a rien &#224; voir : o&#249; et quand peut alors servir le picto archery ?  &lt;br /&gt;&lt;br /&gt;  
Merci d'avoir la simple politesse de t&#8217;expliquer : il y a peut-&#234;tre des raisons qui m&#8217;&#233;chappent, mais je ne pense pas qu&#8217;il s&#8217;agisse de la r&#232;gle de la &#171; moindre surprise &#187;. --[[Utilisateur:Bibliorock|Bibliorock]] ([[Discussion utilisateur:Bibliorock|d]]) 10 ao&#251;t 2012 &#224; 10:18 (CEST)

== [[Jeux olympiques d'&#233;t&#233; de 2012]] ==
http://fr.wikipedia.org/w/index.php?title=Jeux_olympiques_d%27%C3%A9t%C3%A9_de_2012&amp;diff=81917705&amp;oldid=81905211

Bonjour, pourquoi avoir supprim&#233; ce paragraphe ? sans donner de raison en commentaire.
--[[Utilisateur:Dadu|Dadu]] ([[Discussion utilisateur:Dadu|d]]) 15 ao&#251;t 2012 &#224; 16:42 (CEST)
:Parce que ce sont des all&#233;gations qui ne s'appuient sur aucune source. Necrid Master (d) 15 ao&#251;t 2012 &#224; 17:17 (CEST)
::Je n'aime pas cette fa&#231;on de faire parce que si j'&#233;tais la personne qui a pris le temps  de noter ces informations, le fait de voir qu'un candidat administrateur supprime une info non sensible moins d'1 mois apr&#232;s une demande de source, cela me d&#233;gouterait de wikip&#233;dia. Prenez au moins le temps de noter la raison de votre suppression.  --[[Utilisateur:Dadu|Dadu]] ([[Discussion utilisateur:Dadu|d]]) 16 ao&#251;t 2012 &#224; 08:43 (CEST)

== JO 2012 Londres  ==

Pourquoi avoir supprimer mon tableau sur les m&#233;dailles par habitant sans aucune explication ?

== Tirets dans palettes de joueurs ==
Bonsoir, tu es pri&#233; de m'expliquer pourquoi tu rentres dans des guerres d'&#233;dition et des conflits li&#233;s aux ajouts intempestifs de mauvais tirets, et ce depuis des semaines, voire des mois. Par la m&#234;me occasion, je te prie de stopper ton changement inutile sur la palette effectif de Chelsea. Cordialement, [[Utilisateur:Peppy Hare|Peppy Hare]] ([[Discussion utilisateur:Peppy Hare|d]]) 20 ao&#251;t 2012 &#224; 18:14 (CEST)

== Gabriel Banon &#224; am&#233;liorer ==

Bonjour Necrid Master.

J'ai observ&#233; il y a peu que l'article [[Gabriel Banon]] n'&#233;tait pas dans le meilleur &#233;tat possible, et je me propose de le retravailler, dans un premier temps sur ma page utilisateur. Comme j'ai vu que vous &#234;tes le principal contributeur de l'article, je vous pr&#233;viens de ma d&#233;marche.

Auriez-vous des pr&#233;cisions, avertissements ou autres pr&#233;cautions &#224; me signaler au sujet de l'article (ou autre) ?

Bonne journ&#233;e.

--[[Utilisateur:Wipiconseil|Wipiconseil]] ([[Discussion utilisateur:Wipiconseil|d]]) 27 ao&#251;t 2012 &#224; 14:49 (CEST)

== Adl : mise &#224; jour de la liste des relecteurs disponibles ==

Bonjour cher(e)s participant(e)s de l'Adl,&lt;br/&gt;
Il est important de '''mettre &#224; jour r&#233;guli&#232;rement la liste des relecteurs disponibles''', l'id&#233;e &#233;tant ensuite de concevoir une nouvelle page d'accueil, de mani&#232;re &#224; ce que les demandeurs contactent eux-m&#234;mes leurs relecteurs, en fonction des sujets propos&#233;s. Concr&#232;tement, la proc&#233;dure serait explicit&#233;e en page d'accueil : 1) le demandeur fait sa demande gr&#226;ce au mod&#232;le automatique et 2) il doit contacter un relecteur pr&#233;sent sur la liste.

Auparavant, je propose de reclasser les participants au moyen d''''un nouveau tableau''', construit par {{u'|Benoit Rochon}} (que je remercie chaudement au passage), et qui liste plusieurs param&#232;tres dont la ''disponibilit&#233;'' (&#224; savoir : vous &#234;tes libre pour une relecture, d&#233;j&#224; en cours de relecture ou en indisponibilit&#233; pour cause de Wikislow par exemple). L'int&#233;r&#234;t est que vous puissez renseigner r&#233;guli&#232;rement cet &#233;tat, de mani&#232;re &#224; fluidifier les relectures (un clic suffit). Chacun peut aussi ajouter une illustration et surtout d&#233;tailler davantage son ''profil'' de relecture ({{citation|N'h&#233;sitez pas non plus &#224; me soumettre des textes scientifiques, excluant la m&#233;decine}} par exemple). Enfin, un bouton permettra de vous contacter automatiquement via votre PDD. L'id&#233;e est de proposer un outil plus ergonomique et plus adapt&#233; aux demandeurs, qui sont souvent des novices.

Merci donc :
# De vous rendre sur [http://fr.wikipedia.org/wiki/Wikip%C3%A9dia:Atelier_de_lecture/Participants le nouveau tablau listant les participants] &#224; partir de demain (le nouveau tableau n'est pas encore d&#233;ploy&#233;).
# De compl&#233;ter votre profil et votre &#233;tat actuel (pour le mois disons)
# Si vous n'&#234;tes plus int&#233;ress&#233; pour participer &#224; l'Atelier, merci de le signaler [[Discussion_Wikip&#233;dia:Atelier_de_lecture#Mise_.C3.A0_jour_de_la_liste_des_relecteurs_disponibles|sur notre page de discussion]].

Merci, d'avance, pour les quelques minutes consacr&#233;es &#224; cette t&#226;che, qui nous permettra sans nul doute d'am&#233;liorer ce service de relecture qui, je ne pense pas &#234;tre loin de la v&#233;rit&#233;, contribue de plus en plus &#224; am&#233;liorer la qualit&#233; d'articles, &#224; propager les bonnes pratiques, et &#224; augmenter le nombre d'articles aux labels. [[Utilisateur:Prosopee|Prosopee]] ([[Discussion utilisateur:Prosopee|d]]) 28 ao&#251;t 2012 &#224; 15:22 (CEST)

== De m&#234;me ==
Allez reverter : [[Coupe de Gr&#232;ce de water-polo masculin]]. sebjd 19 septembre 2012 &#224; 20:08 (CEST)
:Merci d&#8217;aller finir [[LEN Euro Cup 2012-2013|ceci]] et d&#8217;aller d&#233;naturer tous les noms de clubs que vous trouverez et les r&#233;inventer sur les articles de water-polo. sebjd 19 septembre 2012 &#224; 20:44 (CEST)

== L'article Henri de Fersan est propos&#233; &#224; la suppression ==

{| align="center" title="{{((}}subst:avertissement suppression page{{!}}page{{))}}" border="0" cellpadding="4" cellspacing="4" style="border-style:none; background-color:#FFFFFF;"
| [[Image:Icono consulta borrar.png|64px|Page propos&#233;e &#224; la suppression]]
|Bonjour,

L&#8217;article &#171; '''{{Lien &#224; supprimer|Henri de Fersan}}''' &#187; est propos&#233; &#224; la suppression ({{cf.}} [[Wikip&#233;dia:Pages &#224; supprimer]]). Apr&#232;s avoir pris connaissance des [[Wikip&#233;dia:Crit&#232;res d'admissibilit&#233; des articles|crit&#232;res g&#233;n&#233;raux d&#8217;admissibilit&#233; des articles]] et des [[:Cat&#233;gorie:Wikip&#233;dia:Admissibilit&#233; des articles|crit&#232;res sp&#233;cifiques]], vous pourrez [[Aide:Arguments &#224; &#233;viter lors d'une proc&#233;dure de suppression|donner votre avis]] sur la page de discussion '''[[Discussion:Henri de Fersan/Suppression]]'''.

Le meilleur moyen d&#8217;obtenir un consensus pour la conservation de l&#8217;article est de fournir des [[Wikip&#233;dia:Citez vos sources|sources secondaires fiables et ind&#233;pendantes]]. Si vous ne pouvez trouver de telles sources, c&#8217;est que l&#8217;article n&#8217;est probablement pas admissible. N&#8217;oubliez pas que les [[Wikip&#233;dia:Principes fondateurs|principes fondateurs]] de Wikip&#233;dia ne garantissent aucun droit &#224; avoir un article sur Wikip&#233;dia.
|}

[[User:H&#233;g&#233;sippe Cormier|H&#233;g&#233;sippe]] &amp;#124; [[User talk:H&#233;g&#233;sippe Cormier|&#177;&#920;&#177;]] 29 septembre 2012 &#224; 12:30 (CEST)

== Relecture rink hockey ==

Bonjour,
J'ai d&#233;pos&#233; une demande de relecture de [[rink hockey]], une discipline de hockey se pratiquant sur des rollers. Je serait heureux que vous y jetiez un coup d'&#339;il si vous en avez le temps. Merci d'avance
[[Utilisateur:Blackstar|Blackstar]] 1 octobre 2012 &#224; 17:49 (CEST)

== fusion propos&#233;e ==

{| align="center" title="&lt;nowiki&gt;{{subst:Avertissement fusion|page 1|page 2|page 3|page 4|page 5|page 6|signature}}&lt;/nowiki&gt;" border="0" cellpadding="4" cellspacing="4" style="border: 2px solid #000000; background-color: #ffffff"
|-
| [[Image:Emblem-important.svg|45px|alt=|link=]]
| style="text-align:center; font-size:larger; font-weight:bold;" | [[Okuribito]] et [[Departures]] sont propos&#233;s &#224; la fusion
|-
| [[Image:Merge-arrows.svg|45px|alt=|link=]]
| La discussion a lieu sur la page [[Wikip&#233;dia:Pages &#224; fusionner#Okuribito et Departures]].&lt;br /&gt;&lt;!--
--&gt;&lt;small&gt;La proc&#233;dure de fusion est consultable sur [[Wikip&#233;dia:Pages &#224; fusionner]].&lt;br /&gt;&lt;!--
--&gt;'''JR''' &lt;small&gt;[[Discussion_utilisateur:Jrcourtois|(disc)]]&lt;/small&gt; 8 octobre 2012 &#224; 17:37 (CEST)&lt;/small&gt;
|}

== L'article Jean-Claude Irvoas est propos&#233; &#224; la suppression ==

{| align="center" title="{{((}}subst:avertissement suppression page{{!}}page{{))}}" border="0" cellpadding="4" cellspacing="4" style="border-style:none; background-color:#FFFFFF;"
| [[Image:Icono consulta borrar.png|64px|Page propos&#233;e &#224; la suppression]]
|Bonjour,

L&#8217;article &#171; '''{{Lien &#224; supprimer|1=Jean-Claude Irvoas}}''' &#187; est propos&#233; &#224; la suppression ({{cf.}} [[Wikip&#233;dia:Pages &#224; supprimer]]). Apr&#232;s avoir pris connaissance des [[Wikip&#233;dia:Crit&#232;res d'admissibilit&#233; des articles|crit&#232;res g&#233;n&#233;raux d&#8217;admissibilit&#233; des articles]] et des [[:Cat&#233;gorie:Wikip&#233;dia:Admissibilit&#233; des articles|crit&#232;res sp&#233;cifiques]], vous pourrez [[Aide:Arguments &#224; &#233;viter lors d'une proc&#233;dure de suppression|donner votre avis]] sur la page de discussion '''[[Discussion:Jean-Claude Irvoas/Suppression]]'''.

Le meilleur moyen d&#8217;obtenir un consensus pour la conservation de l&#8217;article est de fournir des [[Wikip&#233;dia:Citez vos sources|sources secondaires fiables et ind&#233;pendantes]]. Si vous ne pouvez trouver de telles sources, c&#8217;est que l&#8217;article n&#8217;est probablement pas admissible. N&#8217;oubliez pas que les [[Wikip&#233;dia:Principes fondateurs|principes fondateurs]] de Wikip&#233;dia ne garantissent aucun droit &#224; avoir un article sur Wikip&#233;dia.
|}

[[Utilisateur:Lomita|Lomita]] ([[Discussion utilisateur:Lomita|d]]) 25 novembre 2012 &#224; 16:02 (CET)

== Civitas ==
Bonjour. Si la pr&#233;sentation d'une section ne te convient pas, merci de la changer au lieu de la supprimer, surtout si elle contient une r&#233;f&#233;rence manifestement utile. En cons&#233;quence, merci de ne pas r&#233;voquer quand je d&#233;fais ta modification en expliquant en commentaire de diff pourquoi je l'ai fait. Quant &#224; l'amusant commentaire "ben y a qu'&#224;", &#233;tant donn&#233; que comme ce n'est pas moi qui supprime l'info, il me semble ce n'est pas &#224; moi de la pr&#233;senter diff&#233;remment. Il y a moyen de r&#233;cup&#233;rer le contenu et de faire figurer l'information en la pr&#233;sentant de meilleure fa&#231;on. En attendant je remets l'info en reformulant, vu que c'est trop difficile pour toi. Bonne journ&#233;e. [[Utilisateur:Alchemica|Alchemica]] ([[Discussion utilisateur:Alchemica|d]]) 30 novembre 2012 &#224; 08:17 (CET)
:OK, je comprends ce que tu veux dire. Je ne suis pas tout &#224; fait d'accord sur la m&#233;thode, ceci dit... Il &#233;tait plus simple et plus correct de reformuler car si l'on devait r&#233;voquer toutes les contributions "mal &#233;crites" de contributeurs nouveaux arrivants ou peu au courant des lignes directrices du projet, on serait justement vite en rupture de stock en contributeurs. {{clin}} Bonne soir&#233;e et &#224; bient&#244;t. [[Utilisateur:Alchemica|Alchemica]] ([[Discussion utilisateur:Alchemica|d]]) 1 d&#233;cembre 2012 &#224; 22:23 (CET)

== Le probl&#232;me Celette sur Mao-spontex ==

Vous avez contribu&#233; au moins une fois sur la page [[Mao-spontex]], c'est pourquoi je me permets d'attirer votre attention sur :

1) A cette heure, [[Utilisateur:Celette|Celette]] ([[Discussion utilisateur:Celette|d]]) est intervenue 51 fois sur la page sans y apporter UNE seule source nouvelle, UNE seule info suppl&#233;mentaire.

2) Le 15 d&#233;cembre 2012 &#224; 23:54 [[Utilisateur:Celette|Celette]] ([[Discussion utilisateur:Celette|d]]) s'est auto-appliqu&#233;e le R3R avec raison puisque j'avais r&#233;voqu&#233; l'une de ses interventions, mais elle s'est permise ensuite de continuer &#224; &#233;diter (17 fois !), ce qui est une violation des droits Wp.

3) Le 20 d&#233;cembre 2012 &#224; 15:34&#8206;, elle menace : "L'affiche, c'&#233;tait VOUS qui l'aviez ins&#233;r&#233;e &#224; l'origine. Je reviendrai plus tard sur &#231;a, en plus d'une relecture compl&#232;te, en esp&#233;rant que mes remarques ont &#233;t&#233; prises en compte.".

Que faire pour pouvoir travailler dans la s&#233;r&#233;nit&#233; ?

Cordialement --[[Utilisateur:Noelbabar|Noelbabar]] ([[Discussion utilisateur:Noelbabar|d]]) 20 d&#233;cembre 2012 &#224; 17:38 (CET)

== Bravo et merci ==
{{R&#233;compense|Wikipedia laurier W.png|[[Wikip&#233;dia:Liste de Wikip&#233;diens par nombre d'&#233;ditions|Necrid Master est le 54{{e}} contributeur en nombre d'&#233;ditions sur Wikip&#233;dia en fran&#231;ais pour d&#233;cembre 2012]].}}&lt;br /&gt;Meilleurs v&#339;ux pour 2013 !--[[Utilisateur:Copyleft|Copyleft]] ([[Discussion utilisateur:Copyleft|d]]) 21 d&#233;cembre 2012 &#224; 14:18 (CET)

== Palettes tennis ==

Bonjour.
Juste une petite remarque &#224; propos de cette modification-[http://fr.wikipedia.org/w/index.php?title=Mod%C3%A8le%3APalette_Vainqueurs_du_simple_messieurs_au_Masters_de_Shanghai&amp;diff=86991772&amp;oldid=86724523 ci] : c'est moi-m&#234;me qui ai adopt&#233; de style (raccourcissement quand dates &#224; la suite) en prenant l'exemple sur certaines de [[:Cat%C3%A9gorie:Joueur de tennis titr%C3%A9 en Masters Series|ces palettes]] sur un choix totalement arbitraires (certaines palettes &#233;tait dans cette forme, d'autres dans l'autre forme) Cependant, je ne m'oppose absolument pas &#224; cette modification, au contraire, cela ne m'affecte pas aucunement, mais il faudrait, par contre, si tu penses que c'est mieux avec les dates compl&#232;tes, l'appliquer &#224; toutes les palettes de [[:Cat%C3%A9gorie:Joueur de tennis titr%C3%A9 en Masters Series|cette page]], pour harmoniser tout &#231;a.&lt;br /&gt;Merci, [[Utilisateur:Hawk-Eye|Hawk-Eye]] ([[Discussion utilisateur:Hawk-Eye|d]]) 28 d&#233;cembre 2012 &#224; 10:14 (CET)

== Article C. Narassiguin , mariage gay et procr&#233;ations m&#233;dicales ==

Vous avez renomm&#233; "Projet de loi ouvrant le mariage aux couples de personnes de m&#234;me sexe"une section de l'article consacr&#233; &#224; [[Corinne Narassiguin]], mais votre proposition "gomme" des positions que l'int&#233;ress&#233;e a prises lors du d&#233;bat, mais &#224; l'ext&#233;rieur de ce projet.
Pour ne pas multiplier des &#233;changes en "ping-pong" dans l'article lui-m&#234;me, j'ai ouvert une discussion en PdD de l'article o&#249; je serai heureux de vous lire.

--[[Utilisateur:Claude noblet|Claude noblet]] ([[Discussion utilisateur:Claude noblet|d]]) 16 f&#233;vrier 2013 &#224; 14:03 (CET)

== Mondiaux 2013 ==

Hello Necrid ! Dis, tu pr&#233;f&#233;rerais pas avoir ce que tu viens de [[championnats du monde de ski alpin 2013|rejeter en bas de page en "bilan"]], directement dans le RI comme c'est par exemple le cas pour le mondial 2011 et comme je venais de le r&#233;diger ? Et sinon, pour la France, ce sont vraiment des "r&#233;sultats exceptionnels", ce n'est pas POV ou que sais-je, c'est du genre pas vu depuis 40 ans ou quelque chose comme &#231;a. J'allais remettre ce ''r&#233;sum&#233;'' dans le RI, puis je me suis ravis&#233;, pr&#233;f&#233;rant en discuter avec toi avant, vu que nous sommes les deux principaux intervenants sur cette page. Car en effet, il ne reste plus que du tr&#232;s froid dans ce RI d&#233;sormais, et ce qui compte, ce qui doit &#234;tre dit en quelques lignes, tombe maintenant en dessous de tout le reste. J'attends donc de savoir ce que tu en penses. Bien cordialement [[User:Jmex|Jmex]]  [[User talk:Jmex|(&#9835;)]] 17 f&#233;vrier 2013 &#224; 18:27 (CET)
:ok, je vais remettre en haut en essayant de raccourcir un peu et en trouvant "depuis quand"... Bien &#224; toi. PS : je viens de balayer toutes les &#233;ditions des Mondiaux de ski sur WP, et &#224; chaque fois, les "lignes de bilan" sont dans les RI, et certains sont bien plus longs que celui-ci que tu as trouv&#233; trop long. Cordialement [[User:Jmex|Jmex]]  [[User talk:Jmex|(&#9835;)]] 17 f&#233;vrier 2013 &#224; 18:41 (CET)

== Guillemets dans les citations ==
Bonsoir, juste pour vous indiquer, au sujet de cette modification : [http://fr.wikipedia.org/w/index.php?title=Vote_des_pleins_pouvoirs_%C3%A0_Philippe_P%C3%A9tain_le_10_juillet_1940&amp;diff=88934381&amp;oldid=88933830], cette prise de d&#233;cision : [[Wikip&#233;dia:Prise de d&#233;cision/Citation#Guillemets internes|Wikip&#233;dia : Prise de d&#233;cision/&amp;nbsp;Citation &#8211; Guillemets internes]]. Cordialement, [[user:Daniel*D|Daniel*D]] 18 f&#233;vrier 2013 &#224; 00:53 (CET)
:Je connais bien cette prise de d&#233;cision qui, depuis longtemps, n'est plus appliqu&#233;e ''de facto'' (eh oui, &#231;a surprend, mais c'est le charme de la politique &#233;ditoriale sur WP-fr). D'autant plus qu'elle ne traite pas des cascades de citations... [[Utilisateur:Necrid Master|Necrid Master]] ([[Discussion utilisateur:Necrid Master|d]]) 18 f&#233;vrier 2013 &#224; 01:01 (CET)
::Aucune surprise de ma part. Plus appliqu&#233;e, par vous, peut-&#234;tre, cependant : [[Wikip&#233;dia:Conventions typographiques#Guillemets|Conventions typographiques &#8211; Guillemets]]. Et cette prise de d&#233;cision traite bien du cas signal&#233;. Concernant la politique &#233;ditoriale et ses charmes, s'il s'agissait de passages r&#233;dig&#233;s ainsi par vous, je n'y toucherais pas, mais l&#224;, c'est de mon clavier et accessoirement le r&#233;daction que je fis de ces citations respectait la typographie initiale des auteurs cit&#233;s. [[user:Daniel*D|Daniel*D]] 18 f&#233;vrier 2013 &#224; 01:17 (CET)

== And the winner is... ==
Pour la premi&#232;re fois, un individu (Carlsen) va d&#233;tr&#244;ner un aspect technique (jeu d'&#233;checs) dans les Pages Populaires. Comme un passage de flambeau...

== Anniversaire ==

{{joyeux anniversaire}}--&#8212; [[Utilisateur:Superjuju10|Superjuju10]] &lt;sup&gt;&amp;#91;[[Discussion utilisateur:Superjuju10|'''''Contacter la Aubline''''']]&amp;#93;&lt;/sup&gt;, le 15 mars 2013 &#224; 13:49 (CET)
:Bon anniv' mon cher Necrid, j'esp&#232;re que tout va bien pour toi {{clin}}. Cordialement, [[Utilisateur:Sebleouf|Seb]] ([[Discussion utilisateur:Sebleouf|discuter]]) 15 mars 2013 &#224; 22:18 (CET)
:: Joyeux anniversaire ! &#8212; [[user_talk:Cantons-de-l'Est|Cantons-de-l'Est]], 15 mars 2013 &#224; 23:45 (CET)
::: Je ne te croise plus beaucoup mais je constate que tu restes fid&#232;le au poste {{clin}} Joyeux anniversaire ! &amp;mdash; &lt;font style="color:#008080"&gt;[[Utilisateur:Starus|S&amp;nbsp;''t''&amp;nbsp;a&amp;nbsp;''r''&amp;nbsp;u&amp;nbsp;''s'']]&lt;/font&gt; &amp;ndash; &lt;font color="0080C0"&gt;&lt;small&gt;[[Discussion Utilisateur:Starus|''&#161;D&#237;melo!'']]&lt;/small&gt;&lt;/font&gt; &lt;font color="FF8080"&gt;'''&amp;ndash;'''&lt;/font&gt; 16 mars 2013 &#224; 02:31 (CET)
:::Eh bien, comme je passe ci-dessous, j'en profite avec un peu de retard pour esp&#233;rer que vous avez dignement f&#234;t&#233; cela. Compliments et bougies, &lt;span style="font-family: Palatino Linotype, Book Antiqua, Palatino, serif; text-shadow:grey 0.1em 0.1em 0.2em; class=texhtml"&gt;[[Utilisateur:Mogador| &lt;font color="#800080"&gt;Mogador&lt;/font&gt;]]&lt;/span&gt; [[Discussion_Utilisateur:Mogador|&lt;big&gt;&lt;big&gt;&#9993;&lt;/big&gt;&lt;/big&gt;]] 18 mars 2013 &#224; 00:41 (CET)
::::Joyeux anniv {{Sourire}} (en retard, je sais). Amicalement, [[Utilisateur:Suprememangaka|SM]] &lt;small&gt;[[Discussion utilisateur:Suprememangaka|** &#12424;&#12358;&#12371;&#12381; **]]&lt;/small&gt; 18 mars 2013 &#224; 11:58 (CET)

==Majuscule==
Bonjour. Dans vos corrections concernant l'article sur le nouveau pape, vous avez remis une minuscule &#224; la fonction de &#171; P/provincial &#187; des j&#233;suites. Il me semble que c'est une fonction qui n&#233;cessite une majuscule de sens cf. par ex. http://www.jesuites.com/compagnons/grenet/index.html mais vous avez peut-&#234;tre de meilleures bases que les miennes &#224; ce sujet. Merci d'avance de votre r&#233;ponse, sans urgence. Cordialement, &lt;span style="font-family: Palatino Linotype, Book Antiqua, Palatino, serif; text-shadow:grey 0.1em 0.1em 0.2em; class=texhtml"&gt;[[Utilisateur:Mogador| &lt;font color="#800080"&gt;Mogador&lt;/font&gt;]]&lt;/span&gt; [[Discussion_Utilisateur:Mogador|&lt;big&gt;&lt;big&gt;&#9993;&lt;/big&gt;&lt;/big&gt;]] 18 mars 2013 &#224; 00:41 (CET)

== Demande de lecture ==

*'''Article :''' {{a|Mouvement nationaliste marocain}} ([[Projet:Maroc]])
*'''Propos&#233; par :''' [[Utilisateur:Reda benkhadra|Reda benkhadra]] ([[Discussion utilisateur:Reda benkhadra|d]]) 4 avril 2013 &#224; 14:40 (CEST)

*'''Travail demand&#233; :''' Relire l'article, corriger les erreurs de syntaxes et d&#8217;orthographe et puis ajouter des infos s'il faut  
*'''&#201;tat de la demande :'''
&lt;!--Une fois la demande faite, vous &#234;tes invit&#233; &#224; contacter vous-m&#234;me un relecteur sp&#233;cialis&#233; (voir lien en page d'accueil). Ceci n'emp&#234;che pas des relecteurs de se d&#233;signer spontan&#233;ment.

Pour aider &#224; la relecture, et l'acc&#233;l&#233;rer, il est conseill&#233; que vous passiez l'article au crible de la liste de v&#233;rification. Le mod&#232;le : {{subst:liste de v&#233;rification}} est &#224; mettre en PDD de l'article. Merci.--&gt;

== L'article Cat&#233;gorie:Concept libertaire est propos&#233; &#224; la suppression ==
[[Image:Icono consulta borrar.png|70px|link=|Page propos&#233;e &#224; la suppression|gauche]]
Bonjour,

L&#8217;article &#171; '''{{Lien &#224; supprimer|1=Cat&#233;gorie:Concept libertaire}}''' &#187; est propos&#233; &#224; la suppression ({{cf.}} [[Wikip&#233;dia:Pages &#224; supprimer]]). Apr&#232;s avoir pris connaissance des [[Wikip&#233;dia:Crit&#232;res d'admissibilit&#233; des articles|crit&#232;res g&#233;n&#233;raux d&#8217;admissibilit&#233; des articles]] et des [[:Cat&#233;gorie:Wikip&#233;dia:Admissibilit&#233; des articles|crit&#232;res sp&#233;cifiques]], vous pourrez [[Aide:Arguments &#224; &#233;viter lors d'une proc&#233;dure de suppression|donner votre avis]] sur la page de discussion '''[[{{TALKPAGENAME:Cat&#233;gorie:Concept libertaire}}/Suppression]]'''.

Le meilleur moyen d&#8217;obtenir un consensus pour la conservation de l&#8217;article est de fournir des [[Wikip&#233;dia:Citez vos sources|sources secondaires fiables et ind&#233;pendantes]]. Si vous ne pouvez trouver de telles sources, c&#8217;est que l&#8217;article n&#8217;est probablement pas admissible. N&#8217;oubliez pas que les [[Wikip&#233;dia:Principes fondateurs|principes fondateurs]] de Wikip&#233;dia ne garantissent aucun droit &#224; avoir un article sur Wikip&#233;dia. [[Utilisateur:Noelbabar|Noelbabar]] ([[Discussion utilisateur:Noelbabar|d]]) 11 avril 2013 &#224; 16:47 (CEST)

== L'article Thomas Wieder est propos&#233; &#224; la suppression ==
[[Image:Icono consulta borrar.png|70px|link=|Page propos&#233;e &#224; la suppression|gauche]]
Bonjour,

L&#8217;article &#171; '''{{Lien &#224; supprimer|1=Thomas Wieder}}''' &#187; est propos&#233; &#224; la suppression ({{cf.}} [[Wikip&#233;dia:Pages &#224; supprimer]]). Apr&#232;s avoir pris connaissance des [[Wikip&#233;dia:Crit&#232;res d'admissibilit&#233; des articles|crit&#232;res g&#233;n&#233;raux d&#8217;admissibilit&#233; des articles]] et des [[:Cat&#233;gorie:Wikip&#233;dia:Admissibilit&#233; des articles|crit&#232;res sp&#233;cifiques]], vous pourrez [[Aide:Arguments &#224; &#233;viter lors d'une proc&#233;dure de suppression|donner votre avis]] sur la page de discussion '''[[{{TALKPAGENAME:Thomas Wieder}}/Suppression]]'''.

Le meilleur moyen d&#8217;obtenir un consensus pour la conservation de l&#8217;article est de fournir des [[Wikip&#233;dia:Citez vos sources|sources secondaires fiables et ind&#233;pendantes]]. Si vous ne pouvez trouver de telles sources, c&#8217;est que l&#8217;article n&#8217;est probablement pas admissible. N&#8217;oubliez pas que les [[Wikip&#233;dia:Principes fondateurs|principes fondateurs]] de Wikip&#233;dia ne garantissent aucun droit &#224; avoir un article sur Wikip&#233;dia. [[Sp&#233;cial:Contributions/37.206.148.91|37.206.148.91]] ([[Discussion utilisateur:37.206.148.91|d]]) 17 avril 2013 &#224; 11:21 (CEST)

== L'article Alain Wieder est propos&#233; &#224; la suppression ==
[[Image:Icono consulta borrar.png|70px|link=|Page propos&#233;e &#224; la suppression|gauche]]
Bonjour,

L&#8217;article &#171; '''{{Lien &#224; supprimer|1=Alain Wieder}}''' &#187; est propos&#233; &#224; la suppression ({{cf.}} [[Wikip&#233;dia:Pages &#224; supprimer]]). Apr&#232;s avoir pris connaissance des [[Wikip&#233;dia:Crit&#232;res d'admissibilit&#233; des articles|crit&#232;res g&#233;n&#233;raux d&#8217;admissibilit&#233; des articles]] et des [[:Cat&#233;gorie:Wikip&#233;dia:Admissibilit&#233; des articles|crit&#232;res sp&#233;cifiques]], vous pourrez [[Aide:Arguments &#224; &#233;viter lors d'une proc&#233;dure de suppression|donner votre avis]] sur la page de discussion '''[[{{TALKPAGENAME:Alain Wieder}}/Suppression]]'''.

Le meilleur moyen d&#8217;obtenir un consensus pour la conservation de l&#8217;article est de fournir des [[Wikip&#233;dia:Citez vos sources|sources secondaires fiables et ind&#233;pendantes]]. Si vous ne pouvez trouver de telles sources, c&#8217;est que l&#8217;article n&#8217;est probablement pas admissible. N&#8217;oubliez pas que les [[Wikip&#233;dia:Principes fondateurs|principes fondateurs]] de Wikip&#233;dia ne garantissent aucun droit &#224; avoir un article sur Wikip&#233;dia. [[Sp&#233;cial:Contributions/37.206.148.91|37.206.148.91]] ([[Discussion utilisateur:37.206.148.91|d]]) 17 avril 2013 &#224; 11:27 (CEST)

== L'amie &#201;dith ==
Bonjour NM. &#192; peine venais-je de lire un artcle de presse sur Venner que j'ai voulu compl&#233;ter un d&#233;tail. Las ! Vous &#233;tiez sur le coup, d'o&#249; conflit d'&#233;dith. Vous &#234;tes plus rapide que moi, grrr... {{sourire}}. Cdlt. [[Utilisateur:Manacore|Manacore]] ([[Discussion utilisateur:Manacore|d]]) 22 mai 2013 &#224; 15:39 (CEST)

== L'article Pierre-Yves Bournazel est propos&#233; &#224; la suppression ==
[[Image:Icono consulta borrar.png|70px|link=|Page propos&#233;e &#224; la suppression|gauche]]
Bonjour,

L&#8217;article &#171; '''{{Lien &#224; supprimer|1=Pierre-Yves Bournazel}}''' &#187; est propos&#233; &#224; la suppression ({{cf.}} [[Wikip&#233;dia:Pages &#224; supprimer]]). Apr&#232;s avoir pris connaissance des [[Wikip&#233;dia:Crit&#232;res d'admissibilit&#233; des articles|crit&#232;res g&#233;n&#233;raux d&#8217;admissibilit&#233; des articles]] et des [[:Cat&#233;gorie:Wikip&#233;dia:Admissibilit&#233; des articles|crit&#232;res sp&#233;cifiques]], vous pourrez [[Aide:Arguments &#224; &#233;viter lors d'une proc&#233;dure de suppression|donner votre avis]] sur la page de discussion '''[[{{TALKPAGENAME:Pierre-Yves Bournazel}}/Suppression]]'''.

Le meilleur moyen d&#8217;obtenir un consensus pour la conservation de l&#8217;article est de fournir des [[Wikip&#233;dia:Citez vos sources|sources secondaires fiables et ind&#233;pendantes]]. Si vous ne pouvez trouver de telles sources, c&#8217;est que l&#8217;article n&#8217;est probablement pas admissible. N&#8217;oubliez pas que les [[Wikip&#233;dia:Principes fondateurs|principes fondateurs]] de Wikip&#233;dia ne garantissent aucun droit &#224; avoir un article sur Wikip&#233;dia. [[Utilisateur:Wanderer999|Wanderer999]] &lt;small&gt;([[Discussion Utilisateur:Wanderer999|d]])&lt;/small&gt; 2 juin 2013 &#224; 22:44 (CEST)

== Ortho-typographie ==

Je fais une derni&#232;re tentative. Oui, on &#233;crit sans doute selon le Lexique typographique de l'Imprimerie etc. (que j'ai, tout comme vous probablement, &#224; port&#233;e de main) &#171;&#160;Comit&#233; du 9-Mai&#160;&#187; et non &#171;&#160;Comit&#233; du 9 Mai&#160;&#187;. Non, la correction n'est pas pertinente : dans ce cas pr&#233;cis (dont j'ai toute la bibliographie &#233;galement &#224; port&#233;e de main) ni les sources primaires (photographie des banderoles de cort&#232;ges, annonces et communiqu&#233;s) ni les sources secondaires (auteurs que j'ai abondamment cit&#233;s) n'ont &#233;crit &#171; Comit&#233; du 9-Mai &#187;.

Tout comme on ne modifie pas les choix ortho-typographiques d'un auteur dans une citation, on ne modifie pas le nom de ce comit&#233;. Le souci de perfection en la mati&#232;re est une chose respectable et bienvenue, mais la rigueur dans le respect des sources prime. Je vous remercie, cela dit, pour vos autres corrections. --[[Utilisateur:OlsenCrave|OlsenCrave]] ([[Discussion utilisateur:OlsenCrave|d]]) 8 juin 2013 &#224; 15:33 (CEST)
: Vous ne comprenez pas. Je vous parle de rigueur dans le respect des sources, ce qui est &#224; la base du m&#233;tier de l'historien, vous me r&#233;pondez avec un avis personnel relevant d'une croisade individuelle totalement d&#233;plac&#233;e ici &#224; propos de choix de pure forme. Et cela alors qu'il s'agit d'un article auquel vous n'avez pas apport&#233; une once de contenu. Ne jouant &#224; ce point pas dans la m&#234;me cat&#233;gorie, nous allons avoir du mal &#224; trouver un terrain d'entente.
: Comme je ne vais pas davantage m'enquiquiner ni perdre mon temps avec vos interventions, nous allons en rester l&#224;, avec un &#233;norme soupir. --[[Utilisateur:OlsenCrave|OlsenCrave]] ([[Discussion utilisateur:OlsenCrave|d]]) 8 juin 2013 &#224; 15:49 (CEST)
::Ce n'est pas l'inattention de l'historien que vous corrigez, c'est une source que vous faussez : les cr&#233;ateurs de ce &#171; Comit&#233; du 9 Mai &#187; ignoraient tr&#232;s certainement que cela s'&#233;crit &#171; Comit&#233; du 9-Mai &#187;, ou n'en avaient cure. Votre &#171;&#160;correction&#160;&#187; fausse, m&#234;me si ce n'est qu'un d&#233;tail, l'image donn&#233;e par le vocable qu'ils ont choisi. Comprenez-vous ? --[[Utilisateur:OlsenCrave|OlsenCrave]] ([[Discussion utilisateur:OlsenCrave|d]]) 8 juin 2013 &#224; 16:04 (CEST)
Nulle envie de m'inviter dans le d&#233;bat, mais il me semble qu'un '''v''' s'est incrust&#233; dans ce [[Troisi&#232;me Vvoie (politique)|titre]]. &#8211; Je suis [[Utilisateur:Pilkarz|Pi&#322;karz]], et j'approuve ce message &lt;sup&gt;&amp;#91;[[Discussion utilisateur:Pilkarz|prendre contact]]&amp;#93;&lt;/sup&gt;, le 8 juin 2013 &#224; 17:11 (CEST)
== L'article &#338;uvre fran&#231;aise est propos&#233; &#224; la suppression ==
[[Image:Icono consulta borrar.png|70px|link=|Page propos&#233;e &#224; la suppression|gauche]]
Bonjour,

L&#8217;article &#171; '''{{Lien &#224; supprimer|1=&#338;uvre fran&#231;aise}}''' &#187; est propos&#233; &#224; la suppression ({{cf.}} [[Wikip&#233;dia:Pages &#224; supprimer]]). Apr&#232;s avoir pris connaissance des [[Wikip&#233;dia:Crit&#232;res d'admissibilit&#233; des articles|crit&#232;res g&#233;n&#233;raux d&#8217;admissibilit&#233; des articles]] et des [[:Cat&#233;gorie:Wikip&#233;dia:Admissibilit&#233; des articles|crit&#232;res sp&#233;cifiques]], vous pourrez [[Aide:Arguments &#224; &#233;viter lors d'une proc&#233;dure de suppression|donner votre avis]] sur la page de discussion '''[[{{TALKPAGENAME:&#338;uvre fran&#231;aise}}/Suppression]]'''.

Le meilleur moyen d&#8217;obtenir un consensus pour la conservation de l&#8217;article est de fournir des [[Wikip&#233;dia:Citez vos sources|sources secondaires fiables et ind&#233;pendantes]]. Si vous ne pouvez trouver de telles sources, c&#8217;est que l&#8217;article n&#8217;est probablement pas admissible. N&#8217;oubliez pas que les [[Wikip&#233;dia:Principes fondateurs|principes fondateurs]] de Wikip&#233;dia ne garantissent aucun droit &#224; avoir un article sur Wikip&#233;dia. [[Utilisateur:pixeltoo|pixeltoo]] &lt;small&gt;([[Discussion utilisateur:Pixeltoo|discuter]])&lt;/small&gt; 24 juillet 2013 &#224; 12:45 (CEST)

== Toute petite relecture ==
Bonjour Necrid Master. Je voudrais savoir s'il est possible de faire une petite relecture de l'article de [[Maroc aux Jeux olympiques d'hiver de 2010]]. Je vous remercie --[[Utilisateur:Reda benkhadra|&lt;span class="romain"&gt;Reda&lt;/span&gt;]] ([[Discussion utilisateur:Reda benkhadra|d]])  27 juillet 2013 &#224; 13:38 (CEST)

== Glossaire g&#233;ographique ==

Bonjour, juste un petit mot pour vous signaler que '''p&#345;ehr.''' peut aussi &#234;tre l'abr&#233;viation de ''p&#345;ehrada'' (barrage). Cordialement, --&#8212; [[User:Jfblanc|J.-F. B.]] &lt;sup&gt;([[User talk:Jfblanc|me&#180;n parlar]])&lt;/sup&gt; 10 ao&#251;t 2013 &#224; 16:02 (CEST)

== L'article Jann Halexander est propos&#233; &#224; la suppression ==
[[Image:Icono consulta borrar.png|70px|link=|Page propos&#233;e &#224; la suppression|gauche]]
Bonjour,

L&#8217;article &#171; '''{{Lien &#224; supprimer|1=Jann Halexander}}''' &#187; est propos&#233; &#224; la suppression ({{cf.}} [[Wikip&#233;dia:Pages &#224; supprimer]]). Apr&#232;s avoir pris connaissance des [[Wikip&#233;dia:Crit&#232;res d'admissibilit&#233; des articles|crit&#232;res g&#233;n&#233;raux d&#8217;admissibilit&#233; des articles]] et des [[:Cat&#233;gorie:Wikip&#233;dia:Admissibilit&#233; des articles|crit&#232;res sp&#233;cifiques]], vous pourrez [[Aide:Arguments &#224; &#233;viter lors d'une proc&#233;dure de suppression|donner votre avis]] sur la page de discussion '''[[{{TALKPAGENAME:Jann Halexander}}/Suppression]]'''.

Le meilleur moyen d&#8217;obtenir un consensus pour la conservation de l&#8217;article est de fournir des [[Wikip&#233;dia:Citez vos sources|sources secondaires fiables et ind&#233;pendantes]]. Si vous ne pouvez trouver de telles sources, c&#8217;est que l&#8217;article n&#8217;est probablement pas admissible. N&#8217;oubliez pas que les [[Wikip&#233;dia:Principes fondateurs|principes fondateurs]] de Wikip&#233;dia ne garantissent aucun droit &#224; avoir un article sur Wikip&#233;dia. [[Utilisateur:Turb|Turb]] ([[Discussion utilisateur:Turb|discuter]]) 1 septembre 2013 &#224; 18:58 (CEST)

== discussion projet &#233;checs ==

Bonjour,

viendriez-vous donner votre avis dans [[Discussion_Projet:&#201;checs#Convention_sur_les_majuscules_.28et_autres.29_suite|cette petite discussion]] visant &#224; clarifier les r&#232;gles de pr&#233;sentation des articles du projet &#233;checs ? (au d&#233;part j'ai pos&#233; une petite question sur les majuscules, &#231;a a pris des proportions importantes, autant tout clarifier). Merci.--[[Utilisateur:Soboky|Soboky]] &lt;sup&gt;&amp;#91;[[Discussion Utilisateur:Soboky|me r&#233;pondre]]&amp;#93;&lt;/sup&gt; 15 septembre 2013 &#224; 15:53 (CEST)

== sida ==

Bonjour, &#233;tant donn&#233; votre participation pass&#233;e &#224; l'article [[syndrome d'immunod&#233;ficience acquise]], je souhaiterais avoir votre avis concernant le [[Discussion:Syndrome d'immunod&#233;ficience acquise#Renommage de l'article|renommage]] de l'article. [[Utilisateur:Bloub&#233;ri|Bloub&#233;ri]] ([[Discussion utilisateur:Bloub&#233;ri|discuter]]) 26 septembre 2013 &#224; 13:49 (CEST)

== &#192; la recherche du drapeau historique de l'Empire seldjoukide ==

Voulez-vous contribuer &#224; la [[Discussion:Seldjoukides|recherche du drapeau historique des Seldjoukides]] ? [[Utilisateur:Hippo75|Hippo75]] ([[Discussion utilisateur:Hippo75|discuter]]) 3 octobre 2013 &#224; 18:39 (CEST)

== L'article Vivre avec Camus est propos&#233; &#224; la suppression ==
[[Image:Icono consulta borrar.png|70px|link=|Page propos&#233;e &#224; la suppression|gauche]]
Bonjour,

L&#8217;article &#171; '''{{Lien &#224; supprimer|1=Vivre avec Camus}}''' &#187; est propos&#233; &#224; la suppression ({{cf.}} [[Wikip&#233;dia:Pages &#224; supprimer]]). Apr&#232;s avoir pris connaissance des [[Wikip&#233;dia:Crit&#232;res d'admissibilit&#233; des articles|crit&#232;res g&#233;n&#233;raux d&#8217;admissibilit&#233; des articles]] et des [[:Cat&#233;gorie:Wikip&#233;dia:Admissibilit&#233; des articles|crit&#232;res sp&#233;cifiques]], vous pourrez [[Aide:Arguments &#224; &#233;viter lors d'une proc&#233;dure de suppression|donner votre avis]] sur la page de discussion '''[[{{TALKPAGENAME:Vivre avec Camus}}/Suppression]]'''.

Le meilleur moyen d&#8217;obtenir un consensus pour la conservation de l&#8217;article est de fournir des [[Wikip&#233;dia:Citez vos sources|sources secondaires fiables et ind&#233;pendantes]]. Si vous ne pouvez trouver de telles sources, c&#8217;est que l&#8217;article n&#8217;est probablement pas admissible. N&#8217;oubliez pas que les [[Wikip&#233;dia:Principes fondateurs|principes fondateurs]] de Wikip&#233;dia ne garantissent aucun droit &#224; avoir un article sur Wikip&#233;dia. &#8212; [[Utilisateur:Azurfrog|Azurfrog]] &lt;sup&gt;&lt;small&gt;&amp;#91;[[Discussion Utilisateur:Azurfrog|&#2344;&#2368;&#2354;&#2375; &#2350;&#2375;&#2306;&#2338;&#2325; &#2325;&#2375; &#2360;&#2366;&#2341; &#2348;&#2366;&#2340; &#2325;&#2352;&#2344;&#2366;]]&amp;#93;&lt;/small&gt;&lt;/sup&gt;  9 octobre 2013 &#224; 21:35 (CEST)

== Guerre d'&#233;dition&amp;#32; sur &#171; Alain Soral &#187; ==
[[Image:R3R.svg|50px|left]]
Bonjour. Vous semblez engag&#233;(e) dans une [[Wikip&#233;dia:guerre d'&#233;dition|guerre d&#8217;&#233;dition]]&amp;#32; sur l&#8217;article [[:Alain Soral]]. La recommandation appel&#233;e [[Wikip&#233;dia:r&#232;gle des trois r&#233;vocations|r&#232;gle des trois r&#233;vocations]] dit qu&#8217;un contributeur ne peut effectuer trois r&#233;vocations ou davantage sur tout ou partie d&#8217;un article sur une dur&#233;e de 24 heures cons&#233;cutives. Un compte utilisateur qui r&#233;voque les contributions d&#8217;autres wikip&#233;diens sur un m&#234;me article &#224; plusieurs reprises peut se voir [[Wikip&#233;dia:Blocage en &#233;criture|bloqu&#233;]] pour &#233;viter une [[Wikip&#233;dia:guerre d'&#233;dition|guerre d&#8217;&#233;dition]]. Vous &#234;tes pri&#233;(e) de cesser imm&#233;diatement vos r&#233;vocations et de rechercher pr&#233;f&#233;rablement un consensus avec les autres wikip&#233;diens en engageant avec eux un dialogue sur la [[Aide:discussion|page de discussion]]. Merci. Cordialement, &lt;span style="padding-left: 5pt; font-size: 0.9em; letter-spacing: 0.1em"&gt;&amp;mdash;&amp;thinsp;'''[[User:Racconish|Racconish]]'''[[Discussion utilisateur:Racconish|&lt;sup&gt; &lt;small&gt; D &lt;/small&gt;&lt;/sup&gt;]]&lt;/span&gt; 14 novembre 2013 &#224; 16:21 (CET)

== Cat&#233;gorisation par ann&#233;es des articles de SF ==

J'envoie ce message &#224; tous ceux ou celles inscrit(e)s sur le Projet:SF.

Il y a quelque temps, j'ai cr&#233;&#233; les cat&#233;gories par ann&#233;e ; exemple : [[:Cat&#233;gorie:1950 en science-fiction]], [[:Cat&#233;gorie:1951 en science-fiction]], etc, etc.

Puis, lorsque j'ai estim&#233; disposer d'assez de &#171; mati&#232;re &#187;, je me suis dit que je pouvais passer &#224; l'&#233;tape suivante : cr&#233;er les articles aff&#233;rents.

J'ai donc, &#224; titre d'essais, cr&#233;&#233; deux articles sur la base des cat&#233;gories existantes. J'ai pris deux &#171; ann&#233;es banales &#187; : [[1967 en science-fiction]] et [[1972 en science-fiction]].

Afin de pouvoir faire comme dans d'autres cat&#233;gories, o&#249; pour un roman paru en 1967 on &#233;crit dans le corps de la page "1967 en litt&#233;rature", j'ai cr&#233;&#233; les sous-pages [[1967 en litt&#233;rature de science-fiction]] et [[1972 en litt&#233;rature de science-fiction]] qui sont des d&#233;membrements permettant d'all&#233;ger l&#8217;article principal et d'avoir un article &#171; coh&#233;rent &#187; avec une cat&#233;gorisation sp&#233;cifique.

Ainsi je vous demande de bien vouloir donner votre avis :
* sur la cr&#233;ation des cat&#233;gories ann&#233;es par ann&#233;es pour la SF (je continue pour les autres ann&#233;es ?) ;
* sur la cr&#233;ation des pages [[1967 en science-fiction]] et [[1972 en science-fiction]] (je continue pour les autres ann&#233;es avec rattachements aux cat&#233;gories aff&#233;rentes ?) ;
* sur la cr&#233;ation des pages [[1967 en litt&#233;rature de science-fiction]] et [[1972 en litt&#233;rature de science-fiction]] (je continue pour les autres ann&#233;es avec rattachements aux cat&#233;gories aff&#233;rentes ?) ;
* sur le fait que dans le corps des articles, au lieu de marquer "1967 en litt&#233;rature" on utilise "1967 en litt&#233;rtaure de science-fiction" (exemple : roman paru en [[1967 en litt&#233;rature|1967]] devient roman paru en [[1967 en litt&#233;rature de science-fiction|1967]]).

'''Note importante :''' j'envisage de faire la m&#234;me chose avec les pages de fantasy (romans, films, BD, etc). J'ai d&#233;j&#224; cr&#233;&#233; &#224; titre d'essai la [[:Cat&#233;gorie:2004 en fantasy]].

Vous pouvez [https://fr.wikipedia.org/w/index.php?title=Discussion_Projet:SF#Cat.C3.A9gorisation_par_ann.C3.A9es_des_articles_de_SF donner votre avis ici].

--[[Utilisateur:&#201;ric Messel|&#201;ric Messel]] ([[Discussion utilisateur:&#201;ric Messel|discussion]]) 20 novembre 2013 &#224; 21:55 (CET)

== R&#233;f&#233;rence pour le nom de naissance de Alain de Benoist ==

Bonjour Necrid Master,

Vous avez [https://fr.wikipedia.org/w/index.php?title=Alain_de_Benoist&amp;diff=37680275&amp;oldid=37664047 ajout&#233; en 2009] une r&#233;f&#233;rence concernant le nom de naissance de [[Alain de Benoist]], [https://fr.wikipedia.org/w/index.php?title=Alain_de_Benoist&amp;diff=37624413&amp;oldid=37294599 ajout&#233; par Jean-Jacques Georges] quelques jours avant. Cette r&#233;f&#233;rence mentionne un livre mais pas la page du livre o&#249; l&#8217;on peut trouver cette information. Il se trouve que je dispose moi-m&#234;me de ce livre, et en regardant (rapidement) via l&#8217;index des noms propres les pages citant Alain de Benoist, je n&#8217;ai pas r&#233;ussi &#224; retrouver cette information. Pourriez-vous donc pr&#233;ciser cette r&#233;f&#233;rence si vous disposez toujours du livre ? Merci. -- [[Utilisateur:XoLm56|XoLm56]] ([[Discussion utilisateur:XoLm56|discuter]]) 3 d&#233;cembre 2013 &#224; 19:27 (CET)
:Bonjour, je me permets de revenir vers vous concernant cette r&#233;f&#233;rence, avant d'ouvrir un sujet en page de discussion de l'article. Cordialement, [[Utilisateur:XoLm56|XoLm56]] ([[Discussion utilisateur:XoLm56|discuter]]) 16 d&#233;cembre 2013 &#224; 18:52 (CET).
::Aucune id&#233;e. Je sais que je l'ai lu quelque part (mais o&#249; ? Je ne me souviens plus tr&#232;s bien). Toujours est-il que la famille de Benoist de Gentissard est bien r&#233;f&#233;renc&#233;e ; &#231;a devrait pouvoir se trouver... [[Utilisateur:Necrid Master|Necrid Master]] ([[Discussion utilisateur:Necrid Master|discuter]]) 18 d&#233;cembre 2013 &#224; 15:51 (CET)
:::Quelque part : vous voulez dire dans le livre de Milza, ou quelque part tout court ? Car j'ai bien relu le chapitre sur la Nouvelle Droite et je suis s&#251;r en tout cas que &#231;a n'est pas l&#224;. Comme il n'y a ensuite que deux autres pages o&#249; ce nom est cit&#233; de mani&#232;re anecdotique, je dois vous avouer que je doute un peu que ce soit dans ce livre. Peut-&#234;tre de Benoist de Gentissard est-il effectivement r&#233;f&#233;renc&#233;, mais comme dans l'autre source cit&#233;e dans l'article de Benoist lui-m&#234;me dit que c'est une erreur de l'appeler de Benoist de Gentissart, je serais quand m&#234;me tent&#233;, en l'absence d'autres sources, de remettre le {{m|refnec}} qu'il y avait au d&#233;part. -- [[Utilisateur:XoLm56|XoLm56]] ([[Discussion utilisateur:XoLm56|discuter]]) 18 d&#233;cembre 2013 &#224; 16:16 (CET).

== Article Alain Soral ==

Apparemment vous avez d&#233;j&#224; re&#231;u un avertissement pour vous &#234;tre engag&#233; dans une guerre d'&#233;dition sur ce m&#234;me article, il me suffit de contacter un administrateur si vous persistez &#224; annuler mes modifications arbitrairement et vous savez qu'on ne vous donnera pas raison. Je vous rappelle que toute information doit &#234;tre sourc&#233;e, sinon on s'&#233;loigne du principe encyclop&#233;dique, ce n'est pas moi qui fait les r&#232;gles. --[[Utilisateur:Penellope|Penellope]] ([[Discussion utilisateur:Penellope|discuter]]) 1 janvier 2014 &#224; 16:16 (CET)

== L'article Marcel Bissey est propos&#233; &#224; la suppression ==
[[Image:Icono consulta borrar.png|70px|link=|Page propos&#233;e &#224; la suppression|gauche]]
Bonjour,

L&#8217;article &#171; '''{{Lien &#224; supprimer|1=Marcel Bissey}}''' &#187; est propos&#233; &#224; la suppression ({{cf.}} [[Wikip&#233;dia:Pages &#224; supprimer]]). Apr&#232;s avoir pris connaissance des [[Wikip&#233;dia:Crit&#232;res d'admissibilit&#233; des articles|crit&#232;res g&#233;n&#233;raux d&#8217;admissibilit&#233; des articles]] et des [[:Cat&#233;gorie:Wikip&#233;dia:Admissibilit&#233; des articles|crit&#232;res sp&#233;cifiques]], vous pourrez [[Aide:Arguments &#224; &#233;viter lors d'une proc&#233;dure de suppression|donner votre avis]] sur la page de discussion '''[[{{TALKPAGENAME:Marcel Bissey}}/Suppression]]'''.

Le meilleur moyen d&#8217;obtenir un consensus pour la conservation de l&#8217;article est de fournir des [[Wikip&#233;dia:Citez vos sources|sources secondaires fiables et ind&#233;pendantes]]. Si vous ne pouvez trouver de telles sources, c&#8217;est que l&#8217;article n&#8217;est probablement pas admissible. N&#8217;oubliez pas que les [[Wikip&#233;dia:Principes fondateurs|principes fondateurs]] de Wikip&#233;dia ne garantissent aucun droit &#224; avoir un article sur Wikip&#233;dia. &amp;#124;[[Utilisateur:Passoa15|&lt;tt&gt;&lt;b&gt; Passoa15&lt;/b&gt; &lt;/tt&gt;]]&amp;#124;&lt;i&gt;&lt;tt&gt;[[Discussion Utilisateur:Passoa15| &lt;small&gt;me parler&lt;/small&gt; ]]&lt;/tt&gt;&lt;/i&gt;&amp;#124; 21 janvier 2014 &#224; 15:05 (CET)

== L'article [[La Manif pour tous]] a &#233;t&#233; restaur&#233; ==
[[Image:Icono consulta borrar.png|70px|link=|Page propos&#233;e &#224; la suppression|gauche]]
Bonjour,

L&#8217;article &#171; '''{{Lien &#224; supprimer|1=La Manif pour tous}}''' &#187; est en d&#233;bat d'admissibilit&#233; ({{cf.}} [[Wikip&#233;dia:Pages &#224; supprimer]]) suite &#224; une DRP. Apr&#232;s avoir pris connaissance des [[Wikip&#233;dia:Crit&#232;res d'admissibilit&#233; des articles|crit&#232;res g&#233;n&#233;raux d&#8217;admissibilit&#233; des articles]] et des [[:Cat&#233;gorie:Wikip&#233;dia:Admissibilit&#233; des articles|crit&#232;res sp&#233;cifiques]], vous pourrez [[Aide:Arguments &#224; &#233;viter lors d'une proc&#233;dure de suppression|donner votre avis]] sur la page de discussion '''[[{{TALKPAGENAME:La Manif pour tous}}/Suppression]]'''.

Le meilleur moyen d&#8217;obtenir un consensus pour la conservation de l&#8217;article est de fournir des [[Wikip&#233;dia:Citez vos sources|sources secondaires fiables et ind&#233;pendantes]]. Si vous ne pouvez trouver de telles sources, c&#8217;est que l&#8217;article n&#8217;est probablement pas admissible. N&#8217;oubliez pas que les [[Wikip&#233;dia:Principes fondateurs|principes fondateurs]] de Wikip&#233;dia ne garantissent aucun droit &#224; avoir un article sur Wikip&#233;dia. [[Utilisateur:Guillaume70|Guillaume]] &lt;small&gt;([[Discussion Utilisateur:Guillaume70|bah?]], [[Sp&#233;cial:Contributions/Guillaume70|qu'ai-je fait?]])&lt;/small&gt; 28 janvier 2014 &#224; 12:33 (CET)</text>
      <sha1>pgcueumg6z2ghc6q6u9b1q9nc5kr35i</sha1>
      <model>wikitext</model>
      <format>text/x-wiki</format>
    </revision>
  </page>
