<page xmlns="http://www.mediawiki.org/xml/export-0.8/" xmlns:xsi="http://www.w3.org/2001/XMLSchema-instance">
    <title>Discussion utilisateur:Annabelleg</title>
    <ns>3</ns>
    <id>6402806</id>
    <revision>
      <id>80533547</id>
      <parentid>80511990</parentid>
      <timestamp>2012-07-06T09:34:09Z</timestamp>
      <contributor>
        <username>Annabelleg</username>
        <id>1321305</id>
      </contributor>
      <comment>/* Chiropractie */</comment>
      <text xml:space="preserve">&lt;div class="globegris plainlinks" style="width:100%; height: auto; border-right:1px solid #a7d7f9; vertical-align:top; -moz-border-radius: 10px; -webkit-border-radius: 10px; border-radius:10px; padding: 5px 5px 0 0;background-repeat:no-repeat; background-position:105% -15px; "&gt;

&lt;div style="padding: 0; width: 60%; float: left; font-size: 1em;"&gt;
&lt;p style="display: block; padding: 5px; margin: 2% 0 0 0; border: none; border-left: 5px solid #a7d7f9; font-size: 132%;"&gt;'''Bienvenue sur Wikip&#233;dia, {{BASEPAGENAME}} !'''&lt;/p&gt;
&lt;div style="padding-left: 5%;margin : 10px 0 0 0"&gt;
Je suis [[user:Chatsam|Chatsam]], b&#233;n&#233;vole sur Wikip&#233;dia pour l&#8217;accueil et l&#8217;aide aux d&#233;butants. Si vous avez besoin d'aide, n&#8217;h&#233;sitez pas &#224; me contacter sur ma [[user talk:Chatsam|page de discussion]] ; j'essayerai de vous r&#233;pondre aussi vite que possible.

Wikip&#233;dia est une formidable aventure, toujours en construction ! L'encyclop&#233;die comporte aujourd'hui {{NUMBEROFARTICLES}} articles en fran&#231;ais portant sur le savoir reconnu, r&#233;dig&#233;s par des b&#233;n&#233;voles passionn&#233;s suivant des [[Wikip&#233;dia:Principes fondateurs|'''principes fondateurs''' respect&#233;s par tous]] : encyclop&#233;disme, neutralit&#233;, licence libre, savoir-vivre, audace et innovation.

Vous nous rejoignez afin de partager vos savoirs ? Vous pouvez d'ores et d&#233;j&#224; corriger ou am&#233;liorer des articles existants, en utilisant des informations de qualit&#233; et v&#233;rifiables, participer aux discussions, cr&#233;er de nouveaux articles... Je vous invite donc &#224; d&#233;couvrir comment faire vos [[Aide:Premiers pas|premiers pas]] afin de participer &#224; Wikip&#233;dia.

Un [[Aide:Livret Bienvenue sur Wikip&#233;dia|livret d'aide]] reprenant l&#8217;essentiel &#224; conna&#238;tre est &#233;galement &#224; votre disposition si vous en avez besoin.
{{clr|left}}

Je vous souhaite de prendre du plaisir &#224; contribuer &#224; Wikip&#233;dia ! 

&#192; bient&#244;t, 
&lt;/div&gt;
&lt;/div&gt;
&lt;div style="width:30%; float: left; padding-left:5%;"&gt;
&lt;p style="color:#444; font-weight: bold; font-size: 116%;border-bottom: 1px dotted #a7d7f9; padding-top: 0.55em;"&gt;L'indispensable&lt;/p&gt;
* [[Wikip&#233;dia:Principes fondateurs|Principes fondateurs]]
* [[Aide:Tout l'indispensable...|Tout l'indispensable&#8230;]]
* [[WP:Crit&#232;res d'admissibilit&#233; des articles|Crit&#232;res d'admissibilit&#233; des articles]]

&lt;p style="color:#444; font-weight: bold;border-bottom: 1px dotted #a7d7f9; padding-top: 0.55em;"&gt;Ressources utiles&lt;/p&gt;
* [[Aide:Sommaire|Sommaire de l'aide]]
* [[Aide:Que faire sur Wikip&#233;dia ?|Que faire sur Wikip&#233;dia ?]]
* [[Wikip&#233;dia:Citez vos sources|Comment apporter des sources ?]]
* [[Wikip&#233;dia:Ce que Wikip&#233;dia n'est pas|Wikip&#233;dia n&#8217;est pas&#8230;]]
* [[Aide:Jargon de Wikip&#233;dia|Jargon de Wikip&#233;dia]]

&lt;p style="color:#444; font-weight: bold;border-bottom: 1px dotted #a7d7f9; padding-top: 0.55em;"&gt;Vos pages&lt;/p&gt;
* [[Utilisateur:{{PAGENAME}}|Acc&#233;der &#224; ma page personnelle]]
* [{{fullurl:Utilisateur:{{PAGENAME}}/Brouillon|action=edit&amp;redlink=1&amp;editintro=Mod&#232;le:Brouillon/message}} Faire un brouillon]

&lt;p style="color:#444; font-weight: bold;border-bottom: 1px dotted #a7d7f9; padding-top: 0.55em;"&gt;La communaut&#233;&lt;/p&gt;
* [[Wikip&#233;dia:Accueil de la communaut&#233;|Accueil de la communaut&#233;]]
* [[Wikip&#233;dia:Forum des nouveaux|Forum d'aide aux nouveaux]]
* [[Wikip&#233;dia:Wikimag|Wikimag]] et [[Wikip&#233;dia:Regards sur l'actualit&#233; de la Wikimedia|actualit&#233;s Wikimedia]]

&lt;/div&gt;
{{clr}}
&lt;div style="background:#a7d7f9;padding:.3em;margin:10px 5% 0 65%;text-align:center;-moz-border-radius:10px 10px 0 10px; -webkit-border-radius:10px 10px 0 10px; border-radius:10px 10px 0 10px;"&gt;[[Aide:Premiers pas|'''Commencer &#224; contribuer''' &#8594; ]]&lt;/div&gt;
{{clr}}
&lt;/div&gt; [[user:Chatsam|Chatsam]] 4 juillet 2012 &#224; 09:03 (CEST)

== Salebot a annul&#233; votre modification sur [[Chiropratique]]==
{|
|-
|valign="top"|[[File:Salebot.png|90px]]
|class="WSerieH plainlinks" style="width:100%;margin-top:2em;border:1px solid #FF8080;padding:5px;"|Bonjour, '''{{BASEPAGENAME}}''',

Vous avez d&#233;couvert comme il est facile de modifier l&#8217;encyclop&#233;die [[Wikip&#233;dia]].

[[Utilisateur:Salebot|Salebot]] est un [[Wikip&#233;dia:Bot|bot]] (un programme enti&#232;rement automatis&#233;) de lutte contre le [[Wikip&#233;dia:Vandalisme|vandalisme]]. Il a analys&#233; votre modification, l'a jug&#233;e suspecte, et l'a donc annul&#233;e.

'''Si le bot a fait une erreur de d&#233;tection''', vous pouvez d&#233;faire sa modification. Le bot n'annulera pas &#224; nouveau votre modification, sauf si une de vos modifications pr&#233;c&#233;dentes a d&#233;j&#224; &#233;t&#233; r&#233;voqu&#233;e par un autre participant. Vous pouvez &#233;galement contacter son dresseur, [[Discussion Utilisateur:Gribeco|Gribeco]]. &lt;br /&gt;
Pr&#233;cisez le diff : http://fr.wikipedia.org/w/index.php?diff=80462127&amp;oldid=80462082&amp;rcid=81541478 &lt;small&gt;(vous pouvez le copier-coller)&lt;/small&gt;.

----
'''Le robot a d&#233;tect&#233; :''' ''grosse suppression ; R&#233;vocation pr&#233;c&#233;dente par des humains''.

''Si ce message est pr&#233;sent sur votre page de discussion et que vous ne comprenez pas pourquoi, il est vraisemblable que votre fournisseur d'acc&#232;s internet utilise des adresses dynamiques, et que l'adresse que vous utilisez actuellement a &#233;t&#233; utilis&#233;e autrefois par quelqu'un qui a d&#233;t&#233;rior&#233; le contenu de Wikip&#233;dia.''
|}&lt;br&gt;
--[[user:Salebot|Salebot]] ([[WP:BOT|bot]] de [[projet:maintenance|maintenance]]) ([[user talk:Salebot|d]]) 4 juillet 2012 &#224; 09:16 (CEST)
{{test2}} [[Utilisateur:K&#245;an|&lt;font face="Calibri"&gt;K &#245; a n&lt;font color="white"&gt;-&lt;/font&gt;&lt;/font&gt;]]&lt;font color="white"&gt;-&lt;/font&gt;&lt;sup&gt;[[Discussion Utilisateur:K&#245;an|&lt;font face="Calibri"&gt;Zen&lt;/font&gt;]]&lt;/sup&gt; 4 juillet 2012 &#224; 09:22 (CEST)

== Chiropractie == ce sont les textes de loi...

Bonjour Annabelleg,
Vous &#234;tes nouvelle sur Wikip&#233;dia... et &#231;a se voit un peu. Si vous &#234;tes personnellement impliqu&#233;e dans la chiropractie, il serait utile que vous &#233;tudiez le [[WP:style|style encyclop&#233;dique]] de r&#233;daction et l'usage des [[WP:SOURCES|sources]], en particulier les sources secondaires. Les discussions en page de discussion de l'article montrent que plusieurs personnes tentent de corriger cet article, mais d'une fa&#231;on trop anarchique qui ne conduira qu'&#224; des annulations et des conflits. Cordialement, [[Utilisateur:K&#245;an|&lt;font face="Calibri"&gt;K &#245; a n&lt;font color="white"&gt;-&lt;/font&gt;&lt;/font&gt;]]&lt;font color="white"&gt;-&lt;/font&gt;&lt;sup&gt;[[Discussion Utilisateur:K&#245;an|&lt;font face="Calibri"&gt;Zen&lt;/font&gt;]]&lt;/sup&gt; 5 juillet 2012 &#224; 14:02 (CEST)
:on dit chiropratique ou chiropraxie" la chiropractie n'existe pas
::chiropractie est un terme tr&#232;s fr&#233;quemment utilis&#233;. Je ne sais donc pas qui est le "on" de "on dit". [[Utilisateur:K&#245;an|&lt;font face="Calibri"&gt;K &#245; a n&lt;font color="white"&gt;-&lt;/font&gt;&lt;/font&gt;]]&lt;font color="white"&gt;-&lt;/font&gt;&lt;sup&gt;[[Discussion Utilisateur:K&#245;an|&lt;font face="Calibri"&gt;Zen&lt;/font&gt;]]&lt;/sup&gt; 5 juillet 2012 &#224; 18:44 (CEST)</text>
      <sha1>3e61liy9dk9f3lk7gi35ayjivkizvnq</sha1>
      <model>wikitext</model>
      <format>text/x-wiki</format>
    </revision>
  </page>
