<page xmlns="http://www.mediawiki.org/xml/export-0.8/" xmlns:xsi="http://www.w3.org/2001/XMLSchema-instance">
    <title>Discussion utilisateur:Jack in the box</title>
    <ns>3</ns>
    <id>1997905</id>
    <revision>
      <id>91225510</id>
      <parentid>73534321</parentid>
      <timestamp>2013-03-24T13:38:25Z</timestamp>
      <contributor>
        <username>BonifaceFR</username>
        <id>1169410</id>
      </contributor>
      <minor/>
      <comment>OK mais {{Faut sourcer}}</comment>
      <text xml:space="preserve">== Analyse du 20 d&#233;cembre 2011 ==
* [[Anne de Constantinople]] est :
** un article non cat&#233;goris&#233;
[[Utilisateur:Badmood|Badmood]] ([[Discussion utilisateur:Badmood|d]]) 20 d&#233;cembre 2011 &#224; 14:42 (CET)

== [[P&#233;diculose#Autres traitements|P&#233;diculose]] ==
Bonjour. Concernant [[P&#233;diculose#Autres traitements|le paragraphe]] de l'article {{a|P&#233;diculose}}, je suis partisan, comme dans tout article que je lis et auquel je peut contribuer &#224; tout hasard, de l'[[axiome]] [[Wikip%C3%A9dia:Satire_de_Wikip%C3%A9dia#Sourcer.2C_toujours_sourcer|&#171;&#160;pas de source, pas d'article&#160;&#187;]]
{{Faut sourcer|P&#233;diculose}}--[[Utilisateur:BonifaceFR|BonifaceFR]] ([[Discussion utilisateur:BonifaceFR|d]]) 24 mars 2013 &#224; 14:38 (CET)</text>
      <sha1>j9xkjq79d1dnuzqsu87j4n32ka33inv</sha1>
      <model>wikitext</model>
      <format>text/x-wiki</format>
    </revision>
  </page>
