<page xmlns="http://www.mediawiki.org/xml/export-0.8/" xmlns:xsi="http://www.w3.org/2001/XMLSchema-instance">
    <title>Discussion utilisateur:J-L Cavey</title>
    <ns>3</ns>
    <id>1006967</id>
    <revision>
      <id>61300967</id>
      <parentid>61300878</parentid>
      <timestamp>2011-01-15T13:51:56Z</timestamp>
      <contributor>
        <ip>212.198.158.98</ip>
      </contributor>
      <comment>R&#233;sum&#233; automatique : contenu remplac&#233; par &#171; Page supprim&#233;e par Jean-Luc Cavey : je quitte wikip&#233;dia (pour autant que Wikip&#233;dia me permette de le faire...). &#187;.</comment>
      <text xml:space="preserve">Page supprim&#233;e par Jean-Luc Cavey : je quitte wikip&#233;dia (pour autant que Wikip&#233;dia me permette de le faire...).</text>
      <sha1>6t93lvntfjkiqkc44mvnhsiqdtty5hf</sha1>
      <model>wikitext</model>
      <format>text/x-wiki</format>
    </revision>
  </page>
