<page xmlns="http://www.mediawiki.org/xml/export-0.8/" xmlns:xsi="http://www.w3.org/2001/XMLSchema-instance">
    <title>Discussion utilisateur:MIRROR</title>
    <ns>3</ns>
    <id>1178724</id>
    <revision>
      <id>87785660</id>
      <parentid>87541519</parentid>
      <timestamp>2013-01-18T19:25:58Z</timestamp>
      <contributor>
        <username>Cantons-de-l'Est</username>
        <id>502332</id>
      </contributor>
      <minor/>
      <comment>[[Wikip&#233;dia:RAW/2013-01-13|RAW 2013-01-13]]</comment>
      <text xml:space="preserve">Archive [[/archive1|2006-mars 2012]]

== [[Wikip&#233;dia:Regards sur l'actualit&#233; de la Wikimedia/2012/13|RAW 45]] ==
{{Regards sur l'actualit&#233; de la Wikimedia/PdD|2012|13}}
&#8212; [[user_talk:Cantons-de-l'Est|Cantons-de-l'Est]] 30 mars 2012 &#224; 04:10 (CEST)

== [[Wikip&#233;dia:Regards sur l'actualit&#233; de la Wikimedia/2012/14|RAW 46]] ==
{{Regards sur l'actualit&#233; de la Wikimedia/PdD|2012|14}}
&#8212; [[user_talk:Cantons-de-l'Est|Cantons-de-l'Est]] 6 avril 2012 &#224; 00:18 (CEST)

== Tachyon - absurdit&#233; d'une demande de r&#233;f&#233;rence ==

Bonjour,

Vous estimez qu'il est absurde de demander une r&#233;f&#233;rence portant sur une d&#233;finition. Mais la r&#233;f&#233;rence demand&#233;e ne porte pas sur cette d&#233;finition :

La phrase incrimin&#233;e stipule en effet que cette particule ne peut aller moins vite que la lumi&#232;re, or aucune phrase dans cette article ne stipule qu'une particule qui va 'plus vite que la lumi&#232;re' ne peut, dans d'autres conditions, aller moins vite.

La demande de r&#233;f&#233;rence est donc relative au fait qu'une particule plus rapide que la lumi&#232;re soit cantonn&#233;e &#224; cette barri&#232;re.
Prouvez-moi qu'une particule ne peut passer un tel seuil, et la r&#233;f&#233;rence ne sera plus n&#233;cessaire.

Cordialement

== [[Wikip&#233;dia:Regards_sur_l'actualit&#233;_de_la_Wikimedia/2012/15#Br.C3.A8ves|RAW 47]] ==
{{Regards sur l'actualit&#233; de la Wikimedia/PdD|2012|15}}
&#8212; [[user_talk:Cantons-de-l'Est|Cantons-de-l'Est]] 13 avril 2012 &#224; 01:20 (CEST)

== [[Mod&#232;le:Check date]]==
B'jour, le mod&#232;le est inutilis&#233;, il me semble, j'ai du mal &#224; comprendre son utilit&#233; (si on arrive &#224; mettre le mod&#232;le, on peut mettre la date sous la bonne forme pour moins d'effort). Est ce que je peux demander sa suppression ? --[[Utilisateur:Nouill|Nouill]] ([[Discussion utilisateur:Nouill|d]]) 19 avril 2012 &#224; 04:14 (CEST)
:yo, j'en avais eu besoin pour importer le mod&#232;le probl&#232;mes multiples. &#231;a servait &#224; la cat&#233;gorisation automatique des bandeaux qui ont un param&#232;tre date. &#231;a semble ok maintenant de l'effacer&amp;nbsp;- '''&lt;font color="black"&gt;[[User:MIRROR|m&lt;span style="font-variant:small-caps"&gt;irror&lt;/span&gt;]]&lt;/font&gt;''' &#9763; &lt;font color="black"&gt;[[User Talk:mIRROR|&lt;span style="font-variant:small-caps"&gt;&lt;small&gt;R&lt;/small&gt;&#7441;&#7449;&#7450;i&lt;/span&gt;m]]&lt;/font&gt;&amp;nbsp; 19 avril 2012 &#224; 11:28 (CEST)

== [[Wikip&#233;dia:Regards_sur_l'actualit&#233;_de_la_Wikimedia/2012/16#Br.C3.A8ves|RAW 48]] ==
{{Regards sur l'actualit&#233; de la Wikimedia/PdD|2012|16}}
&#8212; [[user_talk:Cantons-de-l'Est|Cantons-de-l'Est]] 19 avril 2012 &#224; 19:27 (CEST)

== [[Wikip&#233;dia:Regards sur l'actualit&#233; de la Wikimedia/2012/17#Br&#232;ves|RAW 49]] ==
{{Regards sur l'actualit&#233; de la Wikimedia/PdD|2012|17}}
&#8212; [[user_talk:Cantons-de-l'Est|Cantons-de-l'Est]] 27 avril 2012 &#224; 03:31 (CEST)

== [[Wikip&#233;dia:Regards sur l'actualit&#233; de la Wikimedia/2012/18|RAW 50]] ==
{{Regards sur l'actualit&#233; de la Wikimedia/PdD|2012|18}}
&#8212; [[user_talk:Cantons-de-l'Est|Cantons-de-l'Est]] 4 mai 2012 &#224; 13:08 (CEST)

== Relecture ==

Salut, encore moi et avec un nouvel article ! Je souhaiterais une relecture de la [[discographie de Foo Fighters]] dans le cadre d'une future labellisation en AdQ. J'esp&#232;re que tu as un peu de temps pour le faire. Merci &lt;small&gt;[[Discussion_utilisateur:ORL_PU|&lt;span style="color:#ff0000"&gt;/!\&lt;/span&gt;]]&lt;/small&gt; [[Utilisateur:ORL_PU|'''ORL.''']] &lt;small&gt;[[Discussion_utilisateur:ORL_PU|&lt;span style="color:#ff0000"&gt;/!\&lt;/span&gt;]]&lt;/small&gt; 6 mai 2012 &#224; 21:50 (CEST)
{{R&#233;compense|Fairytale bookmark gold.png|taille=50px|L'article [[Discographie de Foo Fighters]] est propos&#233; au label [[WP:Articles_de_qualit&#233;/Propositions|Articles de qualit&#233;]].&lt;small&gt;[[Discussion_utilisateur:ORL_PU|&lt;span style="color:#ff0000"&gt;/!\&lt;/span&gt;]]&lt;/small&gt; [[Utilisateur:ORL_PU|'''ORL.''']] &lt;small&gt;[[Discussion_utilisateur:ORL_PU|&lt;span style="color:#ff0000"&gt;/!\&lt;/span&gt;]]&lt;/small&gt; 11 mai 2012 &#224; 16:56 (CEST)}}

== [[Wikip&#233;dia:Regards sur l'actualit&#233; de la Wikimedia/2012/19|RAW 51]] ==
{{Regards sur l'actualit&#233; de la Wikimedia/PdD|2012|19}}

&#8212; [[user_talk:Cantons-de-l'Est|Cantons-de-l'Est]] 11 mai 2012 &#224; 14:10 (CEST)

== Foo Fighters ==

Salut. Donc en plus de la proposition &#224; l'AdQ que je viens de faire pour la disco, je viens de terminer la traduction de l'article [[Foo Fighters (album)]], soit le premier album. Comme tu m'as dit que c'&#233;tait ton domaine, je pense que tu ne rechigneras pas &#224; une petite relecture en bonne et due forme. J'ai chang&#233; l'articulation et j'ai repris celle d'articles labellis&#233;s qui me semblait plus coh&#233;rente. Merci. &lt;small&gt;[[Discussion_utilisateur:ORL_PU|&lt;span style="color:#ff0000"&gt;/!\&lt;/span&gt;]]&lt;/small&gt; [[Utilisateur:ORL_PU|'''ORL.''']] &lt;small&gt;[[Discussion_utilisateur:ORL_PU|&lt;span style="color:#ff0000"&gt;/!\&lt;/span&gt;]]&lt;/small&gt; 11 mai 2012 &#224; 17:00 (CEST)
:erf, d&#233;sol&#233; j'arr&#234;te pas d'essayer de trouver une petite case pour ma relecture et j'y arrive pas en ce moment. je ne t'oublie pas mais c'est pas &#233;vident. je devrais y arriver demain avec un peu de chance et d&#233;sol&#233; pour l'attente&amp;nbsp;- '''&lt;font color="black"&gt;[[User:MIRROR|m&lt;span style="font-variant:small-caps"&gt;irror&lt;/span&gt;]]&lt;/font&gt;''' &#9763; &lt;font color="black"&gt;[[User Talk:mIRROR|&lt;span style="font-variant:small-caps"&gt;&lt;small&gt;R&lt;/small&gt;&#7441;&#7449;&#7450;i&lt;/span&gt;m]]&lt;/font&gt;&amp;nbsp; 20 mai 2012 &#224; 01:25 (CEST)
:: Salut, c'est pas grave parce que &#231;a fait 3 jours que j'ai rien fait sur WP ... Donc prends ton temps, je suis pas press&#233;. De toute fa&#231;on, j'ai d&#233;j&#224; la discographie en cours de vote, donc je ne pense pas mettre deux articles en d&#233;cision en parall&#232;le. Merci pour le temps que tu m'accordes. Bonne journ&#233;e &lt;small&gt;[[Discussion_utilisateur:ORL_PU|&lt;span style="color:#ff0000"&gt;/!\&lt;/span&gt;]]&lt;/small&gt; [[Utilisateur:ORL_PU|'''ORL.''']] &lt;small&gt;[[Discussion_utilisateur:ORL_PU|&lt;span style="color:#ff0000"&gt;/!\&lt;/span&gt;]]&lt;/small&gt; 20 mai 2012 &#224; 12:18 (CEST)
::: Hey ! Par rapport &#224; tes demandes, tout est fait, mais j'estime que cr&#233;er l'article sur le groupe Hovercraft peut &#234;tre un plus donc encore un peu de patience pour la proposition au label. N&#233;anmoins, j'ai retravaill&#233; les traductions et un certain nombre de tournures dans le texte donc tu peux au moins me dire si c'est mieux ou s'il y a encore des passages &#224; corriger. Merci et bonne soir&#233;e &lt;small&gt;[[Discussion_utilisateur:ORL_PU|&lt;span style="color:#ff0000"&gt;/!\&lt;/span&gt;]]&lt;/small&gt; [[Utilisateur:ORL_PU|'''ORL.''']] &lt;small&gt;[[Discussion_utilisateur:ORL_PU|&lt;span style="color:#ff0000"&gt;/!\&lt;/span&gt;]]&lt;/small&gt; 4 juin 2012 &#224; 21:06 (CEST)
{{R&#233;compense|Fairytale bookmark silver.png|taille=50px|L'article [[Foo Fighters (album)]] est propos&#233; au label [[WP:Bons_articles/Propositions|Bon Article]]. &lt;small&gt;[[Discussion_utilisateur:ORL_PU|&lt;span style="color:#ff0000"&gt;/!\&lt;/span&gt;]]&lt;/small&gt; [[Utilisateur:ORL_PU|'''ORL.''']] &lt;small&gt;[[Discussion_utilisateur:ORL_PU|&lt;span style="color:#ff0000"&gt;/!\&lt;/span&gt;]]&lt;/small&gt; 24 juillet 2012 &#224; 10:54 (CEST)}}

== [[Wikip&#233;dia:Regards sur l'actualit&#233; de la Wikimedia/2012/20#Br&#232;ves|RAW 52]] ==
{{Regards sur l'actualit&#233; de la Wikimedia/PdD|2012|20}}
&#8212; [[user_talk:Cantons-de-l'Est|Cantons-de-l'Est]] 18 mai 2012 &#224; 17:57 (CEST)

== Justification et r&#233;sum&#233; de revert manquants. ==

Bonjour.
Dans l'article [[Plaque de Pioneer]], vous avez effac&#233; une justification sans la r&#233;sumer, ni la justifier. Pourquoi, svp ? [[Utilisateur:Domsau2|domsau2]] ([[Discussion utilisateur:Domsau2|d]]) 19 mai 2012 &#224; 22:56 (CEST)
:d&#233;sol&#233; &#231;a paraissait &#233;vident mais les balises &amp;lt;ref&gt; servent &#224; ins&#233;rer des r&#233;f&#233;rences. et &#224; la place d'une source on y lit une analyse subjective (ressemble &#224;&#8230;). dans l'autre diff un commentaire tout aussi ridicule sur la taille du p&#233;nis humain est ins&#233;r&#233; entre parenth&#232;ses. si vous pensez devoir cacher d'une fa&#231;on ou d'une autre vos ajouts, je ne vois pas ce qu'il y a d'&#233;tonnant &#224; ce qu'ils soient supprim&#233;s. au passage, je vous signale que l'on bloque les IP pour moins que &#231;a, vous vous en tirez bien donc&amp;nbsp;- '''&lt;font color="black"&gt;[[User:MIRROR|m&lt;span style="font-variant:small-caps"&gt;irror&lt;/span&gt;]]&lt;/font&gt;''' &#9763; &lt;font color="black"&gt;[[User Talk:mIRROR|&lt;span style="font-variant:small-caps"&gt;&lt;small&gt;R&lt;/small&gt;&#7441;&#7449;&#7450;i&lt;/span&gt;m]]&lt;/font&gt;&amp;nbsp; 20 mai 2012 &#224; 01:21 (CEST)

== [[Wikip&#233;dia:Regards sur l'actualit&#233; de la Wikimedia/2012/21#Br&#232;ves|RAW 53]] ==
{{Regards sur l'actualit&#233; de la Wikimedia/PdD|2012|21}}
&#8212; [[user_talk:Cantons-de-l'Est|Cantons-de-l'Est]] 25 mai 2012 &#224; 03:45 (CEST)

== [[Wikip&#233;dia:Regards sur l'actualit&#233; de la Wikimedia/2012/22|RAW 54]] ==
{{Regards sur l'actualit&#233; de la Wikimedia/PdD|2012|22}}
&#8212; [[user_talk:Cantons-de-l'Est|Cantons-de-l'Est]] 1 juin 2012 &#224; 15:42 (CEST)

== [[Wikip&#233;dia:Regards sur l'actualit&#233; de la Wikimedia/2012/23#Br&#232;ves|RAW 55]] ==
{{Regards sur l'actualit&#233; de la Wikimedia/PdD|2012|23}}
&#8212; [[user_talk:Cantons-de-l'Est|Cantons-de-l'Est]] 8 juin 2012 &#224; 03:08 (CEST)

== [[Wikip&#233;dia:Regards sur l'actualit&#233; de la Wikimedia/2012/24|RAW 56]] ==
{{Regards sur l'actualit&#233; de la Wikimedia/PdD|2012|24}}
&#8212; [[user_talk:Cantons-de-l'Est|Cantons-de-l'Est]] 15 juin 2012 &#224; 13:33 (CEST)

== [[Boson de Higgs]] : [[:cat&#233;gorie:particule hypoth&#233;tique]] ==
J'esp&#232;re ne pas vous avoir fait bondir ; j'ai rang&#233; le [[boson de Higgs]] dans [[:cat&#233;gorie:particule hypoth&#233;tique]] ; je reconnais qu'il y a des degr&#233;s dans l'hypoth&#233;tique. Une somme colossale a &#233;t&#233; d&#233;pens&#233;e pour prouver l'existence ou la non-existence du boson de Higgs.[[Utilisateur:Romanc19s|Discussion utilisateur:Romanc19s]] ([[Discussion utilisateur:Romanc19s|d]]) 17 juin 2012 &#224; 23:40 (CEST)
:&lt;small&gt;je pr&#233;f&#232;re le tutoiement au cas o&#249;&lt;/small&gt; ah non je n'ai pas bondi, pas d'inqui&#233;tude. comme elle montre que la cat&#233;gorie particule hypoth&#233;tique est mal d&#233;finie, ta modification a d&#233;j&#224; &#233;t&#233; constructive au moins une fois. il ne reste plus qu'&#224; savoir si la cr&#233;ation d'une cat&#233;gorie &#171; particule hypoth&#233;tique du mod&#232;le standard &#187; peut s'av&#233;rer pertinente&amp;nbsp;- '''&lt;font color="black"&gt;[[User:MIRROR|m&lt;span style="font-variant:small-caps"&gt;irror&lt;/span&gt;]]&lt;/font&gt;''' &#9763; &lt;font color="black"&gt;[[User Talk:mIRROR|&lt;span style="font-variant:small-caps"&gt;&lt;small&gt;R&lt;/small&gt;&#7441;&#7449;&#7450;i&lt;/span&gt;m]]&lt;/font&gt;&amp;nbsp; 17 juin 2012 &#224; 23:49 (CEST)

== [[Wikip&#233;dia:Regards sur l'actualit&#233; de la Wikimedia/2012/25#Br&#232;ves|RAW 57]] ==
{{Regards sur l'actualit&#233; de la Wikimedia/PdD|2012|25}}
&#8212; [[user_talk:Cantons-de-l'Est|Cantons-de-l'Est]] 22 juin 2012 &#224; 14:20 (CEST)

== [[Wikip&#233;dia:Regards sur l'actualit&#233; de la Wikimedia/2012/26|RAW 58]] ==
{{Regards sur l'actualit&#233; de la Wikimedia/PdD|2012|26}}
&#8212; [[user_talk:Cantons-de-l'Est|Cantons-de-l'Est]] 29 juin 2012 &#224; 13:13 (CEST)

== [[Wikip&#233;dia:Regards sur l'actualit&#233; de la Wikimedia/2012/27|RAW 59]] ==
{{Regards sur l'actualit&#233; de la Wikimedia/PdD|2012|27}}
&#8212; [[user_talk:Cantons-de-l'Est|Cantons-de-l'Est]] 8 juillet 2012 &#224; 15:51 (CEST)

== Lehrer ==

Bonjour, je pr&#233;pare en ce moment une RA pour le bannissement de ce personnage (cf cotre discussion sur [[Discussion:Polleniinae]]), puisqu'il est revenu, et qu'il n'a toujours rien compris &#224; wikip&#233;dia, qu'il impose ses TI et en plus m'insulte. Je suppose que tu auras probablement un mot &#224; dire sur ce personnage. Cordialement. &#8212;&amp;nbsp;[[Discussion Utilisateur:PurpleHz|PurpleHz]], le 9 juillet 2012 &#224; 00:02 (CEST)
:bah tu m'&#233;tonnes. il m'avait compl&#232;tement d&#233;go&#251;t&#233; de ces pages. merci pour la notice&amp;nbsp;- '''&lt;font color="black"&gt;[[User:MIRROR|m&lt;span style="font-variant:small-caps"&gt;irror&lt;/span&gt;]]&lt;/font&gt;''' &#9763; &lt;font color="black"&gt;[[User Talk:mIRROR|&lt;span style="font-variant:small-caps"&gt;&lt;small&gt;R&lt;/small&gt;&#7441;&#7449;&#7450;i&lt;/span&gt;m]]&lt;/font&gt;&amp;nbsp; 9 juillet 2012 &#224; 00:45 (CEST)

== [[Wikip&#233;dia:Regards sur l'actualit&#233; de la Wikimedia/2012/28|RAW 60]] ==
{{Regards sur l'actualit&#233; de la Wikimedia/PdD|2012|28}}
&#8212; [[user_talk:Cantons-de-l'Est|Cantons-de-l'Est]] 18 juillet 2012 &#224; 11:53 (CEST)

== [[Wikip&#233;dia:Regards sur l'actualit&#233; de la Wikimedia/2012/29|RAW 61]] ==
{{Regards sur l'actualit&#233; de la Wikimedia/PdD|2012|29}}
&#8212; [[user_talk:Cantons-de-l'Est|Cantons-de-l'Est]] 27 juillet 2012 &#224; 13:53 (CEST)

== [[Wikip&#233;dia:Regards sur l'actualit&#233; de la Wikimedia/2012/30|RAW 62]] ==
{{Regards sur l'actualit&#233; de la Wikimedia/PdD|2012|30}}

&#8212; [[user_talk:Cantons-de-l'Est|Cantons-de-l'Est]] 7 ao&#251;t 2012 &#224; 13:26 (CEST)

== [[Wikip&#233;dia:Regards sur l'actualit&#233; de la Wikimedia/2012/31|RAW 63]] ==
{{Regards sur l'actualit&#233; de la Wikimedia/PdD|2012|31}}

&#8212; [[user_talk:Cantons-de-l'Est|Cantons-de-l'Est]] 13 ao&#251;t 2012 &#224; 22:35 (CEST)

== [[Wikip&#233;dia:Regards sur l'actualit&#233; de la Wikimedia/2012/32|RAW 64]] ==
{{Regards sur l'actualit&#233; de la Wikimedia/PdD|2012|32}}

&#8212; [[user_talk:Cantons-de-l'Est|Cantons-de-l'Est]] 18 ao&#251;t 2012 &#224; 14:18 (CEST)

== [[Wikip&#233;dia:Regards sur l'actualit&#233; de la Wikimedia/2012/33|RAW 65]] ==
{{Regards sur l'actualit&#233; de la Wikimedia/PdD|2012|33}}
&#8212; [[user_talk:Cantons-de-l'Est|Cantons-de-l'Est]] 25 ao&#251;t 2012 &#224; 15:23 (CEST)

== Adl : mise &#224; jour de la liste des relecteurs disponibles ==

Bonjour cher(e)s participant(e)s de l'Adl,&lt;br/&gt;
Il est important de '''mettre &#224; jour r&#233;guli&#232;rement la liste des relecteurs disponibles''', l'id&#233;e &#233;tant ensuite de concevoir une nouvelle page d'accueil, de mani&#232;re &#224; ce que les demandeurs contactent eux-m&#234;mes leurs relecteurs, en fonction des sujets propos&#233;s. Concr&#232;tement, la proc&#233;dure serait explicit&#233;e en page d'accueil : 1) le demandeur fait sa demande gr&#226;ce au mod&#232;le automatique et 2) il doit contacter un relecteur pr&#233;sent sur la liste.

Auparavant, je propose de reclasser les participants au moyen d''''un nouveau tableau''', construit par {{u'|Benoit Rochon}} (que je remercie chaudement au passage), et qui liste plusieurs param&#232;tres dont la ''disponibilit&#233;'' (&#224; savoir : vous &#234;tes libre pour une relecture, d&#233;j&#224; en cours de relecture ou en indisponibilit&#233; pour cause de Wikislow par exemple). L'int&#233;r&#234;t est que vous puissez renseigner r&#233;guli&#232;rement cet &#233;tat, de mani&#232;re &#224; fluidifier les relectures (un clic suffit). Chacun peut aussi ajouter une illustration et surtout d&#233;tailler davantage son ''profil'' de relecture ({{citation|N'h&#233;sitez pas non plus &#224; me soumettre des textes scientifiques, excluant la m&#233;decine}} par exemple). Enfin, un bouton permettra de vous contacter automatiquement via votre PDD. L'id&#233;e est de proposer un outil plus ergonomique et plus adapt&#233; aux demandeurs, qui sont souvent des novices.

Merci donc :
# De vous rendre sur [http://fr.wikipedia.org/wiki/Wikip%C3%A9dia:Atelier_de_lecture/Participants le nouveau tablau listant les participants] &#224; partir de demain (le nouveau tableau n'est pas encore d&#233;ploy&#233;).
# De compl&#233;ter votre profil et votre &#233;tat actuel (pour le mois disons)
# Si vous n'&#234;tes plus int&#233;ress&#233; pour participer &#224; l'Atelier, merci de le signaler [[Discussion_Wikip&#233;dia:Atelier_de_lecture#Mise_.C3.A0_jour_de_la_liste_des_relecteurs_disponibles|sur notre page de discussion]].

Merci, d'avance, pour les quelques minutes consacr&#233;es &#224; cette t&#226;che, qui nous permettra sans nul doute d'am&#233;liorer ce service de relecture qui, je ne pense pas &#234;tre loin de la v&#233;rit&#233;, contribue de plus en plus &#224; am&#233;liorer la qualit&#233; d'articles, &#224; propager les bonnes pratiques, et &#224; augmenter le nombre d'articles aux labels. [[Utilisateur:Prosopee|Prosopee]] ([[Discussion utilisateur:Prosopee|d]]) 28 ao&#251;t 2012 &#224; 15:18 (CEST)

== [[Wikip&#233;dia:Regards sur l'actualit&#233; de la Wikimedia/2012/34|RAW 66]] ==
{{Regards sur l'actualit&#233; de la Wikimedia/PdD|2012|34}}
&#8212; [[user_talk:Cantons-de-l'Est|Cantons-de-l'Est]] 1 septembre 2012 &#224; 00:42 (CEST)

== [[Wikip&#233;dia:Regards sur l'actualit&#233; de la Wikimedia/2012/35|RAW 67]] ==
{{Regards sur l'actualit&#233; de la Wikimedia/PdD|2012|35}}
&#8212; [[user_talk:Cantons-de-l'Est|Cantons-de-l'Est]] 8 septembre 2012 &#224; 17:06 (CEST)

== [[Wikip&#233;dia:Regards sur l'actualit&#233; de la Wikimedia/2012/36|RAW 68]] ==
{{Regards sur l'actualit&#233; de la Wikimedia/PdD|2012|36}}
&#8212; [[user_talk:Cantons-de-l'Est|Cantons-de-l'Est]] 15 septembre 2012 &#224; 13:30 (CEST)

== [[Wikip&#233;dia:Regards sur l'actualit&#233; de la Wikimedia/2012/37|RAW 69]] ==
{{Regards sur l'actualit&#233; de la Wikimedia/PdD|2012|37}}
&#8212; [[user_talk:Cantons-de-l'Est|Cantons-de-l'Est]] 22 septembre 2012 &#224; 17:39 (CEST)

== [[Wikip&#233;dia:Regards sur l'actualit&#233; de la Wikimedia/2012/46|RAW 72]] ==
{{Regards sur l'actualit&#233; de la Wikimedia/PdD|2012|46}}
&#8212; [[user_talk:Cantons-de-l'Est|Cantons-de-l'Est]] 24 novembre 2012 &#224; 18:24 (CET)

== [[Wikip&#233;dia:Regards sur l'actualit&#233; de la Wikimedia/2012/47|RAW 73]] ==
{{Regards sur l'actualit&#233; de la Wikimedia/PdD|2012|47}}
&#8212; [[user_talk:Cantons-de-l'Est|Cantons-de-l'Est]] 1 d&#233;cembre 2012 &#224; 02:57 (CET)

== [[Wikip&#233;dia:Regards sur l'actualit&#233; de la Wikimedia/2012/48|RAW 74]] ==
{{Regards sur l'actualit&#233; de la Wikimedia/PdD|2012|48}}
&#8212; [[user_talk:Cantons-de-l'Est|Cantons-de-l'Est]] 7 d&#233;cembre 2012 &#224; 15:13 (CET)

== [[Wikip&#233;dia:RAW/2012-12-09|RAW 2012-12-09]] ==
{{RAW/PdD|2012-12-09}}
&#8212; [[user_talk:Cantons-de-l'Est|Cantons-de-l'Est]] 14 d&#233;cembre 2012 &#224; 17:30 (CET)

== [[Wikip&#233;dia:RAW/2012-12-16|RAW 2012-12-16]] ==
{{RAW/PdD|2012-12-16}}
&#8212; [[user_talk:Cantons-de-l'Est|Cantons-de-l'Est]] 21 d&#233;cembre 2012 &#224; 14:07 (CET)

== [[Wikip&#233;dia:RAW/2012-12-23|RAW 2012-12-23]] ==
{{RAW/PdD|2012-12-23}}
&#8212; [[user_talk:Cantons-de-l'Est|Cantons-de-l'Est]] 28 d&#233;cembre 2012 &#224; 15:14 (CET)

== [[Wikip&#233;dia:RAW/2012-12-30|RAW 2012-12-30]] ==
{{RAW/PdD|2012-12-30}}
&#8212; [[user_talk:Cantons-de-l'Est|Cantons-de-l'Est]] 4 janvier 2013 &#224; 15:19 (CET)

== h a p p y 1 3 ==

[[Fichier:Frederic Edwin Church - South American Landscape - Google Art Project.jpg|center|thumb|upright=1.5|happy too too !--&lt;font face="Maiandra GD"&gt;[[Utilisateur:Butterfly austral|Butterfly]]&lt;/font&gt; &lt;font face="Maiandra GD"&gt;[[Discussion Utilisateur:Butterfly austral|&lt;sup&gt;''austral''&lt;/sup&gt;]]&lt;/font&gt; 4 janvier 2013 &#224; 16:21 (CET)]]

== [[Wikip&#233;dia:RAW/2013-01-06|RAW 2013-01-06]] ==
{{RAW/PdD|2013-01-06}}
&#8212; [[user_talk:Cantons-de-l'Est|Cantons-de-l'Est]] 11 janvier 2013 &#224; 22:34 (CET)

== [[Wikip&#233;dia:RAW/2013-01-13|RAW 2013-01-13]] ==
{{RAW/PdD|2013-01-13}}
&#8212; [[user_talk:Cantons-de-l'Est|Cantons-de-l'Est]] 18 janvier 2013 &#224; 20:25 (CET)</text>
      <sha1>3s2vs2f9k69ee630o3zwurj8gkgl1r2</sha1>
      <model>wikitext</model>
      <format>text/x-wiki</format>
    </revision>
  </page>
