<page xmlns="http://www.mediawiki.org/xml/export-0.8/" xmlns:xsi="http://www.w3.org/2001/XMLSchema-instance">
    <title>Discussion utilisateur:DumZiBoT</title>
    <ns>3</ns>
    <id>1892609</id>
    <redirect title="Discussion utilisateur:NicDumZ"/>
    <revision>
      <id>61098173</id>
      <parentid>61098086</parentid>
      <timestamp>2011-01-09T12:35:14Z</timestamp>
      <contributor>
        <username>Erkethan</username>
        <id>92157</id>
      </contributor>
      <comment>Annulation des modifications 61098086 de [[Sp&#233;cial:Contributions/Erkethan|Erkethan]] ([[User talk:Erkethan|d]])</comment>
      <text xml:space="preserve">#REDIRECT [[Discussion Utilisateur:NicDumZ]]

test</text>
      <sha1>huc41npsgckmsy2o76uwjvxqvofb970</sha1>
      <model>wikitext</model>
      <format>text/x-wiki</format>
    </revision>
  </page>
