<page xmlns="http://www.mediawiki.org/xml/export-0.8/" xmlns:xsi="http://www.w3.org/2001/XMLSchema-instance">
    <title>Discussion utilisateur:G de gonjasufi</title>
    <ns>3</ns>
    <id>5168821</id>
    <revision>
      <id>101006425</id>
      <parentid>100947781</parentid>
      <timestamp>2014-02-07T18:36:23Z</timestamp>
      <contributor>
        <username>MediaWiki message delivery</username>
        <id>1696240</id>
      </contributor>
      <comment>/* RAW 2014-02-07 */ nouvelle section</comment>
      <text xml:space="preserve">page de discussion

{{livret d'aide}}

&lt;div style="background-color: #FFB2B2; padding: 12px;"&gt;
&lt;center&gt;&lt;big&gt;'''&lt;u&gt;&#192; lire si vous n'&#234;tes pas un habitu&#233; de Wikip&#233;dia&lt;/u&gt;.'''&lt;/big&gt;

Gardez &#224; l'esprit que Wikip&#233;dia n'est pas une d&#233;mocratie mais un projet d'encyclop&#233;die. Il existe par ailleurs des r&#232;gles de fonctionnement, il est donc inutile d'employer des mots comme &#171; censure &#187;.

'''''Si j'ai retir&#233; un lien externe que vous avez mis dans un article''''' &#8594; Veuillez lire attentivement [[WP:LE|la page qui r&#233;git les liens externes]]. 

'''''Si vous ne comprenez pas pourquoi j'ai supprim&#233; un type d'ajout que vous avez fait''''' &#8594; Merci de lire [[WP:NOT|ce que Wikip&#233;dia n'est pas]]. Par exemple, vos commentaires n'ont rien &#224; faire dans un article (voir [[WP:NPOV|cette page]]) ; tout ajout d'une information importante doit &#234;tre r&#233;f&#233;renc&#233;e (voir [[WP:V|cette autre page]] et [[WP:CITE|celle ci]]).

'''''Si je consid&#232;re que le message que vous me laissez est insultant, d&#233;nigrant, non-constructif ou trollesque (ou &#233;manant d'un troll)''''' &#8594; Je le retirerai sans sommation et n'y apporterai &#233;videmment aucune r&#233;ponse.

'''Sinon, pour m'&#233;crire un nouveau message, cliquez sur l'onglet &#171; Ajouter un sujet &#187; ou + en haut de cette page.'''&lt;center/&gt;
&lt;/div&gt;


[https://fr.wikipedia.org/wiki/Discussion_utilisateur:G_de_gonjasufi/archive1 archive 1]
[https://fr.wikipedia.org/wiki/Discussion_utilisateur:G_de_gonjasufi/archive2 2]
[https://fr.wikipedia.org/wiki/Discussion_utilisateur:G_de_gonjasufi/archive3 3]
[https://fr.wikipedia.org/wiki/Discussion_utilisateur:G_de_gonjasufi/archive4 4]
[https://fr.wikipedia.org/wiki/Discussion_utilisateur:G_de_gonjasufi/archive5 5 (2012)]
[https://fr.wikipedia.org/wiki/Discussion_utilisateur:G_de_gonjasufi/archive6 6]
[https://fr.wikipedia.org/wiki/Discussion_utilisateur:G_de_gonjasufi/archive7 7]
[https://fr.wikipedia.org/wiki/Discussion_utilisateur:G_de_gonjasufi/archive8 archive 8]
[https://fr.wikipedia.org/wiki/Discussion_utilisateur:G_de_gonjasufi/archive9 9]

==Pages utiles==
&lt;!-- &lt;div style="background:white;border:thin solid #aaa; padding:1em;"&gt; --&gt;
* '''''[[Aide:Tout l'indispensable...|Tout l'indispensable]]''''', &#224; lire absolument,
Pour poursuivre, vous pouvez trouver des &#233;claircissements &#224; partir des pages :
* '''[[Aide:Sommaire]]''', plus complet, pour plus tard&#8230;
* '''[[Aide:Syntaxe]]''', des conventions d'&#233;criture &#224; conna&#238;tre,
* '''[[Aide:Poser une question]]''', si vous vous sentez perdu.
Vous pourrez ajouter par la suite d'autres pages d'aide ou les informations dont vous pensez avoir besoin dans votre [[Utilisateur:{{PAGENAME}}|espace utilisateur]].

== Bonjour et ''Bonne ann&#233;e'' (?) ==

Serais-tu tent&#233; par une r&#233;daction collaborative sur [https://www.google.be/webhp?hl=fr#hl=fr&amp;q=%22liaison+antiprohibitionniste%22 ceci] ? A te lire... ''[http://www.youtube.com/watch?v=WfD8Dnh2xho bonus de r&#233;veillon]'' --[[Utilisateur:Noelbabar|Noelbabar]] ([[Discussion utilisateur:Noelbabar|discuter]]) 1 janvier 2014 &#224; 04:40 (CET)
:C'est parti [https://fr.wikipedia.org/wiki/Utilisateur:Noelbabar/Brouillon ici]... Surtout tu n'h&#233;sites pas &#224; &#233;diter sur la page... Cordialement --[[Utilisateur:Noelbabar|Noelbabar]] ([[Discussion utilisateur:Noelbabar|discuter]]) 2 janvier 2014 &#224; 18:09 (CET)

==V&#339;ux==
{| style="border: 2px solid blue; background-color: #FFFAF0;"
|rowspan="2" valign="middle" | [[File:Herzliche Neujahrsgr&#252;&#223;e.jpg|130px]]
|rowspan="2" |
|style="font-size:large; padding: 0; vertical-align: middle; height: 1.1em;" |'''Bonne ann&#233;e 2014 !'''
|-
|style="vertical-align: middle; border-top: 2px solid green;" | '''Hello G de gonjasufi, je te souhaite une bonne ann&#233;e&lt;br/&gt; et beaucoup de belles contributions !&lt;br/&gt;Cordialement,&lt;br/&gt; &lt;span style="padding-left: 5pt; font-size: 0.9em; letter-spacing: 0.1em"&gt;&amp;mdash;&amp;thinsp;'''[[User:Racconish|Racconish]]'''[[Discussion utilisateur:Racconish|&lt;sup&gt; &lt;small&gt; D &lt;/small&gt;&lt;/sup&gt;]]&lt;/span&gt; 1 janvier 2014 &#224; 13:18 (CET)
|}
:Merci  [[User:Racconish|Racconish]] et idem ! cordialement.--[[Utilisateur:G de gonjasufi|G de gonjasufi]] ([[Discussion utilisateur:G de gonjasufi|discuter]]) 1 janvier 2014 &#224; 16:11 (CET)

== K Seba ==
Salut et bonne ann&#233;e 2014; j'avais retir&#233; car pas de pr&#233;sence sourc&#233;e dans le reste de l'article mais je te laisse la main sur ce dernier changement. cordialement.--[[Utilisateur:G de gonjasufi|G de gonjasufi]] ([[Discussion utilisateur:G de gonjasufi|discuter]]) 1 janvier 2014 &#224; 19:49 (CET)
:Bonne ann&#233;e &#224; toi aussi ! Concernant l'antisionisme, ses d&#233;clarations plus bas sur le &#171;&#160;sionisme&#160;&#187; ne suffisent-elles pas ? Bien &#224; toi, [[Utilisateur:Celette|Celette]] ([[Discussion utilisateur:Celette|discuter]]) 2 janvier 2014 &#224; 02:42 (CET)

== [[Wikip&#233;dia:RAW/2014-01-03|RAW 2014-01-03]] ==
{{RAW/PdD|2014-01-03}}
&#8212; [[Utilisateur:Cantons-de-l'Est|Cantons-de-l'Est]] &lt;sup&gt;[[Discussion utilisateur:Cantons-de-l'Est|&lt;span style="color:#008000;"&gt;discuter&lt;/span&gt;]]&lt;/sup&gt; 3 janvier 2014 &#224; 18:36 (CET)

== eau triti&#233;e ==

Le passage su&#224;pprim&#233; est hors sujet par rapport )&#224; l'eau triti&#233;e (outre qu'il est r&#233;dig&#233; de telle mani&#232;re qu'il est incompr&#233;hensible). Qu'il y ait des r&#233;f&#233;rences est indiff&#233;rent. Cordialement, [[Utilisateur:Biem|Biem]] ([[Discussion utilisateur:Biem|discuter]]) 6 janvier 2014 &#224; 13:51 (CET)
:J'ai ouvert un sujet sur la pdd de l'article o&#249; vous &#234;tes invit&#233; &#224; vous expliquer sur votre envie de supprimer ce passage compr&#233;hensible contrairement &#224; ce que vous soutenez. --[[Utilisateur:G de gonjasufi|G de gonjasufi]] ([[Discussion utilisateur:G de gonjasufi|discuter]]) 6 janvier 2014 &#224; 18:19 (CET)

== Vous avez termin&#233; ? ==
* Ou y a t-il en encore beaucoup d'articles que vous comptez "am&#233;liorer" &#224; votre mani&#232;re ? [[Utilisateur:L&#233;on66|L&#233;on66]] ([[Discussion utilisateur:L&#233;on66|discuter]]) 7 janvier 2014 &#224; 13:56 (CET)
**Quand commencerez vous &#224; &#234;tre encyclop&#233;diste (donnez vos sources ne pas faire de COPYVIO) ? cordialement.--[[Utilisateur:G de gonjasufi|G de gonjasufi]] ([[Discussion utilisateur:G de gonjasufi|discuter]]) 7 janvier 2014 &#224; 13:59 (CET)
* Merci pour tous vos conseil &#233;clairants. Vous &#234;tes le plus fid&#232;le de mes lecteurs et &#231;a, je dois vous en &#234;tre reconnaissant. [[Utilisateur:L&#233;on66|L&#233;on66]] ([[Discussion utilisateur:L&#233;on66|discuter]]) 7 janvier 2014 &#224; 14:03 (CET)
* Mais vous pouvez cesser quand vous voulez [[Utilisateur:L&#233;on66|L&#233;on66]] ([[Discussion utilisateur:L&#233;on66|discuter]]) 7 janvier 2014 &#224; 19:01 (CET)

== Proposition ==
* Vu l'&#233;tat d&#233;plorable de ce qui se passe entre nous, &#224; moins d'aller r&#233;gler &#231;a "sur le champs" ce qui n'est pas dans mes habitudes; je vous propose la chose suivante.
** Nous ne tomberons jamais d'accord sur certains points de ce que moi j'appelle psychanalyse et ce que vous appelez par le m&#234;me nom (IPA par exemple),
* Inutile donc de nous battre l&#224;-dessus,
** Vous consultez syst&#233;matiquement mon historique, pr&#233;sent et/ou pass&#233;,
** Plut&#244;t que de perdre ainsi votre temps, je m'engagerais (si vous &#234;tes d'accord aussi avec la suite) &#224; vous signaler sur votre page de discussion si je cr&#233;e ou modifie significativement un article psy (pas les bibliographies par ex.)
** de votre c&#244;t&#233;, vous continuez &#224; regarder, si vous modifiez la forme, pas de probl&#232;me, si quelque chose vous para&#238;t inappropri&#233;, non-sourc&#233;, etc., vous passez par la page de discussion et mieux, me faites un signe sur la mienne,
** Vous me laissez un peu de temps, puisque je m'engage &#224; vous informer.
* Et alors, vos "cordialement" pourraient prendre sens.
&#199;a demande un minimum d'efforts mais beaucoup moins que ce qui se passe maintenant.
J'attends votre r&#233;ponse.[[Utilisateur:L&#233;on66|L&#233;on66]] ([[Discussion utilisateur:L&#233;on66|discuter]]) 8 janvier 2014 &#224; 07:47 (CET)
:Ce que vous proposez n'est pas le fonctionnement ordinaire de wikip&#233;dia; contentez vous de suivre les r&#232;gles ou/et d'accepter l'am&#233;lioration/ modification (plan, bandeaux,sources etc ...) des articles par d'autres que vous !cordialement.--[[Utilisateur:G de gonjasufi|G de gonjasufi]] ([[Discussion utilisateur:G de gonjasufi|discuter]]) 8 janvier 2014 &#224; 11:12 (CET)
::Comme le signifie bien cette aide et cette recommandation, Wikip&#233;dia est une encyclop&#233;die [[Aide:Travailler collectivement|collaborative]]. Je ne suis pas s&#251;r que ce soit dans l'esprit de Wikip&#233;dia de refuser l'invitation &#224; la discussion de la part de {{u-|L&#233;on66}}. &#8212; [[Utilisateur:JoleK|JoleK]] ([[Discussion utilisateur:JoleK|discuter]]) 9 janvier 2014 &#224; 22:39 (CET)
:::Wikip&#233;dia est une encyclop&#233;die. C'est une encyclop&#233;die collaborative. J'aimerais que son fonctionnement ordinaire soit assur&#233; et non pas des n&#233;gociations d&#8217;exceptions ou de passe droit ce qui n'est plus du tout collaboratif !--[[Utilisateur:G de gonjasufi|G de gonjasufi]] ([[Discussion utilisateur:G de gonjasufi|discuter]]) 10 janvier 2014 &#224; 10:58 (CET)
::::&#192; part les [[WP:PF|principes fondateurs]] rien ne pr&#233;vaut, et surtout en ce qui concerne les ''d&#233;saccords &#233;ditoriaux'', sur [[Aide:Travailler collectivement|les discussions]]. Telle est Wikip&#233;dia et ne pas suivre ce principe revient &#224; ne pas respecter l'esprit ''et'' les r&#232;gles de ''cette'' encyclop&#233;die. Par l&#224; j'entends qu'il me semble que dans la mesure o&#249; vous avez chacun des probl&#232;mes l'un avec l'autre et et de ce fait des difficult&#233;s &#224; ''[[Aide:Travailler collectivement|travailler collectivement]]'', il serait bien que vous fassiez pr&#233;valoir un principe de [[Aide:Travailler collectivement|discussion]]. Cordialement, &#8212; [[Utilisateur:JoleK|JoleK]] ([[Discussion utilisateur:JoleK|discuter]]) 10 janvier 2014 &#224; 23:59 (CET)
::::&#192; tout hasard je cite : &#171; Lorsque vous entrez en &#171; d&#233;saccord &#233;ditorial &#187; avec un autre contributeur, ayez le r&#233;flexe d'aller discuter tout de suite du probl&#232;me en page de discussion de l'article, plut&#244;t que de proc&#233;der par annulation de ses modifications en cherchant &#224; imposer les v&#244;tres aux autres. Une fois la discussion ouverte, pensez &#224; appuyer votre opinion par [[WP:SOURCES#Qualit&#233; des sources|sources ind&#233;pendantes et de bonne qualit&#233;]] &#187;. Cordialement, &#8212; [[Utilisateur:JoleK|JoleK]] ([[Discussion utilisateur:JoleK|discuter]]) 11 janvier 2014 &#224; 00:30 (CET)
:::::Il serait que bon [[Utilisateur:JoleK|JoleK]] vous respectiez les principes de l'encyclop&#233;die &#171; Lorsque vous entrez en &#171; d&#233;saccord &#233;ditorial &#187; avec un autre contributeur, ayez le r&#233;flexe d'aller discuter tout de suite du probl&#232;me en page de discussion de l'article, plut&#244;t que de proc&#233;der par annulation de ses modifications en cherchant &#224; imposer les v&#244;tres aux autres. Une fois la discussion ouverte, pensez &#224; appuyer votre opinion par [[WP:SOURCES#Qualit&#233; des sources|sources ind&#233;pendantes et de bonne qualit&#233;]] &#187;.
::::::Ce que proposait L&#233;on66, &#233;tait une remise en question des principes de l'encyclop&#233;die wikip&#233;dia et rien d'autres que je dusse discuter.
::::::cordialement.--[[Utilisateur:G de gonjasufi|G de gonjasufi]] ([[Discussion utilisateur:G de gonjasufi|discuter]]) 11 janvier 2014 &#224; 00:41 (CET)
:::::::Je crois que vous faites erreur, discuter &#233;tant l'un des principes cardinaux de Wikip&#233;dia, et il n&#8217;a &#233;chapp&#233; &#224; personne les difficult&#233;s que vous rencontriez tous les deux. &#8212; [[Utilisateur:JoleK|JoleK]] ([[Discussion utilisateur:JoleK|discuter]]) 11 janvier 2014 &#224; 01:16 (CET)
::::::::Merci Jolek de ne plus intervenir sur ce sujet (comme je vous l'ai demand&#233;) qui ne vous concerne pas. De plus, la proposition faite ne correspond pas au fonctionnement r&#233;gl&#233; de wikip&#233;dia. cordialement.--[[Utilisateur:G de gonjasufi|G de gonjasufi]] ([[Discussion utilisateur:G de gonjasufi|discuter]]) 11 janvier 2014 &#224; 01:28 (CET)
:::::::::Si, cela me concerne, car nous intervenons tous les trois sur le m&#234;me domaine, et c'est &#224; ce titre qu' j'interviens, mais soit, je note simplement que le fonctionnement &#171; r&#233;gl&#233; &#187; de Wikip&#233;dia selon vous est de d&#233;cliner les propositions de discussion et de vouloir interdire &#224; des contributeurs, sommes toutes ''bienveillants'', de discuter. C'est dommage et ne me semble pas dans l&#8217;esprit de Wikip&#233;dia. &#8212; [[Utilisateur:JoleK|JoleK]] ([[Discussion utilisateur:JoleK|discuter]]) 11 janvier 2014 &#224; 01:40 (CET)
: J'ai demand&#233; un nouvel arbitrage. [[Utilisateur:L&#233;on66|L&#233;on66]] ([[Discussion utilisateur:L&#233;on66|discuter]]) 13 janvier 2014 &#224; 15:47 (CET)
::Jolek, m'interdire ou me proposer de contribuer fa&#231;on non-"ordinairement" n'est pas une discussion quoique vous puissiez en penser. 
::Pour l'arbitrage, voyons la d&#233;cision 
::cdt--[[Utilisateur:G de gonjasufi|G de gonjasufi]] ([[Discussion utilisateur:G de gonjasufi|discuter]]) 20 janvier 2014 &#224; 11:05 (CET)

== [[:w:fr:Wikip&#233;dia:RAW/2014-01-10|RAW 2014-01-10]] ==

&lt;table style="background-color:white; padding:0px; border:1px solid #AAAAAA; border-radius: 15px; margin:0 auto;"&gt;&lt;tr&gt;&lt;td style="text-align: center; font-weight:900; font-size:150%; text-shadow:gray 0.1em 0.1em 0.1em;"&gt;Regards sur l'actualit&#233; de la Wikimedia&lt;div style="font-size:70%; line-height:200%; font-weight:normal;"&gt;et d'ailleurs&lt;/div&gt;&lt;div style="font-size:90%; line-height:250%; font-weight:normal;"&gt;[[:w:fr:Wikip&#233;dia:RAW/2014-01-10|RAW 2014-01-10]]&lt;/div&gt;&lt;/td&gt;&lt;td width=20%&gt;&lt;span title="Logo des RAW"&gt;[[File:Proposition Washington.svg|100px|link={{fullurl:w:fr:Wikip&#233;dia:Regards sur l'actualit&#233; de la Wikimedia|}}|alt=Regards sur l'actualit&#233; de la Wikimedia (RAW)]]&lt;/span&gt;&lt;/td&gt;&lt;/tr&gt;&lt;/table&gt; &#8212; [[Utilisateur:Cantons-de-l'Est|Cantons-de-l'Est]] &lt;sup&gt;[[Discussion utilisateur:Cantons-de-l'Est|&lt;span style="color:#008000;"&gt;discuter&lt;/span&gt;]]&lt;/sup&gt; 10 janvier 2014 &#224; 19:16 (CET)
&lt;!-- Message envoy&#233; par User:Cantons-de-l'Est@frwiki en utilisant la liste &#224; http://fr.wikipedia.org/w/index.php?title=Wikip%C3%A9dia:RAW/Inscription&amp;oldid=100046947 --&gt;

== Arbitrage ==
[[Wikip&#233;dia:Comit&#233; d'arbitrage/Arbitrage/L&#233;on66-G de gonjasufi/2|Pour info]]. [[Utilisateur:Hadrianus|&lt;span class="romain"&gt;Hadrianus&lt;/span&gt;]] ([[Discussion utilisateur:Hadrianus|d]]) 14 janvier 2014 &#224; 02:53 (CET)

== [[Wikip&#233;dia:RAW/2014-01-17|RAW 2014-01-17]] ==

{{RAW/PdD|2014-01-17}} &#8212; [[Utilisateur:Cantons-de-l'Est|Cantons-de-l'Est]] &lt;sup&gt;[[Discussion utilisateur:Cantons-de-l'Est|&lt;span style="color:#008000;"&gt;discuter&lt;/span&gt;]]&lt;/sup&gt; 17 janvier 2014 &#224; 19:23 (CET)
&lt;!-- Message envoy&#233; par User:Cantons-de-l'Est@frwiki en utilisant la liste &#224; http://fr.wikipedia.org/w/index.php?title=Wikip%C3%A9dia:RAW/Inscription&amp;oldid=100300868 --&gt;

== Ma r&#233;ponse &#224; votre remarque ==

Bonjour, j'ai laiss&#233; un message &#224; votre attention sur ma page de discussion. Cordialement[[Utilisateur:Biendeschoses|Biendeschoses]] ([[Discussion utilisateur:Biendeschoses|discuter]]) 20 janvier 2014 &#224; 16:56 (CET)

{{R&#233;ponse|XoLm56|titre=oui}}

== [[Special:redirect/page/7692863|RAW 2014-01-24]] ==

{{RAW/PdD|2014-01-24}} &#8212; [[Utilisateur:Cantons-de-l'Est|Cantons-de-l'Est]] &lt;sup&gt;[[Discussion utilisateur:Cantons-de-l'Est|&lt;span style="color:#008000;"&gt;discuter&lt;/span&gt;]]&lt;/sup&gt; 24 janvier 2014 &#224; 18:53 (CET)
&lt;!-- Message envoy&#233; par User:Cantons-de-l'Est@frwiki en utilisant la liste &#224; http://fr.wikipedia.org/w/index.php?title=Wikip%C3%A9dia:RAW/Inscription&amp;oldid=100505887 --&gt;

== a propos de votre rajout ==

Je n'accepte pas que vous mettiez mon vrai nom ni le lieu dans lequel je travaille, je crois que cela peut se comprendre, il s'agit de vie priv&#233;.
:Avant que vous me le disiez je l'ignorais; de plus, il n'y a pas de "honte" ni &#224; l'un (nom) ni &#224; l'autre (profession) ! cordialement.--[[Utilisateur:G de gonjasufi|G de gonjasufi]] ([[Discussion utilisateur:G de gonjasufi|discuter]]) 26 janvier 2014 &#224; 19:41 (CET)

== En r&#233;ponse &#224; votre question au sujet de mademoiselle kat ==

Le pseudonyme suffit en r&#233;ponse &#224; votre question. Je ne souhaite pas que ma vie prive soit mis en avant, ni le nom, ni la profession que j'exerce.
Je suis l'artiste m&#234;me et je pense que c'est &#224; moi que revient le droit de mettre en avant ma vie prive, son vrai nom etc....
Merci de votre compr&#233;hension. [[Utilisateur:Mademoisellekat|Mademoisellekat]] ([[Discussion utilisateur:Mademoisellekat|discuter]]) 26 janvier 2014 &#224; 22:46 (CET)mademoiselle kat[[Utilisateur:Mademoisellekat|Mademoisellekat]] ([[Discussion utilisateur:Mademoisellekat|discuter]]) 26 janvier 2014 &#224; 22:46 (CET)
:Comment puis je &#234;tre sur que vous &#234;tes bien cette artiste ? + en cherchant tr&#232;s basiquement votre portrait appara&#238;t. cordialement.--[[Utilisateur:G de gonjasufi|G de gonjasufi]] ([[Discussion utilisateur:G de gonjasufi|discuter]]) 26 janvier 2014 &#224; 22:54 (CET)

== Cela n'a rien &#224; voir avec la honte! ==

Cela n'a &#224; voir avec la honte mais avec ce que l'on veut apporter comme information sur le net ou pas, je souhaite que les infos  parlent de mon travail artistique  et le reste n'a rien &#224; voir , j'espere que vous comprendrez cette fois, r&#233;fl&#233;chissez &#224; votre r&#233;action si quelqu'un me disait votre identit&#233; vrai par exemple? Et cela sur le net? Merci de votre compr&#233;hension. 
[[Utilisateur:Mademoisellekat|Mademoisellekat]] ([[Discussion utilisateur:Mademoisellekat|discuter]]) 26 janvier 2014 &#224; 23:03 (CET)mademoiselle kat[[Utilisateur:Mademoisellekat|Mademoisellekat]] ([[Discussion utilisateur:Mademoisellekat|discuter]]) 26 janvier 2014 &#224; 23:03 (CET)
:Soit. cdt--[[Utilisateur:G de gonjasufi|G de gonjasufi]] ([[Discussion utilisateur:G de gonjasufi|discuter]]) 26 janvier 2014 &#224; 23:05 (CET)

== Identit&#233; ==

Voici le mail correspondant &#224; mon site www.mademoisellek.net 
Kat@mademoisellek.net , envoyez moi votre r&#233;ponse ici et je vous r&#233;pondrai imm&#233;diatement! 
Je saurais peut &#234;tre &#224; qui j'ai l'honneur de parler, je trouve par ailleurs la question tr&#232;s culotte vu ce que vous avez souhaiter donner comme information sur Wikipedia.
:Rien ne prouverait alors que la personne contr&#244;lant ce mail soit l'artiste... cordialement --[[Utilisateur:G de gonjasufi|G de gonjasufi]] ([[Discussion utilisateur:G de gonjasufi|discuter]]) 27 janvier 2014 &#224; 12:34 (CET)

== Wikimag n&#176;304 - Semaine 4 ==
{{Wikimag message|304|2014|4}} [[Utilisateur:BeBot|BeBot]] ([[Discussion utilisateur:BeBot|discuter]]) 27 janvier 2014 &#224; 05:14 (CET)

== vous ne comprenez pas ==

je suis l'artiste m&#234;me et vous avez tent&#233; de parler de ma vie priv&#233; via le net. Beaucoup d'artistes acceptent ce genre d'intervention de votre part et je trouve cela regrettable....il faut dire que cela est d'actualit&#233;...

je vais de mon c&#244;t&#233; ( lorsque j'aurais le temps, vous en avez apparemment plus que moi) voir ce qui est &#224; corriger au niveau du texte explicatif.
une derni&#232;re fois, je vous demande d'effacer "toutes vos donn&#233;es" concernant mon vrai nom et faux pr&#233;nom ( vous vous &#234;tes tromp&#233; d'orthographe) car je travaille avec des adolescents et cela peut g&#234;ner mon travail, je trouve votre manque de respect encore une fois navrant, &#224; ne parler que de lois et &#224; d&#233;tourner la r&#233;alit&#233;. 

je vais de mon c&#244;t&#233; voir ce qui est possible &#224; faire avec un probl&#232;me tel.
:Rien ne prouve votre identit&#233; ici donc passons. cordialement.--[[Utilisateur:G de gonjasufi|G de gonjasufi]] ([[Discussion utilisateur:G de gonjasufi|discuter]]) 27 janvier 2014 &#224; 13:04 (CET)

==Arbitrage L&#233;on66-G de gonjasufi==
Bonjour, je vous informe que l'arbitrage est d&#233;clar&#233; recevable. Les arbitres traitants sont {{u-|Letartean}}, {{u-|LittleTony87}} et moi-m&#234;me. Vous disposez d'une facult&#233; de r&#233;cusation dans les conditions pr&#233;vues par [//fr.wikipedia.org/wiki/Wikip%C3%A9dia:Comit%C3%A9_d%27arbitrage/R%C3%A8glement#alin.C3.A9a_4_:_r.C3.A9cusation l'article 5.4 du r&#232;glement du CAr], soit en principe jusqu'au 6 f&#233;vrier 2014 &#224; 18:00 (CET) et avez jusqu'au 16 f&#233;vrier 2014 &#224; 18:00 (CET) pour compl&#233;ter votre argumentation. Cordialement, &lt;span style="padding-left: 5pt; font-size: 0.9em; letter-spacing: 0.1em"&gt;&amp;mdash;&amp;thinsp;'''[[User:Racconish|Racconish]]'''[[Discussion utilisateur:Racconish|&lt;sup&gt; &lt;small&gt; D &lt;/small&gt;&lt;/sup&gt;]]&lt;/span&gt; 27 janvier 2014 &#224; 18:04 (CET)

== vous dites des choses fausses sur l'artiste.... ==

vous dites des choses non fond&#233;es sur l'artiste....
http://www.cultures.toulouse.fr/-/mademoiselle-kat-en-performance

"Pour cette premi&#232;re invitation, l'artiste toulousaine ne boude pas son plaisir : &#171; J'ai eu beaucoup de libert&#233; dans la mise en sc&#232;ne. D'ailleurs, j'aime beaucoup ce lieu, son histoire. Je venais d&#233;j&#224; ici quand j'&#233;tais &#233;tudiante en arts plastiques &#224; l'universit&#233; Toulouse-Le Mirail&#8230; " {{non sign&#233;|Mademoisellekat}}
:Perso, je ne dis rien sur cette artiste mais la source qui est actuellement dans l'article dit autre chose. Apprenez donc les r&#232;gles et usages de wikip&#233;dia p&#244;ur faire du travail de qualit&#233;. Je vous prie de ne plus m'&#233;crire dans les termes que vous employez jusqu'&#224; pr&#233;sent, apprenez donc la politesse minimum. cordialement.--[[Utilisateur:G de gonjasufi|G de gonjasufi]] ([[Discussion utilisateur:G de gonjasufi|discuter]]) 29 janvier 2014 &#224; 01:23 (CET)

== r&#233;f&#233;rences n&#233;cessaires mises en place ==

merci d'enlever les bandeaux et surtout merci de bien lire les livres qui ont &#233;t&#233; cr&#233;es pour mettre en valeur les artistes, pas pour vendre leur propre papiers sans avoir rencontrer ceux-ci,

Bien cordialement....
mademoiselle kat.
:Merci de respecter les r&#232;gles de wikip&#233;dia. --[[Utilisateur:G de gonjasufi|G de gonjasufi]] ([[Discussion utilisateur:G de gonjasufi|discuter]]) 31 janvier 2014 &#224; 02:04 (CET)

== [[:Wikip&#233;dia:RAW/2014-01-31|RAW 2014-01-31]] ==

{{RAW/PdD|2014-01-31}} &#8212; [[Utilisateur:Cantons-de-l'Est|Cantons-de-l'Est]] &lt;sup&gt;[[Discussion utilisateur:Cantons-de-l'Est|&lt;span style="color:#008000;"&gt;discuter&lt;/span&gt;]]&lt;/sup&gt; 31 janvier 2014 &#224; 19:31 (CET)
&lt;!-- Message envoy&#233; par User:Cantons-de-l'Est@frwiki en utilisant la liste &#224; http://fr.wikipedia.org/w/index.php?title=Wikip%C3%A9dia:RAW/Inscription&amp;oldid=100580598 --&gt;

== Tentative de relance du [[Projet:Femmes]] ==
Bonjour,

Vu les d&#233;bats actuels, je me suis dit qu'il ne serait pas idiot de relancer le [[Projet:Femmes]] : j'ai refondu la page projet (et un peu le portail). Il y a pas mal d'articles qui traitent des questions de genre qui sont &#224; am&#233;liorer, donc si vous avez envie, n'h&#233;sitez pas &#224; participer ! --[[Utilisateur:Superbenjamin|Superbenjamin]] &lt;sup&gt;&amp;#124; [[Discussion Utilisateur:Superbenjamin|discuter]] &amp;#124;&lt;/sup&gt; 2 f&#233;vrier 2014 &#224; 23:50 (CET)

== Wikimag n&#176;305 - Semaine 5 ==
{{Wikimag message|305|2014|5}} [[Utilisateur:BeBot|BeBot]] ([[Discussion utilisateur:BeBot|discuter]]) 3 f&#233;vrier 2014 &#224; 05:14 (CET)

== K&#233;mi S&#233;ba ==

Puisque tu as d&#233;j&#224; contribu&#233; &#224; l'article su [[K&#233;mi S&#233;ba]], j'aimerais avoir ton point de vue sur l'acceptabilit&#233; de sources directes du type de celle que j'ai mise en page de discussion.--[[Utilisateur:Monsieur Fou|Monsieur Fou]] ([[Discussion utilisateur:Monsieur Fou|discuter]]) 5 f&#233;vrier 2014 &#224; 01:49 (CET)
:Votre interpr&#233;tation personnelle d'une vid&#233;o youtube n'est pas acceptable. Une interpr&#233;tation de cette m&#234;me vid&#233;o publi&#233;e par qqu'un sur un m&#233;dia reconnu le serait peut &#234;tre. cdt --[[Utilisateur:G de gonjasufi|G de gonjasufi]] ([[Discussion utilisateur:G de gonjasufi|discuter]]) 5 f&#233;vrier 2014 &#224; 02:11 (CET)

== Hello ==
https://fr.wikipedia.org/w/index.php?title=H%C3%A9t%C3%A9rophobie&amp;diff=prev&amp;oldid=100938374 suite &#224; cela penses tu vraiment que le site "dicopsy" soit une source acceptable pour WP.FR ? cdt --[[Utilisateur:G de gonjasufi|G de gonjasufi]] ([[Discussion utilisateur:G de gonjasufi|discuter]]) 5 f&#233;vrier 2014 &#224; 19:23 (CET)
:Pas vraiment, mais on ne peut pas supprimer cette d&#233;finition (extr&#233;miste et homophobe, ou du moins anti revendication LGBT) de l'article (mais je serais presque tent&#233; de demander une P&#224;S...). --[[Utilisateur:Superbenjamin|Superbenjamin]] &lt;sup&gt;&amp;#124; [[Discussion Utilisateur:Superbenjamin|discuter]] &amp;#124;&lt;/sup&gt; 5 f&#233;vrier 2014 &#224; 19:44 (CET)
::Impossible de trouver la moindre source s&#233;rieuse. Donc j'ai propos&#233; en [[Discussion:H&#233;t&#233;rophobie/Suppression|P&#224;S]]. --[[Utilisateur:Superbenjamin|Superbenjamin]] &lt;sup&gt;&amp;#124; [[Discussion Utilisateur:Superbenjamin|discuter]] &amp;#124;&lt;/sup&gt; 5 f&#233;vrier 2014 &#224; 21:31 (CET)

== [[:w:fr:Wikip&#233;dia:RAW/2014-02-07|RAW 2014-02-07]] ==

{{RAW/PdD|2014-02-07}} &#8212; [[Utilisateur:Cantons-de-l'Est|Cantons-de-l'Est]] &lt;sup&gt;[[Discussion utilisateur:Cantons-de-l'Est|&lt;span style="color:#008000;"&gt;discuter&lt;/span&gt;]]&lt;/sup&gt; 7 f&#233;vrier 2014 &#224; 19:36 (CET)
&lt;!-- Message envoy&#233; par User:Cantons-de-l'Est@frwiki en utilisant la liste &#224; http://fr.wikipedia.org/w/index.php?title=Wikip%C3%A9dia:RAW/Inscription&amp;oldid=100919180 --&gt;</text>
      <sha1>iegab5yjcuyist2cib8pqe72sd9r5m2</sha1>
      <model>wikitext</model>
      <format>text/x-wiki</format>
    </revision>
  </page>
