<page xmlns="http://www.mediawiki.org/xml/export-0.8/" xmlns:xsi="http://www.w3.org/2001/XMLSchema-instance">
    <title>Discussion utilisateur:Maurilbert</title>
    <ns>3</ns>
    <id>5568349</id>
    <revision>
      <id>100899557</id>
      <parentid>99597918</parentid>
      <timestamp>2014-02-04T15:25:07Z</timestamp>
      <contributor>
        <username>Jean-Jacques Georges</username>
        <id>274546</id>
      </contributor>
      <text xml:space="preserve">{{Utilisateur:{{SUBPAGENAME}}/onglets}}
{|
|&lt;div style="text-align: left; background-color: #f8ffdc; border: 1px solid #ccc; border-right: 2px solid #ccc; border-bottom: 2px solid #ccc; padding: 0.5em"&gt;
&lt;center&gt;&lt;big&gt;'''Bonjour !'''&lt;br /&gt;Bienvenue sur ma page de discussion&lt;/big&gt;&lt;/center&gt;
*Pour m'&#233;crire, il vous suffit de cliquer sur '''&lt;span class="plainlinks"&gt;[http://fr.wikipedia.org/w/index.php?title=Discussion_Utilisateur:Maurilbert&amp;action=edit&amp;section=new ce lien]&lt;/span&gt;''', ce qui cr&#233;era automatiquement une nouvelle section &#224; la fin de cette page. 
*Pour compl&#233;ter une section existante, servez-vous de l'ascenseur vertical et/ou du sommaire de page, puis cliquez sur le lien [modifier] &#224; droite du titre de section.
*Afin de ne pas ''saucissonner'' les conversations entre ma page de discussion et une autre, je continue ici une conversation entam&#233;e ici.
&lt;/div&gt;
|{{Discussion Utilisateur:{{SUBPAGENAME}}/Classeur}}
|}

== Blocage&#178; ==

Je te remercie d'avoir bloqu&#233; ce fou, j'ai cru que j'allais devoir veiller encore un moment... Cordialement, [[Utilisateur:Skull33|Skull33]]&lt;sup&gt;[[Discussion utilisateur:Skull33|&#9835;]]&lt;/sup&gt; 28 juin 2011 &#224; 04:40 (CEST)

== novels ==

Bonjour,

J'aimerais proposer une pr&#233;sentation du groupe NOVELS et j'aimerai savoir ce qui pose probl&#232;me ("contenu non v&#233;rifiable").
Le contenu ayant &#233;volu&#233; depuis l'an dernier (par exemple, le premier album "SAVIOR" est sorti le 11 octobre, accompagn&#233; d'un clip, distribu&#233; nationalement par ANTICRAFT/MVS-DISTRIBUTION (physique) et BELIEVE DIGITAL (digital), le groupe a partag&#233; l'affiche de festivals majeurs tels que le HELLFEST 2010 (voir article HELLFEST sur WIKIPEDIA) ou encore ART SONIC 2010, LES 3 ELEPHANTS 2010, etc

Il vous suffit de taper le mot "NOVELS", ou encore "NOVELS SAVIOR" sur google pour vous rendre compte de la notori&#233;t&#233; croissante du groupe, sa pr&#233;sence dans les r&#233;seaux de distribution, chroniques, etc.

Merci de m'&#233;crire d&#232;s que possible pour rectifier ce probl&#232;me et me permettre au plus vite de proposer un article convenable (combien de caract&#232;res? quels sujets aborder? etc)

Cordialement

Fran&#231;ois Hugonnier

== Patrouille ==

Slt, ce serait sympa d'&#234;tre en veille sur LiveRC [[Wikip&#233;dia:BULPAT]]. Tu as bloqu&#233; une IP, mais en direct, je te l'aurais signal&#233;e :-( Enfin bon courage ! [[Utilisateur:Asram|Asram]] ([[Discussion utilisateur:Asram|d]]) 5 juillet 2011 &#224; 02:02 (CEST)
PS : un jour c'est [http://fr.wikipedia.org/wiki/Sp%C3%A9cial:Contributions/77.203.50.80 gentil], je trouve. [[Utilisateur:Asram|Asram]] ([[Discussion utilisateur:Asram|d]]) 5 juillet 2011 &#224; 02:12 (CEST)
:M&#234;me message, lol : http://fr.wikipedia.org/wiki/Wikip%C3%A9dia:BULPAT live rc : on est plusieurs &#224; prier pour qu'un admin soit pr&#233;sent :) Cdlt, [[Utilisateur:Asram|Asram]] ([[Discussion utilisateur:Asram|d]]) 15 juillet 2011 &#224; 02:54 (CEST)

== menace de r&#233;vocation ==

bonjour,
j'aimerais savoir en quoi le r&#233;tablissement d'une page offrant des informations au lecteur m&#233;rite r&#233;vocation. Le d&#233;nomm&#233; Necrid Master, qui vient la polluer en supprimant la description des ouvrages et en ajoutant des erreurs, a op&#233;r&#233; un nombre incalculable de modifications. Je les efface, et cela est parfaitement l&#233;gitime. C'est cet internaute qui doit &#234;tre bloqu&#233;. ou alors, supprimez l'article concern&#233;, &#231;a &#233;vitera &#224; ce furieux de s&#233;vir.
:POV-pushing classique et dans les r&#232;gles de l'art... [[Utilisateur:Necrid Master|Necrid Master]] ([[Discussion utilisateur:Necrid Master|d]]) 6 juillet 2011 &#224; 18:10 (CEST)

: Pour information : je viens de bloquer l'adresse IP {{u|86.70.100.140}} pour 24 heures, en raison du qualificatif de {{citation|furieux}} employ&#233; ci-dessus, et qui n'est pas acceptable. Ce blocage ne constitue d'ailleurs, en aucune mani&#232;re, une fa&#231;on de prendre le parti de la victime de cette insulte dans la querelle &#233;ditoriale relative &#224; l'article [[Natacha Polony]]. [[User:H&#233;g&#233;sippe Cormier|H&#233;g&#233;sippe]] &amp;#124; [[User talk:H&#233;g&#233;sippe Cormier|&#177;&#920;&#177;]] 6 juillet 2011 &#224; 18:45 (CEST)

== Ukraine : retour de {{u|VanderVaart}} ==
Bonjour, vu que tu avais bloqu&#233; {{u|InterM*rda}}, je te contacte au sujet de {{u|VanderVaart}}. Cet utilisateur POV-pusher, qui avait d&#233;j&#224; s&#233;vi sur [[Andriy Chevtchenko]], est de retour et s'est mis en t&#234;te de remplacer toutes les transcriptions habituelles Blokhine, Yachine, Chevtchenko, etc., par les transcriptions anglaises. Articles concern&#233;s : {{a|Oleg Blokhine}}, {{a|Dynamo Kiev}}, {{a|&#201;quipe d'Ukraine de football}}. D'autres articles sont susceptibles d'&#234;tre touch&#233;s. Merci de prot&#233;ger les articles.

Faux-nez : {{u|SiemdeJong}} + IP : [[Sp&#233;cial:Contributions/92.148.159.95|92.148.159.95]] et [[Sp&#233;cial:Contributions/92.148.144.75|92.148.144.75]].

Autres comptes susceptibles d'&#234;tre li&#233;s : {{u|PippoooInzaghi}}, {{u|InterM*rda}} ? Une WP:RCU serait int&#233;ressante. Bon courage... [[Utilisateur:Necrid Master|Necrid Master]] ([[Discussion utilisateur:Necrid Master|d]]) 11 juillet 2011 &#224; 04:28 (CEST)
:Navr&#233; de te d&#233;ranger, mais je crois que nous sommes tomb&#233;s sur un cas de contournement : {{u|Zkfwipkaz}} et {{u|Shevchenko7}}... [[Utilisateur:Necrid Master|Necrid Master]] ([[Discussion utilisateur:Necrid Master|d]]) 11 juillet 2011 &#224; 04:35 (CEST)
::Merci, m&#234;me si ce sont les versions du f&#226;cheux qui ont &#233;t&#233; prot&#233;g&#233;es... :( Cordialement, [[Utilisateur:Necrid Master|Necrid Master]] ([[Discussion utilisateur:Necrid Master|d]]) 11 juillet 2011 &#224; 04:39 (CEST)
:::En effet, je commence &#224; fatiguer ! [[Utilisateur:Necrid Master|Necrid Master]] ([[Discussion utilisateur:Necrid Master|d]]) 11 juillet 2011 &#224; 04:43 (CEST)
::::{{u|Pipinchienne}} suspect aussi... [[Utilisateur:Necrid Master|Necrid Master]] ([[Discussion utilisateur:Necrid Master|d]]) 11 juillet 2011 &#224; 04:59 (CEST)
:::::{{u|NicoRosberg}}... [[Utilisateur:Necrid Master|Necrid Master]] ([[Discussion utilisateur:Necrid Master|d]]) 11 juillet 2011 &#224; 05:25 (CEST)
::::::Vu que les donn&#233;es concordent, est-il envisageable de le bloquer ind&#233;finiment ? [[Utilisateur:Necrid Master|Necrid Master]] ([[Discussion utilisateur:Necrid Master|d]]) 11 juillet 2011 &#224; 17:45 (CEST)

== Requ&#234;te CU concernant Sixat ==

Je prends l'affaire un peu en retard mais est-il possible d'ajouter un autre compte &#224; la requ&#234;te CU concernant {{u|Sixat}} ? En effet, j'ai &#233;t&#233; tr&#232;s surpris de voir d&#233;barquer dans [[Discussion:Guenyven/Suppression]] un contributeur nomm&#233; {{u|Gcix}}, qui n'avait quasiment jamais contribu&#233; &#224; ce jour, pour dire que Sixat avait raison... et surtout se tromper sur sa signature et signer Gsix avec un "s" au lieu d'un "c", ce qui fait &#233;videmment penser &#224; Sixat. Si cette v&#233;rification est possible, dois-je l'ajouter &#224; la requ&#234;te en question ? -- [[Utilisateur:Basilus|Basilus]] ([[Discussion utilisateur:Basilus|d]]) 11 juillet 2011 &#224; 19:06 (CEST)
:Il est tout &#224; fait possible de rajouter un compte &#224; une requ&#234;te CU. Par souci de regroupement des informations, je te laisse ajouter ce compte &#224; la requ&#234;te, et je la traiterai &#224; ce moment-l&#224;. --[[Utilisateur:Maurilbert|M&lt;span class="romain"&gt;aurilbert&lt;/span&gt;]] [[Discussion Utilisateur:Maurilbert|''&lt;font face="Times"&gt;(discuter)&lt;/font&gt;'']] 11 juillet 2011 &#224; 21:04 (CEST)
::OK, je l'ai rajout&#233;. Merci. -- [[Utilisateur:Basilus|Basilus]] ([[Discussion utilisateur:Basilus|d]]) 11 juillet 2011 &#224; 22:56 (CEST)
:::si tu as le temps, j'ai rajout&#233; une IP tr&#232;s tr&#232;s suspecte. Merci d'avance (ou quand m&#234;me si tu as autre chose &#224; faire).--[[Utilisateur:Phso2|Phso2]] ([[Discussion utilisateur:Phso2|d]]) 25 juillet 2011 &#224; 21:42 (CEST)
::::Je viens de rajouter une IP et deux nouveaux comptes, dont un a d&#233;j&#224; &#233;t&#233; bloqu&#233; pour deux semaines. Voir [[Wikip&#233;dia:V&#233;rificateur d'adresses IP/Requ&#234;tes/juillet 2011#Demande concernant : Sixat - Tonytonus 11 juillet]]. -- [[Utilisateur:Basilus|Basilus]] ([[Discussion utilisateur:Basilus|d]]) 27 juillet 2011 &#224; 12:47 (CEST)
:::::Salut. Encore deux comptes([http://fr.wikipedia.org/wiki/Wikip%C3%A9dia:V%C3%A9rificateur_d%27adresses_IP/Requ%C3%AAtes/juillet_2011#Demande_concernant_:_Sixat_-_Tonytonus_11_juillet]) &#224; v&#233;rifier stp, merci d'avance.--[[Utilisateur:Phso2|Phso2]] ([[Discussion utilisateur:Phso2|d]]) 14 septembre 2011 &#224; 20:56 (CEST)

== [[New Yorker Hotel]] ==

Bien sur que j'ai p&#233;ch&#233; par traduction automatique. Mais ma relecture &#224; cette heure tardive (je sais pas pourquoi &#231;a m'a pris &#224; c't heure, p'tet le d&#233;calage horaire) a du laisser passer des incongruit&#233;s. Penses-tu que c'est grave ? --[[Utilisateur:Padawane|P&#170;&#598;aw@n]]&lt;font color="red"&gt;[[Discussion Utilisateur:Padawane|e]]&lt;/font&gt; 14 juillet 2011 &#224; 12:16 (CEST)

==  Semi-protection de mod&#232;les ==

Bonjour Lomita, 

Lorsque tu &lt;span class="plainlinks"&gt;[http://fr.wikipedia.org/w/index.php?title=Mod%C3%A8le:Palette_Gouvernements_Fillon&amp;diff=67055913&amp;oldid=67055904 semi-prot&#232;ges un mod&#232;le]&lt;/span&gt;, il ne faut pas oublier de mettre le mod&#232;le de semi-protection entre balises noinclude, afin que l'ic&#244;ne de semi-protection n'apparaisse que sur le mod&#232;le, et pas dans les articles o&#249; il est inclus. Merci ! --[[Utilisateur:Maurilbert|M&lt;span class="romain"&gt;aurilbert&lt;/span&gt;]] [[Discussion Utilisateur:Maurilbert|''&lt;font face="Times"&gt;(discuter)&lt;/font&gt;'']] 18 juillet 2011 &#224; 05:08 (CEST)
: Bonjour, merci pour le conseil, si tu as d'autres petites astuces comme celle-ci, surtout, n'h&#233;site pas &#224; m'en faire part - bonne journ&#233;e --[[Utilisateur:Lomita|Lomita]] ([[Discussion utilisateur:Lomita|d]]) 18 juillet 2011 &#224; 07:41 (CEST)

== [[C&#233;line Bosquet]] ==

Bonjour Maurilbert, &lt;br /&gt; je voulais te signaler que j'avais fait une demande de restauration de page concernant [[C&#233;line Bosquet]], car j'estime qu'elle entre d&#233;sormais dans les crit&#232;res. Il y a une nouvelle P&#224;S, [[Discussion:C&#233;line Bosquet/Suppression|ici]]. Cordialement. [[Utilisateur:Trafalguar|Trafalguar]] &lt;sup&gt;&lt;small&gt;&amp;#91;[[Discussion Utilisateur:Trafalguar |&#9993;]]&amp;#93;&lt;/small&gt;&lt;/sup&gt; 20 juillet 2011 &#224; 19:37 (CEST)

== The Bourbon ==

pourquoi ma tue suprimer ma page

== Cristophe Ma&#235; ==

Bsr, merci pour ta r&#233;activit&#233;, mais il faudrait r&#233;tablir l'article dans sa version correcte. Cdlt, [[Utilisateur:Asram|Asram]] ([[Discussion utilisateur:Asram|d]]) 31 juillet 2011 &#224; 02:00 (CEST)

== L'article Pierre-Olivier Carles est propos&#233; &#224; la suppression ==

{| align="center" title="{{((}}subst:avertissement suppression page{{!}}page{{))}}" border="0" cellpadding="4" cellspacing="4" style="border-style:none; background-color:#FFFFFF;"
| [[Image:Icono consulta borrar.png|64px|Page propos&#233;e &#224; la suppression]]
|Bonjour,

L&#8217;article &#171;&#160;'''{{Lien &#224; supprimer|Pierre-Olivier Carles}}'''&#160;&#187; est propos&#233; &#224; la suppression ({{cf.}} [[Wikip&#233;dia:Pages &#224; supprimer]]). Apr&#232;s avoir pris connaissance des [[Wikip&#233;dia:Crit&#232;res d'admissibilit&#233; des articles|crit&#232;res g&#233;n&#233;raux d&#8217;admissibilit&#233; des articles]] et des [[:Cat&#233;gorie:Crit&#232;res de notori&#233;t&#233; sp&#233;cifiques pour Wikip&#233;dia|crit&#232;res sp&#233;cifiques]], vous pourrez [[Aide:Comment argumenter lors d'une proc&#233;dure de suppression|donner votre avis]] sur la page de discussion '''[[Discussion:Pierre-Olivier Carles/Suppression]]'''.

Le meilleur moyen d&#8217;obtenir un consensus pour la conservation de l&#8217;article est de fournir des [[Wikip&#233;dia:Citez vos sources|sources secondaires fiables et ind&#233;pendantes]]. Si vous ne pouvez trouver de telles sources, c&#8217;est que l&#8217;article n&#8217;est probablement pas admissible. N&#8217;oubliez pas que les [[Wikip&#233;dia:Principes fondateurs|principes fondateurs]] de Wikip&#233;dia ne garantissent aucun droit &#224; avoir un article sur Wikip&#233;dia.
|} [[Utilisateur:Hatonjan|Hatonjan]] ([[Discussion utilisateur:Hatonjan|d]]) 8 ao&#251;t 2011 &#224; 16:29 (CEST)

== Anomyme == 
Salut. Je te signale un message bizarre concernant la wiwi en fran&#231;ais sur ta page de wiwi en breton. Visiblement cela concerne un compte sur wikipedia en fran&#231;ais. Cordialement --[[Utilisateur:Kadwalan|Kadwalan]] ([[Discussion utilisateur:Kadwalan|d]]) 8 ao&#251;t 2011 &#224; 18:40 (CEST)

== L'article Arab est propos&#233; &#224; la suppression ==

{| align="center" title="{{((}}subst:avertissement suppression page{{!}}page{{))}}" border="0" cellpadding="4" cellspacing="4" style="border-style:none; background-color:#FFFFFF;"
| [[Image:Icono consulta borrar.png|64px|Page propos&#233;e &#224; la suppression]]
|Bonjour,

L&#8217;article &#171;&#160;'''{{Lien &#224; supprimer|Arab}}'''&#160;&#187; est propos&#233; &#224; la suppression ({{cf.}} [[Wikip&#233;dia:Pages &#224; supprimer]]). Apr&#232;s avoir pris connaissance des [[Wikip&#233;dia:Crit&#232;res d'admissibilit&#233; des articles|crit&#232;res g&#233;n&#233;raux d&#8217;admissibilit&#233; des articles]] et des [[:Cat&#233;gorie:Crit&#232;res de notori&#233;t&#233; sp&#233;cifiques pour Wikip&#233;dia|crit&#232;res sp&#233;cifiques]], vous pourrez [[Aide:Comment argumenter lors d'une proc&#233;dure de suppression|donner votre avis]] sur la page de discussion '''[[Discussion:Arab/Suppression]]'''.

Le meilleur moyen d&#8217;obtenir un consensus pour la conservation de l&#8217;article est de fournir des [[Wikip&#233;dia:Citez vos sources|sources secondaires fiables et ind&#233;pendantes]]. Si vous ne pouvez trouver de telles sources, c&#8217;est que l&#8217;article n&#8217;est probablement pas admissible. N&#8217;oubliez pas que les [[Wikip&#233;dia:Principes fondateurs|principes fondateurs]] de Wikip&#233;dia ne garantissent aucun droit &#224; avoir un article sur Wikip&#233;dia.
|}[[Utilisateur:KoS|KoS]] ([[Discussion utilisateur:KoS|d]]) 11 ao&#251;t 2011 &#224; 17:16 (CEST)

== Tu en as manqu&#233; une... ==

Voir {{a-court|"M&amp;C Business SARL"}}. SI? &#8212; [[Utilisateur:Bouchecl|Bouchecl]] &lt;small&gt;(''[[Discussion Utilisateur:Bouchecl|dring]]'')&lt;/small&gt; 17 ao&#251;t 2011 &#224; 05:29 (CEST)
:Merci, c'est {{fait}}fait. --[[Utilisateur:Maurilbert|M&lt;span class="romain"&gt;aurilbert&lt;/span&gt;]] [[Discussion Utilisateur:Maurilbert|''&lt;font face="Times"&gt;(discuter)&lt;/font&gt;'']] 17 ao&#251;t 2011 &#224; 05:31 (CEST)

== Suppression de mon article ==

pour quoi je n'es pas le droit de cr&#233;e un article
ou que tu le supprime?

== Mon pauvre cerveau a chauff&#233; ==

Salut. Avec ta remarque sur le papier peint sur WP:BA, tu m'as oblig&#233; &#224; r&#233;fl&#233;chir car je me demandais si tu n'avais pas fait une erreur de copier-coller tellement le papier peint me semblait &#233;loign&#233; de la corrida. J'allais vraiment t'&#233;crire pour te poser la question, mais apr&#232;s avoir atteint une temp&#233;rature de 80 degr&#233;s, mon cerveau a compris ton humour... du troisi&#232;me degr&#233;. {{diable}} --[[User:Laurent_Nguyen|Laurent N.]]&lt;sup&gt;&lt;small&gt; &amp;#91;[[Discussion Utilisateur:Laurent_Nguyen|D]]&amp;#93;&lt;/small&gt;&lt;/sup&gt; 17 ao&#251;t 2011 &#224; 10:38 (CEST)

== r&#233;ponse &#224; votre question. ==

Le v&#233;ritable nom de saint preux,est bien Christian Langlade car ayant fais ma derni&#232;re ann&#233;e scolaire avec lui,je l'ai donc cotoy&#233; pendant une ann&#233;e.
Merci de votre attention.
[[Sp&#233;cial:Contributions/82.247.64.126|82.247.64.126]] ([[Discussion utilisateur:82.247.64.126|d]]) 22 ao&#251;t 2011 &#224; 09:37 (CEST)

== Retour or not retour ? ==
Bonjour Maurilbert. Je sais qu'il faut toujours pr&#233;sumer de la bonne foi de chacun, mais l'apparition subite de [[Utilisateur:GagnierC]] dans ma liste de suivi me fait craindre un &#233;ni&#232;me retour de notre ami prescott-russellien. L'avenir nous dira si j'ai vu juste ou si je me suis inqui&#233;t&#233; pour rien... [[Utilisateur:Qu&#233;r&#233;|Qu&#233;r&#233;]] &lt;sup&gt;&lt;small&gt;&amp;#91;[[Discussion Utilisateur:Qu&#233;r&#233;|Hygiaphone]]&amp;#93;&lt;/small&gt;&lt;/sup&gt; 26 ao&#251;t 2011 &#224; 09:06 (UTC-4)

== Merci... ==

... pour avoir bloqu&#233; {{u|Calcineur}}. Malgr&#233; le message que j'ai laiss&#233; sur sa page de discussion ([http://fr.wikipedia.org/w/index.php?title=Discussion_utilisateur:Wogineu&amp;oldid=69001335]), il ne voulait pas comprendre que je n'ai pas apport&#233; les modifications dont il parle. /[[Utilisateur:Badzil|Badzil]] &lt;sup&gt;&lt;small&gt;[[Discussion Utilisateur:Badzil|papoter]]&lt;/small&gt;&lt;/sup&gt; 29 ao&#251;t 2011 &#224; 21:13 (CEST)

== Louis Massicotte (homme d'affaires) ==

Bonjour,

Je suis Louis Massicotte.  Il semble que vous ayez eu acc&#232;s &#224; un texte &#233;crit &#224; mon sujet sur Wikip&#233;dia en 2009 et que vous l'ayez supprim&#233;.  Comment puis-je avoir acc&#232;s au texte et comment puis-je savoir qui l'avait &#233;crit?

Merci de me dire... Ce serait appr&#233;ci&#233;. Je suis joignable &#224; lm@netcreation.ca

== L'article Le plein s'il vous pla&#238;t ! La solution au probl&#232;me de l'&#233;nergie est propos&#233; &#224; la suppression ==

{| align="center" title="{{((}}subst:avertissement suppression page{{!}}page{{))}}" border="0" cellpadding="4" cellspacing="4" style="border-style:none; background-color:#FFFFFF;"
| [[Image:Icono consulta borrar.png|64px|Page propos&#233;e &#224; la suppression]]
|Bonjour,

L&#8217;article &#171;&#160;'''{{Lien &#224; supprimer|Le plein s'il vous pla&#238;t ! La solution au probl&#232;me de l'&#233;nergie}}'''&#160;&#187; est propos&#233; &#224; la suppression ({{cf.}} [[Wikip&#233;dia:Pages &#224; supprimer]]). Apr&#232;s avoir pris connaissance des [[Wikip&#233;dia:Crit&#232;res d'admissibilit&#233; des articles|crit&#232;res g&#233;n&#233;raux d&#8217;admissibilit&#233; des articles]] et des [[:Cat&#233;gorie:Crit&#232;res de notori&#233;t&#233; sp&#233;cifiques pour Wikip&#233;dia|crit&#232;res sp&#233;cifiques]], vous pourrez [[Aide:Comment argumenter lors d'une proc&#233;dure de suppression|donner votre avis]] sur la page de discussion '''[[Discussion:Le plein s&amp;#39;il vous pla&#238;t ! La solution au probl&#232;me de l&amp;#39;&#233;nergie/Suppression]]'''.

Le meilleur moyen d&#8217;obtenir un consensus pour la conservation de l&#8217;article est de fournir des [[Wikip&#233;dia:Citez vos sources|sources secondaires fiables et ind&#233;pendantes]]. Si vous ne pouvez trouver de telles sources, c&#8217;est que l&#8217;article n&#8217;est probablement pas admissible. N&#8217;oubliez pas que les [[Wikip&#233;dia:Principes fondateurs|principes fondateurs]] de Wikip&#233;dia ne garantissent aucun droit &#224; avoir un article sur Wikip&#233;dia.
|}

--[[Utilisateur:Chris a liege|Chris a liege]] ([[Discussion utilisateur:Chris a liege|d]]) 21 septembre 2011 &#224; 14:16 (CEST) --[[Utilisateur:Chris a liege|Chris a liege]] ([[Discussion utilisateur:Chris a liege|d]]) 21 septembre 2011 &#224; 14:16 (CEST)

== D&#233;bat suppression de pages ==

Bonjour,
	 	
J'ai vu que vous intervenez quelquefois sur les d&#233;bats des pages &#224; supprimer. Je vous invite &#224; donner votre avis, si vous en avez le temps et l'envie, sur [[J&#233;r&#233;my Bardeau]], [[Olivier Cuvellier]], et [[Philippe Videcoq]]. Le d&#233;bat est assez embrouill&#233;, ou anim&#233;, et nous avons besoin de plusieurs regards sur la question ou non de leur suppression. 
	 
Merci,	
Cordialement,
--[[Utilisateur:Xxxxx|Xxxxx]] ([[Discussion utilisateur:Xxxxx|d]]) 23 septembre 2011 &#224; 01:11 (CEST)

Cher Maurilbert,

Je ne comprends pas pourquoi tu as supprim&#233; mon article sur Roger Viroux.  Il s'agit d'un acteur majeur (en Wallonie) dans le mouvement pr&#244;nant le maintien des langues r&#233;gionales.   Le fait que l'article ne soit pas "cat&#233;goris&#233;" ne me semble pas une raison suffisante.

Bien d&#233;vou&#233;,
[[Utilisateur:Murgiama|Murgiama]] ([[Discussion utilisateur:Murgiama|d]]) 23 septembre 2011 &#224; 08:53 (CEST)
Michele Angelo Murgia 
utilisateur:Murgiama

== Merci ... ==
Pour ton intervention sur [[&#201;lisabeth Roudinesco]] elle &#233;tait fort &#224; propos. Je te signale juste que tu as prot&#233;g&#233; en laissant les modifications du user qui m'a r&#233;vert&#233; qui sont discutables (voir PDD, et le principal probl&#232;me une usurpation de titre de DR). Personnellement, j'en reste l&#224; et je vais aller voir ailleurs quelques temps si j'y suis :-). Bonne journ&#233;e. [[Utilisateur:Bublegun|Bublegun]] ([[Discussion utilisateur:Bublegun|d]]) 4 octobre 2011 &#224; 15:32 (CEST)

== Verification IP ==

Bonjour, 
j'ai vu cette modification [http://fr.wikipedia.org/w/index.php?title=Discussion:Greenpeace&amp;action=historysubmit&amp;diff=70758630&amp;oldid=70758597] dans ma liste de suivi, est il possible de v&#233;rifier l'ip pour connaitre l'origine du message ? et savoir si c'est a prendre au s&#233;rieux ? Je ne pense pas, mais il est impensable de ne rien faire si c'est le cas.. [[Utilisateur:Roumpf|Roumpf]] &lt;sup&gt;&lt;small&gt;&amp;#91;[[Discussion Utilisateur:Roumpf| Message ! ]]&amp;#93;&lt;/small&gt;&lt;/sup&gt; 5 octobre 2011 &#224; 23:20 (CEST)
:Bonjour, &#231;a ne rentre pas dans les attributions des v&#233;rificateurs d'adresse IP. C'est en fait un ''spam'' r&#233;current, qui refait surface de temps en temps. --[[Utilisateur:Maurilbert|M&lt;span class="romain"&gt;aurilbert&lt;/span&gt;]] [[Discussion Utilisateur:Maurilbert|''&lt;font face="Times"&gt;(discuter)&lt;/font&gt;'']] 5 octobre 2011 &#224; 23:38 (CEST)

== Altercation H. Cormier &amp; MaxAviliLeMalin ==

Je suis d&#233;sol&#233;e de vous d&#233;ranger pour des choses que j'estime bien peu importantes et assez pu&#233;riles.
Je me connecte &#224; partir d'une adresse IP qui est renouvel&#233;e par ma box r&#233;guli&#232;rement (plus d'infos en bas de page).
Ce message est publi&#233; dans le Bistro et sur la page de discussion de l'administrateur Maurilbert qui est intervenu suite &#224; la requ&#234;te de H. Cormier.
A ce que j'ai compris, "Le Bistro" de WP est un "mur d'expression" et comme nous sommes dans un pays et sur un site qui a des positions lib&#233;rales &#224; ce sujet, j'esp&#232;re qu'il ne sera pas supprim&#233;.

Vous &#234;tes r&#233;cemment intervenu sur [http://fr.wikipedia.org/wiki/Wikip%C3%A9dia:V%C3%A9rificateur_d%27adresses_IP/Requ%C3%AAtes/octobre_2011#Demande_concernant_Vladjoachim.2C_MaxAviliLeMalin_et_86.73.129.143_-_5_octobre cette page]. R&#233;sum&#233; des faits :

1/ j'ai &#233;crit [[Wikip&#233;dia:Pastiches/Arnoldo_Rebotini|un faux article humoristique]]

2/ H. Cormier m'a &#233;crit sur ma page de discussion pour me dire qu'il ne fallait pas le faire

3/ Je n'ai pas du tout appr&#233;ci&#233; le ton sur lequel Cormier m'a parl&#233;, estimant que si j'avais commis une faute, il pouvait tout &#224; fait me sanctionner, mais non me faire des remarques personnelles, et/ou utiliser un ton condescendant ("canaliser votre &#233;nergie cr&#233;atrice", etc. Je me disais : "ce type-l&#224; n'est pas mon p&#232;re, ni mon pote, c'est un ton tout &#224; fait inappropri&#233; par rapport &#224; ce que j'ai fait").

4/ J'ai donc r&#233;pondu sur le m&#234;me ton &#224; Cormier pour lui signifier que je n'aimais pas du tout &#231;a, on trouvera donc le m&#234;me genre d'attaques dont j'estimais avoir &#233;t&#233; victime.

5/ Il a r&#233;pondu et un autre administrateur est intervenu.

6/ &#199;a n'a eu que pour effet de rajouter de l'huile sur le feu, tant les r&#233;ponses de Cormier m'avait agac&#233; et que les r&#233;ponses du nouvel administrateur me semblaient compl&#232;tement fausses, rajout&#233; &#224; &#231;a deux administrateurs contre une pauvre contributeur WikiGnomes &#224; ses heures, je n'avais aucune envie d'&#234;tre conciliante.

7/ Pendant ce temps j'ai essay&#233; de m'informer plus en profondeur sur le fonctionnement de wiki. J'ai d&#233;couvert le Bistro, le P&#224;S, les requ&#234;tes aux administrateurs, la PDD en cours sur les modalit&#233;s de contestation des administrateurs et tout un tas de choses.

8/ J'ai notamment vu [http://fr.wikipedia.org/wiki/Wikip%C3%A9dia:Le_Bistro/30_septembre_2011#Un_canular_probable... les conversations de Cormier avec d'autres utilisateurs sur l'article que j'avais &#233;crit sur "le Bistro"], et j'ai compris que le changement de cat&#233;gorie de mon article, vers la cat&#233;gorie:Pastiches &#233;tait une faveur sympathique de Cormier (j'ai vu aussi le nombre incroyable d'articles supprim&#233;s tous les jours).

9/ J'ai alors compris que j'avais tr&#232;s mal interpr&#233;t&#233; / pris le mot que Cormier m'avait laiss&#233;, et qu''''il n'y avait rien de p&#233;dant, sup&#233;rieur, condescendant, d&#233;plac&#233; dans son attitude : en somme, j'avais commis une grosse erreur d'appr&#233;ciation.'''

10/ Entre temps mon compte a &#233;t&#233; bloqu&#233; d&#233;finitivement et mon adresse IP bloqu&#233; jusqu'au 8 octobre.

11/ J'ai quand m&#234;me forc&#233; la connexion par proxy pour me connecter et pr&#233;senter mes excuses &#224; Cormier.

12/ Je lui ai pr&#233;sent&#233; mes plus sinc&#232;res et franches excuses sur sa page de discussion

[http://fr.wikipedia.org/w/index.php?title=Discussion_utilisateur:H%C3%A9g%C3%A9sippe_Cormier&amp;oldid=70676810 une premi&#232;re fois]

[[Wikip&#233;dia:Requ&#234;te aux administrateurs#MaxAviliLeMalin|une deuxi&#232;me fois]]

[http://fr.wikipedia.org/w/index.php?title=Wikip%C3%A9dia:V%C3%A9rificateur_d%27adresses_IP/Requ%C3%AAtes/octobre_2011&amp;oldid=70768027#Demande_concernant_Vladjoachim.2C_MaxAviliLeMalin_et_86.73.129.143_-_5_octobre une troisi&#232;me fois]

et [http://fr.wikipedia.org/w/index.php?title=Discussion_utilisateur:H%C3%A9g%C3%A9sippe_Cormier&amp;oldid=70768805 une quatri&#232;me fois].

Mon premier message a &#233;t&#233; supprim&#233;. Mon deuxi&#232;me message n'a pas &#233;t&#233; supprim&#233;, mais l'int&#233;gralit&#233; de la discussion a &#233;t&#233; recopi&#233; plus bas en supprimant mon intervention o&#249; je m'excuse. Le troisi&#232;me message a &#233;t&#233; purement et simplement supprim&#233; sous un motif fallacieux (contournement d'adresse IP, ce qui est fallacieux car je pourrais tr&#232;s bien me cr&#233;er un nouveau compte pour r&#233;pondre, mais je trouve &#231;a malhonn&#234;te) et surtout sans indiquer que dans ce message soi-disant de contournement, je pr&#233;sente mes excuses. Le quatri&#232;me message, o&#249; je lui laisse mon adresse mail personnelle a lui aussi &#233;t&#233; supprim&#233;, je n'ai toujours re&#231;u aucun message d'explications.

13/ Avoir supprim&#233; un message long de 15 lignes o&#249; je pr&#233;sente mes excuses sous pr&#233;texte qu'il y a un contournement d'IP alors que c'est faux m'a r&#233;ellement choqu&#233; et je le ne comprends pas (d'o&#249; d'ailleurs le quatri&#232;me message, et sans r&#233;ponse de Cormier, pr&#233;sentement ce message).

13/ Depuis, j'ai encore continu&#233; &#224; essayer de comprendre le fonctionnement de wikip&#233;dia et j'ai d&#233;couvert [http://fr.wikipedia.org/wiki/Wikip%C3%A9dia:Administrateur/H%C3%A9g%C3%A9sippe_Cormier_(4) cette page], l'&#233;lection de Cormier au poste d'administrateur, avec &#233;crit je cite un des votes qui r&#233;sume assez bien la situation : &#171;  En sch&#233;matisant : {{pour}}, car ce serait bon pour le projet, {{contre}} car ce serait mauvais pour les contributeurs en d&#233;saccord avec lui, qu'il prend rapidement en grippe. En sus, h&#233;g&#233; ne conna&#238;t pas le pardon, il ne le donne ni le demande. [[Utilisateur:Alvaro|Alvaro]] 22 octobre 2007 &#224; 12:15 (CEST) &#187;. D'ailleurs, il n'y a tout simplement pas un vote qui ne rel&#232;vent pas son comportement agressif / non diplomate, en un mot inintelligent humainement parlant. J'ai aussi d&#233;couvert que le blocage de mon ancienne adresse IP avait &#233;t&#233; prolong&#233; jusqu'au 19 octobre sans aucun motif explicatif accompagnement ce prolongement.

14/ &lt;u&gt;Conclusion :&lt;/u&gt; C'est donc apr&#232;s avoir reconnu ma faute que j'ai pri&#233; H. Cormier d'accepter mes excuses, ce qu'il a envoy&#233; par la fen&#234;tre d'une mani&#232;re manquant de courtoisie. En somme, je crois m'&#234;tre assez peu tromp&#233; quand je lui ai r&#233;pondu la premi&#232;re fois [[Wikip&#233;dia:Administrateur/H&#233;g&#233;sippe_Cormier_(4)#Opposition|(Cf. aussi les votes &#224; son poste d'administrateur)]].

15/ Je n'ai pas les qualit&#233;s requises pour contester son poste d'administrateur (vu la PDD r&#233;cente &#224; ce sujet). Cet article a donc un but purement informatif.
J'attire votre attention sur le fait que :
* apr&#232;s avoir pr&#233;sent&#233; ses excuses plus de trois fois, n'importe qui pourrait &#234;tre rempli d'une certaine rage / frustration envers H. Cormier et avoir envie de commettre du vandalisme sur toutes ses contributions, voire sur toute la WP par effet d'amalgames / assimilations
* que j'avais en projet une contribution importante sur wiki, mais que, suite &#224; ce conflit, j'ai d&#233;cid&#233; de laisser d&#233;finitivement tomb&#233;. Voir aussi [[wikipedia:administrateur/H&#233;g&#233;sippe_Cormier_(4)#Opposition|ce contributeur qui a arr&#234;t&#233; de particip&#233; &#224; WP apr&#232;s un conflit avec H. Cormier pendant 3 mois alors qu'il &#233;tait un contributeur assidu]] (Vote contre n&#176;46). 
* je n'ai aucune contribution significative sur WP sous aucun compte, je ne me bats donc pas pour d&#233;fendre une r&#233;putation ou un nom qcq. J'agis en tant que citoyen qui s'estime choqu&#233; d'un comportement.

Nota Bene 1 : Contrairement &#224; ce qui a &#233;t&#233; dit par H&#233;g&#233;sippe, je n'ai pas contourn&#233; mon adresse IP pour &#233;crire sur la page de Requ&#234;te des administrateurs. L'adresse IP de ma box est chang&#233;e automatiquement tous les deux / trois jours, parfois tous les jours. De plus, je vous &#233;cris &#224; partir d'un ordinateur en partage par r&#233;seau local et par intranet prof. En outre, cette adresse IP est utilis&#233;e par (au moins) plusieurs dizaines de personnes que je ne connais pas du tout. J'ai effectivement eu un autre compte, mais mes contributions se limitaient &#224; ce que vous appelez du WikiGnome ou Wikif&#233;e, je n'avais pas besoin de comptes pour &#231;a, de plus, ce compte &#233;tait sous mon vrai nom (je ne savais pas que tout &#233;tait publi&#233; / conserv&#233; + dispo sous Google) et vu la m&#233;moire de wiki, j'ai pr&#233;f&#233;r&#233; le fermer d&#232;s que je me suis rendu compte de &#231;a.

Nota Bene 2 : Je vous prie de bien vouloir m'excuser pour le d&#233;rangement / d&#233;sagr&#233;ment que je vous ai caus&#233;. Effectivement, mon intervention n'avait pas pour but de faire grandir WP, et je vous retarde / ennuie plus qu'autre chose. Je me contenterai d&#233;sormais du travail de WikiGnomes / WikiF&#233;e que je r&#233;alisais auparavant, tjs sous IP.

MaxAviliLeMalin

===ouf : demande double pseudo===
Merci de votre rapidit&#233;, je me sens d&#233;j&#224; nettement mieux dans ma p'tite t&#234;te. Il &#233;tait donc plusieurs, ou ils &#233;taient un tout seul, c'est le genre de {{injure}} qui rend bien fou. Il se passe quoi, lorsque le cumul est d&#233;masqu&#233; ?--[[Utilisateur:Eliane Daphy|&#233;liane&#948;]] ([[Discussion utilisateur:Eliane Daphy|d]]) 18 octobre 2011 &#224; 15:33 (CEST)
: la suite est-elle : TS/Franck Slama a r&#233;pondu &#224; C&#233;r&#233;ales Killer en demandant la suppression de ces alias, en faisant un gros mensonge concernant son usage  de [http://fr.wikipedia.org/wiki/Sp%C3%A9cial:Contributions/Franck_Slama son compte alias] (ses termes pr&#233;cis : [http://fr.wikipedia.org/wiki/Discussion_utilisateur:Franck_Slama compte cr&#233;&#233; sous le coup d'une col&#232;re depuis bien dissip&#233;e]), alors que derni&#232;re intervention hier  &#224; 2011 octobre 17 &#224; 21:51, et il peut tranquillement continuer avec son pseudo-unique. La r&#233;flexion sur d'&#233;ventuelles mesures se poursuit-elle ? AMHA, ces pratiques malpropres devraient m&#233;riter une sanction.--[[Utilisateur:Eliane Daphy|&#233;liane&#948;]] ([[Discussion utilisateur:Eliane Daphy|d]]) 18 octobre 2011 &#224; 20:22 (CEST)
:: Deux faux-nez bloqu&#233;s, merci &#224; l'&#233;quipe WP pour son efficacit&#233;.--[[Utilisateur:Eliane Daphy|&#233;liane&#948;]] ([[Discussion utilisateur:Eliane Daphy|d]]) 19 octobre 2011 &#224; 10:42 (CEST)

==V&#233;rif d'IP==
D&#233;sol&#233;, dans ma derni&#232;re demande concernant Jimdo j'ai indiqu&#233; deux fois la m&#234;me IP alors qu'il y en a deux distinctes. Sorry, je m'y perds un peu avec toutes ces IP et ces fausses identit&#233;s. cordialement, [[Utilisateur:Jean-Jacques Georges|Jean-Jacques Georges]] ([[Discussion utilisateur:Jean-Jacques Georges|d]]) 18 octobre 2011 &#224; 16:53 (CEST)

La personne qui intervient intempestivement en demandant des r&#233;f&#233;rences pour l'article Pierre Piccinin n'a pas vu, manifestement, qu'une note indique l'origine de l'information (le conseil facultaire de juin 2009). Evidemment, les d&#233;cisions du conseil sont consultables dans ses archives et non mises en ligne.

== Article Pierre PICCININ ==

1. En quoi des sources "primaires" seraient-elles non valables?

2. Votre action intempestive contre cet article est &#224; la limite du vandalisme. Surtout lorsque, pour r&#233;affirmer votre action, vous d&#233;truisez une partie du travail effectu&#233; dans le but de faire progresser l'article, par, manifestement, in copi&#233;-coll&#233; d'une version tr&#232;s ant&#233;rieure.

Merci de respecter le travail et les contributions d'autrui.

--[[Utilisateur:Geoffrey De Havilland|Geoffrey De Havilland]] ([[Discussion utilisateur:Geoffrey De Havilland|d]]) 24 octobre 2011 &#224; 13:27 (CEST)

Au contraire de m'opposer &#224; vos conseils, je voudrais vous demander de m'aider.

J'ai ajout&#233; au bas de l'article un portail qui existe dans la liste des portails, mais il appara&#238;t en rouge.

Pouvez-vous m'enseigner?

== Que de bruit ! que de bruit ! ==

Message du [[user:Nemoi|comte &#413;emoi]] &#8211; Bonjour Maurilbert. Je suis tomb&#233; par hasard sur [[Wikip&#233;dia:Bulletin_des_administrateurs/2011/Semaine_42#A-t-on_une_assurance_tout_risque_contre_.C3.A7a_.3F|cette section]], et j&#8217;avoue ne pas comprendre : pourquoi avoir pr&#233;f&#233;r&#233; passer par le {{abr&#233;viation discr&#232;te|BA|bulletin des administrateurs}} (que je ne lis qu&#8217;occasionnellement) au lieu de venir me poser la question ? pourquoi laisser entendre qu&#8217;il y a besoin d&#8217;une &#171; assurance tout risque &#187; alors que, si tu avais creus&#233; un peu, tu aurais constat&#233; que j&#8217;utilisais un script tr&#232;s commun et conseill&#233; sur l&#8217;[[Aide:Comment_renommer_une_page#Renommage_des_pages_.C2.AB_cat.C3.A9gories_.C2.BB|aide : Renommage]] ? bref, pourquoi tant de bruit, autour de ce qui n&#8217;est de ma part qu&#8217;une d&#233;monstration de transparence ? Sache en tous cas que Bototomatix a obtenu depuis l&#8217;approbation de la communaut&#233;, ce qui &#233;vitera ainsi de saturer les {{abr&#233;viation discr&#232;te|LdS|listes de suivi}} comme le font d&#8217;autres utilisateurs. Ce 25 octobre 2011 &#224; 01:51 (CEST).
:(1) Parce que je voulais l'avis d'autres admins, n'&#233;tant pas parfaitement au courant des usages en mati&#232;re de bots (surtout en ce qui concerne la zone grise o&#249; un compte porte un nom laissant penser qu'il est un bot, se pr&#233;sente comme tel, mais n'a pas de bot-flag). (2) Relis tes ''Ast&#233;rix''. Je ne faisais que prolonger le calembour sur le nom de ton bot. (3) Je n'ai ni l'envie ni la comp&#233;tence pour &#171;&#160;creuser un peu&#160;&#187;. De toute fa&#231;on, en ce qui a trait aux bots, ce n'est pas tant le script utilis&#233; dont je me m&#233;fie, c'est toujours du dresseur. Je suis, enfin, tout &#224; fait satisfait de la suite des &#233;v&#232;nements : tu as maintenant un bot en bonne et due forme, tant mieux pour toi. T&#226;che de ne pas donner raison &#224; ceux qui n'ont pas vot&#233; pour ton botflag. --[[Utilisateur:Maurilbert|M&lt;span class="romain"&gt;aurilbert&lt;/span&gt;]] [[Discussion Utilisateur:Maurilbert|''&lt;font face="Times"&gt;(discuter)&lt;/font&gt;'']] 25 octobre 2011 &#224; 15:19 (CEST)

== Que de silence ! que de silence ! ==

Bonjour Maurilbert,

Cette [http://fr.wikipedia.org/w/index.php?title=Wikip%C3%A9dia:Requ%C3%AAte_aux_administrateurs&amp;oldid=71506301#M-A-G1992.C2.A0.28d.C2.A0.C2.B7.C2.A0c.C2.A0.C2.B7.C2.A0b.29 requ&#234;te], que tu as bien voulu appuyer, n'a pas rencontr&#233; un franc succ&#232;s, il y manquait sans doute une tirade grandiloquente qui aurait fait fr&#233;mir le corps ''administratorial'' {{mdr}}. Mais j'avais peu de temps, je pensais faire court et efficace, perdu ! Je ne sais pas si tu as vu [[Discussion utilisateur:Starus#M-A-G1992.C2.A0.28d.C2.A0.C2.B7.C2.A0c.C2.A0.C2.B7.C2.A0b.29|notre petite discussion]] avec [[Discussion utilisateur:Qu&#233;r&#233;#M-A-G1992.C2.A0.28d.C2.A0.C2.B7.C2.A0c.C2.A0.C2.B7.C2.A0b.29|Qu&#233;r&#233;]] mais je crois que ton avis serait le bienvenu pour que l'on puisse prendre une d&#233;cision commune ! Bien cordialement. &amp;mdash; &lt;font style="color:#008080"&gt;[[Utilisateur:Starus|S&amp;nbsp;''t''&amp;nbsp;a&amp;nbsp;''r''&amp;nbsp;u&amp;nbsp;''s'']]&lt;/font&gt; &amp;ndash; &lt;font color="0080C0"&gt;&lt;small&gt;[[Discussion Utilisateur:Starus|''&#191; Qu&#233; ?'']]&lt;/small&gt;&lt;/font&gt; &lt;font color="FF8080"&gt;'''&amp;ndash;'''&lt;/font&gt; 27 octobre 2011 &#224; 19:49 (CEST)
: Pour ma part, je suis &#171;&#160;infiniment r&#233;joui&#160;&#187; d'apprendre l'existence du verbe &#171;&#160;'''d&#233;faiter'''&#160;&#187;, cf. [[Donna Harpauer]]. Bon, je me sauve, on ringe &#224; la porte, faut que j'aille opener &lt;span class="smiley"&gt;[[Image:Face-smile.svg|20px|Sourire]]&lt;/span&gt;. [[User:H&#233;g&#233;sippe Cormier|H&#233;g&#233;sippe]] &amp;#124; [[User talk:H&#233;g&#233;sippe Cormier|&#177;&#920;&#177;]] 27 octobre 2011 &#224; 20:30 (CEST)
:: H&#233;g&#233;sippe, {{citation|je me demandait pourquoi cette page va redirect m&#234;me qu'on peut mettre des informations, si tu veux me discuter viens me contacter &#224; ma discussion pour parle si on peut mettre des informations }} &amp;mdash; &lt;font style="color:#008080"&gt;[[Utilisateur:Starus|S&amp;nbsp;''t''&amp;nbsp;a&amp;nbsp;''r''&amp;nbsp;u&amp;nbsp;''s'']]&lt;/font&gt; &amp;ndash; &lt;font color="0080C0"&gt;&lt;small&gt;[[Discussion Utilisateur:Starus|''&#191; Qu&#233; ?'']]&lt;/small&gt;&lt;/font&gt; &lt;font color="FF8080"&gt;'''&amp;ndash;'''&lt;/font&gt; 27 octobre 2011 &#224; 21:29 (CEST)&lt;br/&gt; &lt;small&gt;&lt;small&gt;(allez, comme je suis &#171; au-dessus frais &#187; (''super cool''), je te donne mes [http://fr.wikipedia.org/w/index.php?title=Discussion_utilisateur:Lomita&amp;diff=prev&amp;oldid=71315638 sources] {{mdr|12}}.&lt;/small&gt;&lt;/small&gt;
:::Starus : je viens de prendre connaissance de ta conversation avec Qu&#233;r&#233;. J'avoue que, maintenant qu'il n'a pas &#233;t&#233; bloqu&#233; "&#224; vue", je continuais &#224; le surveiller plus ou moins soigneusement, sans trop me faire d'illusions sur sa capacit&#233; &#224; contribuer de fa&#231;on collaborative sur le long terme... je ne dis pas que toutes ses contributions sont mauvaises ; mais lorsqu'il rencontre de l'opposition, il est incapable de n&#233;gocier un compromis. 
:::H&#233;g&#233;sippe : mdr ! On dirait presque du qu&#233;b&#233;cois. Sur ce, je retourne checker si ma c&#233;dule a &#233;t&#233; cancell&#233;e. --[[Utilisateur:Maurilbert|M&lt;span class="romain"&gt;aurilbert&lt;/span&gt;]] [[Discussion Utilisateur:Maurilbert|''&lt;font face="Times"&gt;(discuter)&lt;/font&gt;'']] 28 octobre 2011 &#224; 02:59 (CEST)

== Page supprim&#233;: No&#233; TAIEB ==

Bonjour, je souhaiterais cr&#233;er une page avec comme nom "No&#233; TAIEB" mais je ne peux pas. Pourquoi ? De plus cela y serait int&#233;ressant en vue que la page Victalis.fr &#224; un rapport direct avec cette personne.

Cordialement, ntaie4
: Mouais ! La m&#234;me demande a &#233;t&#233; faite &#224; je ne sais combien d'admins en m&#234;me temps. R&#233;ponse d&#233;j&#224; faite sur [[Discussion utilisateur:Ntaie4]]. --&#8212; [[Utilisateur:Azurfrog|Azurfrog]] &lt;sup&gt;&lt;small&gt;&amp;#91;[[Discussion Utilisateur:Azurfrog|&#2344;&#2368;&#2354;&#2375; &#2350;&#2375;&#2306;&#2338;&#2325; &#2325;&#2375; &#2360;&#2366;&#2341; &#2348;&#2366;&#2340; &#2325;&#2352;&#2344;&#2366;]]&amp;#93;&lt;/small&gt;&lt;/sup&gt;  28 octobre 2011 &#224; 22:46 (CEST)

== Code civil du droit fran&#231;ais ==

Bonjour, le droit canadien ou qu&#233;ebecois a des obligations similaires avec plus de souplesse effectivement !!! 
Cela n'emp&#234;che pas de respecter la vie d'autrui, et sur ce domaine le droit &#224; l'image s'applique des deux c&#244;t&#233;s de l'oc&#233;an !
Cela vaut aussi pour le site en lien externe qui publie des photos de famille dont l'origine est un vol au domicile du peintre (qui est mon oncle).
En droit fran&#231;ais, j'ai le droit de m'opposer par voie judiciaire &#224; toute diffusion de ces images.
Peu importe les auteurs, et non pas Wikip&#233;dia, s'exposent &#224; des soucis prochains. En effet, Wikip&#233;dia n'est pas l'auteur de cette diffusion mais juste un h&#233;bergeur, et je ne veux pas faire fausse route !

Merci

Cordialement

Eric

== Demande de restauration de Pascal Robidas ==

Apr&#232;s v&#233;rification, Pascal Robidas est bel et bien journaliste au r&#233;seau de l'information de Radio-Canada (T&#233;l&#233;vision publique au Canada comme la BBC en Angleterre ou France 2) Quelques modifications seraient n&#233;cessaires mais ledit journaliste travaille dans la ville de Montr&#233;al, la station-m&#232;re de Radio-Canada.

Merci de donner suite &#224; ma demande.
: Pour ton information , demande de restauration de page effectu&#233;e [[Wikip&#233;dia:Demande de restauration de page#Pascal Robidas]] - Bonne journ&#233;e --[[Utilisateur:Lomita|Lomita]] ([[Discussion utilisateur:Lomita|d]]) 31 octobre 2011 &#224; 16:01 (CET)

== [[Chuck Norris]] ==

Salut Maurilbert

Le 17 octobre, tu as totalement prot&#233;g&#233; cette page &#8212; seuls les administrateurs peuvent la modifier &#8212; et ce, pour un an,  ne serait-il pas mieux d'en revenir &#224; une simple semi-protection? Une personne contribuant sous pseudo, a [http://fr.wikipedia.org/w/index.php?title=Discussion%3AChuck_Norris&amp;action=historysubmit&amp;diff=71964362&amp;oldid=67504016 laiss&#233; un message] sur la PdD, car il d&#233;sirerait enrichir l'article. &lt;br /&gt; Cordialement. [[Utilisateur:Trafalguar|Trafalguar]] &lt;sup&gt;&lt;small&gt;&amp;#91;[[Discussion Utilisateur:Trafalguar |&#9993;]]&amp;#93;&lt;/small&gt;&lt;/sup&gt; 10 novembre 2011 &#224; 12:01 (CET)
:Je l'ai ramen&#233; &#224; &#189; protection. Effectivement, protection totale pour 1 an, c'est peu pertinent. D&#233;sol&#233;. --[[Utilisateur:Maurilbert|M&lt;span class="romain"&gt;aurilbert&lt;/span&gt;]] [[Discussion Utilisateur:Maurilbert|''&lt;font face="Times"&gt;(discuter)&lt;/font&gt;'']] 10 novembre 2011 &#224; 14:31 (CET)

== Oups, un petit pb de r&#233;fs ? ==

Sa y est ([[Utilisateur:Mdp ncr|Mdp]] [[Discussion utilisateur:Mdp ncr|ncr]] [[Sp&#233;cial:Contributions/Mdp ncr|(c)]] 14 novembre 2011 &#224; 17:02 (CET))

== Le Cercle de l&#8217;Oratoire  ==



Bonjour,

Pourquoi avoir ferm&#233; la page du Le Cercle de l&#8217;Oratoire ??
:Je ne comprends pas la question. [[Cercle de l'Oratoire]] est un article existant, qui n'est pas prot&#233;g&#233;, et que quiconque peut &#233;diter. --[[Utilisateur:Maurilbert|M&lt;span class="romain"&gt;aurilbert&lt;/span&gt;]] [[Discussion Utilisateur:Maurilbert|''&lt;font face="Times"&gt;(discuter)&lt;/font&gt;'']] 15 novembre 2011 &#224; 14:52 (CET)

== L'article JaBar est propos&#233; &#224; la suppression ==

{| align="center" title="{{((}}subst:avertissement suppression page{{!}}page{{))}}" border="0" cellpadding="4" cellspacing="4" style="border-style:none; background-color:#FFFFFF;"
| [[Image:Icono consulta borrar.png|64px|Page propos&#233;e &#224; la suppression]]
|Bonjour,

L&#8217;article &#171;&#160;'''{{Lien &#224; supprimer|JaBar}}'''&#160;&#187; est propos&#233; &#224; la suppression ({{cf.}} [[Wikip&#233;dia:Pages &#224; supprimer]]). Apr&#232;s avoir pris connaissance des [[Wikip&#233;dia:Crit&#232;res d'admissibilit&#233; des articles|crit&#232;res g&#233;n&#233;raux d&#8217;admissibilit&#233; des articles]] et des [[:Cat&#233;gorie:Crit&#232;res de notori&#233;t&#233; sp&#233;cifiques pour Wikip&#233;dia|crit&#232;res sp&#233;cifiques]], vous pourrez [[Aide:Arguments &#224; &#233;viter lors d'une proc&#233;dure de suppression|donner votre avis]] sur la page de discussion '''[[Discussion:JaBar/Suppression]]'''.

Le meilleur moyen d&#8217;obtenir un consensus pour la conservation de l&#8217;article est de fournir des [[Wikip&#233;dia:Citez vos sources|sources secondaires fiables et ind&#233;pendantes]]. Si vous ne pouvez trouver de telles sources, c&#8217;est que l&#8217;article n&#8217;est probablement pas admissible. N&#8217;oubliez pas que les [[Wikip&#233;dia:Principes fondateurs|principes fondateurs]] de Wikip&#233;dia ne garantissent aucun droit &#224; avoir un article sur Wikip&#233;dia.
|}

--[[Utilisateur:Patrick Rogel|Patrick Rogel]] ([[Discussion utilisateur:Patrick Rogel|d]]) 12 d&#233;cembre 2011 &#224; 23:11 (CET)&lt;small&gt;Oubli de proposant, [[Utilisateur:Patrick Rogel|Patrick Rogel]] ([[Discussion utilisateur:Patrick Rogel|d]]) 12 d&#233;cembre 2011 &#224; 23:11 (CET)&lt;/small&gt;

== Anniversaire ==

{{Joyeux anniversaire}} Deux no&#235;ls pour le prix d'un. Que du bonheur ! {{sourire}}. Bonne continuation &#224; toi [[Utilisateur:Superjuju10|Superjuju10]] &lt;sup&gt;[[Discussion utilisateur:Superjuju10|Contacter la Aubline]]&lt;/sup&gt; le 26 d&#233;cembre 2011 &#224; 10:14 (CET)
:Bon anniversaire !! &lt;big&gt;''[[Utilisateur:Althiphika|&lt;span style="color:#8000FF;"&gt;Althiphika&lt;/span&gt;]]'' [[Discussion Utilisateur:Althiphika|&lt;span style="color:#FF8000;"&gt;&lt;small&gt;&#936;&lt;/small&gt;&#936;&lt;small&gt;&#936;&lt;/small&gt;&lt;/span&gt;]]&lt;/big&gt; 26 d&#233;cembre 2011 &#224; 12:52 (CET)
::Tr&#232;s joyeux anniversaire Maurilbert !! {{sourire}} A+ et bonne journ&#233;e &#224; toi. --[[Utilisateur:Floflo|Floflo]] ([[Discussion utilisateur:Floflo|d]]) 26 d&#233;cembre 2011 &#224; 12:57 (CET)
:::Je te souhaite aussi de passer un  excellent anniversaire. Tu es moins actif ces temps-ci et j'esp&#232;re que c'est pour une bonne raison {{sourire}}. Bonne continuation ici et dans la ''vraie vie''. Cordialement, [[Utilisateur:Sebleouf|Sebleouf]] ([[Discussion utilisateur:Sebleouf|d]]) 26 d&#233;cembre 2011 &#224; 13:33 (CET)
::::Joyeux anniversaire ! {{sourire}} [[Utilisateur:Toto Az&#233;ro|Toto Az&#233;ro]] &lt;sup&gt;&lt;small&gt;[[Discussion Utilisateur:Toto Az&#233;ro|suivez le guide !]]&lt;/small&gt;&lt;/sup&gt; 26 d&#233;cembre 2011 &#224; 13:43 (CET)
:::::Joyeux anniversaire Maurilbert, plein de bonheur ! {{sourire}} &#8212; [[Utilisateur:Arkanosis|Arkanosis]] &lt;sup&gt;[[Discussion Utilisateur:Arkanosis|&#9993;]]&lt;/sup&gt; 26 d&#233;cembre 2011 &#224; 14:20 (CET)
::::::Bon anniversaire... et de bonnes f&#234;tes. [[Utilisateur:Gemini1980|Gemini1980]] &lt;small&gt; [[Discussion Utilisateur:Gemini1980|oui ? non ?]]&lt;/small&gt; 26 d&#233;cembre 2011 &#224; 14:57 (CET)
:::::::Bon anniversaire, Maurilbert ! &lt;small&gt;Sacr&#233; veinard ! Double ration de cadeaux : 1 jour apr&#232;s  No&#235;l, on remet &#231;a... {{rire}} &lt;/small&gt; --'''''[[user:Actarus Prince d&amp;#39;Euphor|Actarus]]''''' &lt;sup&gt;&lt;small&gt;([[user talk:Actarus Prince d&amp;#39;Euphor|Prince d&amp;#39;Euphor]])&lt;/small&gt;&lt;/sup&gt; 26 d&#233;cembre 2011 &#224; 16:58 (CET)
::::::::Soyeux jannif ! [[Utilisateur:Addacat|Addacat]] ([[Discussion utilisateur:Addacat|d]]) 26 d&#233;cembre 2011 &#224; 16:59 (CET)
:::::::::Joyeux anniversaire ! &amp;mdash; &lt;font style="color:#008080"&gt;[[Utilisateur:Starus|S&amp;nbsp;''t''&amp;nbsp;a&amp;nbsp;''r''&amp;nbsp;u&amp;nbsp;''s'']]&lt;/font&gt; &amp;ndash; &lt;font color="0080C0"&gt;&lt;small&gt;[[Discussion Utilisateur:Starus|''&#161;D&#237;melo!'']]&lt;/small&gt;&lt;/font&gt; &lt;font color="FF8080"&gt;'''&amp;ndash;'''&lt;/font&gt; 26 d&#233;cembre 2011 &#224; 17:14 (CET)
::::::::::Bon anniv', plein de bonheur ! {{sourire}} Passe une bonne soir&#233;e. Cordialement, [[image:Plume pen w.png|30px]] [[Utilisateur:Cl;nintendods|&lt;font color="#554C99"&gt;C&#233;&#8467;ine&lt;/font&gt;]] ([[Discussion Utilisateur:Cl;nintendods|&lt;font color=#4C6099&gt;&#9993;&lt;/font&gt;]]) 26 d&#233;cembre 2011 &#224; 18:45.
:::::::::::Bon anniversaire. [[Utilisateur:Gz260|Gz260]] ([[Discussion utilisateur:Gz260|d]]) 26 d&#233;cembre 2011 &#224; 22:19 (CET)
::::::::::::Joyeux annif quelque peu en retard {{sourire}} [[Utilisateur:Sardur|Sardur]] - &lt;small&gt;[[Discussion Utilisateur:Sardur|allo ?]]&lt;/small&gt; 27 d&#233;cembre 2011 &#224; 00:14 (CET)

bonjour, 

Je souhaite savoir pourquoi ma r&#233;f&#233;rence : OverdoozeDJ &#224; &#233;t&#233; effac&#233;e ? 

Je suis OverdoozeDJ ....

N'h&#233;sitez pas &#224; me poser les questions de votre choix , et me dire comment faire v&#233;rifier ce document ....

Merci .

--[[Sp&#233;cial:Contributions/78.129.32.242|78.129.32.242]] ([[Discussion utilisateur:78.129.32.242|d]]) 28 d&#233;cembre 2011 &#224; 04:52 (CET)

== ann&#233;e nouvelle ==


Que l'ann&#233;e nouvelle te soit douce. Avant de partir, je voulais te dire &#224; quel point j'avais appr&#233;ci&#233; ton aide (blocage fon&#233;), et mon admiration pour ton travail sur l'encyclop&#233;die.  Bien amicalement
[[File:Ce que dit la chanson (1986, illustration Jubiem ?).jpg|thumb]] --[[Utilisateur:Eliane Daphy|&#233;liane&#948;]] ([[Discussion utilisateur:Eliane Daphy|d]]) 31 d&#233;cembre 2011 &#224; 18:51 (CET)
:Merci infiniment pour tout le travail que tu r&#233;alises pour le projet Catch, que ce soit la chasse au vandalisme (et il y en a un paquet), la correction des articles ou l'am&#233;lioration des photographies. Tous mes meilleurs v&#339;ux pour 2012, mon cher Maurilbert. {{sourire}} '''[[Sp&#233;cial:Contributions/Jean-Guy Badiane|Jean-Guy]]'''&amp;nbsp;[[User talk:Jean-Guy Badiane|&#9993;]] 1 janvier 2012 &#224; 14:31 (CET)
::Hello Maurilbert {{sourire}} Pareillement, bonne ann&#233;e 2012, bonne sant&#233; et meilleurs v&#339;ux et au plaisir ! Amicalement, --[[Utilisateur:Floflo|Floflo]] ([[Discussion utilisateur:Floflo|d]]) 1 janvier 2012 &#224; 17:36 (CET)

== Oktoberfest ==
la dur&#233;e ne d&#233;pend pas des ann&#233;es bisextilles :). Tout d&#233;pend du jour du 3 octobre fete nationale allemande. Si c'est un lundi la f&#234;te est prolong&#233;e le lundi, si c'est un mardi jusqu'au mardi d'o&#249; les 18 jours. Merci de ne pas &#233;crire n'importe quoi en page d'accueil. [[Utilisateur:Psemdel|Psemdel]] ([[Discussion utilisateur:Psemdel|d]]) 1 janvier 2012 &#224; 18:10 (CET) cf paragraphe date d'ouverture.
:Ah, effectivement, le nouveau paragraphe introductif est beaucoup plus clair comme &#231;a. Merci. Je pr&#233;cise deux points : je n'ai pas touch&#233; au r&#233;sum&#233; publi&#233; en "lumi&#232;re sur" en page d'accueil, et je ne suis pas le {{u|GabrieL}} qui a ''corrig&#233;'' la dur&#233;e en &#171;&#160;16 jours&#160;&#187; sans tenir compte de la subtilit&#233; relative au 3 octobre. Je me suis content&#233; de soulever en PDD ce qui m'apparaissait comme une incoh&#233;rence ou une incongru&#239;t&#233;. --[[Utilisateur:Maurilbert|M&lt;span class="romain"&gt;aurilbert&lt;/span&gt;]] [[Discussion Utilisateur:Maurilbert|''&lt;font face="Times"&gt;(discuter)&lt;/font&gt;'']] 1 janvier 2012 &#224; 18:21 (CET)
:: Pas de probl&#232;me, je comprend qu'on traque tous les erreurs sur WP et sur la page d'accueil ca fait con. L'article a &#233;t&#233; beaucoup reformul&#233; et malgr&#233; 15 relectures, on en perd parfois son latin. Pardon d'avoir &#233;t&#233; un peu agressif, ce n'est pas dans mes habitudes, mais je suis un peu fatigu&#233; l&#224; et c'est toujours un peu rageant les "fausses corrections". Meilleurs v&#339;ux. [[Utilisateur:Psemdel|Psemdel]] ([[Discussion utilisateur:Psemdel|d]]) 1 janvier 2012 &#224; 18:31 (CET)

== [[Wikip&#233;dia:V&#233;rificateur_d'adresses_IP/Requ&#234;tes/janvier_2012#Demande_concernant_:_Triple_Z.2C_Wictorya_-_18_janvier]] ==

Hello,
Je viens de donner quelques trucs en plus, et je trouve que ca sent vraiment pas bon. Je te laisse voir si cela te semble suffisant pour faire la RCU. Bonne journ&#233;e, [[Utilisateur:Hatonjan|Hatonjan]] ([[Discussion utilisateur:Hatonjan|d]]) 18 janvier 2012 &#224; 16:29 (CET)

== De rien ==

T'es pas le seul, j'ai corrig&#233; aussi quatre-cinq cas de "je prot&#232;ge 24 ou 48h le temps que &#231;a se tasse" qui s'&#233;ternisaient depuis parfois plus de 4 ans ^^. Mais &#231;a fait plaisir de savoir que c'est appr&#233;ci&#233;, les quelques retours que j'avais jusque l&#224; de ma s&#233;rie de d&#233;protection &#233;taient entre le circonspect et le n&#233;gatif. Je m'attends &#224; avoir une liste de suivi folklo ce mois-ci.

Amicalement, [[Utilisateur:Esprit Fugace|Esprit Fugace]] ([[Discussion utilisateur:Esprit Fugace|d]]) 29 janvier 2012 &#224; 17:07 (CET)

== L'article Kitai Team est propos&#233; &#224; la suppression ==

{| align="center" title="{{((}}subst:avertissement suppression page{{!}}page{{))}}" border="0" cellpadding="4" cellspacing="4" style="border-style:none; background-color:#FFFFFF;"
| [[Image:Icono consulta borrar.png|64px|Page propos&#233;e &#224; la suppression]]
|Bonjour,

L&#8217;article &#171;&#160;'''{{Lien &#224; supprimer|Kitai Team}}'''&#160;&#187; est propos&#233; &#224; la suppression ({{cf.}} [[Wikip&#233;dia:Pages &#224; supprimer]]). Apr&#232;s avoir pris connaissance des [[Wikip&#233;dia:Crit&#232;res d'admissibilit&#233; des articles|crit&#232;res g&#233;n&#233;raux d&#8217;admissibilit&#233; des articles]] et des [[:Cat&#233;gorie:Crit&#232;res de notori&#233;t&#233; sp&#233;cifiques pour Wikip&#233;dia|crit&#232;res sp&#233;cifiques]], vous pourrez [[Aide:Arguments &#224; &#233;viter lors d'une proc&#233;dure de suppression|donner votre avis]] sur la page de discussion '''[[Discussion:Kitai Team/Suppression]]'''.

Le meilleur moyen d&#8217;obtenir un consensus pour la conservation de l&#8217;article est de fournir des [[Wikip&#233;dia:Citez vos sources|sources secondaires fiables et ind&#233;pendantes]]. Si vous ne pouvez trouver de telles sources, c&#8217;est que l&#8217;article n&#8217;est probablement pas admissible. N&#8217;oubliez pas que les [[Wikip&#233;dia:Principes fondateurs|principes fondateurs]] de Wikip&#233;dia ne garantissent aucun droit &#224; avoir un article sur Wikip&#233;dia.
|}

[[Utilisateur:MathsPoetry|MathsPoetry]] ([[Discussion utilisateur:MathsPoetry|d]]) 15 mars 2012 &#224; 17:20 (CET)

== Calcineur ==

Salut. C'est corrig&#233;. Amicalement. --[[Utilisateur:Superjuju10|Superjuju10]] &lt;sup&gt;[[Discussion utilisateur:Superjuju10|Contacter la Aubline]]&lt;/sup&gt; le 10 avril 2012 &#224; 14:55 (CEST)

== Recherche d'un parrain ==

Bonjour,
Je suis nouveau sur '''Wikip&#233;dia'''. Je recherche un parrain exp&#233;riment&#233; et je pensais que vous pourriez m'aider, il para&#238;t que vous avez de l'exp&#233;rience. R&#233;pondez-moi vite! Merci, &#224; bient&#244;t!

--[[Utilisateur:Senveck|Senveck]] ([[Discussion Utilisateur:Senveck|Pour discuter]]) 21 avril 2012 &#224; 15:05 (CEST)

== Adresse email ==

Bonjour Maurilbert, mon adresse email est dans les archives de discussions IV "article sur le snowbay". J'aimerai bien qu'elle soit supprim&#233;e &#233;tant donn&#233;e que je suis continuellement spamm&#233;e et je pense que c'est en partie parce qu'elle apparait ici. Merci

== L'article Stacks On Deck Money Gang est propos&#233; &#224; la suppression ==

{| align="center" title="{{((}}subst:avertissement suppression page{{!}}page{{))}}" border="0" cellpadding="4" cellspacing="4" style="border-style:none; background-color:#FFFFFF;"
| [[Image:Icono consulta borrar.png|64px|Page propos&#233;e &#224; la suppression]]
|Bonjour,

L&#8217;article &#171;&#160;'''{{Lien &#224; supprimer|Stacks On Deck Money Gang}}'''&#160;&#187; est propos&#233; &#224; la suppression ({{cf.}} [[Wikip&#233;dia:Pages &#224; supprimer]]). Apr&#232;s avoir pris connaissance des [[Wikip&#233;dia:Crit&#232;res d'admissibilit&#233; des articles|crit&#232;res g&#233;n&#233;raux d&#8217;admissibilit&#233; des articles]] et des [[:Cat&#233;gorie:Crit&#232;res de notori&#233;t&#233; sp&#233;cifiques pour Wikip&#233;dia|crit&#232;res sp&#233;cifiques]], vous pourrez [[Aide:Arguments &#224; &#233;viter lors d'une proc&#233;dure de suppression|donner votre avis]] sur la page de discussion '''[[Discussion:Stacks On Deck Money Gang/Suppression]]'''.

Le meilleur moyen d&#8217;obtenir un consensus pour la conservation de l&#8217;article est de fournir des [[Wikip&#233;dia:Citez vos sources|sources secondaires fiables et ind&#233;pendantes]]. Si vous ne pouvez trouver de telles sources, c&#8217;est que l&#8217;article n&#8217;est probablement pas admissible. N&#8217;oubliez pas que les [[Wikip&#233;dia:Principes fondateurs|principes fondateurs]] de Wikip&#233;dia ne garantissent aucun droit &#224; avoir un article sur Wikip&#233;dia.
|}

[[Utilisateur:Chris a liege|Chris a liege]] ([[Discussion utilisateur:Chris a liege|d]]) 26 avril 2012 &#224; 14:24 (CEST)

== Bonjour... ==

Mon nom est '''Saneme'''. Je suis nouveau ici et je recherche un parrain. {{clin}} Je suis sympa, et cool. Je voulais savoir si vous pourriez m'aider sur '''Wikip&#233;dia'''. Vous &#234;tes tr&#232;s appr&#233;ci&#233; parait-il {{rire}}. R&#233;pondez-moi sur ma page de discussion.

&#192; bient&#244;t, --[[Utilisateur:Saneme|Saneme]] ([[Discussion utilisateur:Saneme|d]]) 5 mai 2012 &#224; 19:33 (CEST)

== R&#233;ponse ==

J'ai r&#233;pondu &#224; ta question pos&#233;e [[Discussion Wikip&#233;dia:Wikip&#233;dia prend Qu&#233;bec|ici]]. N'h&#233;site pas &#224; me contacter sur ma PDD si tu as d'autres questions. D&#233;sol&#233; pour le d&#233;lais. Amicalement, [[Utilisateur:Letartean|Letartean]] ([[Discussion utilisateur:Letartean|d]]) 11 juin 2012 &#224; 20:11 (CEST)

== suppression de la page Costric 1er ==

Bonjour 
vous avez supprim&#233; le 23 d&#233;c 2011 la page que j'avais cr&#233;&#233;e, j'avais &#224; l'&#233;poque demand&#233; des explications sur ma page,sans r&#233;ponse ....
j'ai fait hier une demande de restauration ...
En ce qui concerne le contenu "non v&#233;rifiable" merci de m'en dire un peu plus afin que je puisse fournir mes sources.
cordialement
B. Foulon
ci-dessous le message lapidaire de  suppression

"Bonjour, Bernard Foulon,
La page Costric 1er (page supprim&#233;e) que vous avez cr&#233;&#233;e vient d'&#234;tre supprim&#233;e par l'administrateur Maurilbert avec le commentaire : &#171; Crit&#232;res d'admissibilit&#233; non atteints, contenu non v&#233;rifiable : contenait avant blanchiment &#171; Costric 1er, Alain Magnette,journaliste, pol&#233;miste, parolier, auteur dramatique...(a longtemps pratiqu&#233;, aussi, l&#8217;honorable profession de dent &#187;."

 
Demande de restauration 16 ao&#251;t 2012
Je ne comprends pas le mode de fonctionnement ni les d&#233;cisions : j'ai cr&#233;e cette page en lien avec celle de ABDD (au bonheur des dames) dont Costric est l'un des principaux paroliers. Alain Ranval, alias Ramon Pipin b&#233;n&#233;ficie d'un lien tout &#224; fait m&#233;rit&#233; en tant que que guitariste compositeur, il me semble que le parolier (costric) est, de m&#234;me, important puisqu'il assure lui aussi le c&#244;t&#233; parodique du groupe. Qu'il soit un ancien chroniqueur d'Actuel et qu'il ait &#233;ventuellement commis quelques textes "parodiques" vient en plus.Que ce qu'il fait ne soit pas au go&#251;t de quelques "administrateurs" de Wiki (..."bac &#224; sable ..") ne semble pas suffisant pour supprimer la page ( si j'ai bien compris il y a eu 5 "avis"...). Quant aux sources j'avais mis tous les liens sur la page, je peux en fournir d'autres au besoin.
Cordialement
16 ao&#251;t 2012 &#224; 14:38 (CEST)

       

Bonjour

Est-ce que je peux avoir une r&#233;ponse un peu construite, autour de l'id&#233;e que ABBD a un article WiKi qu'en lien sur cette page Alain Ranval, guitariste compositeur a un article, que Vincent Lamy, chanteur, aussi, mais pas le parolier Costric. Pour un groupe parodique, on peut supposer que les paroles sont importantes... non ? En ce qui concerne la notori&#233;t&#233; la page de V. Lamy est bien vide, chanteur du groupe et pr&#233;sentateur &#233;ph&#233;m&#232;re d'une &#233;mission TV de" vari&#232;t&#233;e" &#233;ph&#233;m&#232;re

lien

http://clashdohertyrock.canalblog.com/tag/parodie
 

http://warez.f60s.com/forums/t/18413.aspx
 
http://musique.ados.fr/Au-Bonheur-Des-Dames.html
 
http://www.fglmusic.com/artiste.php?id=179
 
http://www.abebooks.fr/servlet/SearchResults?kn=costric&amp;sts=t&amp;x=0&amp;y=0
 
http://bibliographienationale.bnf.fr/Livres/CuM_09.H/IndexAuteurPhysique-87.html
 
il y a en d'autres autour des journaux de "contre-culture" dans la mouvance d'Actuel ...

Merci de la r&#233;ponse Cordialement

B.Foulon 17 ao&#251;t 2012 &#224; 15:57 (CEST)Bernard Foulon (d)

== rectification. ==

il est vrai que les juifs n'ont pas le droit de mettre les Tefilins (philact&#232;res) le Chabbat, ni de porter un sac.

sinon votre article est bien,

bravo.

== L'article Les Sismo est propos&#233; &#224; la suppression ==

{| align="center" title="{{((}}subst:avertissement suppression page{{!}}page{{))}}" border="0" cellpadding="4" cellspacing="4" style="border-style:none; background-color:#FFFFFF;"
| [[Image:Icono consulta borrar.png|64px|Page propos&#233;e &#224; la suppression]]
|Bonjour,

L&#8217;article &#171;&#160;'''{{Lien &#224; supprimer|Les Sismo}}'''&#160;&#187; est propos&#233; &#224; la suppression ({{cf.}} [[Wikip&#233;dia:Pages &#224; supprimer]]). Apr&#232;s avoir pris connaissance des [[Wikip&#233;dia:Crit&#232;res d'admissibilit&#233; des articles|crit&#232;res g&#233;n&#233;raux d&#8217;admissibilit&#233; des articles]] et des [[:Cat&#233;gorie:Crit&#232;res de notori&#233;t&#233; sp&#233;cifiques pour Wikip&#233;dia|crit&#232;res sp&#233;cifiques]], vous pourrez [[Aide:Arguments &#224; &#233;viter lors d'une proc&#233;dure de suppression|donner votre avis]] sur la page de discussion '''[[Discussion:Les Sismo/Suppression]]'''.

Le meilleur moyen d&#8217;obtenir un consensus pour la conservation de l&#8217;article est de fournir des [[Wikip&#233;dia:Citez vos sources|sources secondaires fiables et ind&#233;pendantes]]. Si vous ne pouvez trouver de telles sources, c&#8217;est que l&#8217;article n&#8217;est probablement pas admissible. N&#8217;oubliez pas que les [[Wikip&#233;dia:Principes fondateurs|principes fondateurs]] de Wikip&#233;dia ne garantissent aucun droit &#224; avoir un article sur Wikip&#233;dia.
|}

[[Utilisateur:Chris a liege|Chris a liege]] ([[Discussion utilisateur:Chris a liege|d]]) 21 ao&#251;t 2012 &#224; 17:15 (CEST)

== L'article Causalis  est propos&#233; &#224; la suppression ==

{| align="center" title="{{((}}subst:avertissement suppression page{{!}}page{{))}}" border="0" cellpadding="4" cellspacing="4" style="border-style:none; background-color:#FFFFFF;"
| [[Image:Icono consulta borrar.png|64px|Page propos&#233;e &#224; la suppression]]
|Bonjour,

L&#8217;article &#171; '''{{Lien &#224; supprimer|Causalis }}''' &#187; est propos&#233; &#224; la suppression ({{cf.}} [[Wikip&#233;dia:Pages &#224; supprimer]]). Apr&#232;s avoir pris connaissance des [[Wikip&#233;dia:Crit&#232;res d'admissibilit&#233; des articles|crit&#232;res g&#233;n&#233;raux d&#8217;admissibilit&#233; des articles]] et des [[:Cat&#233;gorie:Wikip&#233;dia:Admissibilit&#233; des articles|crit&#232;res sp&#233;cifiques]], vous pourrez [[Aide:Arguments &#224; &#233;viter lors d'une proc&#233;dure de suppression|donner votre avis]] sur la page de discussion '''[[Discussion:Causalis/Suppression]]'''.

Le meilleur moyen d&#8217;obtenir un consensus pour la conservation de l&#8217;article est de fournir des [[Wikip&#233;dia:Citez vos sources|sources secondaires fiables et ind&#233;pendantes]]. Si vous ne pouvez trouver de telles sources, c&#8217;est que l&#8217;article n&#8217;est probablement pas admissible. N&#8217;oubliez pas que les [[Wikip&#233;dia:Principes fondateurs|principes fondateurs]] de Wikip&#233;dia ne garantissent aucun droit &#224; avoir un article sur Wikip&#233;dia.
|}

[[Utilisateur:Luluberlu22|Luluberlu22]] ([[Discussion utilisateur:Luluberlu22|d]]) 6 septembre 2012 &#224; 17:15 (CEST)

== Retour du vandale TFO ==

Bonjour Maurilbert, 

On dirait que notre ami(e) a repris du service: voir [http://fr.wikipedia.org/wiki/Sp%C3%A9cial:Contributions/67.70.131.8]. L'adresse IP fait partie de celles que tu avais r&#233;pertori&#233;es dans [[Utilisateur:Maurilbert/Vandale TFO]]. Est-ce que le filtre 58 est encore actif? Comme toi tu ne semble plus l'&#234;tre tellement (actif, je veux dire!), je vais faire une requ&#234;te aux administrateurs. [[Utilisateur:Cortomaltais|Cortomaltais]] &lt;small&gt; [[Discussion Utilisateur:Cortomaltais|parloir &amp;#x2794;]]&lt;/small&gt; 11 septembre 2012 &#224; 18:53 (CEST)
:Bonjour, je ne suis plus tr&#232;s actif ces temps-ci effectivement. Mais en v&#233;rifiant rapidement ce qui se passe, je trouve aussi [http://fr.wikipedia.org/w/index.php?title=Amandine_Malabul&amp;curid=2360581&amp;diff=prev&amp;oldid=80151336] comme modification de cet &#233;t&#233;... Je n'ai aucune id&#233;e pour le filtre ; il faudrait v&#233;rifier avec les personnes qui les g&#232;rent. &#201;trange quand m&#234;me, ce trou de 2 ans dans les contributions... --[[Utilisateur:Maurilbert|M&lt;span class="romain"&gt;aurilbert&lt;/span&gt;]] [[Discussion Utilisateur:Maurilbert|''&lt;font face="Times"&gt;(discuter)&lt;/font&gt;'']] 12 septembre 2012 &#224; 02:10 (CEST)

== L'article Paul Eden est propos&#233; &#224; la suppression ==

{| align="center" title="{{((}}subst:avertissement suppression page{{!}}page{{))}}" border="0" cellpadding="4" cellspacing="4" style="border-style:none; background-color:#FFFFFF;"
| [[Image:Icono consulta borrar.png|64px|Page propos&#233;e &#224; la suppression]]
|Bonjour,

L&#8217;article &#171;&#160;'''{{Lien &#224; supprimer|1=Paul Eden}}'''&#160;&#187; est propos&#233; &#224; la suppression ({{cf.}} [[Wikip&#233;dia:Pages &#224; supprimer]]). Apr&#232;s avoir pris connaissance des [[Wikip&#233;dia:Crit&#232;res d'admissibilit&#233; des articles|crit&#232;res g&#233;n&#233;raux d&#8217;admissibilit&#233; des articles]] et des [[:Cat&#233;gorie:Wikip&#233;dia:Admissibilit&#233; des articles|crit&#232;res sp&#233;cifiques]], vous pourrez [[Aide:Arguments &#224; &#233;viter lors d'une proc&#233;dure de suppression|donner votre avis]] sur la page de discussion '''[[Discussion:Paul Eden/Suppression]]'''.

Le meilleur moyen d&#8217;obtenir un consensus pour la conservation de l&#8217;article est de fournir des [[Wikip&#233;dia:Citez vos sources|sources secondaires fiables et ind&#233;pendantes]]. Si vous ne pouvez trouver de telles sources, c&#8217;est que l&#8217;article n&#8217;est probablement pas admissible. N&#8217;oubliez pas que les [[Wikip&#233;dia:Principes fondateurs|principes fondateurs]] de Wikip&#233;dia ne garantissent aucun droit &#224; avoir un article sur Wikip&#233;dia.
|}

[[Utilisateur:Myrabella|Myrabella]] ([[Discussion utilisateur:Myrabella|d]]) 4 novembre 2012 &#224; 02:41 (CET)

Bonjour, 
Je viens de recevoir un message m'annon&#231;ant que mes modifications sur Orelsan ont &#233;t&#233; annul&#233;es. Seulement je n'ai jamais &#233;crit, ni modifi&#233; quoi que ce soit sur Orelsan. Je pense donc que le souci vient du fournisseur internet, 
Merci. --[[Sp&#233;cial:Contributions/86.202.104.115|86.202.104.115]] ([[Discussion utilisateur:86.202.104.115|d]]) 26 novembre 2012 &#224; 15:15 (CET)

== Bravo et merci ==
{{R&#233;compense|Original Barnstar Hires.png|[[Wikip&#233;dia:Liste de Wikip&#233;diens par nombre d'&#233;ditions|Maurilbert est le 138{{e}} contributeur en nombre d'&#233;ditions sur Wikip&#233;dia en fran&#231;ais pour d&#233;cembre 2012]].}}&lt;br /&gt;Meilleurs v&#339;ux pour 2013 !--[[Utilisateur:Copyleft|Copyleft]] ([[Discussion utilisateur:Copyleft|d]]) 21 d&#233;cembre 2012 &#224; 15:07 (CET)

== Anniversaire ==
Bonjour et joyeux anniversaire Maurilbert ! {{sourire}} J'esp&#232;re que tu vas bien. --[[Utilisateur:Floflo|Floflo]] ([[Discussion utilisateur:Floflo|d]]) 26 d&#233;cembre 2012 &#224; 12:36 (CET)
:Je suis certes quelque peu en retard, mais &#231;a ne m'emp&#234;chera pas de te souhaiter un joyeux annif {{sourire}} [[Utilisateur:Sardur|Sardur]] - &lt;small&gt;[[Discussion Utilisateur:Sardur|allo ?]]&lt;/small&gt; 27 d&#233;cembre 2012 &#224; 00:52 (CET)

== Bonne ann&#233;e 2013 !! ==

{{R&#233;compense|Victory Day Parade 2005-36.jpg|&lt;big&gt;'''Bon r&#233;veillon et bonne nouvelle ann&#233;e !!'''&lt;big/&gt; &lt;small&gt;[[Utilisateur:Galdrad|Galdrad]] [[Discussion Utilisateur:Galdrad|''&lt;font face="Times"&gt;(Communiquer)&lt;/font&gt;'']]&lt;/small&gt; 1 janvier 2013 &#224; 00:45 (CET)}}

== Supression Lanagame ==

Bonjour,

Savez-vous comment il est possible de r&#233;cup&#233;rer la page [[Lanagame]] que vous avez supprim&#233;e ?

Non pour la republier, mais pour l'enregistrer dans des archives perso...

[[Utilisateur:Jahaak|Jahaak]] ([[Discussion utilisateur:Jahaak|d]]) 10 janvier 20123 &#224; 10:50 (CEST)

== Suspension des droits administrateur ==

Bonjour,

En raison de ton inactivit&#233; depuis 6 mois, tes droits administrateurs ont &#233;t&#233; suspendus. Tu pourras les r&#233;cup&#233;rer si tu le souhaites par une simple demande aux bureaucrates, pendant un an. [[User:Litlok|Litlok]] &lt;small&gt;([[User talk:Litlok|m'&#233;crire]])&lt;/small&gt; 12 mars 2013 &#224; 17:42 (CET)
:Bien not&#233;, merci ! --[[Utilisateur:Maurilbert|M&lt;span class="romain"&gt;aurilbert&lt;/span&gt;]] [[Discussion Utilisateur:Maurilbert|''&lt;font face="Times"&gt;(discuter)&lt;/font&gt;'']] 12 mars 2013 &#224; 18:15 (CET)

== L'article Heather Kuzmich est propos&#233; &#224; la suppression ==
[[Image:Icono consulta borrar.png|70px|link=|Page propos&#233;e &#224; la suppression|gauche]]
Bonjour,

L&#8217;article &#171; '''{{Lien &#224; supprimer|1=Heather Kuzmich}}''' &#187; est propos&#233; &#224; la suppression ({{cf.}} [[Wikip&#233;dia:Pages &#224; supprimer]]). Apr&#232;s avoir pris connaissance des [[Wikip&#233;dia:Crit&#232;res d'admissibilit&#233; des articles|crit&#232;res g&#233;n&#233;raux d&#8217;admissibilit&#233; des articles]] et des [[:Cat&#233;gorie:Wikip&#233;dia:Admissibilit&#233; des articles|crit&#232;res sp&#233;cifiques]], vous pourrez [[Aide:Arguments &#224; &#233;viter lors d'une proc&#233;dure de suppression|donner votre avis]] sur la page de discussion '''[[{{TALKPAGENAME:Heather Kuzmich}}/Suppression]]'''.

Le meilleur moyen d&#8217;obtenir un consensus pour la conservation de l&#8217;article est de fournir des [[Wikip&#233;dia:Citez vos sources|sources secondaires fiables et ind&#233;pendantes]]. Si vous ne pouvez trouver de telles sources, c&#8217;est que l&#8217;article n&#8217;est probablement pas admissible. N&#8217;oubliez pas que les [[Wikip&#233;dia:Principes fondateurs|principes fondateurs]] de Wikip&#233;dia ne garantissent aucun droit &#224; avoir un article sur Wikip&#233;dia. [[Utilisateur:PAC2|PAC2]] ([[Discussion utilisateur:PAC2|d]]) 4 avril 2013 &#224; 18:32 (CEST)

== Page Boismoreau Fr&#233;d&#233;ric ==

bonjour, pourquoi avoir supprim&#233; ma page ? Fr&#233;d&#233;ric Boismoreau (com&#233;dien, auteur et r&#233;alisateur)
:J'ai [//fr.wikipedia.org/w/index.php?title=Discussion_utilisateur:LeFred&amp;diff=93958407&amp;oldid=48950368 r&#233;pondu sur la page de discussion]. [[User:Litlok|Litlok]] &lt;small&gt;([[User talk:Litlok|m'&#233;crire]])&lt;/small&gt; 11 juin 2013 &#224; 00:33 (CEST)

== Suppression de la page de Justin Roberts ==

Bonjour, je voulais vous dire que je viens d'aller sur la page de Justin Roberts (annonceur de la WWE), et j'ai vu qu'il n'y avait plus rien, alors pour quelle raison l'avez vous supprim&#233; cette page ? --[[Utilisateur:LJC76|LJC76]] ([[Discussion utilisateur:LJC76|d]]) 10 juin 2013 &#224; 18:19 (CEST)
:Je me suis [//fr.wikipedia.org/w/index.php?title=Discussion_utilisateur:LJC76&amp;diff=93958198&amp;oldid=93668590 permis de r&#233;pondre]. [[User:Litlok|Litlok]] &lt;small&gt;([[User talk:Litlok|m'&#233;crire]])&lt;/small&gt; 11 juin 2013 &#224; 00:20 (CEST)

== Discussion en cours ==

Salut !

[[Discussion MediaWiki:Gadget-LiveRC.js#Licence de LiveRC]].

En tant qu'auteur, ton avis est le bienvenu.

'''&#8680;&amp;nbsp;[[Utilisateur:Dr Brains|D&lt;sup&gt;r&lt;/sup&gt;&amp;nbsp;Brains]]&amp;nbsp;''&lt;sup&gt;&#8734;&amp;nbsp;[[Discussion utilisateur:Dr Brains|Consultation]]&amp;nbsp;&#8734;&lt;/sup&gt;''''' 26 juillet 2013 &#224; 21:13 (CEST)

== L'article La Compagnie des philosophes est propos&#233; &#224; la suppression ==
[[Image:Icono consulta borrar.png|70px|link=|Page propos&#233;e &#224; la suppression|gauche]]
Bonjour,

L&#8217;article &#171; '''{{Lien &#224; supprimer|1=La Compagnie des philosophes}}''' &#187; est propos&#233; &#224; la suppression ({{cf.}} [[Wikip&#233;dia:Pages &#224; supprimer]]). Apr&#232;s avoir pris connaissance des [[Wikip&#233;dia:Crit&#232;res d'admissibilit&#233; des articles|crit&#232;res g&#233;n&#233;raux d&#8217;admissibilit&#233; des articles]] et des [[:Cat&#233;gorie:Wikip&#233;dia:Admissibilit&#233; des articles|crit&#232;res sp&#233;cifiques]], vous pourrez [[Aide:Arguments &#224; &#233;viter lors d'une proc&#233;dure de suppression|donner votre avis]] sur la page de discussion '''[[{{TALKPAGENAME:La Compagnie des philosophes}}/Suppression]]'''.

Le meilleur moyen d&#8217;obtenir un consensus pour la conservation de l&#8217;article est de fournir des [[Wikip&#233;dia:Citez vos sources|sources secondaires fiables et ind&#233;pendantes]]. Si vous ne pouvez trouver de telles sources, c&#8217;est que l&#8217;article n&#8217;est probablement pas admissible. N&#8217;oubliez pas que les [[Wikip&#233;dia:Principes fondateurs|principes fondateurs]] de Wikip&#233;dia ne garantissent aucun droit &#224; avoir un article sur Wikip&#233;dia. '''JR''' &lt;small&gt;[[Discussion_utilisateur:Jrcourtois|(disc)]]&lt;/small&gt; 28 septembre 2013 &#224; 10:37 (CEST)

== Bon anniversaire ! ==

Bon anniversaire ; meilleurs v&#339;ux pour 2014 ! {{sourire}} Amicalement, [[Utilisateur:Housterdam|Housterdam]] &lt;sup&gt;&amp;#91;[[Discussion Utilisateur:Housterdam|Un caf&#233; ?]]&amp;#93;&lt;/sup&gt; 26 d&#233;cembre 2013 &#224; 13:20 (CET)
:Joyeux anniversaire Maurilbert {{sourire}} O&#249; que tu sois, j'esp&#232;re que tu vas bien. --[[Utilisateur:Floflo|Floflo]] ([[Discussion utilisateur:Floflo|discuter]]) 26 d&#233;cembre 2013 &#224; 23:24 (CET)
== L'article Jacky Sigaux est propos&#233; &#224; la suppression ==
[[Image:Icono consulta borrar.png|70px|link=|Page propos&#233;e &#224; la suppression|gauche]]
Bonjour,

L&#8217;article &#171; '''{{Lien &#224; supprimer|1=Jacky Sigaux}}''' &#187; est propos&#233; &#224; la suppression ({{cf.}} [[Wikip&#233;dia:Pages &#224; supprimer]]). Apr&#232;s avoir pris connaissance des [[Wikip&#233;dia:Crit&#232;res d'admissibilit&#233; des articles|crit&#232;res g&#233;n&#233;raux d&#8217;admissibilit&#233; des articles]] et des [[:Cat&#233;gorie:Wikip&#233;dia:Admissibilit&#233; des articles|crit&#232;res sp&#233;cifiques]], vous pourrez [[Aide:Arguments &#224; &#233;viter lors d'une proc&#233;dure de suppression|donner votre avis]] sur la page de discussion '''[[{{TALKPAGENAME:Jacky Sigaux}}/Suppression]]'''.

Le meilleur moyen d&#8217;obtenir un consensus pour la conservation de l&#8217;article est de fournir des [[Wikip&#233;dia:Citez vos sources|sources secondaires fiables et ind&#233;pendantes]]. Si vous ne pouvez trouver de telles sources, c&#8217;est que l&#8217;article n&#8217;est probablement pas admissible. N&#8217;oubliez pas que les [[Wikip&#233;dia:Principes fondateurs|principes fondateurs]] de Wikip&#233;dia ne garantissent aucun droit &#224; avoir un article sur Wikip&#233;dia. [[Utilisateur:Jean-Jacques Georges|Jean-Jacques Georges]] ([[Discussion_utilisateur:Jean-Jacques_Georges|Non mais all&#244; quoi ?]]) 4 f&#233;vrier 2014 &#224; 16:25 (CET)</text>
      <sha1>b8lfojqjy1e1k4quhm54263ovrw5c10</sha1>
      <model>wikitext</model>
      <format>text/x-wiki</format>
    </revision>
  </page>
