<page xmlns="http://www.mediawiki.org/xml/export-0.8/" xmlns:xsi="http://www.w3.org/2001/XMLSchema-instance">
    <title>Discussion utilisateur:Tzar bomba</title>
    <ns>3</ns>
    <id>2466955</id>
    <revision>
      <id>23627924</id>
      <parentid>23627756</parentid>
      <timestamp>2007-12-03T12:47:45Z</timestamp>
      <contributor>
        <username>H&#233;g&#233;sippe Cormier</username>
        <id>6155</id>
      </contributor>
      <minor/>
      <comment>{{faux-nez|Vdrpatrice}}</comment>
      <text xml:space="preserve">{{faux-nez|Vdrpatrice}}</text>
      <sha1>l179ju3vab8msdajgvi2nrvgbzhn1or</sha1>
      <model>wikitext</model>
      <format>text/x-wiki</format>
    </revision>
  </page>
