<page xmlns="http://www.mediawiki.org/xml/export-0.8/" xmlns:xsi="http://www.w3.org/2001/XMLSchema-instance">
    <title>Discussion utilisateur:Michel421</title>
    <ns>3</ns>
    <id>1797848</id>
    <revision>
      <id>100952901</id>
      <parentid>100952749</parentid>
      <timestamp>2014-02-05T23:37:38Z</timestamp>
      <contributor>
        <username>Scoopfinder</username>
        <id>482698</id>
      </contributor>
      <minor/>
      <comment>Annulation des modifications 100952749 de [[Sp&#233;cial:Contributions/Scoopfinder|Scoopfinder]] ([[User talk:Scoopfinder|d]]) - Pages li&#233;es ok</comment>
      <text xml:space="preserve">{{Bo&#238;te d&#233;roulante/d&#233;but|titre=Bienvenue sur Wikip&#233;dia - [[user:Darkoneko|DarkoNeko]] ''&lt;small&gt;le chat&lt;/small&gt;'' [[user_Talk:Darkoneko|&#12395;&#12419;]] 22 juillet 2007 &#224; 16:48 (CEST)}}

==Bienvenue sur Wikip&#233;dia==
&lt;!-- les balises "div" servent ici &#224; faire le cadre autour du texte. Si tu n'es pas familier avec le HTML, ne t'emb&#232;tes pas dans l'imm&#233;diat a chercher comment elles fonctionnent --&gt;
&lt;div style="margin-bottom:1.25em;border:1px solid #8898BF; background:white; padding:0;"&gt;
&lt;div style="height:8px; margin:0; border:0; border-bottom:1px solid #8898BF; background:#C8D8FF; font-size:1px;"&gt;&lt;/div&gt;
&lt;div style="padding:8px;"&gt;

&lt;center&gt;&lt;big&gt;[[Wikip&#233;dia:Accueil des nouveaux arrivants|Bienvenue]] sur Wikip&#233;dia, '''{{BASEPAGENAME}} !'''&lt;/big&gt;&lt;/center&gt;

[[Wikip&#233;dia]] est un projet de r&#233;daction collective d'une vaste encyclop&#233;die r&#233;alis&#233; actuellement dans 250 langues diff&#233;rentes de par le monde.

===G&#233;n&#233;ralit&#233;s===
Pour participer correctement ici, il me parait important de commencer par lire les [[Wikip&#233;dia:Principes fondateurs|principes fondateurs]].

Moins urgentes, la lecture de pages comme [[Wikip&#233;dia:Citez vos sources]], [[Wikip&#233;dia:crit&#232;res d'admissibilit&#233; des articles]] et [[Wikip&#233;dia:Conventions de style]] s'av&#233;reront elles aussi instructives.

===Syntaxe de base===
Le [[Wikip&#233;dia:Bac &#224; sable|bac &#224; sable]] est l'endroit d&#233;di&#233; aux essais que tu ne manquera pas de vouloir faire sur la syntaxe wiki (ou tu peux &#233;ventuellement te cr&#233;er une [[User:{{BASEPAGENAME}}/Bac &#224; sable|sous page]] &#224; cet effet).

Si je devais r&#233;sumer la syntaxe wiki en quelques phrases...
*&lt;nowiki&gt;~~~~&lt;/nowiki&gt; te permet de signer un message avec une date (exemple : [[user:{{BASEPAGENAME}}|{{BASEPAGENAME}}]] 23 f&#233;vrier 2007 &#224; 12:12 (CET)). Les messages aux autres contributeurs doivent &#234;tre sign&#233;s (pages de discussion), mais pas les articles ([http://fr.wikipedia.org/w/index.php?title=Pomme&amp;action=history l'historique] permet d'en retrouver les auteurs). &lt;small&gt;(voir [[Aide:Signature]])&lt;/small&gt;
*Faire des liens internes : 
**&lt;nowiki&gt;[[article]]&lt;/nowiki&gt; affichera [[article]], avec un lien vers la page du m&#234;me nom. Si le [[cet article n'existe pas ! d'ailleurs, ne le cr&#233;ez pas|lien est rouge]], alors la page de destination n'existe pas. 
**&lt;nowiki&gt;[[Article|un autre texte]]&lt;/nowiki&gt; affichera [[Article|un autre texte]], toujours en pointant vers [[Article]].
*&lt;nowiki&gt;'''gras''' et ''italique''&lt;/nowiki&gt; afficheront respectivement '''gras''' et ''italique''
*&lt;nowiki&gt;== titre ==&lt;/nowiki&gt; (seul sur une ligne) permet de cr&#233;er un titre de section. Le nombre de "=" indique le niveau du titre, permettant de cr&#233;er une arborescence (ce message est un exemple d'arborescence de titres). &lt;small&gt;(voir [[Aide:Syntaxe#Titre]])&lt;/small&gt;
*Un mod&#232;le (appel&#233; comme ceci : &lt;nowiki&gt;{{exemple de mod&#232;le}}&lt;/nowiki&gt;) utilis&#233; dans une page quelconque affiche un contenu qui se trouve en fait stock&#233; dans la page [[Mod&#232;le:exemple de mod&#232;le]]. Cela permet d'ins&#233;rer un m&#234;me texte ou code (bandeau de portail, etc.) dans de nombreuses pages sans devoir le r&#233;&#233;crire totalement &#224; chaque fois. Par exemple, {{M|Portail Japon et culture japonaise}} est utilis&#233; en bas de toutes les pages en rapport avec le Japon. &lt;small&gt;(voir [[Aide:Mod&#232;le]])&lt;/small&gt;
*Il est recommand&#233; de classer les articles pour qu'ils soient trouvables plus facilement : il suffit de leur affecter des cat&#233;gories en ins&#233;rant &lt;nowiki&gt;[[Cat&#233;gorie:nom de la cat&#233;gorie]]&lt;/nowiki&gt; en bas de l'article. Attention toutefois &#224; v&#233;rifier que la cat&#233;gorie existe bien en pr&#233;visualisant la page : si le lien est rouge, alors la cat&#233;gorie n'existe pas. Exemple : [[Plessis-Bouchard]] a pour cat&#233;gorie [[:Cat&#233;gorie:Commune du Val-d'Oise]]. &lt;small&gt;(voir [[Aide:Cat&#233;gorie]])&lt;/small&gt;

Une description beaucoup plus compl&#232;te est disponible sur '''[[Aide:syntaxe]]'''.

===et sinon&#8230;===
Tu peux indiquer, sur ta [[Utilisateur:{{BASEPAGENAME}}|page utilisateur]], [[Wikip&#233;dia:Babel|les langues que tu parles]], tes centres d'int&#233;r&#234;t et/ou une br&#232;ve description. Dans la mesure du raisonnable, chaque utilisateur peut mettre &#224; peu pr&#232;s ce qu'il veut sur sa page perso... toutefois, la transformer en encart publicitaire ou tribune politique ne sera pas tol&#233;r&#233;. &lt;small&gt;([http://fr.wikipedia.org/w/index.php?title=Utilisateur:Sabri.labidi&amp;oldid=15804342 un exemple de ce qu'il ne faut pas faire])&lt;/small&gt;

Si tu as d'autres questions, tu peux consulter [[Aide:Sommaire|l'aide]] ou bien me contacter sur ma page de discussion en [[Discussion Utilisateur:Darkoneko|cliquant ici]].

Sur ce, il ne me reste plus qu'&#224; te souhaiter une bonne continuation.
&lt;/div&gt;&lt;/div&gt; - [[user:Darkoneko|DarkoNeko]] ''&lt;small&gt;le chat&lt;/small&gt;'' [[user_Talk:Darkoneko|&#12395;&#12419;]] 22 juillet 2007 &#224; 16:48 (CEST)
{{Bo&#238;te d&#233;roulante/fin}}
{{Archives|
*[[/Archive1|Archive 1]] de 07/2007 &#224; 06/2013
}}
{{clr}}
== &#201;glises orientales ==

Bonsoir {{sourire}}&lt;br /&gt;
Je respecte tout &#224; fait l'avis sur [[Discussion:&#201;glises des deux et trois premiers conciles/Suppression]] et ce n'est pas pour &#231;a que je viens ici ; mais je ne comprends pas le sens de &#171;&#160;Il faudrait surtout penser &#224; l'accessibilit&#233; des articles sur ces &#233;glises et leur classification&#160;&#187;. Que vises-tu ?&lt;br /&gt;
[[Utilisateur:Sardur|Sardur]] - &lt;small&gt;[[Discussion Utilisateur:Sardur|allo ?]]&lt;/small&gt; 28 juillet 2013 &#224; 01:24 (CEST)
:Merci {{sourire}} [[Utilisateur:Sardur|Sardur]] - &lt;small&gt;[[Discussion Utilisateur:Sardur|allo ?]]&lt;/small&gt; 28 juillet 2013 &#224; 23:40 (CEST)

== [[Discussion:Jean Vercel/Suppression]] ==
Salut. J'ai vu que tu avais clos la P&#224;S que j'avais lanc&#233;. Il me semble que tu as d&#233;compt&#233; un avis {{neutre}} d&#233;pos&#233; par [http://fr.wikipedia.org/w/index.php?title=Discussion:Jean_Vercel/Suppression&amp;oldid=95029763 Alain valtat] et ensuite tripatouill&#233; en {{conserver}} par deux fois ([http://fr.wikipedia.org/w/index.php?title=Discussion:Jean_Vercel/Suppression&amp;oldid=95399985 ici] et [http://fr.wikipedia.org/w/index.php?title=Discussion:Jean_Vercel/Suppression&amp;oldid=95405645 l&#224;]) par {{User|Sapphorain}}. Veux-tu bien lui toucher deux mots sur cette fa&#231;on de proc&#233;der ou veux-tu que je m'en charge ? Bien &#224; toi. Cordialement, [[Utilisateur:Patrick Rogel|Patrick Rogel]] ([[Discussion utilisateur:Patrick Rogel|d]]) 31 juillet 2013 &#224; 13:57 (CEST)

== Les articles [[Lego Bionicle]] et [[Nidhiki]] sont propos&#233;s &#224; la fusion ==
[[Image:Merge-arrows.svg|60px|left|Proposition de fusion en cours.]]

La discussion a lieu sur la page [[Wikip&#233;dia:Pages &#224; fusionner#Lego Bionicle et Nidhiki]]. La proc&#233;dure de fusion est consultable sur [[Wikip&#233;dia:Pages &#224; fusionner]].

[[Utilisateur:Atoine85|Antoine]] &lt;sup&gt;[[Discussion utilisateur:Atoine85|&#9993;]]&lt;/sup&gt; [[Image:Flag of Europe.svg|20px]] 19 ao&#251;t 2013 &#224; 21:50 (CEST)

== La religion des savants  ==

Bonjour, 
Je vois que vous avez "nettoy&#233;" plusieurs articles (que je suis) de leur cat&#233;gorisation (en l&#8217;occurrence "Cat&#233;gorie:Personnalit&#233; protestante fran&#231;aise" ) ... Merci ! On peut remarquer la d&#233;rive de certains contributeurs &#224; classer des scientifiques sous des cat&#233;gories ou des portails (voir l'article [[Georges Hayem]] par exemple) selon leur croyance. Sauf si leur foi est un &#233;l&#233;ment fondamental dans leur &#339;uvre scientifique, cette classification religieuse me semble dangereuse. Tour cela signe le repli communautaire et nationaliste dont WP devrait pouvoir se passer ... Cordialement !

--[[Utilisateur:A vie saine|'''A vie saine''']] ([[Discussion utilisateur:A vie saine|discussion]]) 8 septembre 2013 &#224; 22:42 (CEST)

==  Cat&#233;gorie:Personnalit&#233; fran&#231;aise du protestantisme ==

Bonsoir&lt;/br&gt;
Il semble que tu aies pass&#233; en revue une bonne part des articles de la [[:Cat&#233;gorie:Personnalit&#233; protestante fran&#231;aise]] et que tu aies fait le tri pour aboutir aux 144 articles de [[:Cat&#233;gorie:Personnalit&#233; fran&#231;aise du protestantisme]]. Aurais-tu des id&#233;es de sous-cat&#233;gories de la[[:Cat&#233;gorie:Personnalit&#233; fran&#231;aise du protestantisme]] que nous pourrions cr&#233;er pour mieux s'y retrouver dans les motifs de rattachement des 144 articles et diminuer le nombre d'articles directement rattach&#233;s &#224; la cat&#233;gorie ? [[Utilisateur:O.Taris|O.Taris]] ([[Discussion utilisateur:O.Taris|d]]) 9 septembre 2013 &#224; 23:34 (CEST)
:Merci pour ta r&#233;ponse. [[Utilisateur:O.Taris|O.Taris]] ([[Discussion utilisateur:O.Taris|d]]) 10 septembre 2013 &#224; 20:05 (CEST)

== L'article Th&#233;rapie Sociale est propos&#233; &#224; la suppression ==

[[Image:Icono consulta borrar.png|70px|link=|Page propos&#233;e &#224; la suppression|gauche]]
Bonjour,

L&#8217;article &#171; '''{{Lien &#224; supprimer|1=Th&#233;rapie sociale}}''' &#187; est propos&#233; &#224; la suppression ({{cf.}} [[Wikip&#233;dia:Pages &#224; supprimer]]). Apr&#232;s avoir pris connaissance des [[Wikip&#233;dia:Crit&#232;res d'admissibilit&#233; des articles|crit&#232;res g&#233;n&#233;raux d&#8217;admissibilit&#233; des articles]] et des [[:Cat&#233;gorie:Wikip&#233;dia:Admissibilit&#233; des articles|crit&#232;res sp&#233;cifiques]], vous pourrez [[Aide:Arguments &#224; &#233;viter lors d'une proc&#233;dure de suppression|donner votre avis]] sur la page de discussion '''[[{{TALKPAGENAME:Th&#233;rapie Sociale}}/Suppression]]'''.
--Chaussette 4 d&#233;cembre 2013 &#224; 11:47 (CET)

== Mon &#233;lection ==

&lt;table style="background-color:white; padding:5px; border:2px solid #41418F; border-radius: 15px; margin:0 auto;"&gt;
&lt;tr&gt;
&lt;td style="text-align: center; font-weight:900; font-size:150%; text-shadow:gray 0.1em 0.1em 0.1em;"&gt;[[File:Panorama La D&#233;fense.jpg|frameless|upright=3.5|center]]
&lt;/td&gt;
&lt;/tr&gt;
&lt;tr&gt;
&lt;td style="text-align: center; font-weight:900; font-size:150%; text-shadow:gray 0.1em 0.1em 0.1em;" height=40&gt;[[Wikip&#233;dia:Administrateur/Cantons-de-l'Est|Merci de votre confiance]].
&lt;/td&gt;
&lt;/tr&gt;
&lt;tr&gt;
&lt;td style="text-align: center; font-size:85%; text-shadow:gray 0.1em 0.1em 0.1em;" height=32&gt;&#8212; [[Utilisateur:Cantons-de-l'Est|Cantons-de-l'Est]] &lt;sup&gt;[[Discussion utilisateur:Cantons-de-l'Est|&lt;span style="color:#008000;"&gt;discuter&lt;/span&gt;]]&lt;/sup&gt; 8 janvier 2014 &#224; 16:50 (CET)
&lt;/td&gt;
&lt;/tr&gt;
&lt;/table&gt;
&lt;!-- Message envoy&#233; par User:Cantons-de-l'Est@frwiki en utilisant la liste &#224; http://fr.wikipedia.org/w/index.php?title=Utilisateur:Cantons-de-l%27Est/Test/6&amp;oldid=100046011 --&gt;

== [[Discussion:Gis&#232;le Prisant/Suppression]] ==
Salut. J'ai annul&#233; ta cl&#244;ture de la P&#224;S de r&#233;f&#233;rence, n'y existant aucun &#171;&#160;consensus&#160;&#187; (60%/40%). Par ailleurs, il est de coutume dans tels cas que la discussion se poursuive une semaine de plus. Bien &#224; toi, [[Utilisateur:Patrick Rogel|Patrick Rogel]] ([[Discussion utilisateur:Patrick Rogel|discuter]]) 10 janvier 2014 &#224; 00:17 (CET)

== Galerie 2016 ==

Bonjour,&lt;br /&gt;
Je vous contact parce que vous avez particip&#233; &#224; la discussion sur mon premier essai d&#8217;article, [[Galerie 2016]]. Lors de cette [[Discussion:Galerie 2016/Suppression]], l&#8217;utilisateur {{u&#8217;|Manoillon}} &#233;tait pour sa suppression.
Apr&#232;s la conclusion {{Citation|Un consensus clair s'est plut&#244;t d&#233;gag&#233; pour la conservation o&#249; est d&#233;montr&#233; un int&#233;r&#234;t encyclop&#233;dique.}}, cet utilisateur estime la liste exhaustive non n&#233;cessaire et la supprime constamment. {{sourire}}&lt;br /&gt;
: L'article sur cette galerie est &#224; conserver, et &#224; travailler : elle est la base du caract&#232;re de la galerie : sa ligne artistique, les raisons de ses choix parmi les artistes expos&#233;s &#8212; une simple &#233;num&#233;ration d'artistes expos&#233;s n'indique en rien sa sp&#233;cificit&#233; si le lecteur de l'article ne conna&#238;t pas les artistes expos&#233;s &#8212; ; une galerie est un artiste lui-m&#234;me, dont il est int&#233;ressant de conna&#238;tre et comprendre les raisons profondes de son art ; cordialement, --Buster Keaton (discuter) 15 janvier 2014 &#224; 11:24 (CET)
Vous, pensez-vous une telle liste n&#233;cessaire ou non ? Quitte &#224; am&#233;liorer sa mise en page par la suite&#8230;&lt;br /&gt;
Merci de vous exprimer sur la page [[Discussion:Galerie 2016|discussion sur l&#8217;article Galerie 2016]]
Par avance, merci&lt;br /&gt;
[[Utilisateur:CookArt|CookArt]] ([[Discussion utilisateur:CookArt|discuter]]) 16 janvier 2014 &#224; 02:45 (CET)
== L'article Michel Qissi est propos&#233; &#224; la suppression ==
[[Image:Icono consulta borrar.png|70px|link=|Page propos&#233;e &#224; la suppression|gauche]]
Bonjour,

L&#8217;article &#171; '''{{Lien &#224; supprimer|1=Michel Qissi}}''' &#187; est propos&#233; &#224; la suppression ({{cf.}} [[Wikip&#233;dia:Pages &#224; supprimer]]). Apr&#232;s avoir pris connaissance des [[Wikip&#233;dia:Crit&#232;res d'admissibilit&#233; des articles|crit&#232;res g&#233;n&#233;raux d&#8217;admissibilit&#233; des articles]] et des [[:Cat&#233;gorie:Wikip&#233;dia:Admissibilit&#233; des articles|crit&#232;res sp&#233;cifiques]], vous pourrez [[Aide:Arguments &#224; &#233;viter lors d'une proc&#233;dure de suppression|donner votre avis]] sur la page de discussion '''[[{{TALKPAGENAME:Michel Qissi}}/Suppression]]'''.

Le meilleur moyen d&#8217;obtenir un consensus pour la conservation de l&#8217;article est de fournir des [[Wikip&#233;dia:Citez vos sources|sources secondaires fiables et ind&#233;pendantes]]. Si vous ne pouvez trouver de telles sources, c&#8217;est que l&#8217;article n&#8217;est probablement pas admissible. N&#8217;oubliez pas que les [[Wikip&#233;dia:Principes fondateurs|principes fondateurs]] de Wikip&#233;dia ne garantissent aucun droit &#224; avoir un article sur Wikip&#233;dia. [[Utilisateur:Turb|Turb]] ([[Discussion utilisateur:Turb|discuter]]) 20 janvier 2014 &#224; 12:25 (CET)

== L'article [[&#201;cole des m&#233;tiers de la communication]] a &#233;t&#233; restaur&#233; ==
[[Image:Icono consulta borrar.png|70px|link=|Page propos&#233;e &#224; la suppression|gauche]]
Bonjour,

L&#8217;article &#171; '''{{Lien &#224; supprimer|1=&#201;cole des m&#233;tiers de la communication}}''' &#187; est en d&#233;bat d'admissibilit&#233; ({{cf.}} [[Wikip&#233;dia:Pages &#224; supprimer]]) suite &#224; une DRP. Apr&#232;s avoir pris connaissance des [[Wikip&#233;dia:Crit&#232;res d'admissibilit&#233; des articles|crit&#232;res g&#233;n&#233;raux d&#8217;admissibilit&#233; des articles]] et des [[:Cat&#233;gorie:Wikip&#233;dia:Admissibilit&#233; des articles|crit&#232;res sp&#233;cifiques]], vous pourrez [[Aide:Arguments &#224; &#233;viter lors d'une proc&#233;dure de suppression|donner votre avis]] sur la page de discussion '''[[{{TALKPAGENAME:&#201;cole des m&#233;tiers de la communication}}/Suppression]]'''.

Le meilleur moyen d&#8217;obtenir un consensus pour la conservation de l&#8217;article est de fournir des [[Wikip&#233;dia:Citez vos sources|sources secondaires fiables et ind&#233;pendantes]]. Si vous ne pouvez trouver de telles sources, c&#8217;est que l&#8217;article n&#8217;est probablement pas admissible. N&#8217;oubliez pas que les [[Wikip&#233;dia:Principes fondateurs|principes fondateurs]] de Wikip&#233;dia ne garantissent aucun droit &#224; avoir un article sur Wikip&#233;dia. [[Utilisateur:Guillaume70|Guillaume]] &lt;small&gt;([[Discussion Utilisateur:Guillaume70|bah?]], [[Sp&#233;cial:Contributions/Guillaume70|qu'ai-je fait?]])&lt;/small&gt; 24 janvier 2014 &#224; 12:14 (CET)

== P&#224;Stec et [[Discussion:Liste des d&#233;charges en Alsace/Suppression]] ==

Salut Michel {{Sourire}}.

Tout d'abord, merci pour ton travail de cl&#244;ture des P&#224;S que tu fais r&#233;guli&#232;rement, et fort bien {{Sourire}}. 

Si je puis me permettre n&#233;anmoins un conseil pour te faciliter la vie, ce serait d'utiliser [[Utilisateur:Charlie Pinard/PaStec|l'outil P&#224;Stec]] (car j'ai l'impression que tu ne l'utilises pas). C'est un script semi-automatis&#233; qui permet, une fois la cl&#244;ture effectu&#233;e, de faire tout seul un certain nombre de choses (retirer la P&#224;S du r&#233;pertoire de [[WP:P&#224;S]], faire une demande de SI en cas de suppression, retirer le bandeau en cas de conservation, et m&#234;me faire la liste, en cas de suppression, des liens &#224; retirer (il suffit alors de cliquer dessus, et tu es directement emmen&#233; &#224; l'endroit du lien o&#249; il suffit de cliquer sur un bouton {{guil|d&#233;wikifier}} sp&#233;cial. C'est super pratique, et constitue un gain de temps consid&#233;rable !)).

J'y pense parce qu'il se trouve que j'ai clos la P&#224;S susmentionn&#233;e alors que tu l'avais d&#233;j&#224; fait : tu avais oubli&#233; de la retirer de la page [[WP:P&#224;S]] apr&#232;s ta cl&#244;ture (ce qui ne serait pas arrivant en utilisant P&#224;Stec :p). Bon, au passage, j'avais clos en sens inverse du tien, faute de sources apport&#233;es par les tenants de la conservation, d'o&#249; un certain imbroglio. Mais enfin ce n'est pas tr&#232;s grave (m'est avis, &#224; titre personnel, qu'il faudra relancer cette P&#224;S assez rapidement afin de d&#233;gager un consensus car, apr&#232;s examen, je suis plus qu'&#233;tonn&#233; que d'aucuns puissent consid&#233;rer une telle liste non sourc&#233;e d'articles &#224; vocation non-encylop&#233;diques comme admissible. Mais c'est un autre d&#233;bat).

Amicalement, [[Utilisateur:Suprememangaka|SM]] &lt;small&gt;[[Discussion utilisateur:Suprememangaka|** &#12424;&#12358;&#12371;&#12381; **]]&lt;/small&gt; 29 janvier 2014 &#224; 12:03 (CET)

== [[Discussion:Goure de Spoy/Suppression]] ==

Re-salut (on ne se quitte plus {{lol}})

J'ai annul&#233;, pour information, ta cl&#244;ture pour deux raisons principales :
* On ne peut pas clore en conservation quand il n'y a aucun avis pour alors qu'il y a un avis dans la section supprimer, quand bien m&#234;me celui-ci parle d'une possible fusion (un consensus &#224; un c'est possible : cela vaut dire que personne n'a trouv&#233; &#224; redire &#224; l'unique avis d&#233;velopp&#233; {{Clin}})
* Tu dis dans ta cl&#244;ture qu'il faut laisser le projet d&#233;cider. Non, un projet est juste un espace de rencontres et d'&#233;changes entre des contributeurs int&#233;ress&#233;s par un m&#234;me th&#232;me. En aucun cas ce ne peut &#234;tre un organe de d&#233;cision r&#232;glementaire ou ''a fortiori'' &#233;ditoriale.

Pour moi, il n'y a que deux options avec cette P&#224;S :
* soit on cl&#244;t en fusion et on effectue les op&#233;rations adjacentes
* soit on laisse encore un peu de temps pour permettre &#224; d'autres avis d'arriver.

Amicalement, [[Utilisateur:Suprememangaka|SM]] &lt;small&gt;[[Discussion utilisateur:Suprememangaka|** &#12424;&#12358;&#12371;&#12381; **]]&lt;/small&gt; 2 f&#233;vrier 2014 &#224; 21:19 (CET)

== L'article [[Tanc]] a &#233;t&#233; restaur&#233; ==
[[Image:Icono consulta borrar.png|70px|link=|Page propos&#233;e &#224; la suppression|gauche]]
Bonjour,

L&#8217;article &#171; '''{{Lien &#224; supprimer|1=Tanc}}''' &#187; est en d&#233;bat d'admissibilit&#233; ({{cf.}} [[Wikip&#233;dia:Pages &#224; supprimer]]) suite &#224; une DRP. Apr&#232;s avoir pris connaissance des [[Wikip&#233;dia:Crit&#232;res d'admissibilit&#233; des articles|crit&#232;res g&#233;n&#233;raux d&#8217;admissibilit&#233; des articles]] et des [[:Cat&#233;gorie:Wikip&#233;dia:Admissibilit&#233; des articles|crit&#232;res sp&#233;cifiques]], vous pourrez [[Aide:Arguments &#224; &#233;viter lors d'une proc&#233;dure de suppression|donner votre avis]] sur la page de discussion '''[[{{TALKPAGENAME:Tanc}}/Suppression]]'''.

Le meilleur moyen d&#8217;obtenir un consensus pour la conservation de l&#8217;article est de fournir des [[Wikip&#233;dia:Citez vos sources|sources secondaires fiables et ind&#233;pendantes]]. Si vous ne pouvez trouver de telles sources, c&#8217;est que l&#8217;article n&#8217;est probablement pas admissible. N&#8217;oubliez pas que les [[Wikip&#233;dia:Principes fondateurs|principes fondateurs]] de Wikip&#233;dia ne garantissent aucun droit &#224; avoir un article sur Wikip&#233;dia. [[Utilisateur:Guillaume70|Guillaume]] &lt;small&gt;([[Discussion Utilisateur:Guillaume70|bah?]], [[Sp&#233;cial:Contributions/Guillaume70|qu'ai-je fait?]])&lt;/small&gt; 4 f&#233;vrier 2014 &#224; 14:11 (CET)</text>
      <sha1>np7i8x1uvs3foood2tz2jw7nut6qshh</sha1>
      <model>wikitext</model>
      <format>text/x-wiki</format>
    </revision>
  </page>
