<page xmlns="http://www.mediawiki.org/xml/export-0.8/" xmlns:xsi="http://www.w3.org/2001/XMLSchema-instance">
    <title>Discussion utilisateur:Dfeldmann</title>
    <ns>3</ns>
    <id>1015554</id>
    <revision>
      <id>100656229</id>
      <parentid>100631401</parentid>
      <timestamp>2014-01-27T16:26:52Z</timestamp>
      <contributor>
        <username>Claude PIARD</username>
        <id>947439</id>
      </contributor>
      <text xml:space="preserve">{{Utilisateur:Dfeldmann/HautPage}}

&lt;div style="position:fixed; left:0px; bottom:0; padding:7em; height:100px; z-index:0"&gt;[[Fichier:Go-up.svg|40px|Retour en haut de page|link=#top]]&lt;/div&gt;

&lt;!--{{wikislow}}--&gt;
{{ Archives | 
[[/Archive 1|ann&#233;es 2008 et 2009]]&lt;/br&gt;
[[/Archive 2|ann&#233;e 2010]]&lt;/br&gt;
[[/Archive 3|ann&#233;e 2011]]&lt;br&gt;
[[/Archive 4|ann&#233;e 2012]]&lt;br&gt;
[[/Archive 5|ann&#233;e 2013]]&lt;br&gt;
 }}

== Vote en Pdd Dieudonn&#233; ==

Si tu devais choisir entre "militant antis&#233;mite" et "militant d'id&#233;ologie antijuive", et seulement un de ces deux, ce serait lequel ? Si &#231;a peut t'aider, on a beaucoup argument&#233; pour l'un ou pour l'autre dans la section sur la r&#233;daction de l'intro. Merci de jeter un oeil et de voter rapidos :)
--[[Utilisateur:Ryoga|Ryoga]] ([[Discussion utilisateur:Ryoga|discuter]]) 6 janvier 2014 &#224; 15:32 (CET)

== Client difficile ==

Un peu ... mais moi, je ne mords pas les nouveaux ! Et &#224; la m&#234;me &#233;poque, d'autres ont tent&#233; d'avoir (A2, Azurfrog et bien d'autres) le comportement "compr&#233;hensif" que je tente de faire perdurer. Mais l&#224;, c'est plus facile : je n'ai pas de comptes personnels &#224; r&#233;gler avec le sujet. Ce qui ne semblait pas &#234;tre son cas : on a tous nos d&#233;chirures cach&#233;es. Amiti&#233;s--[[Utilisateur:Claude PIARD|Claude PIARD]] ([[Discussion utilisateur:Claude PIARD|discuter]]) 9 janvier 2014 &#224; 14:11 (CET) 
:PS : je viens de recevoir le bouquin de mon fils. En fran&#231;ais, je n'y comprendrais peut-&#234;tre pas grand'chose. Mais en anglais, c'est assur&#233;.--[[Utilisateur:Claude PIARD|Claude PIARD]] ([[Discussion utilisateur:Claude PIARD|discuter]]) 9 janvier 2014 &#224; 14:11 (CET)
:: Merci. OUF !!! N'h&#233;site pas &#224; aller plus loin si tu l'estime n&#233;cessaire--[[Utilisateur:Claude PIARD|Claude PIARD]] ([[Discussion utilisateur:Claude PIARD|discuter]]) 12 janvier 2014 &#224; 10:50 (CET)

== Anecdote en page d'accueil ==

Bonjour et Bonne Ann&#233;e,

J'ai vir&#233; ton anecdote en page d'accueil. Elle &#233;tait sympa, mais il y a une r&#232;gle qui dit que ces anecdotes doivent obligatoirement &#234;tre sourc&#233;es. En l'occurrence, l'[[Repassage extr&#234;me|article en question]] n'a pas une seule source.

Comptant sur ta compr&#233;hension, --[[Utilisateur:MathsPoetry|MathsPoetry]] ([[Discussion utilisateur:MathsPoetry|discuter]]) 14 janvier 2014 &#224; 10:27 (CET)
: Ah c'est malin... J'ai mis un bandeau "&#224; sourcer", mais en fait c'est juste que j'ai la flemme : l'article anglais contient toutes les sources n&#233;cessaires (peut-&#234;tre trop {{sourire}}). Bon, puisque c'est comme &#231;a, je vais compl&#233;ter l'article, et je remettrais l'anecdote dans une semaine environ, quand ce sera fait. Mais franchement, tu fais preuve de trop de purisme, moi, je pensais qu'&#224; elle-seule, cette photo prouvait l'existence de la discipline...--[[Utilisateur:Dfeldmann|Dfeldmann]] ([[Discussion utilisateur:Dfeldmann|discuter]]) 14 janvier 2014 &#224; 10:32 (CET)
:: Tr&#232;s franchement, si je ne l'avais pas fait, quelqu'un d'autre l'aurait fait dans les cinq minutes, et en prenant moins de gants&#8230; C'est dit clairement :
::: Les informations doivent &#234;tre tir&#233;es d&#8217;un article de Wikip&#233;dia o&#249; elles ont des sources correctement identifi&#233;es : une rubrique &#171; Le saviez-vous ? &#187; ne se con&#231;oit que si les informations donn&#233;es sont v&#233;rifiables.
:: Si &#231;a permet de sourcer l'article, c'est super.
:: La photo ne prouve rien, avec Photoshop on peut montrer quelqu'un en train de repasser sur Mars.
:: Quant tu enl&#232;ves une image des anecdotes, peux-tu la mettre entre &lt;nowiki&gt;&lt;!-- commentaires --&gt;&lt;/nowiki&gt; au lieu de la supprimer ? Comme &#231;a, elle est archiv&#233;e.
:: Cordialement, --[[Utilisateur:MathsPoetry|MathsPoetry]] ([[Discussion utilisateur:MathsPoetry|discuter]]) 14 janvier 2014 &#224; 10:41 (CET)

== Arts martiaux ==

J'ai mis un message sur le caf&#233; des sports sur l'opportunit&#233; de l'article sur lequel nous nous escrimons et demand&#233; l'assistance &#233;ventuelle de gens comp&#233;tents sur le fond. Merci encore de ton aide.--[[Utilisateur:Claude PIARD|Claude PIARD]] ([[Discussion utilisateur:Claude PIARD|discuter]]) 14 janvier 2014 &#224; 13:33 (CET)

Bonsoir, j'ai mis les r&#233;fs demand&#233;, donc a vous de voir
page discussion Matid Squelletpite--[[Utilisateur:Squelletpite|Squelletpite]] ([[Discussion utilisateur:Squelletpite|discuter]]) 15 janvier 2014 &#224; 00:50 (CET)

== L'article Jeetk&#239;do-ka&#239;kan est propos&#233; &#224; la suppression ==
[[Image:Icono consulta borrar.png|70px|link=|Page propos&#233;e &#224; la suppression|gauche]]
Bonjour,

L&#8217;article &#171; '''{{Lien &#224; supprimer|1=Jeetk&#239;do-ka&#239;kan}}''' &#187; est propos&#233; &#224; la suppression ({{cf.}} [[Wikip&#233;dia:Pages &#224; supprimer]]). Apr&#232;s avoir pris connaissance des [[Wikip&#233;dia:Crit&#232;res d'admissibilit&#233; des articles|crit&#232;res g&#233;n&#233;raux d&#8217;admissibilit&#233; des articles]] et des [[:Cat&#233;gorie:Wikip&#233;dia:Admissibilit&#233; des articles|crit&#232;res sp&#233;cifiques]], vous pourrez [[Aide:Arguments &#224; &#233;viter lors d'une proc&#233;dure de suppression|donner votre avis]] sur la page de discussion '''[[{{TALKPAGENAME:Jeetk&#239;do-ka&#239;kan}}/Suppression]]'''.

Le meilleur moyen d&#8217;obtenir un consensus pour la conservation de l&#8217;article est de fournir des [[Wikip&#233;dia:Citez vos sources|sources secondaires fiables et ind&#233;pendantes]]. Si vous ne pouvez trouver de telles sources, c&#8217;est que l&#8217;article n&#8217;est probablement pas admissible. N&#8217;oubliez pas que les [[Wikip&#233;dia:Principes fondateurs|principes fondateurs]] de Wikip&#233;dia ne garantissent aucun droit &#224; avoir un article sur Wikip&#233;dia. [[Utilisateur:Agamitsudo|Aga]] ([[Discussion utilisateur:Agamitsudo|d]]) 14 janvier 2014 &#224; 14:30 (CET)

:Pr&#233;cision : que fais-tu en fin de compte ? Pour l'instant ton vote en suppression est maintenu alors que donne un avis mitig&#233; sans formaliser ta d&#233;cision en "conservation" ? Amiti&#233;s.--[[Utilisateur:Claude PIARD|Claude PIARD]] ([[Discussion utilisateur:Claude PIARD|discuter]]) 15 janvier 2014 &#224; 15:44 (CET)

== L'article Claude Sabbah est propos&#233; &#224; la suppression ==
[[Image:Icono consulta borrar.png|70px|link=|Page propos&#233;e &#224; la suppression|gauche]]
Bonjour,

L&#8217;article &#171; '''{{Lien &#224; supprimer|1=Claude Sabbah}}''' &#187; est propos&#233; &#224; la suppression ({{cf.}} [[Wikip&#233;dia:Pages &#224; supprimer]]). Apr&#232;s avoir pris connaissance des [[Wikip&#233;dia:Crit&#232;res d'admissibilit&#233; des articles|crit&#232;res g&#233;n&#233;raux d&#8217;admissibilit&#233; des articles]] et des [[:Cat&#233;gorie:Wikip&#233;dia:Admissibilit&#233; des articles|crit&#232;res sp&#233;cifiques]], vous pourrez [[Aide:Arguments &#224; &#233;viter lors d'une proc&#233;dure de suppression|donner votre avis]] sur la page de discussion '''[[{{TALKPAGENAME:Claude Sabbah}}/Suppression]]'''.

Le meilleur moyen d&#8217;obtenir un consensus pour la conservation de l&#8217;article est de fournir des [[Wikip&#233;dia:Citez vos sources|sources secondaires fiables et ind&#233;pendantes]]. Si vous ne pouvez trouver de telles sources, c&#8217;est que l&#8217;article n&#8217;est probablement pas admissible. N&#8217;oubliez pas que les [[Wikip&#233;dia:Principes fondateurs|principes fondateurs]] de Wikip&#233;dia ne garantissent aucun droit &#224; avoir un article sur Wikip&#233;dia. [[Sp&#233;cial:Contributions/2A01:240:FE3D:C04:CD38:DAB3:9EFE:A570|2A01:240:FE3D:C04:CD38:DAB3:9EFE:A570]] ([[Discussion utilisateur:2A01:240:FE3D:C04:CD38:DAB3:9EFE:A570|discuter]]) 15 janvier 2014 &#224; 20:55 (CET)

== Dieudonn&#233; : RI ou pas RI ==

Bonjour.

Je demande aux contributeurs un ultime effort : s'exprimer sur la Pdd, section 53.1 je crois, pour que l'administratrice Euterpia (voir la DIPP) puisse se prononcer sur le RI collectivement &#233;labor&#233; il y a plusieurs jours. Le RI doit-il passer ou pas ? Les arguments de Parmatus ou les miens sont-ils recevables (vous connaissez sans doute d&#233;j&#224; mon avis ^^) ? Bref, il faut dire quelque chose, pour ou contre, sinon c'est l'impasse. Merci pour votre compr&#233;hension et votre effort pour servir l'encyclop&#233;disme !

--[[Utilisateur:Ryoga|Ryoga]] ([[Discussion utilisateur:Ryoga|discuter]]) 18 janvier 2014 &#224; 16:48 (CET)

== Jeetkido==

Un nouveau contributeur [[Utilisateur:Stabilosofiane|Stabilosofiane]] dont le comportement coop&#233;ratif tranche &#233;tonnamment avec nos pr&#233;c&#233;dents interlocuteurs semble pr&#234;t &#224; d&#233;montrer que si le jeetkido fran&#231;ais reste encore une activit&#233; confidentielle, il s'agit bien d'une discipline mondialement reconnue. Son travail commence &#224; porter ses fruits. Compte-tenu de la difficult&#233; de recr&#233;er un article supprim&#233;, il serait peut-&#234;tre judicieux d'accorder &#224; celui-ci un nouveau sursis. Peux-tu jeter un &#339;il sur l'&#233;tat actuel de l'article ? Merci et bonne soir&#233;e.--[[Utilisateur:Claude PIARD|Claude PIARD]] ([[Discussion utilisateur:Claude PIARD|discuter]]) 26 janvier 2014 &#224; 21:09 (CET)
: Tu as oubli&#233; de signer ton "maintien". C'est peut-&#234;tre secondaire dans la mesure o&#249; l'historique permet de "pister" l'auteur. Mais &#231;a vaut peut-&#234;tre mieux ? Si on peut &#233;viter la "guerre des arts martiaux" .... Amiti&#233;s--[[Utilisateur:Claude PIARD|Claude PIARD]] ([[Discussion utilisateur:Claude PIARD|discuter]]) 27 janvier 2014 &#224; 17:26 (CET)</text>
      <sha1>pxoq4e5pf6b7okp83afa34omrw014jl</sha1>
      <model>wikitext</model>
      <format>text/x-wiki</format>
    </revision>
  </page>
