<page xmlns="http://www.mediawiki.org/xml/export-0.8/" xmlns:xsi="http://www.w3.org/2001/XMLSchema-instance">
    <title>Discussion utilisateur:Skiff</title>
    <ns>3</ns>
    <id>5965062</id>
    <revision>
      <id>100863489</id>
      <parentid>100834334</parentid>
      <timestamp>2014-02-03T10:50:54Z</timestamp>
      <contributor>
        <username>Badmood</username>
        <id>4507</id>
      </contributor>
      <comment>Analyse d'article</comment>
      <text xml:space="preserve">----
'''{{Archive simple}} ''Cette page de discussion a fait l'objet d'un [[archivage]]. Acc&#233;dez aux pages anciennes:'' [[Discussion utilisateur:Skiff/Archive 1|Page 1]], [[Discussion utilisateur:Skiff/Archive 2|Page 2]]''', [[Discussion utilisateur:Skiff/Archive 3|Page 3]]'''

----


== 2014 ==
&lt;big&gt;{{vert|MEILLEURS VOEUX POUR L'AN NEUF !}}&lt;/big&gt; [[Utilisateur:Thib Phil|Thib Phil]] ([[Discussion utilisateur:Thib Phil|discuter]]) 2 janvier 2014 &#224; 00:51 (CET)

Bonne ann&#233;e, bonne sant&#233;, [[amour, gloire et beaut&#233;]] :=) [[Utilisateur:L&amp;#39;amateur d&amp;#39;a&#233;roplanes|L&amp;#39;amateur d&amp;#39;a&#233;roplanes]] ([[Discussion utilisateur:L&amp;#39;amateur d&amp;#39;a&#233;roplanes|discuter]]) 3 janvier 2014 &#224; 15:06 (CET)
:Meilleurs v&#339;ux pour 2014 ! Que l'ann&#233;e soit pleine de beaux articles. --[[Utilisateur:Lvcvlvs|Lvcvlvs]] ([[Discussion utilisateur:Lvcvlvs|discuter]]) 3 janvier 2014 &#224; 20:18 (CET)

::: Beste wensen aussi une fois --[[Utilisateur:Fistos|Fistos]] ([[Discussion utilisateur:Fistos|discuter]]) 12 janvier 2014 &#224; 21:33 (CET)

=== '''W'''aou '''W'''aou ===
&lt;big&gt;{{bleu|MEILLEURS V&#338;UX POUR L'AN NEUF !}}&lt;/big&gt; Ceci &#233;tant, et apr&#232;s avoir fait remarquer que cette ann&#233;e 2014 aura la couleur distinctive bleu horizon, information qui ne semble pas encore avoir atteint les berges de l&#8217;Yser et provinces attenantes, je constate que tu d&#233;marres l&#8217;ann&#233;e en fanfare ! Le [[:en:Moonshine by country|samogon]] test&#233; durant les r&#233;veillons pouvant &#234;tre une amorce d&#8217;explication. Mais ceci ne me regarde pas&#8230;

Bravo, il semble que notre influence d&#233;teigne positivement sur toi. Nous en sommes fiers. Si, si.

Il me faut quand m&#234;me attirer ton attention sur le fait que je suis fondamentalement un fantassin, pas un cavalier. Ce qui, soit dit en passant, explique ma largeur d&#8217;esprit et le soin mis &#224; ne pas &#234;tre trop &#224; cheval sur les principes. L&#8217;article que tu vises sournoisement, avec une malice [[Hilarion Lefuneste|lefunestienne]] qui me pousse &#224; m&#8217;interroger sur l&#8217;existence et l&#8217;action en coulisses d&#8217;un tien mauvais g&#233;nie, [[Utilisateur:Barbe-Noire|genre pirate velu]], devrait effectivement mis en ligne comme une [[Histoire de la Cavalerie fran&#231;aise]] mais demeure encore tristement incomplet sur certains points. D&#8217;ailleurs, si tu d&#233;niches des infos sur la cavalerie pendant la [[guerre du Rif]], je suis preneur (ou du bouquin de Dugu&#233; Mc Carthy).

Quant &#224; ton appel du pied pour le d&#233;veloppement des articles sur les chemins de fer durant la guerre de S&#233;cession, je t&#8217;assure qu&#8217;il est entendu. J&#8217;ai d&#8217;ailleurs commenc&#233; &#224; travailler sur la bio de [[Herman Haupt]].

Pour le reste, dont les articles sur le p&#233;trole (parce que maintenant, ils sont plusieurs), cela viendra. A noter que dans les mois qui viennent, je devrais travailler avec l&#8217;excellent [[Utilisateur:Lvcvlvs|Lvcvlvs]], sur les articles concernant la [[bataille de la Marne]]. Le tout au train de s&#233;nateur qui est probablement la principale caract&#233;ristique de ma participation &#224; wp. Sur ce, honorable ami bien que contributeur, j&#8217;ai bien l&#8217;honneur de vous laisser &#224; vos occupations de d&#233;but d&#8217;ann&#233;e ! A+ --[[User:alcide talon|Alcide Talon]] [[User_Talk:alcide talon|&lt;sup&gt;&lt;small&gt;''bla''bla'' ?''&lt;/small&gt;&lt;/sup&gt;]] 3 janvier 2014 &#224; 10:43 (CET) &lt;small&gt;'' Et encore bravo pour cette nouvelle ann&#233;e ! {{clin}} ''&lt;/small&gt;
:Pardon d'intervenir, mais chemin de fer + cavalerie + 1914... = [[plan XVII]] ! C'est juste un id&#233;e comme &#231;a, pour occuper le printemps... --[[Utilisateur:Lvcvlvs|Lvcvlvs]] ([[Discussion utilisateur:Lvcvlvs|discuter]]) 3 janvier 2014 &#224; 20:18 (CET)

== Annonce de suppression de page==
Bonjour, Skiff, et bienvenue sur [[Wikip&#233;dia]], l&#8217;encyclop&#233;die [[Wikip&#233;dia:Citation et r&#233;utilisation du contenu de Wikip&#233;dia|libre et gratuite]].

La page '''{{Lien &#224; supprimer|Trait&#233; de Tartu (Russie&#8211;Finlande)}}''' que vous avez cr&#233;&#233;e vient d'&#234;tre supprim&#233;e par l'administrateur [[Utilisateur:Polmars|Polmars]] avec le commentaire : &#171;&#160;''&#192; la demande de son auteur&#160;: l'unique contributeur de cette page &#233;tait [[:Special:Contributions/Skiff|Skiff]]'' &#187;.



'''Ne recr&#233;ez pas cette page vous-m&#234;me.''' Si vous tentez de la recr&#233;er, elle sera automatiquement blanchie par [[Utilisateur:Salebot|Salebot]]. 

&lt;br&gt;
--[[user:Salebot|Salebot]] ([[WP:BOT|bot]] de [[projet:maintenance|maintenance]]) ([[user talk:Salebot|d]]) 12 janvier 2014 &#224; 07:22 (CET)
== Analyse du 12 janvier 2014 ==
* [[Incident de Mainila]] est :
** un article non cat&#233;goris&#233;
* [[Aarno Yrj&#246;-Koskinen]] est :
** un article non cat&#233;goris&#233;
* [[Pacte de non-agression sovi&#233;to-finnois]] est :
** un article non cat&#233;goris&#233;
* [[Pacte de non-agression sovi&#233;to-polonais]] est :
** un article non cat&#233;goris&#233;
[[Utilisateur:Badmood|Badmood]] ([[Discussion utilisateur:Badmood|discuter]]) 12 janvier 2014 &#224; 13:47 (CET)
== Analyse du 13 janvier 2014 ==
* [[Histoire militaire de Gibraltar durant la Seconde Guerre mondiale]] est :
** un article non cat&#233;goris&#233;
* [[Conf&#233;rences entre la Gestapo et le NKVD]] est :
** un article non cat&#233;goris&#233;
[[Utilisateur:Badmood|Badmood]] ([[Discussion utilisateur:Badmood|discuter]]) 13 janvier 2014 &#224; 14:45 (CET)

== Fusil d'assaut ==
Skiff, je viens d'ajouter un texte sur le fusil Fjodorow dans l'article, Salutations -- [[Utilisateur:Hmaag|Hmaag]] ([[Discussion utilisateur:Hmaag|discuter]]) 18 janvier 2014 &#224; 16:24 (CET)

==Nom en fran&#231;ais d'une bataille==
''Salut Barbe-Noire,''
''Dans l'article [[Attaque du Prince of Wales et du Repulse]], j'ai traduit [[:en:Battle off Endau]] que nous n'avons pas par "bataille au large d'Endau" faute de mieux, pourrais tu, STP, v&#233;rifier ce nom et le corriger si n&#233;cessaire. Merci d'avance. [[Utilisateur:Skiff|Skiff]] ([[Discussion utilisateur:Skiff|discuter]]) 7 d&#233;cembre 2013 &#224; 06:38 (CET)''&lt;br /&gt;
Toutes mes excuses pour avoir laiss&#233; ce message sans r&#233;ponse, mais je me suis mis aux abonn&#233;s vraiment absents ces derniers temps. Je vais voir dans ma doc si je trouve quelque chose. Et je profite de la pr&#233;sente, et parce que l'on est encore dans les temps, pour te souhaiter une excellente nouvelle ann&#233;e ainsi qu'&#224; ceux qui te sont chers. [[Utilisateur:Barbe-Noire|Barbe-Noire]] ([[Discussion utilisateur:Barbe-Noire|discuter]]) 18 janvier 2014 &#224; 20:22 (CET)

== Articles &#224; cr&#233;er propos&#233;s sur le bistro ==
Bonsoir,

Je trouve que c'est un peu idiot de s&#233;parer les propositions faites sur le bistro par ann&#233;e. J'ai fait [[Utilisateur:MathsPoetry/Brouillon|ici]] un brouillon de ce qui pourrait &#234;tre un nouveau classement avec un index pratique et plus de portails, o&#249; l'on verserait les ann&#233;es 2011 &#224; 2014.

R&#233;ponses, critiques, avis, conseils, etc. sur la page de brouillon elle-m&#234;me, merci. --[[Utilisateur:MathsPoetry|MathsPoetry]] ([[Discussion utilisateur:MathsPoetry|discuter]]) 19 janvier 2014 &#224; 21:46 (CET)

== [[Robert Oppenheimer]] est BA ==
{{R&#233;compense|Wiki silver medal.png|taille=80px|L'article [[Robert Oppenheimer]] a obtenu le label BA &#224; l'unanimit&#233;, avec 12 votes pour (incluant le mien). Merci pour les remarques, qui m'ont entre autres permis de mieux cerner le sens de &#171; compl&#233;ter &#187; {{clin}}. &#8212; [[Utilisateur:Cantons-de-l'Est|Cantons-de-l'Est]] &lt;sup&gt;[[Discussion utilisateur:Cantons-de-l'Est|&lt;span style="color:#008000;"&gt;discuter&lt;/span&gt;]]&lt;/sup&gt; 27 janvier 2014 &#224; 02:07 (CET)}}
== Analyse du 27 janvier 2014 ==
* [[Ultimatum de l'Union sovi&#233;tique &#224; la Lituanie]] est :
** un article non cat&#233;goris&#233;
[[Utilisateur:Badmood|Badmood]] ([[Discussion utilisateur:Badmood|discuter]]) 27 janvier 2014 &#224; 10:43 (CET)
== Analyse du 1 f&#233;vrier 2014 ==
* [[Mikha&#239;l Kritchevski]] est :
** un article non cat&#233;goris&#233;
[[Utilisateur:Badmood|Badmood]] ([[Discussion utilisateur:Badmood|discuter]]) 1 f&#233;vrier 2014 &#224; 12:47 (CET)
== Analyse du 2 f&#233;vrier 2014 ==
* [[Carl Edvard Johansson]] est :
** un article non cat&#233;goris&#233;
[[Utilisateur:Badmood|Badmood]] ([[Discussion utilisateur:Badmood|discuter]]) 2 f&#233;vrier 2014 &#224; 12:42 (CET)
== Analyse du 3 f&#233;vrier 2014 ==
* [[Cons&#233;quences de la Premi&#232;re Guerre mondiale]] est :
** un article non cat&#233;goris&#233;
[[Utilisateur:Badmood|Badmood]] ([[Discussion utilisateur:Badmood|discuter]]) 3 f&#233;vrier 2014 &#224; 11:50 (CET)</text>
      <sha1>jxjfkivta9udh3b05yoq49x0y9x50eo</sha1>
      <model>wikitext</model>
      <format>text/x-wiki</format>
    </revision>
  </page>
