<page xmlns="http://www.mediawiki.org/xml/export-0.8/" xmlns:xsi="http://www.w3.org/2001/XMLSchema-instance">
    <title>Discussion utilisateur:Koozedine</title>
    <ns>3</ns>
    <id>4838809</id>
    <revision>
      <id>62072738</id>
      <parentid>62072718</parentid>
      <timestamp>2011-02-08T00:08:10Z</timestamp>
      <contributor>
        <username>Littlejazzman</username>
        <id>895347</id>
      </contributor>
      <comment>/* perplexe */</comment>
      <text xml:space="preserve">== Invitation &#224; participer &#224; un petit projet de film sur les wikis ==


Bonjour,
je m'adresse &#224; vous car je cherche des contributeurs lillois &#224; wikip&#233;dia, aux wikis et au logiciel libre. Il s'agit d'un projet de petit film (5min), le tournage se passera sur lille, entre le 10 et le 15 aout, on a besoin de participants qui connaissent un peu la contribution aux wikis publics, pour l'interpr&#233;ter corporellement :)

L'annonce du projet a &#233;t&#233; relay&#233;e ici : http://ticassos.org/spip.php?article1274
On manque de gens,

Au plaisir petu-&#234;tre,
sinon, faites circuler,
--[[Utilisateur:AnneGoldenberg|AnneGoldenberg]] ([[Discussion utilisateur:AnneGoldenberg|d]]) 19 juillet 2010 &#224; 19:27 (CEST)
== perplexe ==
Bonjour pourquoi vous avez ajout&#233; dans ''Phobies sociales '' une phrase avec une demande de r&#233;f&#233;rence pour cette m&#234;me phrase ? je ne comprends pas. Vous n'avez pas de sources vous m&#234;me ?
cordialement [[Utilisateur:Littlejazzman|Littlejazzman]] ([[Discussion utilisateur:Littlejazzman|d]]) 8 f&#233;vrier 2011 &#224; 01:06 (CET)</text>
      <sha1>ohh88bbqd3dlzkxnh9lqmzli4ho9xoq</sha1>
      <model>wikitext</model>
      <format>text/x-wiki</format>
    </revision>
  </page>
