<page xmlns="http://www.mediawiki.org/xml/export-0.8/" xmlns:xsi="http://www.w3.org/2001/XMLSchema-instance">
    <title>Discussion utilisateur:Switch</title>
    <ns>3</ns>
    <id>123615</id>
    <revision>
      <id>7249674</id>
      <parentid>2436125</parentid>
      <timestamp>2006-05-13T13:59:55Z</timestamp>
      <contributor>
        <username>Tibauk</username>
        <id>76784</id>
      </contributor>
      <minor/>
      <comment>Correction des [[Wikip&#233;dia:Projet/Liens vers les pages d'homonymie|liens vers les pages d'homonymie]] (Organisme g&#233;n&#233;tiquement modifi&#233;)</comment>
      <text xml:space="preserve">[[Wikip&#233;dia:Accueil des nouveaux arrivants|Bienvenue]] sur Wikip&#233;dia, '''{{PAGENAME}}'''

N'h&#233;site pas &#224; consulter [[Aide:Comment modifier une page|comment modifier une page]]
pour de premi&#232;res indications sur la cr&#233;ation et l'&#233;dition des pages sous Wikip&#233;dia.
Tu peux &#233;galement consulter la [[Wikip&#233;dia:FAQ|FAQ]] et
faire tes essais dans le [[Wikip&#233;dia:Bac &#224; sable|bac &#224; sable]].&lt;br /&gt;
N'h&#233;site pas &#224; consulter les [[Wikip&#233;dia:R&#232;gles|recommandations &#224; suivre]]
(r&#232;gle de neutralit&#233;, copyright...).&lt;br /&gt;
Dans les pages [[Wikip&#233;dia:Projet|Projet]], il y a sans doute un sujet qui t'int&#233;ressera.&lt;br /&gt;
Enfin, ce tableau liste toutes les [[:cat&#233;gorie:Wikip&#233;dia:aide|pages d'aide]].

Pour '''signer tes messages''', tu peux taper trois fois le caract&#232;re ~.
Avec un quatri&#232;me tilde, en plus de ta &#171; signature &#187;, seront affich&#233;es la date et l'heure. Les '''articles encyclop&#233;diques ne sont pas sign&#233;s'''.
Nous utilisons des sigles parfois myst&#233;rieux :
tu pourras trouver leur explication sur la page [[Aide:jargon|jargon]].

Si tu viens d'une autre Wikip&#233;dia, n'oublie pas de mettre les liens vers tes autres pages perso.

Si tu le d&#233;sires, tu peux aussi nous dire d'[[Wikip&#233;dia:Wikip&#233;diens par pays|o&#249;]] tu viens et tes [[Wikip&#233;dia:Wikip&#233;diens par th&#232;mes d'int&#233;r&#234;t|centres d'int&#233;r&#234;t]].

Si tu as des questions &#224; poser, n'h&#233;site surtout de pas &#224; me contacter ou &#224; les poser dans le [[Wikip&#233;dia:Le Bistro|bistro local]].

Bonne continuation parmi nous ! [[Utilisateur:C&#233;r&#233;ales Killer|&#169;&#233;r&#233;ales Kille&#174;]] [http://fr.wikipedia.org/w/wiki.phtml?title=Special:Emailuser&amp;target=C%C3%A9r%C3%A9ales_Killer &#9993;] [[Discussion Utilisateur:C&#233;r&#233;ales Killer|&#9786;]] 24 sep 2004 &#224; 19:50 (CEST)

== OGM ==

Bonjour..

Oui &#224; la neutralisation mais la phrase devient trop lourde et les modifs  n'apportent pas grand chose &#224; mon avis...
lobbies pro et anti [[Organisme g&#233;n&#233;tiquement modifi&#233;|OGM]] autant dire tous!... etc... 

technique et politique (technique ne s'oppose pas dans ce sens &#224; politique ...) 

Salutations. [[Utilisateur:Melusin|Melusin]] 14 nov 2004 &#224; 21:17 (CET)

:J'ai fait une nouvelle modification de ce paragraphe. J'esp&#232;re que le style est plus l&#233;ger, et que la formulation est plus nuanc&#233;e. En revanche, je trouve peu explicite la notion d'''objet social total''.  [[Utilisateur:Switch|Switch]] 15 nov 2004 &#224; 23:35 (CET)

Merci. C'est pas facile je propose:
Certains repr&#233;sentants des [[lobby|lobbies]] pro et anti-OGM souhaiteraient circonscrire la question des OGM &#224; une seule approche &#171; technique &#187; ou &#171; politique &#187;  ne traitant que des aspects qui les int&#233;ressent. L'accent est alors mis sur un des points de vue suivants: les droits &#224; la vente ([[multinationale]]s), &#224; la production ([[agriculteur]]s), &#224; la recherche ([[scientifique]]s), &#224; la pr&#233;vention ([[&#233;cologiste]]s), au choix d'un syst&#232;me &#233;conomique ([[syndicat]]s), d'une organisation du syst&#232;me politique ([[parti politique|partis politiques]]) ou simplement &#224; la libert&#233; de choisir. Au-del&#224; de la difficult&#233; de r&#233;aliser une &#233;valuation &#224; la fois compl&#232;te, ind&#233;pendante et objective de leurs impacts, les OGM pr&#233;occupent et int&#233;ressent tous les acteurs de la soci&#233;t&#233;s. Ils constituent essentiellement un objet social total comme le d&#233;signe les [[sociologue]]s.

Le rappel &#224; l'objet social devient peu utile. C'est un vocabulaire de sociologue.

[[Utilisateur:Melusin|Melusin]] 16 nov 2004 &#224; 00:22 (CET)

:Je suis d'accord avec cette formulation.  [[Utilisateur:Switch|Switch]] 16 nov 2004 &#224; 22:54 (CET)

Ai modifi&#233; l'article selon la formulation si dessus hormis la r&#233;f&#233;rence &#224; l'objet social total.

Merci. A+
[[Utilisateur:Melusin|Melusin]] 16 nov 2004 &#224; 23:37 (CET)</text>
      <sha1>gwf9drn9imzkkqd4vj0dt8ssp43th2y</sha1>
      <model>wikitext</model>
      <format>text/x-wiki</format>
    </revision>
  </page>
