<page xmlns="http://www.mediawiki.org/xml/export-0.8/" xmlns:xsi="http://www.w3.org/2001/XMLSchema-instance">
    <title>Discussion utilisateur:Letusgo</title>
    <ns>3</ns>
    <id>4997719</id>
    <revision>
      <id>64065067</id>
      <parentid>64065060</parentid>
      <timestamp>2011-04-06T06:52:12Z</timestamp>
      <contributor>
        <username>H&#233;g&#233;sippe Cormier</username>
        <id>6155</id>
      </contributor>
      <minor/>
      <comment>A prot&#233;g&#233; &#171; [[Discussion utilisateur:Letusgo]] &#187;: {{faux-nez|Vdrpatrice}} ([edit=sysop] (infini) [move=sysop] (infini))</comment>
      <text xml:space="preserve">{{faux-nez|Vdrpatrice}}Cf. [[Wikip&#233;dia:V&#233;rificateur d'adresses IP/Requ&#234;tes/avril 2011#Demande concernant : Letusgo, Vdrpatrice - 5 avril]]</text>
      <sha1>ka4h4r360lbcvh51n3hnpkuj2ht8sks</sha1>
      <model>wikitext</model>
      <format>text/x-wiki</format>
    </revision>
  </page>
