<page xmlns="http://www.mediawiki.org/xml/export-0.8/" xmlns:xsi="http://www.w3.org/2001/XMLSchema-instance">
    <title>Discussion utilisateur:Ouicoude</title>
    <ns>3</ns>
    <id>973887</id>
    <revision>
      <id>98022247</id>
      <parentid>97889566</parentid>
      <timestamp>2013-11-04T15:25:20Z</timestamp>
      <contributor>
        <username>Mortier.Daniel</username>
        <id>1502659</id>
      </contributor>
      <comment>/* banalit&#233; du mal */ nouvelle section</comment>
      <text xml:space="preserve">bonjour je souhaite obtenir votre arbitrage concernant ma contribution dans l'introduction de [[Autisme]] qui a &#233;t&#233; revert&#233;e par Chandres pour des motifs peu convaincants.(voir historique) merci de votre avis
cordialement
[[Utilisateur:Littlejazzman|Littlejazzman]] ([[Discussion utilisateur:Littlejazzman|d]]) 15 d&#233;cembre 2010 &#224; 08:31 (CET)

==Beau Temps sur la province est propos&#233; &#224; la suppression ==

{| align=center title="{{((}}subst:avertissement suppression page{{!}}page{{))}}" border=0 cellpadding=4 cellspacing=4 style="border-style:none; background-color: #FFFFFF" 
| [[Image:Icono consulta borrar.png|64px|Page propos&#233;e &#224; la suppression]] 
|Bonjour,

L&#8217;article '''{{Lien &#224; supprimer|Beau Temps sur la province|Beau Temps sur la province}}''' a &#233;t&#233; propos&#233; &#224; la suppression (cf. [[Wikip&#233;dia:Pages &#224; supprimer]]). Apr&#232;s avoir pris connaissance des [[Wikip&#233;dia:Crit&#232;res d'admissibilit&#233; des articles|crit&#232;res g&#233;n&#233;raux d&#8217;admissibilit&#233; des articles]] et des [[:Cat&#233;gorie:Wikip&#233;dia:Admissibilit&#233; des articles|crit&#232;res sp&#233;cifiques]], vous pourrez [[Aide:Comment argumenter lors d'une proc&#233;dure de suppression|donner votre avis]] sur la page de discussion '''[[Discussion:Beau Temps sur la province/Suppression]]'''. 

Le meilleur moyen d&#8217;obtenir un consensus pour la conservation de l&#8217;article est de fournir des [[Wikip&#233;dia:Citez vos sources|sources secondaires fiables et ind&#233;pendantes]]. Si vous ne pouvez trouver de telles sources, c&#8217;est que l&#8217;article n&#8217;est probablement pas admissible. N&#8217;oubliez pas que les [[Wikip&#233;dia:Principes fondateurs|principes fondateurs]] de Wikip&#233;dia ne garantissent aucun droit &#224; avoir un article sur Wikip&#233;dia.
|}--[[Utilisateur:FredoB|Fred]] &lt;sup&gt;&lt;small&gt;&amp;#91;[[Discussion Utilisateur:FredoB|blabla]]&amp;#93;&lt;/small&gt;&lt;/sup&gt; 27 janvier 2011 &#224; 20:48 (CET)

== L'article Erik Pigani est propos&#233; &#224; la suppression ==

{| align=center title="{{((}}subst:avertissement suppression page{{!}}page{{))}}" border=0 cellpadding=4 cellspacing=4 style="border-style:none; background-color: #FFFFFF" 
| [[Image:Icono consulta borrar.png|64px|Page propos&#233;e &#224; la suppression]] 
|Bonjour,

L&#8217;article &#171;&#160;'''{{Lien &#224; supprimer|Erik Pigani|Erik Pigani}}'''&#160;&#187; est propos&#233; &#224; la suppression (cf. [[Wikip&#233;dia:Pages &#224; supprimer]]). Apr&#232;s avoir pris connaissance des [[Wikip&#233;dia:Crit&#232;res d'admissibilit&#233; des articles|crit&#232;res g&#233;n&#233;raux d&#8217;admissibilit&#233; des articles]] et des [[:Cat&#233;gorie:Wikip&#233;dia:Admissibilit&#233; des articles|crit&#232;res sp&#233;cifiques]], vous pourrez [[Aide:Comment argumenter lors d'une proc&#233;dure de suppression|donner votre avis]] sur la page de discussion '''[[Discussion:Erik Pigani/Suppression]]'''. 

Le meilleur moyen d&#8217;obtenir un consensus pour la conservation de l&#8217;article est de fournir des [[Wikip&#233;dia:Citez vos sources|sources secondaires fiables et ind&#233;pendantes]]. Si vous ne pouvez trouver de telles sources, c&#8217;est que l&#8217;article n&#8217;est probablement pas admissible. N&#8217;oubliez pas que les [[Wikip&#233;dia:Principes fondateurs|principes fondateurs]] de Wikip&#233;dia ne garantissent aucun droit &#224; avoir un article sur Wikip&#233;dia.
|}--[[Utilisateur:Sammyday|SammyDay]] ([[Discussion utilisateur:Sammyday|d]]) 3 mai 2011 &#224; 11:04 (CEST)

== Refonte&#160;[[projet:psychologie]] ==

Bonjour, vous &#234;tes inscrit(e) sur le projet psychologie. Une restructuration du portail et du projet est en cours et nous en profitons pour le faire le point sur les volontaires inscrits. Si vous voulez continuer &#224; y participer, merci de vous rendre sur [http://fr.wikipedia.org/w/index.php?title=Projet:Psychologie/Participants&amp;action=edit cette page], d'effacer votre ancienne signature et de signer de nouveau. Merci aussi de pr&#233;ciser vos domaines et activit&#233;s. Cordialement, [[Utilisateur:Prosopee|Prosopee]] ([[Discussion utilisateur:Prosopee|d]]) 19 juin 2011 &#224; 09:09 (CEST)

== avis sur P&#224;S "Pierre Gaboriau" ==

Bonjour,
J'aurai aim&#233; svp que vous formuliez votre avis sur le P&#224;S suivant : http://fr.wikipedia.org/wiki/Discussion:Pierre_Gaboriau/Suppression
Cordialement,
Maxime

== L'article Henri de Fersan est propos&#233; &#224; la suppression ==

{| align="center" title="{{((}}subst:avertissement suppression page{{!}}page{{))}}" border="0" cellpadding="4" cellspacing="4" style="border-style:none; background-color:#FFFFFF;"
| [[Image:Icono consulta borrar.png|64px|Page propos&#233;e &#224; la suppression]]
|Bonjour,

L&#8217;article &#171;&#160;'''{{Lien &#224; supprimer|Henri de Fersan}}'''&#160;&#187; est propos&#233; &#224; la suppression ({{cf.}} [[Wikip&#233;dia:Pages &#224; supprimer]]). Apr&#232;s avoir pris connaissance des [[Wikip&#233;dia:Crit&#232;res d'admissibilit&#233; des articles|crit&#232;res g&#233;n&#233;raux d&#8217;admissibilit&#233; des articles]] et des [[:Cat&#233;gorie:Wikip&#233;dia:Admissibilit&#233; des articles|crit&#232;res sp&#233;cifiques]], vous pourrez [[Aide:Arguments &#224; &#233;viter lors d'une proc&#233;dure de suppression|donner votre avis]] sur la page de discussion '''[[Discussion:Henri de Fersan/Suppression]]'''.

Le meilleur moyen d&#8217;obtenir un consensus pour la conservation de l&#8217;article est de fournir des [[Wikip&#233;dia:Citez vos sources|sources secondaires fiables et ind&#233;pendantes]]. Si vous ne pouvez trouver de telles sources, c&#8217;est que l&#8217;article n&#8217;est probablement pas admissible. N&#8217;oubliez pas que les [[Wikip&#233;dia:Principes fondateurs|principes fondateurs]] de Wikip&#233;dia ne garantissent aucun droit &#224; avoir un article sur Wikip&#233;dia.
|}

[[User:H&#233;g&#233;sippe Cormier|H&#233;g&#233;sippe]] &amp;#124; [[User talk:H&#233;g&#233;sippe Cormier|&#177;&#920;&#177;]] 29 septembre 2012 &#224; 12:36 (CEST)

== Avertissement de fusion : [[&#201;pid&#233;miologie du suicide]] et [[Point de vue m&#233;dical sur le suicide]] ==

{| align="center" title="&lt;nowiki&gt;{{subst:Avertissement fusion|page 1|page 2|page 3|page 4|page 5|page 6|signature}}&lt;/nowiki&gt;" border="0" cellpadding="4" cellspacing="4" style="border: 2px solid #000000; background-color: #ffffff"
|-
| [[Image:Emblem-important.svg|45px|alt=|link=]]
| style="text-align:center; font-size:larger; font-weight:bold;" | [[&#201;pid&#233;miologie du suicide]] et [[Point de vue m&#233;dical sur le suicide]] sont propos&#233;s &#224; la fusion
|-
| [[Image:Merge-arrows.svg|45px|alt=|link=]]
| La discussion a lieu sur la page [[Wikip&#233;dia:Pages &#224; fusionner#&#201;pid&#233;miologie du suicide et Point de vue m&#233;dical sur le suicide]].&lt;br /&gt;&lt;!--
--&gt;&lt;small&gt;La proc&#233;dure de fusion est consultable sur [[Wikip&#233;dia:Pages &#224; fusionner]].&lt;br /&gt;&lt;!--
--&gt;--[[Utilisateur:Clou|Clou]] ([[Discussion Utilisateur:Clou|d]]) 6 janvier 2013 &#224; 20:58 (CET)&lt;/small&gt;
|}

== L'article John Leuba est propos&#233; &#224; la suppression ==
[[Image:Icono consulta borrar.png|70px|link=|Page propos&#233;e &#224; la suppression|gauche]]
Bonjour,

L&#8217;article &#171; '''{{Lien &#224; supprimer|1=John Leuba}}''' &#187; est propos&#233; &#224; la suppression ({{cf.}} [[Wikip&#233;dia:Pages &#224; supprimer]]). Apr&#232;s avoir pris connaissance des [[Wikip&#233;dia:Crit&#232;res d'admissibilit&#233; des articles|crit&#232;res g&#233;n&#233;raux d&#8217;admissibilit&#233; des articles]] et des [[:Cat&#233;gorie:Wikip&#233;dia:Admissibilit&#233; des articles|crit&#232;res sp&#233;cifiques]], vous pourrez [[Aide:Arguments &#224; &#233;viter lors d'une proc&#233;dure de suppression|donner votre avis]] sur la page de discussion '''[[{{TALKPAGENAME:John Leuba}}/Suppression]]'''.

Le meilleur moyen d&#8217;obtenir un consensus pour la conservation de l&#8217;article est de fournir des [[Wikip&#233;dia:Citez vos sources|sources secondaires fiables et ind&#233;pendantes]]. Si vous ne pouvez trouver de telles sources, c&#8217;est que l&#8217;article n&#8217;est probablement pas admissible. N&#8217;oubliez pas que les [[Wikip&#233;dia:Principes fondateurs|principes fondateurs]] de Wikip&#233;dia ne garantissent aucun droit &#224; avoir un article sur Wikip&#233;dia. [[Utilisateur:Gratus|Gratus]] ([[Discussion utilisateur:Gratus|discuter]]) 30 octobre 2013 &#224; 20:33 (CET)

== banalit&#233; du mal ==

Bonjour 
J'ai rajout&#233; quelques notes sur l'article que vous aviez cr&#233;e sur Hannah Harendt et la "banalit&#233; du mal".
Comme j'avais &#233;t&#233; sensible &#224; la remarque en premi&#232;re ligne qui demandait qui partageait les conceptions de 
Harendt, j'ai ajout&#233; un petit r&#233;sum&#233; de mes lectures de Welzer. Mais ce dernier a d'une part une approche de psychologie sociale  et d'autre part avec  un demi si&#232;cle de distance depuis Hannah Harendt.
Je ne veux pas entamer de long d&#233;bat mais simplement vous signaler cette approche sur un article que vous avez cr&#233;&#233; et &#233;couter vos r&#233;actions &#233;ventuelles.
Cordialement
[[Utilisateur:Mortier.Daniel|Mortier.Daniel]] ([[Discussion utilisateur:Mortier.Daniel|discuter]]) 4 novembre 2013 &#224; 16:25 (CET)</text>
      <sha1>l0p90u3hy3nvnm2klantiqrdo5cqehr</sha1>
      <model>wikitext</model>
      <format>text/x-wiki</format>
    </revision>
  </page>
