<page xmlns="http://www.mediawiki.org/xml/export-0.8/" xmlns:xsi="http://www.w3.org/2001/XMLSchema-instance">
    <title>Discussion utilisateur:HDDTZUZDSQ</title>
    <ns>3</ns>
    <id>443318</id>
    <revision>
      <id>46315101</id>
      <parentid>46315091</parentid>
      <timestamp>2009-10-30T23:30:51Z</timestamp>
      <contributor>
        <username>Darkoneko</username>
        <id>9564</id>
      </contributor>
      <minor/>
      <comment>A prot&#233;g&#233; &#171; [[Discussion utilisateur:HDDTZUZDSQ]] &#187;: banni ([edit=sysop] (infini) [move=sysop] (infini))</comment>
      <text xml:space="preserve"/>
      <sha1>phoiac9h4m842xq45sp7s6u21eteeq1</sha1>
      <model>wikitext</model>
      <format>text/x-wiki</format>
    </revision>
  </page>
