<page xmlns="http://www.mediawiki.org/xml/export-0.8/" xmlns:xsi="http://www.w3.org/2001/XMLSchema-instance">
    <title>Discussion utilisateur:V&#233;rit&#233; EnR</title>
    <ns>3</ns>
    <id>4732151</id>
    <revision>
      <id>86384780</id>
      <parentid>86384496</parentid>
      <timestamp>2012-12-10T09:55:52Z</timestamp>
      <contributor>
        <username>Jean-Christophe BENOIST</username>
        <id>44331</id>
      </contributor>
      <comment>/* Eoliennes */</comment>
      <text xml:space="preserve">
{| width="100%" align="center" style="display:block; float:center; background:#FFF; text-size:100%; margin:.5 .5 .5 .5em; padding:2px; border:1px solid #aaa; background-color:transparent;"
|----
| colspan="2" align="center" width="95%" style="height:9px; margin:.2em; padding:5px; border:1px solid #aaa; background-color:#bfbfff; font-size:130%; text-align:center; float:center" |
'''Bienvenue sur Wikip&#233;dia, {{BASEPAGENAME}}&amp;nbsp;!'''
|----
| colspan="2" align="center" width="85%" style="font-size:110%" |
&lt;br/&gt;Wikip&#233;dia est un projet international de r&#233;daction collective d'encyclop&#233;die&lt;br /&gt; d&#233;velopp&#233; actuellement dans plus de 250 langues diff&#233;rentes.
|----
| valign="middle" align="center" | [[Image:Crystal Clear app Login Manager.png|55px]]
| align="left" width="90%" style="font-size:100%; margin:.7em; padding:4px;" |
Si vous d&#233;sirez vous investir dans ce projet passionnant, vous &#234;tes le bienvenu. Tous les contributeurs de Wikip&#233;dia vous invitent &#224; corriger et d&#233;velopper les articles existants et &#224; participer aux projets th&#233;matiques.&lt;br /&gt;

N'ayez aucune crainte d'ab&#238;mer l'encyclop&#233;die : toutes les modifications sont suivies par des contributeurs plus exp&#233;riment&#233;s qui pourront corriger vos &#233;ventuelles erreurs. Ne vous offensez pas de ces interventions, ni des messages destin&#233;s &#224; vous aider &#224; comprendre le projet et ses r&#232;gles. Suivez leurs conseils et n'h&#233;sitez pas &#224; demander calmement plus d'explications. 
|----
| valign="middle" align="center" | [[Image:ACE.png|55px]]
| align="left" width="90%" style="font-size:100%; margin:.7em; padding:4px;" |
Lorsque vous contribuez, '''gardez &#224; l'esprit que Wikip&#233;dia est un projet ''d'encyclop&#233;die universelle''''', il faut donc veiller &#224; '''respecter un point de vue neutre et v&#233;rifiable'''. De plus, le contenu doit rester conforme &#224; notre licence d'utilisation libre (GFDL).&lt;br&gt;

Les utilisateurs travaillent en harmonie et privil&#233;gient la discussion aussi courtoise que possible pour r&#233;gler les oppositions, aussi, prenez le temps de vous habituer. N'essayez pas d'en faire trop au d&#233;but : Wikip&#233;dia est un d&#233;dale o&#249; il est facile de s'&#233;garer ! Un efficace &#171; '''Service de Parrainage Actif''' &#187; peut vous mettre en contact avec des anciens pr&#234;ts &#224; vous guider dans vos d&#233;buts. Pensez &#224; vous pr&#233;senter &#233;galement sur votre page d'utilisateur, ce qui nous permettra de conna&#238;tre vos centres d'int&#233;r&#234;t et de mieux vous guider vers les divers projets th&#233;matiques.&lt;br /&gt;
Bien qu'il s'agisse d'un travail de r&#233;daction complexe, r&#233;sultant de l'action de plusieurs dizaines de milliers de contributeurs francophones du monde entier, sa philosophie peut &#234;tre r&#233;sum&#233;e en quelques mots : &#171; '''N'h&#233;sitez pas &#224; l'am&#233;liorer''' ! &#187;. 
|----
| valign="middle" align="center" | [[Image:Plume_pen_w.png|55px]]
| align="left" width="90%" style="font-size:100%; margin:.7em; padding:4px;" |
Au cours d'une discussion, n'oubliez pas de signer vos messages, &#224; l'aide de quatre tildes (&lt;nowiki&gt;~~~~&lt;/nowiki&gt;) ou du bouton [[Image:Signature icon.png|20px]] pr&#233;sent en haut de la fen&#234;tre de modification ; il est par contre interdit de signer lorsque vous modifiez des articles mais l'historique permet de retrouver toutes vos contributions.&lt;br&gt;
|}

==Pages utiles==
&lt;!-- &lt;div style="background:white;border:thin solid #aaa; padding:1em;"&gt; --&gt;
* '''''[[Aide:Tout l'indispensable...|Tout l'indispensable]]''''', &#224; lire absolument,
Pour poursuivre, vous pouvez trouver des &#233;claircissements &#224; partir des pages :
* '''[[Aide:Sommaire]]''', plus complet, pour plus tard&#8230;
* '''[[Aide:Syntaxe]]''', des conventions d'&#233;criture &#224; conna&#238;tre,
* '''[[Aide:Poser une question]]''', si vous vous sentez perdu.
Vous pourrez ajouter par la suite d'autres pages d'aide ou les informations dont vous pensez avoir besoin dans votre [[Utilisateur:{{PAGENAME}}|espace utilisateur]].

Bonnes contributions ! [[Utilisateur:Chatsam|A+ Chatsam]] 23 mai 2010 &#224; 14:00 (CEST)
{{test0}}--&lt;font face="Maiandra GD"&gt;[[Utilisateur:Butterfly austral|Butterfly]]&lt;/font&gt; &lt;font face="Maiandra GD"&gt;[[Discussion Utilisateur:Butterfly austral|&lt;sup&gt;''austral''&lt;/sup&gt;]]&lt;/font&gt; 9 d&#233;cembre 2012 &#224; 23:48 (CET)

== Salebot a annul&#233; votre modification sur [[&#201;olienne]]==
Bonjour, '''{{BASEPAGENAME}}''',

Vous avez d&#233;couvert comme il est facile de modifier l&#8217;encyclop&#233;die [[Wikip&#233;dia]].

Je suis [[Utilisateur:Salebot|Salebot]], un [[Wikip&#233;dia:Bot|bot]] (un [[programme informatique]] enti&#232;rement automatis&#233;) de lutte contre le [[Wikip&#233;dia:Vandalisme|vandalisme]] qui surveille toutes les modifications. J'ai analys&#233; votre modification, je l'ai class&#233;e comme suspecte, et je l'ai donc '''annul&#233;e'''.

'''Si j'ai fait une erreur''', vous pouvez d&#233;faire ma modification (lisez [[Aide:R&#233;vocation]] pour comment faire). Vous pouvez &#233;galement signaler le probl&#232;me sur [[Discussion Utilisateur:Salebot|ma page de discussion]], qui est suivie par des participants &#224; l'encyclop&#233;die. Pour qu'ils comprennent de quelle modification il s'agit, indiquez le diff : http://fr.wikipedia.org/w/index.php?diff=86376062&amp;oldid=86375986&amp;rcid=87542212 &lt;small&gt;(vous pouvez le copier-coller)&lt;/small&gt;.

Vos modifications constructives sont les bienvenues ! Pour vous aider, vous pouvez consulter le [[Aide:Livret Bienvenue sur Wikip&#233;dia|livret d'aide]] et la [[Aide:boussole|boussole du contributeur d&#233;butant]].

----
J'ai d&#233;tect&#233; : ''grosse suppression ; R&#233;vocation pr&#233;c&#233;dente par des humains''.

&lt;br&gt;
--[[user:Salebot|Salebot]] ([[WP:BOT|bot]] de [[projet:maintenance|maintenance]]) ([[user talk:Salebot|d]]) 10 d&#233;cembre 2012 &#224; 01:29 (CET)

== Salebot a annul&#233; votre modification sur [[&#201;olienne]]==
Bonjour, '''{{BASEPAGENAME}}''',

Vous avez d&#233;couvert comme il est facile de modifier l&#8217;encyclop&#233;die [[Wikip&#233;dia]].

Je suis [[Utilisateur:Salebot|Salebot]], un [[Wikip&#233;dia:Bot|bot]] (un [[programme informatique]] enti&#232;rement automatis&#233;) de lutte contre le [[Wikip&#233;dia:Vandalisme|vandalisme]] qui surveille toutes les modifications. J'ai analys&#233; votre modification, je l'ai class&#233;e comme suspecte, et je l'ai donc '''annul&#233;e'''.

'''Si j'ai fait une erreur''', vous pouvez d&#233;faire ma modification (lisez [[Aide:R&#233;vocation]] pour comment faire). Vous pouvez &#233;galement signaler le probl&#232;me sur [[Discussion Utilisateur:Salebot|ma page de discussion]], qui est suivie par des participants &#224; l'encyclop&#233;die. Pour qu'ils comprennent de quelle modification il s'agit, indiquez le diff : http://fr.wikipedia.org/w/index.php?diff=86376179&amp;oldid=86376066&amp;rcid=87542318 &lt;small&gt;(vous pouvez le copier-coller)&lt;/small&gt;.

Vos modifications constructives sont les bienvenues ! Pour vous aider, vous pouvez consulter le [[Aide:Livret Bienvenue sur Wikip&#233;dia|livret d'aide]] et la [[Aide:boussole|boussole du contributeur d&#233;butant]].

----
J'ai d&#233;tect&#233; : ''grosse suppression ; R&#233;vocation pr&#233;c&#233;dente par des humains''.

&lt;br&gt;
--[[user:Salebot|Salebot]] ([[WP:BOT|bot]] de [[projet:maintenance|maintenance]]) ([[user talk:Salebot|d]]) 10 d&#233;cembre 2012 &#224; 01:34 (CET)

== Eoliennes ==

Bonjour,

Je pense qu'il est n&#233;cessaire, avant de changer radicalement un article, d'en parler pr&#233;alablement en page de discussion de l'article. Le contenu actuel est le fruit d'un travail collaboratif de nombreux contributeurs, et un seul contributeur ne peut prendre la main, en rayant d'un trait de plume une grande partie de ce travail collaboratif, surtout sans concertation pr&#233;alable.

Je pense aussi qu'il est n&#233;cessaire que vous ayiez plus d'exp&#233;rience sur Wikip&#233;dia avant d'entreprendre ce genre de modifications profondes. Vous devriez y aller "petit &#224; petit", plut&#244;t que par grosse modification. Je vous invite &#224; lire attentivement [[WP:NPOV]], qui est une r&#232;gle fondamentale dans Wikip&#233;dia, qui veut que l'article ne prenne pas position, et que les positions soient ''attribu&#233;es'', c'est &#224; dire ''Selon untel..'', ou ''Selon telle source..'' et &#233;videmment avec des sources reconnues, et pas des sites personnels comme vous en utilisez.

Un passage en force, avec suppression/modification d'un large travail collaboratif, un ton non neutre et un sour&#231;age qui laisse &#224; d&#233;sirer est vou&#233; &#224; l'&#233;chec, car vous vous mettez la communaut&#233; &#224; dos, &#224; la fois celle qui a r&#233;dig&#233; l'article et celle qui d&#233;fend [[WP:NPOV]], [[WP:CVS]] et les bons usages du travail collaboratif.

En revanche, discuter en PdD, vous pr&#233;senter, dire &#224; partir de quelles sources reconnues vous comptez travailler, et trouver des soutiens dans votre d&#233;marche dans la communaut&#233;  est tout &#224; fait indiqu&#233;. Merci de votre compr&#233;hension. --[[Utilisateur:Jean-Christophe BENOIST|Jean-Christophe BENOIST]] ([[Discussion utilisateur:Jean-Christophe BENOIST|d]]) 10 d&#233;cembre 2012 &#224; 10:47 (CET)</text>
      <sha1>o1lfn530ireho617nwmijro2vizueaz</sha1>
      <model>wikitext</model>
      <format>text/x-wiki</format>
    </revision>
  </page>
