<page xmlns="http://www.mediawiki.org/xml/export-0.8/" xmlns:xsi="http://www.w3.org/2001/XMLSchema-instance">
    <title>Discussion utilisateur:Traderpierre</title>
    <ns>3</ns>
    <id>1387698</id>
    <revision>
      <id>55049227</id>
      <parentid>14853092</parentid>
      <timestamp>2010-07-08T04:28:39Z</timestamp>
      <contributor>
        <username>Xofc</username>
        <id>66118</id>
      </contributor>
      <comment>/* &#201;olienne */ nouvelle section</comment>
      <text xml:space="preserve">{{bienvenue nouveau}}
Merci de contribuer de mani&#232;re constructive &#224; l'article [[&#233;olienne]]
--[[Utilisateur:Calmos|Calmos]] 7 mars 2007 &#224; 23:02 (CET)

== [[&#201;olienne]] ==

Bonjour.  Je ne pense pas que votre contribution soit admissible.  Lire [[WP:TI]].  Comme je ne suis pas le 'chef de la section thermodynamique' de Wikip&#233;dia, j'ai amen&#233; le d&#233;bat dans le [[WP:Le_Bistro/8_juillet_2010#Une_esp.C3.A8ce_de_TI.3F|Bistro du 8 juillet 2010]].  Bien &#224; vous, [[Utilisateur:Xofc|Xofc]] &lt;sup&gt;&lt;small&gt;&amp;#91;[[Discussion Utilisateur:Xofc|me contacter]]&amp;#93;&lt;/small&gt;&lt;/sup&gt; 8 juillet 2010 &#224; 06:28 (CEST)</text>
      <sha1>ihvy1j4xuniamdzk7ywdyz1gdlx7cs9</sha1>
      <model>wikitext</model>
      <format>text/x-wiki</format>
    </revision>
  </page>
