<page xmlns="http://www.mediawiki.org/xml/export-0.8/" xmlns:xsi="http://www.w3.org/2001/XMLSchema-instance">
    <title>Discussion utilisateur:Vdrpatrice</title>
    <ns>3</ns>
    <id>1018585</id>
    <revision>
      <id>23792566</id>
      <parentid>19576143</parentid>
      <timestamp>2007-12-08T23:00:06Z</timestamp>
      <contributor>
        <username>H&#233;g&#233;sippe Cormier</username>
        <id>6155</id>
      </contributor>
      <minor/>
      <comment>[[Cat&#233;gorie:Utilisateur bloqu&#233; ind&#233;finiment]]</comment>
      <text xml:space="preserve">[[Cat&#233;gorie:Utilisateur bloqu&#233; ind&#233;finiment|Vdrpatrice]]</text>
      <sha1>7a5302lf1s31x6q730tm15n0cs62tfz</sha1>
      <model>wikitext</model>
      <format>text/x-wiki</format>
    </revision>
  </page>
