<page xmlns="http://www.mediawiki.org/xml/export-0.8/" xmlns:xsi="http://www.w3.org/2001/XMLSchema-instance">
    <title>Discussion utilisateur:Buddho</title>
    <ns>3</ns>
    <id>313956</id>
    <revision>
      <id>86626247</id>
      <parentid>85944462</parentid>
      <timestamp>2012-12-17T08:50:05Z</timestamp>
      <contributor>
        <username>Critias</username>
        <id>191254</id>
      </contributor>
      <text xml:space="preserve">== first contact ==
bonjour, &#224; propos de la page DSM IV que je d&#233;couvre, j'ai vu que tu as apport&#233; la classification compl&#232;te des axes; pourrais tu m'en communiquer les sources et r&#233;f&#233;rences pour &#233;tudier &#231;&#224; d'un peu plus pr&#232;s; merci bien; cordialement
[[Utilisateur:Littlejazzman|Littlejazzman]] ([[Discussion utilisateur:Littlejazzman|d]])
28 octobre 2010 19:45 (CEST)

:Pour les axes j'ai utilis&#233; la version &#233;dit&#233;e par MASSON. Les traducteurs sont nombreux. Cependant je pense que la traduction que tu as propos&#233; est proche. Si tu as traduit toi m&#234;me mieux vaudrait privil&#233;gier la traduction Masson puisqu'elle est publi&#233;e. Enfin, je serai ravi de jeter un petit coup d'oeil ; je ne serai pas vraimetn dispo avant 10 jours mais je pense regarder en rentrant [[Utilisateur:Buddho|Bout d&amp;#39;eau]] ([[Discussion utilisateur:Buddho|d]]) 28 octobre 2010 &#224; 21:48 (CEST)

== Refonte&#160;[[projet:psychologie]] ==

Bonjour, vous &#234;tes inscrit(e) sur le projet psychologie. Une restructuration du portail et du projet est en cours et nous en profitons pour le faire le point sur les volontaires inscrits. Si vous voulez continuer &#224; y participer, merci de vous rendre sur [http://fr.wikipedia.org/w/index.php?title=Projet:Psychologie/Participants&amp;action=edit cette page], d'effacer votre ancienne signature et de signer de nouveau. Merci aussi de pr&#233;ciser vos domaines et activit&#233;s. Cordialement, [[Utilisateur:Prosopee|Prosopee]] ([[Discussion utilisateur:Prosopee|d]]) 19 juin 2011 &#224; 09:06 (CEST)

== L'article G&#233;rard Soulier est propos&#233; &#224; la suppression ==

{| align="center" title="{{((}}subst:avertissement suppression page{{!}}page{{))}}" border="0" cellpadding="4" cellspacing="4" style="border-style:none; background-color:#FFFFFF;"
| [[Image:Icono consulta borrar.png|64px|Page propos&#233;e &#224; la suppression]]
|Bonjour,

L&#8217;article &#171;&#160;'''{{Lien &#224; supprimer|G&#233;rard Soulier}}'''&#160;&#187; est propos&#233; &#224; la suppression ({{cf.}} [[Wikip&#233;dia:Pages &#224; supprimer]]). Apr&#232;s avoir pris connaissance des [[Wikip&#233;dia:Crit&#232;res d'admissibilit&#233; des articles|crit&#232;res g&#233;n&#233;raux d&#8217;admissibilit&#233; des articles]] et des [[:Cat&#233;gorie:Wikip&#233;dia:Admissibilit&#233; des articles|crit&#232;res sp&#233;cifiques]], vous pourrez [[Aide:Arguments &#224; &#233;viter lors d'une proc&#233;dure de suppression|donner votre avis]] sur la page de discussion '''[[Discussion:G&#233;rard Soulier/Suppression]]'''.

Le meilleur moyen d&#8217;obtenir un consensus pour la conservation de l&#8217;article est de fournir des [[Wikip&#233;dia:Citez vos sources|sources secondaires fiables et ind&#233;pendantes]]. Si vous ne pouvez trouver de telles sources, c&#8217;est que l&#8217;article n&#8217;est probablement pas admissible. N&#8217;oubliez pas que les [[Wikip&#233;dia:Principes fondateurs|principes fondateurs]] de Wikip&#233;dia ne garantissent aucun droit &#224; avoir un article sur Wikip&#233;dia.
|}

[[Utilisateur:Chris a liege|Chris a liege]] ([[Discussion utilisateur:Chris a liege|d]]) 2 f&#233;vrier 2012 &#224; 22:51 (CET)

== Intention de contester le label AdQ ==

{{Intention de contester le label|AdQ|&lt;u&gt;[[Utilisateur:Etiennekd|&#931;tiennekd]]&lt;/u&gt; &lt;sup&gt;[[Discussion utilisateur:Etiennekd|[discutons]]]&lt;/sup&gt; 8 d&#233;cembre 2012 &#224; 12:25 (CET)}}</text>
      <sha1>0stxc5j1wzgvpaxdi55qxsrbosor9mc</sha1>
      <model>wikitext</model>
      <format>text/x-wiki</format>
    </revision>
  </page>
