<page xmlns="http://www.mediawiki.org/xml/export-0.8/" xmlns:xsi="http://www.w3.org/2001/XMLSchema-instance">
    <title>Discussion utilisateur:Jonathaneo</title>
    <ns>3</ns>
    <id>140333</id>
    <revision>
      <id>100268991</id>
      <parentid>100213113</parentid>
      <timestamp>2014-01-15T08:51:24Z</timestamp>
      <contributor>
        <username>Utilisateur disparu</username>
        <id>1033655</id>
      </contributor>
      <text xml:space="preserve">{{ligne Wikipompiers}}
saluton, estu bonvena 

bienvenue
allo
olla
hi
quelle heure est-il? 
vous pouvez me laissez des messages si je ne suis pas l&#224;  et m&#234;me si j'y suis, laissez-m'en!

{| align="center" style="background-color:white; width:100%; text-align:justify; padding:5px; border:1px solid #8888aa;"  
 |- 
 | 
je suis connectable.
 |} 
 {{Joyeux Anniversaire}}
'''CE N'EST PAS MON ANNIVERSAIRE, C'EST POUR SE SOUVENIR DU CODE!!!!!'''
[[/Utilisateurjonathaneo/Archives Discussion001/]]
[[/Utilisateurjonathaneo/Archives Discussion002/]]
[[/Utilisateurjonathaneo/Archives Discussion003/]]
== Ligne Wikipompier ==
Bonjour,

Comme tu es inscrit dans la liste des [[Wikip&#233;dia:Wikipompiers/Caserne|Wikipompiers volontaires]], j'installe dans ta page de discussion une {{m|ligne Wikipompiers}}. Quand tout va bien, &#231;a ne fait aucune diff&#233;rence, mais s'il y a une alerte, ce mod&#232;le affiche un petit encart pour t'inviter &#224; consulter la page [[Wikip&#233;dia:Wikipompiers]], avec le niveau d'alerte correspondant. Bien s&#251;r, tu peux d&#233;placer ou copier la "ligne" o&#249; tu veux. Tu peux la supprimer si tu ne veux plus &#234;tre Wikipompier, n'oublie pas dans ce cas de te rayer des cadres. [[Utilisateur:Michelet|Michelet-&#23494;&#26159;&#21147;]] 5 juin 2006 &#224; 18:12 (CEST)

== Cuisine iranienne ==

Bonjour, si j'ai supprim&#233; la proposition, c'est parce qu'elle &#233;tait bancale au niveau de la proc&#233;dure : la page de vote n'&#233;tait quasi pas justifi&#233;e, elle n'&#233;tait pas reli&#233;e &#224; l'article, sur lequel le bandeau &#233;tait mal appos&#233;. Bref, cas typique pour ceux qui suivent les propositions. [[Utilisateur:Sardur|Sardur]] - &lt;small&gt;[[Discussion Utilisateur:Sardur|allo ?]]&lt;/small&gt; 25 janvier 2009 &#224; 20:18 (CET)

== Merci ==

Merci beaucoup par [http://meta.wikimedia.org/w/index.php?title=User_talk%3AG%C3%B3ngora&amp;diff=1581127&amp;oldid=1562627 ton message] d'appui. Des saluts, --[[Utilisateur:G&#243;ngora|G&#243;ngora]] ([[Discussion utilisateur:G&#243;ngora|d]]) 31 juillet 2009 &#224; 18:10 (CEST)

== Bon anniversaire ==

[[Image:Foret_noire_mel0.jpg|thumb|right]]

Et bonne continuation sur WP {{sourire}}  [[Utilisateur:Fm790|Fm790]] &amp;#124; [[Discussion utilisateur:Fm790|&#9993;]] 30 septembre 2009 &#224; 08:01 (CEST)
:[[File:Anniv.svg|left|90px]] (Vu l'annonce au Bistro) Joyeux anniversaire et meilleurs voeux 2009-2010. &lt;small&gt;C'est gratos{{Mdr|15}} et &#231;a fait toujours plaisir.&lt;/small&gt; Cordialement, --[[user:Joe_La_Truite|Joe_La_Truite]]&lt;sup&gt;[[Sp&#233;cial:Envoyer un courriel/Joe_La_Truite|(Courriel |]][[Discussion Utilisateur:Joe_La_Truite| Ma rivi&#232;re)]]&lt;/sup&gt; 30 septembre 2009 &#224; 11:47 (CEST).
::et avec 6 mois de retard merci beaucoup, justement mon gateau etait un gateau en chocolat!--[[Utilisateur:Jonathaneo|jonathaneo]] ([[Discussion utilisateur:Jonathaneo|d]]) 25 juin 2010 &#224; 15:57 (CEST)

== Parrainnage ==

Merci pour ton message laiss&#233; sur ma page de discussion, il y a d&#233;j&#224; trois ans ! Serait-il possible que tu me parraines ? J'ai besoin de conseils &#224; propos d'un diff&#233;rent sur une page biographique.  --[[Utilisateur:Elzeard Bouffier|Elzeard Bouffier]] ([[Discussion utilisateur:Elzeard Bouffier|d]]) 20 juin 2010 &#224; 13:08 (CEST)

: Salut Jonathaneo entre le Chili, l'Argentine et ailleurs ! Ma demande concerne la page de [[Daisaku Ikeda]] sur laquelle [[Utilisateur:Darthremora|Darthremora]] a ajout&#233; le 30 mars diff&#233;rentes phrase ainsi qu'une &#171; citation &#187; qui me para&#238;t inexacte et m&#234;me diffamatoire, en tout cas sa source, &#233;crite en japonais est inv&#233;rifiable pour un non connaisseur de la langue. J'ai &#233;crit un mot &#224; ce sujet dans la page Discussion mais je n'ai pas l'impression que ce soit suffisant (une autre personne d'une IP anonyme a aussi rajout&#233; un commentaire apr&#232;s la citation). Vu les autres ajouts qu'&#224; fait cet utilisateur sur la m&#234;me page on sent bien qu'il n'appr&#233;cie pas Daisaku Ikeda et qu'il aurait m&#234;me tendance &#224; en rajouter dans le portrait n&#233;gatif (par exemple, il r&#233;p&#232;te deux fois dans la m&#234;me phrase qu'il est abondamment critiqu&#233;). Qu'est-il possible de faire dans ce cas pour corriger ce qui me semble un ajout malveillant ? Je sais que Daisaku Ikeda est un personnage controvers&#233;, parfois m&#234;me violemment, je le sais d'autant plus que je suis moi-m&#234;me pratiquant bouddhiste au sein de la Soka Gakkai en France depuis plusieurs ann&#233;es. Dans mes contributions &#224; Wikipedia et notamment &#224; cette page, j'ai toujours gard&#233; une attitude objective et ouverte &#224; la critique quand elle est fond&#233;e et v&#233;rifiable. Qu'en penses-tu ?--[[Utilisateur:Elzeard Bouffier|Elzeard Bouffier]] ([[Discussion utilisateur:Elzeard Bouffier|d]]) 24 juin 2010 &#224; 13:37 (CEST)

::Hola, pour le moment l'article est bien articul&#233; mais manque pas mal de liens pour justifier les diff&#233;rentes r&#233;compenses ou actions men&#233;s par Ikeda san. Pour ce qui est de la citation en tension, je ne parles pas japonais non plus, mais le dit traducteur si. Il serait int&#233;ressant de demander a un autre utilisateur traducteur ce qu'il en penses, et de montrer le contexte de l'interview, (je pourrais prouver que Steiner &#233;tait un facho fini avec une phrase sur les races). Pour ce qui est d'un aspect n&#233;gatif, un petit onglet sur les aspect de la personnalit&#233; de Ikeda san serait int&#233;ressant pour &#234;tre neutre. En tout cas, c'est comme ca que je proc&#233;derai. De mon point de vue, je sais que la civilisation japonaise a souvent porter ses "honneurs" vers de nombreuses personnalit&#233;s quitte &#224; en faire des cultes ou en tout cas ce que nous en appelons cultes. --[[Utilisateur:Jonathaneo|jonathaneo]] ([[Discussion utilisateur:Jonathaneo|d]]) 25 juin 2010 &#224; 16:30 (CEST)

:Merci pour tes pr&#233;cieux conseils avis&#233;s, je vais m'y employer.--[[Utilisateur:Elzeard Bouffier|Elzeard Bouffier]] ([[Discussion utilisateur:Elzeard Bouffier|d]]) 14 juillet 2010 &#224; 11:49 (CEST)

==Photograph request==
Hello! Is Morlaix Airport close to where you are?

If so, would you mind photographing the head office of [[Brit Air]]? The article needs a photo of the head office.
[[Utilisateur:WhisperToMe|WhisperToMe]] ([[Discussion utilisateur:WhisperToMe|d]]) 22 septembre 2010 &#224; 20:45 (CEST)
: hello, excuse me but right now in the south of france for a large duration, please ask another person, but I send you a good luck
jonathaneo
:: Alright - I'll see if I can find some other users in Brittany :) [[Utilisateur:WhisperToMe|WhisperToMe]] ([[Discussion utilisateur:WhisperToMe|d]]) 27 septembre 2010 &#224; 02:09 (CEST)

== Anniv' ==

{{Joyeux anniversaire}}
{{sourire}}. Et bonne continuation sur Wikip&#233;dia. Amicalement --'''''[[user:Actarus Prince d&amp;#39;Euphor|Actarus]]''''' &lt;sup&gt;&lt;small&gt;([[user talk:Actarus Prince d&amp;#39;Euphor|Prince d&amp;#39;Euphor]])&lt;/small&gt;&lt;/sup&gt; 30 septembre 2010 &#224; 09:56 (CEST)
:Joyeux anniversaire Jonathaneo {{sourire}} &lt;small&gt;&#8212; [[Utilisateur:Sebletoulousain|&lt;font color="black"&gt;'''Seb'''&lt;/font&gt;]] &lt;font color="red"&gt;'''le'''&lt;/font&gt; [[Discussion utilisateur:sebletoulousain|&lt;font color="black"&gt;'''toulousain(g)'''&lt;/font&gt;]], le 30 septembre 2010 &#224; 13 h 31.&lt;/small&gt;

merci beaucoup!!!!!--[[Utilisateur:Jonathaneo|jonathaneo]] ([[Discussion utilisateur:Jonathaneo|d]]) 9 octobre 2010 &#224; 17:30 (CEST)

==Liste des associations d'arts martiaux est propos&#233; &#224; la suppression ==

{| align=center title="{{((}}subst:avertissement suppression page{{!}}page{{))}}" border=0 cellpadding=4 cellspacing=4 style="border-style:none; background-color: #FFFFFF" 
| [[Image:Icono consulta borrar.png|64px|Page propos&#233;e &#224; la suppression]] 
|Bonjour,

L&#8217;article '''{{Lien &#224; supprimer|Liste des associations d'arts martiaux|Liste des associations d'arts martiaux}}''' a &#233;t&#233; propos&#233; &#224; la suppression (cf. [[Wikip&#233;dia:Pages &#224; supprimer]]). Apr&#232;s avoir pris connaissance des [[Wikip&#233;dia:Crit&#232;res d'admissibilit&#233; des articles|crit&#232;res g&#233;n&#233;raux d&#8217;admissibilit&#233; des articles]] et des [[:Cat&#233;gorie:Wikip&#233;dia:Admissibilit&#233; des articles|crit&#232;res sp&#233;cifiques]], vous pourrez [[Aide:Comment argumenter lors d'une proc&#233;dure de suppression|donner votre avis]] sur la page de discussion '''[[Discussion:Liste des associations d&amp;#39;arts martiaux/Suppression]]'''. 

Le meilleur moyen d&#8217;obtenir un consensus pour la conservation de l&#8217;article est de fournir des [[Wikip&#233;dia:Article bien sourc&#233;|sources secondaires fiables et ind&#233;pendantes]]. Si vous ne pouvez trouver de telles sources, c&#8217;est que l&#8217;article n&#8217;est probablement pas admissible. N&#8217;oubliez pas que les [[Wikip&#233;dia:Principes fondateurs|principes fondateurs]] de Wikip&#233;dia ne garantissent aucun droit &#224; avoir un article sur Wikip&#233;dia.
|}

==Rencontre d'hiver &#224; Dinan le 16 f&#233;vrier 2013==

Bonjour !

La [[Wikip&#233;dia:Rencontres/Ouest/Non-Cabale de l'Ouest|NCO]] organise le '''samedi 16 f&#233;vrier 2013''' une apr&#232;s-midi de rencontre entre Wikip&#233;diens, avec balade dans la ville de '''Dinan''', photos, visites, suivie d'une soir&#233;e conviviale &#224; Rennes.

Envie d'y participer ? [[Wikip&#233;dia:Rencontres/Ouest#Dinan.2C_hiver-printemps_2013|Toutes les infos se trouvent ici]] ! Il est possible d'organiser logement et covoiturage.

En esp&#233;rant te voir bient&#244;t {{sourire}} &#8212; [[Utilisateur:Auregann|Auregann]] &lt;sup&gt;&lt;small&gt;[[Discussion Utilisateur:Auregann|&amp;#91;discuter&amp;#93;]]&lt;/small&gt;&lt;/sup&gt; 23 janvier 2013 &#224; 15:45 (CET)

== L'article Tarifs r&#233;duits de la SNCF est propos&#233; &#224; la suppression ==
[[Image:Icono consulta borrar.png|70px|link=|Page propos&#233;e &#224; la suppression|gauche]]
Bonjour,

L&#8217;article &#171; '''{{Lien &#224; supprimer|1=Tarifs r&#233;duits de la SNCF}}''' &#187; est propos&#233; &#224; la suppression ({{cf.}} [[Wikip&#233;dia:Pages &#224; supprimer]]). Apr&#232;s avoir pris connaissance des [[Wikip&#233;dia:Crit&#232;res d'admissibilit&#233; des articles|crit&#232;res g&#233;n&#233;raux d&#8217;admissibilit&#233; des articles]] et des [[:Cat&#233;gorie:Wikip&#233;dia:Admissibilit&#233; des articles|crit&#232;res sp&#233;cifiques]], vous pourrez [[Aide:Arguments &#224; &#233;viter lors d'une proc&#233;dure de suppression|donner votre avis]] sur la page de discussion '''[[{{TALKPAGENAME:Tarifs r&#233;duits de la SNCF}}/Suppression]]'''.

Le meilleur moyen d&#8217;obtenir un consensus pour la conservation de l&#8217;article est de fournir des [[Wikip&#233;dia:Citez vos sources|sources secondaires fiables et ind&#233;pendantes]]. Si vous ne pouvez trouver de telles sources, c&#8217;est que l&#8217;article n&#8217;est probablement pas admissible. N&#8217;oubliez pas que les [[Wikip&#233;dia:Principes fondateurs|principes fondateurs]] de Wikip&#233;dia ne garantissent aucun droit &#224; avoir un article sur Wikip&#233;dia.

[[Utilisateur:Kirtap|Kirtap]]&lt;sup class="exposant"&gt;[[Discussion Utilisateur:Kirtap|m&#233;m&#233; sage]]&lt;/sup&gt; 25 f&#233;vrier 2013 &#224; 22:09 (CET)

== Joyeux Anniversaire ==

{{Joyeux anniversaire|{{BASEPAGENAME}}}}
{{Utilisateur:Creasy/JoyeuxAnniversaire|{{BASEPAGENAME}}}}
--[[Utilisateur:Matthieu|Matthieu]]&lt;sup&gt;[[Discussion utilisateur:Matthieu|Besoin de moi ?!]]&lt;/sup&gt; 30 septembre 2013 &#224; 12:57 (CEST)
:Merci braz ! --[[Utilisateur:Jonathaneo|jonathaneo]] ([[Discussion utilisateur:Jonathaneo|discuter]]) 26 d&#233;cembre 2013 &#224; 22:30 (CET)

== [[Dj Wonderbraz]] ==
Bonjour. Je vous invite &#224; lire les liens utiles ci-dessus et, notamment, les [[WP:CAA]]. Je ne pense pas, en effet, que cette personne soit [[WP:NM|notoire]] au sens o&#249; l'entend Wikip&#233;dia. Pourriez-vous bien vouloir fournir les [[WP:REF|sources]] [[WP:SPS|secondaires de qualit&#233;]] &#224; l'appui de votre cr&#233;ation. Merci d'avance et cordialement, [[Utilisateur:Patrick Rogel|Patrick Rogel]] ([[Discussion utilisateur:Patrick Rogel|discuter]]) 13 janvier 2014 &#224; 14:34 (CET)

== L'article Dj Wonderbraz est propos&#233; &#224; la suppression ==
[[Image:Icono consulta borrar.png|70px|link=|Page propos&#233;e &#224; la suppression|gauche]]
Bonjour,

L&#8217;article &#171; '''{{Lien &#224; supprimer|1=Dj Wonderbraz}}''' &#187; est propos&#233; &#224; la suppression ({{cf.}} [[Wikip&#233;dia:Pages &#224; supprimer]]). Apr&#232;s avoir pris connaissance des [[Wikip&#233;dia:Crit&#232;res d'admissibilit&#233; des articles|crit&#232;res g&#233;n&#233;raux d&#8217;admissibilit&#233; des articles]] et des [[:Cat&#233;gorie:Wikip&#233;dia:Admissibilit&#233; des articles|crit&#232;res sp&#233;cifiques]], vous pourrez [[Aide:Arguments &#224; &#233;viter lors d'une proc&#233;dure de suppression|donner votre avis]] sur la page de discussion '''[[{{TALKPAGENAME:Dj Wonderbraz}}/Suppression]]'''.

Le meilleur moyen d&#8217;obtenir un consensus pour la conservation de l&#8217;article est de fournir des [[Wikip&#233;dia:Citez vos sources|sources secondaires fiables et ind&#233;pendantes]]. Si vous ne pouvez trouver de telles sources, c&#8217;est que l&#8217;article n&#8217;est probablement pas admissible. N&#8217;oubliez pas que les [[Wikip&#233;dia:Principes fondateurs|principes fondateurs]] de Wikip&#233;dia ne garantissent aucun droit &#224; avoir un article sur Wikip&#233;dia. [[Utilisateur:Koui&#178;|Koui&#178;]] &lt;sup&gt;[[Utilisateur:Koui&#178;/Discussion|[discuter]]]&lt;/sup&gt; 15 janvier 2014 &#224; 09:51 (CET)</text>
      <sha1>9ysfjvzhcjllb2dd9ggtlqawq4ssyqb</sha1>
      <model>wikitext</model>
      <format>text/x-wiki</format>
    </revision>
  </page>
