<page xmlns="http://www.mediawiki.org/xml/export-0.8/" xmlns:xsi="http://www.w3.org/2001/XMLSchema-instance">
    <title>Discussion utilisateur:Wikig</title>
    <ns>3</ns>
    <id>6905299</id>
    <revision>
      <id>98793121</id>
      <parentid>98783016</parentid>
      <timestamp>2013-11-30T15:13:00Z</timestamp>
      <contributor>
        <ip>80.119.61.75</ip>
      </contributor>
      <comment>/* Raymond Loewy */</comment>
      <text xml:space="preserve">{{Wikislow}}
----

{{Archives 
|[[Discussion utilisateur:Wikig/Archive 1|Archive 1 : janv 07 &#8594; d&#233;c 09]]&lt;br/&gt;
[[Discussion utilisateur:Wikig/Archive 2|Archive 2 : janv 10 &#8594; janv 11]]&lt;br/&gt;
[[Discussion utilisateur:Wikig/Archive 3|Archive 3 : mars 11 &#8594; janv 12]]&lt;br/&gt;
[[Discussion utilisateur:Wikig/Archive 4|Archive 4 : f&#233;v 12 &#8594; d&#233;c 12]]
}}

== L'article Photographisme est propos&#233; &#224; la suppression ==
[[Image:Icono consulta borrar.png|70px|link=|Page propos&#233;e &#224; la suppression|gauche]]
Bonjour,

L&#8217;article &#171; '''{{Lien &#224; supprimer|1=Photographisme}}''' &#187; est propos&#233; &#224; la suppression ({{cf.}} [[Wikip&#233;dia:Pages &#224; supprimer]]). Apr&#232;s avoir pris connaissance des [[Wikip&#233;dia:Crit&#232;res d'admissibilit&#233; des articles|crit&#232;res g&#233;n&#233;raux d&#8217;admissibilit&#233; des articles]] et des [[:Cat&#233;gorie:Wikip&#233;dia:Admissibilit&#233; des articles|crit&#232;res sp&#233;cifiques]], vous pourrez [[Aide:Arguments &#224; &#233;viter lors d'une proc&#233;dure de suppression|donner votre avis]] sur la page de discussion '''[[{{TALKPAGENAME:Photographisme}}/Suppression]]'''.

Le meilleur moyen d&#8217;obtenir un consensus pour la conservation de l&#8217;article est de fournir des [[Wikip&#233;dia:Citez vos sources|sources secondaires fiables et ind&#233;pendantes]]. Si vous ne pouvez trouver de telles sources, c&#8217;est que l&#8217;article n&#8217;est probablement pas admissible. N&#8217;oubliez pas que les [[Wikip&#233;dia:Principes fondateurs|principes fondateurs]] de Wikip&#233;dia ne garantissent aucun droit &#224; avoir un article sur Wikip&#233;dia. &#8212; [[Utilisateur:Rome2|&lt;font color="#006000"&gt;Rome2&lt;/font&gt;]] &lt;sup&gt;&amp;#91;[[Discussion utilisateur:Rome2|&lt;font color="006000"&gt;Discuter&lt;/font&gt;]]&amp;#93;&lt;/sup&gt;, le 17 mai 2013 &#224; 23:16 (CEST)

== Avertissement fusion ==
== L'article Purani Churiquimbaya est propos&#233; &#224; la suppression ==
[[Image:Icono consulta borrar.png|70px|link=|Page propos&#233;e &#224; la suppression|gauche]]
Bonjour,

L&#8217;article &#171; '''{{Lien &#224; supprimer|1=Purani Churiquimbaya}}''' &#187; est propos&#233; &#224; la suppression ({{cf.}} [[Wikip&#233;dia:Pages &#224; supprimer]]). Apr&#232;s avoir pris connaissance des [[Wikip&#233;dia:Crit&#232;res d'admissibilit&#233; des articles|crit&#232;res g&#233;n&#233;raux d&#8217;admissibilit&#233; des articles]] et des [[:Cat&#233;gorie:Wikip&#233;dia:Admissibilit&#233; des articles|crit&#232;res sp&#233;cifiques]], vous pourrez [[Aide:Arguments &#224; &#233;viter lors d'une proc&#233;dure de suppression|donner votre avis]] sur la page de discussion '''[[{{TALKPAGENAME:Purani Churiquimbaya}}/Suppression]]'''.

Le meilleur moyen d&#8217;obtenir un consensus pour la conservation de l&#8217;article est de fournir des [[Wikip&#233;dia:Citez vos sources|sources secondaires fiables et ind&#233;pendantes]]. Si vous ne pouvez trouver de telles sources, c&#8217;est que l&#8217;article n&#8217;est probablement pas admissible. N&#8217;oubliez pas que les [[Wikip&#233;dia:Principes fondateurs|principes fondateurs]] de Wikip&#233;dia ne garantissent aucun droit &#224; avoir un article sur Wikip&#233;dia. [[Utilisateur:Enrevseluj|Enrevseluj]] ([[Discussion utilisateur:Enrevseluj|d]]) 15 juin 2013 &#224; 12:18 (CEST)

== Les articles [[Radiocommunication a&#233;ronautique]] et [[Communication a&#233;ronautique]] sont propos&#233;s &#224; la fusion ==
[[Image:Merge-arrows.svg|60px|left|Proposition de fusion en cours.]]

La discussion a lieu sur la page [[Wikip&#233;dia:Pages &#224; fusionner#Radiocommunication a&#233;ronautique et Communication a&#233;ronautique]]. La proc&#233;dure de fusion est consultable sur [[Wikip&#233;dia:Pages &#224; fusionner]].

[[Utilisateur:F1jmm|F1jmm]] ([[Discussion utilisateur:F1jmm|d]]) 18 mai 2013 &#224; 23:56 (CEST)

== Fin de page ==
Et malheureusement, rien n&#8217;a chang&#233; de votre c&#244;t&#233; non plus. Cette recommandation, comme vous vous &#234;tes &#233;vertu&#233; &#224; me d&#233;finir est donc bel et bien un "conseil" qui n&#8217;est en rien un ordre. Fort heureusement. Vous savez tout comme moi que cette recommandation a &#233;t&#233; adopt&#233; car personne ne souhaitait quelque chose de contraignant sur les fins de page. Par cons&#233;quent, je vous invite &#224; d&#233;velopper les articles plut&#244;t qu'&#224; tenter d'uniformiser quelques choses pour lequel une uniformisation n&#8217;est pas pr&#233;vue . Par ailleurs, je doute que le lecteur soit perturb&#233; ... donc le principe de moindre surprise, plut&#244;t l&#233;ger. [[Utilisateur:Treehill|Treehill]] &lt;small&gt;([[Utilisateur:Treehill/Pr&#233;sentation|Pr&#233;sentation]] &#8226; [[Discussion utilisateur:Treehill|PdD]] &#8226; [[Utilisateur:Treehill/Contributions|Contributions]] ''incompl&#232;te'')&lt;/small&gt; 31 ao&#251;t 2013 &#224; 16:57 (CEST)

== L'article Appareil mobile est propos&#233; &#224; la suppression ==
[[Image:Icono consulta borrar.png|70px|link=|Page propos&#233;e &#224; la suppression|gauche]]
Bonjour,

L&#8217;article &#171; '''{{Lien &#224; supprimer|1=Appareil mobile}}''' &#187; est propos&#233; &#224; la suppression ({{cf.}} [[Wikip&#233;dia:Pages &#224; supprimer]]). Apr&#232;s avoir pris connaissance des [[Wikip&#233;dia:Crit&#232;res d'admissibilit&#233; des articles|crit&#232;res g&#233;n&#233;raux d&#8217;admissibilit&#233; des articles]] et des [[:Cat&#233;gorie:Wikip&#233;dia:Admissibilit&#233; des articles|crit&#232;res sp&#233;cifiques]], vous pourrez [[Aide:Arguments &#224; &#233;viter lors d'une proc&#233;dure de suppression|donner votre avis]] sur la page de discussion '''[[{{TALKPAGENAME:Appareil mobile}}/Suppression]]'''.

Le meilleur moyen d&#8217;obtenir un consensus pour la conservation de l&#8217;article est de fournir des [[Wikip&#233;dia:Citez vos sources|sources secondaires fiables et ind&#233;pendantes]]. Si vous ne pouvez trouver de telles sources, c&#8217;est que l&#8217;article n&#8217;est probablement pas admissible. N&#8217;oubliez pas que les [[Wikip&#233;dia:Principes fondateurs|principes fondateurs]] de Wikip&#233;dia ne garantissent aucun droit &#224; avoir un article sur Wikip&#233;dia. [[Utilisateur:Chris a liege|Chris a liege]] ([[Discussion utilisateur:Chris a liege|discuter]]) 18 septembre 2013 &#224; 02:06 (CEST)

== Appareil mobile ==

Bonjour, on sait tous que vous n'aimez pas le terme "appareil mobile" puisque vous ne cessez de le clamer mais c'est pour le moment le terme utilis&#233;. Alors en attendant que l'on d&#233;cide de le changer comme &#231;a a &#233;t&#233; propos&#233; lors de votre demande de suppression il faudra vous en contenter. D'autre part je vous rappelle que la source fran&#231;aise mentionne, je cite : '''appareils mobiles'''. C'est plus wikip&#233;dien que de traduire la source anglaise par un terme entour&#233; de guillemets faute de traduction sens&#233;e. Et je vous recommande de ne pas relancer la guerre d'&#233;dition que vous aviez d&#233;j&#224; lanc&#233;e parce que vous n'approuviez pas ce terme. Votre point de vue &#224; ce sujet a &#233;t&#233; rejet&#233; 3 fois, que ce soit en page de discussion, lors de la demande d'admissibilit&#233; ou lors de la r&#233;cente demande de suppression. [[Utilisateur:ChtiKorrigan|ChtiKorrigan]] ([[Discussion utilisateur:ChtiKorrigan|discuter]]) 28 septembre 2013 &#224; 03:21 (CEST)
:Il ne s'agit pas ici de &#171; point de vue &#187;. Vous utilisez en connaissance de cause (j'assume que vous avez des bases d'anglais) la traduction erron&#233;e d'un article am&#233;ricain, article dont le sujet n'a rien &#224; voir avec l'article lui-m&#234;me. Je supprime donc la partie disput&#233;e, solution qui devrait trouver un consensus puisque l'article est conserv&#233;. Quand &#224; vos &#171; recommandations &#187;, au regard du ton de vos interventions, no comment (pas de commentaire)... - [[:Utilisateur:Wikig|Wikig]] | [[Discussion_Utilisateur:Wikig|talk to me]] | 28 septembre 2013 &#224; 08:32 (CEST)
::Vos interventions vont toutes dans le sens de vos demandes contre cet article et contre ce terme. Il s'agit bel et bien de votre point de vue et d'un manque de neutralit&#233; &#233;vident &#224; ce sujet. Vous avez supprim&#233; ce terme dans l'article juste apr&#232;s avoir r&#233;clam&#233; sa suppression, et vous l'aviez d&#233;j&#224; fait lorsque vous aviez demand&#233; son admissibilit&#233;. Pour rester neutre j'ai attendu que d'autres vous donnent tort avant de rectifier.
::Moi j'utilise les sources, je n'essaye pas de traduire comme &#231;a m'arrange ou de supprimer des informations sourc&#233;es qui me d&#233;rangent. Et mes recommandations ne sont que le reflet de vos manquements aux r&#232;gles de savoir-vivre concernant cet article et ma personne.
::[[Utilisateur:ChtiKorrigan|ChtiKorrigan]] ([[Discussion utilisateur:ChtiKorrigan|discuter]]) 28 septembre 2013 &#224; 09:26 (CEST)

== Fusion entre Masters de karting de Paris-Ber&#231;y et ERDF Masters Kart 2011 ==

== Les articles [[]], [[Masters de karting de Paris-Bercy]] et [[ERDF Masters Kart 2011]] sont propos&#233;s &#224; la fusion ==
[[Image:Merge-arrows.svg|60px|left|Proposition de fusion en cours.]]

La discussion a lieu sur la page [[Wikip&#233;dia:Pages &#224; fusionner#et Masters de karting de Paris-Bercy et ERDF Masters Kart 2011]]. La proc&#233;dure de fusion est consultable sur [[Wikip&#233;dia:Pages &#224; fusionner]].

[[Utilisateur:Sismarinho|Sismarinho]] ([[Discussion utilisateur:Sismarinho|discuter]]) 17 octobre 2013 &#224; 23:30 (CEST)

== [[Raymond Loewy]] ==

Bonjour

En ao&#251;t, tu as install&#233; un bandeau "&#224; sourcer" sur la page de Raymond Loewy. Personnellement je trouve que l'article est bien assez sourc&#233;, d'autant que les 3 sites annexes ne sont pas avares en d&#233;tails, m&#234;me si l'esth&#233;tique vieillotte laisse &#224; d&#233;sirer. &#201;tait-ce n&#233;cessaire ?

Merci

[[Utilisateur:Tubamirum|Tubamirum]] ([[Discussion utilisateur:Tubamirum|discuter]]) 5 novembre 2013 &#224; 21:48 (CET)

: Bonjour, j'avais d'abord mis ce bandeau sur la section &#171; Designer industriel &#187; qui est pleine d'informations sans que celles-ci soient sourc&#233;es, avant de le d&#233;placer en t&#234;te d'article car celui-ci manquait cruellement de r&#233;f&#233;rences. Seules deux sources figuraient alors sur cet article (un seul site biographique - d'ailleurs &#233;galement cit&#233; en lien externe - servant de source pour presque tout) et il semble que ce bandeau a contribu&#233; &#224; ce que de nouvelles sources soient apport&#233;es. Mais il reste du travail, notamment pour diversifier l'origine des sources. Cordialement - [[:Utilisateur:Wikig|Wikig]] | [[Discussion_Utilisateur:Wikig|talk to me]] | 30 novembre 2013 &#224; 09:52 (CET)
::Bien lu, merci
::[[Sp&#233;cial:Contributions/80.119.61.75|80.119.61.75]] ([[Discussion utilisateur:80.119.61.75|discuter]]) 30 novembre 2013 &#224; 16:13 (CET)</text>
      <sha1>55bo3huem5rccf3iga4mhuc956kyz4k</sha1>
      <model>wikitext</model>
      <format>text/x-wiki</format>
    </revision>
  </page>
