<page xmlns="http://www.mediawiki.org/xml/export-0.8/" xmlns:xsi="http://www.w3.org/2001/XMLSchema-instance">
    <title>Discussion utilisateur:C&#233;r&#233;ales Killer</title>
    <ns>3</ns>
    <id>396764</id>
    <restrictions>edit=autoconfirmed:move=autoconfirmed</restrictions>
    <revision>
      <id>98727859</id>
      <parentid>98708734</parentid>
      <timestamp>2013-11-28T10:02:39Z</timestamp>
      <contributor>
        <username>C&#233;r&#233;ales Killer</username>
        <id>624</id>
      </contributor>
      <text xml:space="preserve">&lt;!--{{ardoise|En wikibreak jusqu'&#224; nouvel avis.}}--&gt;{{aller au sommaire}}{{/ent&#234;te}}
&lt;!-- MERCI DE NE RIEN METTRE SUR CETTE PAGE
ET D'UTILISER LE LIEN IDOINE EN HAUT OU EN BAS DE PAGE
POUR AJOUTER VOS MESSAGES;
TOUT MESSAGE AJOUT&#201; SUR CETTE PAGE
SERA D&#201;TRUIT SANS AUCUNE PITI&#201; NI LECTURE.
MERCI DE VOTRE COMPR&#201;HENSION ! --&gt;

&lt;!-- == TUSC token e0feabcde9aa0ef50f649a1f984f80ce ==

I am now proud owner of a [http://tools.wikimedia.de/~magnus/tusc.php TUSC] account!--&gt;</text>
      <sha1>lrssy9kq2ui1i2bbbnwynpylsrxpmli</sha1>
      <model>wikitext</model>
      <format>text/x-wiki</format>
    </revision>
  </page>
