<page xmlns="http://www.mediawiki.org/xml/export-0.8/" xmlns:xsi="http://www.w3.org/2001/XMLSchema-instance">
    <title>Discussion utilisateur:Le bourreau des coeurs</title>
    <ns>3</ns>
    <id>2561130</id>
    <revision>
      <id>24374888</id>
      <parentid>24374882</parentid>
      <timestamp>2007-12-26T23:19:16Z</timestamp>
      <contributor>
        <username>H&#233;g&#233;sippe Cormier</username>
        <id>6155</id>
      </contributor>
      <minor/>
      <comment>A prot&#233;g&#233; &#171; Discussion Utilisateur:Le bourreau des coeurs &#187;: {{faux-nez|Vdrpatrice}} [edit=sysop:move=sysop]</comment>
      <text xml:space="preserve">{{faux-nez|Vdrpatrice}}</text>
      <sha1>l179ju3vab8msdajgvi2nrvgbzhn1or</sha1>
      <model>wikitext</model>
      <format>text/x-wiki</format>
    </revision>
  </page>
