<page xmlns="http://www.mediawiki.org/xml/export-0.8/" xmlns:xsi="http://www.w3.org/2001/XMLSchema-instance">
    <title>Discussion utilisateur:Salle</title>
    <ns>3</ns>
    <id>680117</id>
    <revision>
      <id>66046122</id>
      <parentid>44361486</parentid>
      <timestamp>2011-06-04T14:55:51Z</timestamp>
      <contributor>
        <username>Ishkoukoum</username>
        <id>1064480</id>
      </contributor>
      <comment>/* Merci */</comment>
      <text xml:space="preserve">== Op&#233;rateurs de Casimir ==

Ton intervention sur le bistro &#224; propos des op&#233;rateurs de Casimir &#233;tait tout &#224; fait justifi&#233;e pour le fond et il n'y avait rien &#224; reprocher &#224; la forme. Je suis s&#251;r, d'ailleurs, que si tu n'avais pas oubli&#233; de te connecter, on aurait r&#233;agi plus intelligemment &#224; ton message.&lt;br&gt;
[[Utilisateur:Marvoir|Marvoir]] ([[Discussion utilisateur:Marvoir|d]]) 30 ao&#251;t 2009 &#224; 16:55 (CEST)
==Merci==
Merci pour tout le boulot que tu as fait ici. Depuis le temps que je suis notre projet, j'ai remarqu&#233; 2 choses :
#L'incroyable am&#233;lioration du contenu, due &#224; des gens de ton esp&#232;ce
#L'incroyable d&#233;t&#233;rioration des m&#339;urs, due &#224; des gens d'une autre esp&#232;ce
Encore merci. Porte-toi bien. [[Utilisateur:Alvaro|Alvar&lt;small&gt;&#9774;&lt;/small&gt;]]  [[Discussion Utilisateur:Alvaro|&#9742;]] 30 ao&#251;t 2009 &#224; 17:29 (CEST)

==Page supprim&#233;e ==
Cher Salle, j'ai &#233;t&#233; reconduit &#224; vous comme administrater responsable d'une page. Ou pourrai-t-on en discuter avec vous?:--[[Utilisateur:Ishkoukoum|Ishkoukoum]] ([[Discussion utilisateur:Ishkoukoum|d]]) 4 juin 2011 &#224; 16:55 (CEST)</text>
      <sha1>l84p0fhx1rpv9c8536763n8iqqwwnh9</sha1>
      <model>wikitext</model>
      <format>text/x-wiki</format>
    </revision>
  </page>
