<page xmlns="http://www.mediawiki.org/xml/export-0.8/" xmlns:xsi="http://www.w3.org/2001/XMLSchema-instance">
    <title>Discussion utilisateur:De-passage</title>
    <ns>3</ns>
    <id>6896285</id>
    <revision>
      <id>92167389</id>
      <parentid>92147400</parentid>
      <timestamp>2013-04-17T02:48:01Z</timestamp>
      <contributor>
        <username>Starus</username>
        <id>128121</id>
      </contributor>
      <minor/>
      <comment>A prot&#233;g&#233; &#171; [[Discussion utilisateur:De-passage]] &#187;&#160;: Utilisateur bloqu&#233; ind&#233;finiment ([Modifier=Autoriser uniquement les administrateurs] (infini) [Renommer=Autoriser uniquement les administrateurs] (infini))</comment>
      <text xml:space="preserve">cf : {{u|PetitSchtroumpf}}</text>
      <sha1>gog56blciceawbapsns2qx7dj0tiquq</sha1>
      <model>wikitext</model>
      <format>text/x-wiki</format>
    </revision>
  </page>
