<page xmlns="http://www.mediawiki.org/xml/export-0.8/" xmlns:xsi="http://www.w3.org/2001/XMLSchema-instance">
    <title>Discussion utilisateur:P-38</title>
    <ns>3</ns>
    <id>2921776</id>
    <revision>
      <id>29043943</id>
      <parentid>29043937</parentid>
      <timestamp>2008-04-27T17:50:49Z</timestamp>
      <contributor>
        <username>H&#233;g&#233;sippe Cormier</username>
        <id>6155</id>
      </contributor>
      <minor/>
      <comment>A prot&#233;g&#233; &#171; Discussion Utilisateur:P-38 &#187;: {{faux-nez|Vdrpatrice}} [edit=sysop:move=sysop]</comment>
      <text xml:space="preserve">{{faux-nez|Vdrpatrice}}</text>
      <sha1>l179ju3vab8msdajgvi2nrvgbzhn1or</sha1>
      <model>wikitext</model>
      <format>text/x-wiki</format>
    </revision>
  </page>
