<page xmlns="http://www.mediawiki.org/xml/export-0.8/" xmlns:xsi="http://www.w3.org/2001/XMLSchema-instance">
    <title>Utilisateur:Necrid Master</title>
    <ns>2</ns>
    <id>330963</id>
    <revision>
      <id>95012058</id>
      <parentid>94388473</parentid>
      <timestamp>2013-07-16T16:37:02Z</timestamp>
      <contributor>
        <username>Necrid Master</username>
        <id>30919</id>
      </contributor>
      <comment>/* Cr&#233;ations d'articles */</comment>
      <text xml:space="preserve">{{Rhino mop}}
[[File:Alcamo-Pupi-bjs2007-01.jpg|thumb|center|1000px|&lt;center&gt;Th&#233;&#226;tre de marionnettes, [[Alcamo|&#192;rcamu]], [[Sicile|Sicilia]]&lt;/center&gt;]]
{{image panoramique|Along the River 7-119-3.jpg|10000|&#28165;&#38498;&#26412;&#28165;&#26126;&#19978;&#27827;&#22294; &#65288;&#24373;&#25799;&#31471;&#28165;&#26126;&#19978;&#27827;&#22294;&#30340;&#20223;&#20316;)}}

&lt;div style=font-family:Garamond;font-size:16px;font-weight:normal&gt;
{|align="center" style="width:100%;background-color:transparent"
|- valign="middle"
| width="99%" height="1%" |
{| align="center" border="0" cellpadding="5" cellspacing="0" style="background-color:white;border:2px solid black;"
|-
|align="left"| '''Menu :'''
|align="left"| [[Utilisateur:Necrid_Master/Biblioth&#232;que|Biblioth&#232;que]] &#8212; [[Utilisateur:Necrid_Master/Glossaire et abr&#233;viations de termes g&#233;ographiques et divers|Glossaire de termes g&#233;ographiques]] &#8212; [http://fr.wikichecker.com/user/?t=Necrid_Master Statistiques personnelles]
|}


{{Cr&#233;er un article}}


&lt;big&gt;&lt;center&gt;'''&#171; ''Human history is like paleontology. Owing to a certain judicial blindness even the best intelligences absolutely fail to see the things which lie in front of their noses. Later, when the moment has arrived, we are surprised to find traces everywhere of what we failed to see.'' &#187;'''&lt;br&gt;''Letter from [[Karl Marx|Marx]] to [[Friedrich Engels|Engels]] in [[Manchester]]'', [[Londres|London]], [[25 mars|25 March]], [[1868]].&lt;/big&gt;&lt;/center&gt;


&lt;big&gt;&lt;center&gt;'''&#171; Rien ne vaut rien, il ne se passe rien et cependant tout arrive et c'est indiff&#233;rent. &#187;'''&lt;br&gt;[[Friedrich Nietzsche]], ''[[Ainsi parlait Zarathoustra]]''.&lt;/big&gt;&lt;/center&gt;


&lt;center&gt;
{| class="wikitable"
|{{Utilisateur Projet/Antikip&#233;dia}}
|{{Utilisateur Projet/Catholicisme}}
|{{Utilisateur Projet/Culture russe}}
|{{Utilisateur Projet/Egyptopedia}}
|}
{| class="wikitable"
|{{Utilisateur Projet/Empire byzantin}}
|{{Utilisateur Projet/&#201;tats-Unis}}
|{{Utilisateur Projet/Football}}
|{{Utilisateur Projet/France du Grand Si&#232;cle}}
|}
{| class="wikitable"
|{{Utilisateur Projet/Hellenopedia}}
{{Utilisateur Projet/Histoire}}
|{{Utilisateur Projet/Hockey sur glace}}
|{{Utilisateur Projet/Juda&#239;sme}}
|}
{| class="wikitable"
||{{Utilisateur Projet/LGBT}}
{{Utilisateur Projet/Monde chinois}}
|{{Utilisateur Projet/Monde germanique}}
|{{Utilisateur Projet/Monde indien}}

|}
{| class="wikitable"
|{{Utilisateur Projet/Moyen &#194;ge}}
|{{Utilisateur Projet/Mythologie grecque}}
|{{Utilisateur Projet/Mythologie romaine}}
|{{Utilisateur Projet/Nazisme}}
|}
{| class="wikitable"
|{{Utilisateur Projet/Am&#233;rique pr&#233;colombienne}}
|{{Utilisateur Projet/Politique}}
|{{Utilisateur Projet/Proche-Orient ancien}}
|{{Utilisateur Projet/Psychotrope}}
|}
{| class="wikitable"
|{{Utilisateur Projet/Rock}}
|{{Utilisateur Projet/Rome antique}}
|{{Utilisateur Projet/Royaume-Uni}}
|{{Utilisateur Projet/Russie}}
|}
{| class="wikitable"
|{{Utilisateur Projet/Science-fiction}}
|{{Utilisateur Projet/Sport}}
|{{Utilisateur Projet/Tennis}}
|{{Utilisateur Projet/URSS}}
|}
&lt;/center&gt;


{{BUd&#233;but}}
{{Utilisateur Wikip&#233;dia:Date|ann&#233;e=2005|mois=07|jour=19}}
{{Utilisateur habite France}}
{{Utilisateur Essonne}}
{{Utilisateur Var}}
{{Utilisateur nomade}}
{{BUbreak|texte=[[Wikip&#233;dia:Babel|Babel]]}}
{{Utilisateur fr}}
{{Utilisateur en-4}}
{{BUbreak|texte=Langues anciennes}}
{{Utilisateur la-4}}
{{Utilisateur grc-3}}
{{BUfin}}

== Pr&#233;sentation ==
Bonjour &#224; tous !

Apr&#232;s des &#233;tudes en [[Classe pr&#233;paratoire &#224; l'&#201;cole des chartes|classe pr&#233;paratoire litt&#233;raire]] au [[lyc&#233;e Henri-IV]] ([[2001]]-[[2004]]), puis d'histoire &#224; [[Universit&#233; Paris 1 Panth&#233;on-Sorbonne|Paris 1]] ([[2003]]-[[2005]]), je suis dipl&#244;m&#233; de l'[[Institut d'&#233;tudes politiques de Paris]] (master Affaires publiques).

== Cr&#233;ations d'articles ==
95 articles cr&#233;&#233;s (en ''italique'', scission d'article d&#233;j&#224; existant) :
* '''[[2005]] (1)''' : [[Maurice Bard&#232;che]] ;
* '''[[2006]] (21)''' : [[Savannakhet]], [[Province de Savannakhet]], [[Bob Paisley]], [[Securitate]], [[&#201;quipe de France de football en 1904]], [[&#201;quipe de France de football en 1967]], [[Devotio moderna]], [[Gustave Gautherot]], [[Morris Louis Bernstein]], [[Adlectio]], [[Op&#233;ration Mars]], [[Ligue d'action universitaire r&#233;publicaine et socialiste]], [[Front national (ann&#233;es 1930)|Front national]], [[Guerre entre la France et le Trarza]], [[Egbert d'York]], [[Lac Manitoba]], [[L'Orient est rouge]], [[Bouc de G&#228;vle]], [[Andrea Caracciolo]], [[Hideshi Tamenori]], [[Affaire S&#233;bastien Deyzieu]] ;
* '''[[2007]] (22)''' : [[Monast&#232;re de Gandantegchinlin]], [[Yelle (groupe)|Yelle]], [[Mur d'Anastase]], [[Cath&#233;drale Alexandre-Nevski de Sofia]], [[Tournoi d'&#233;checs Amber]], [[Ljubomir Ljubojevi&#263;]], [[Marcelo Vieira da Silva J&#250;nior]], [[Mitropa Cup 2007]], [[Fed Cup 2007]], [[Coupe de la f&#233;d&#233;ration sovi&#233;tique de football]], [[Pablo Cou&#241;ago]], [[Carlos Soublette]], [[Nadja Auermann]], [[Jeux asiatiques d'hiver de 2011]], [[Quatre-vingt-cinq martyrs d'Angleterre et de Galles]], [[Elin Nordegren]], [[Mot Dag]], [[I'noGo tied]], [[Aipaloovik]], [[Max Erwin von Scheubner-Richter]], [[Adlet]], [[Susan Polgar]] ;
* '''[[2008]] (17)''' : [[Phalange fran&#231;aise]], [[Lire le Capital]], [[Virginie Linhart]], [[Allemagne-Turquie en football]], [[Allemagne-Espagne en football]], [[Mitropa Cup 2008]], [[Mitropa Cup]], [[Bataille de Sobraon]], [[Brian Howard (po&#232;te)|Brian Howard]], [[Leslie Poles Hartley]], [[L'Empereur et l'Assassin]], [[Sceat]], [[Lorette Nob&#233;court]], [[Hanna Shcherba-Lorgeril]], [[Franco-T&#233;nois]], [[Ceridwen Dovey]], [[Bryn Mawr College]] ;
* '''[[2009]] (17)''' : [[Jurij Dalmatin]], [[Jon Favreau (plume)|Jon Favreau]], [[Alexia Gonz&#225;lez-Barros]], [[&#192; propos d'Elly]], [[Fausta (film)|Fausta]], [[Alexandre Kaminski]], [[Sylhet]], [[DGFI]], [[Ziya G&#246;kalp]], [[Harkat-ul-Jihad-al-Islami]], [[Departures]], ''[[Si&#232;ge de l'Alc&#225;zar de Tol&#232;de]]'', [[Controverses (revue)|Controverses]], [[Tchervonohorod]], [[Tarso Voon]], [[Aiglon College]], [[C&#233;cile Ladjali]] ;
* '''[[2010]] (8)''' : [[Rheinzabern]], [[Tables de Vipasca]], [[Le Serpent aux mille coupures]], [[Ramona Falls]], [[Katinka Hossz&#250;]], [[Viktorija &#268;milyt&#279;]], [[R&#233;publique socialiste sovi&#233;tique autonome des Allemands de la Volga]], [[Troph&#233;e des champions (handball)|Troph&#233;e des champions]] ;
* '''[[2011]] (8)''' : [[Mohini Geisweiller]], [[FA Youth Cup]], [[Caroline Garcia]], [[Commission Ortoli]], [[Jean-Pierre Dutilleux]], [[Erwin Ramsdell Goodenough]], [[Jean-Marie Durand]], [[NextGen Series]] ;
* '''[[2012]] (1)''' : [[R&#363;ta Meilutyt&#279;]] ;
* '''[[2013]] (1)''' : [[Il Giasone]].

== Pays ou entit&#233;s visit&#233;s ==
[[Image:Flag of France.svg|30px|France]] [[Image:Flag of Belgium.svg|30px|Belgique (2006)]] [[Image:Flag of the Netherlands.svg|30px|Pays-Bas (2006)]] [[Image:Flag of Spain.svg|30px|Espagne (2008)]] [[Image:Flag of Bahrain.svg|30px|Bahre&#239;n (2008)]] [[Image:Flag of Bangladesh.svg|30px|Bangladesh (2008-2009)]] [[Image:Flag of Hong Kong.svg|30px|Hong Kong (2009)]] [[Image:Flag of Macau.svg|30px|Macao (2009)]] [[Image:Flag of Kuwait.svg|30px|Kowe&#239;t (2009)]] [[Image:Flag of Israel.svg|30px|Isra&#235;l (2009)]] [[Image:Flag of Palestine.svg|30px|Palestine (2009)]] [[Image:Flag of England.svg|30px|Angleterre (2010)]]

== R&#233;compense ==
{{R&#233;compense|Wikipedia laurier sources-transp.png|Pour avoir permis, gr&#226;ce &#224; tes sources, que l'article &#171;&#160;[[Alain Soral]]&#160;&#187; ne soit plus sujet &#224; des guerres d'&#233;dition constantes, et pour en avoir fait un article clair, organis&#233; et plus objectif.&lt;br /&gt;[[Utilisateur:Moolligan|Moolligan]] 1{{er}} ao&#251;t 2007 &#224; 23:15 (CEST)}}

[[de:Benutzer:Necrid Master]]
[[en:User:Necrid Master]]
[[es:Usuario:Necrid Master]]
[[it:Utente:Necrid Master]]
[[nn:Brukar:Necrid Master]]
[[no:Bruker:Necrid Master]]
[[zh:User:Necrid Master]]</text>
      <sha1>c67dgpzj37c1xqqeo1uxi7pd383fw0f</sha1>
      <model>wikitext</model>
      <format>text/x-wiki</format>
    </revision>
  </page>
