<page xmlns="http://www.mediawiki.org/xml/export-0.8/" xmlns:xsi="http://www.w3.org/2001/XMLSchema-instance">
    <title>Utilisateur:Freak wave</title>
    <ns>2</ns>
    <id>2349026</id>
    <revision>
      <id>23628059</id>
      <parentid>23628053</parentid>
      <timestamp>2007-12-03T12:52:27Z</timestamp>
      <contributor>
        <username>H&#233;g&#233;sippe Cormier</username>
        <id>6155</id>
      </contributor>
      <minor/>
      <comment>A prot&#233;g&#233; &#171; Utilisateur:Freak wave &#187;: {{faux-nez|Vdrpatrice}} [edit=sysop:move=sysop]</comment>
      <text xml:space="preserve">{{faux-nez|Vdrpatrice}}</text>
      <sha1>l179ju3vab8msdajgvi2nrvgbzhn1or</sha1>
      <model>wikitext</model>
      <format>text/x-wiki</format>
    </revision>
  </page>
