<page xmlns="http://www.mediawiki.org/xml/export-0.8/" xmlns:xsi="http://www.w3.org/2001/XMLSchema-instance">
    <title>Utilisateur:Clement b</title>
    <ns>2</ns>
    <id>5561913</id>
    <revision>
      <id>80364991</id>
      <parentid>80360742</parentid>
      <timestamp>2012-07-01T13:43:43Z</timestamp>
      <contributor>
        <username>Clement b</username>
        <id>29831</id>
      </contributor>
      <minor/>
      <comment>Annulation des modifications 80360742 de [[Sp&#233;cial:Contributions/Willemijns|Willemijns]] ([[User talk:Willemijns|d]]) utilisez la PDD, merci.</comment>
      <text xml:space="preserve">{{Mod&#232;le:Page personnelle}}
{{Mod&#232;le:Utilisateur pour la m&#233;thode scientifique}}
{{Utilisateur sceptique envers les m&#233;decines douces}} 
{{Mod&#232;le:Utilisateur int&#233;grisme langue fran&#231;aise}} 
{{Utilisateur nofranglais}} 
{{Mod&#232;le:Utilisateur Nocomplot2}}
{{Utilisateur NoAstrologie}}</text>
      <sha1>36cj7rbg40m7n8ddl0vpy7gono174rj</sha1>
      <model>wikitext</model>
      <format>text/x-wiki</format>
    </revision>
  </page>
