<page xmlns="http://www.mediawiki.org/xml/export-0.8/" xmlns:xsi="http://www.w3.org/2001/XMLSchema-instance">
    <title>Utilisateur:Utilisateur 65872</title>
    <ns>2</ns>
    <id>1924665</id>
    <revision>
      <id>32023539</id>
      <parentid>25515243</parentid>
      <timestamp>2008-07-30T07:32:24Z</timestamp>
      <contributor>
        <username>Utilisateur 65872</username>
        <id>65872</id>
      </contributor>
      <comment>R&#233;sum&#233; automatique : blanchiment</comment>
      <text xml:space="preserve"/>
      <sha1>phoiac9h4m842xq45sp7s6u21eteeq1</sha1>
      <model>wikitext</model>
      <format>text/x-wiki</format>
    </revision>
  </page>
