<page xmlns="http://www.mediawiki.org/xml/export-0.8/" xmlns:xsi="http://www.w3.org/2001/XMLSchema-instance">
    <title>Utilisateur:Erwan1972</title>
    <ns>2</ns>
    <id>4161513</id>
    <revision>
      <id>92125285</id>
      <parentid>91273818</parentid>
      <timestamp>2013-04-15T19:57:52Z</timestamp>
      <contributor>
        <username>HerculeBot</username>
        <id>346772</id>
      </contributor>
      <minor/>
      <comment>R&#233;solution de redirection; changements de type cosm&#233;tique</comment>
      <text xml:space="preserve">&lt;div style="position: fixed; right:0; bottom:0; display:block; height:130px; width:100px;"&gt;[[Image:J Class sail plan.svg|100px]]&lt;/div&gt;

{|style="border:3px solid #A3B1BF; background-color:#CEE0F2; -moz-border-square:15px" width=100%
|'''''
&lt;center&gt;&lt;font color=#000&gt;Aujourd'hui {{CURRENTDAYNAME}} {{CURRENTDAY}} {{CURRENTMONTHNAME}} {{CURRENTYEAR}},  Wikip&#233;dia compte &lt;font color=#000&gt;'''{{NUMBEROFARTICLES}}'''&lt;/font&gt; articles utilis&#233; par '''{{NUMBEROFUSERS}}''' utilisateurs.&lt;/font&gt;
|}
{{Breton mop}} 


{{D&#233;but des onglets
|Onglet-1=Accueil
|URL-1=Utilisateur:Erwan1972
|Onglet-2=Brouillon
|URL-2=Utilisateur:Erwan1972/Bac &#224; sable
|Onglet-3= [http://blog.wikimedia.fr/wikimedia-italie-publie-un-tutoriel-video-sur-wikipedia-1505 Contribuer c'est facile]
|URL-3=
}}

{{BUd&#233;but|texte=}}
{{Utilisateur SUL|1=fr|2=w}}
{{BUbreak|texte=[[Wikip&#233;dia:Babel|Babel]]}}
{{Utilisateur fr}}
{{Utilisateur br-0}}
{{Utilisateur en-3}}
{{BUbreak|texte=[[Wikip&#233;dia:Mod&#232;les/Espace Utilisateur/Bo&#238;te Utilisateur|Bo&#238;te Utilisateur]]}}
{{BUtilisateur
 |couleur=#80D0FF
 |img=Export hell seidel steiner.png
 |img-taille=35px
 |titre= Mon pseudo
 |texte= Mon pr&#233;nom est '''[[Erwan]]''' et je suis n&#233; en 1972
}}
{{Utilisateur Ing&#233;nieur des mines}}
{{Utilisateur Wikip&#233;dia:Date|ann&#233;e=2009|mois=10|jour=15}}
{{Utilisateur Contributions|6000}}
{{BUtilisateur
 |couleur=#C0C0FF
 |img=Gwenn ha du.svg
 |img-taille=48px
 |titre=Bretagne
 |texte=Je suis n&#233; et j'habite en '''[[Bretagne]]'''
}}
{{Utilisateur aime France}}
{{Utilisateur UEVatican}}
{{BUfin}}

Bienvenu sur ma page perso, 


lieu de rassemblement de plein de choses :
* un journal,
* mes boites utilisateurs,
* une s&#233;rie de pense b&#234;te de syntaxe et autre truc utile de wiki,
* mon brouillon tr&#232;s tr&#232;s brouillon,
* et un onglet sur une vid&#233;o sympa expliquant comment contribuer.



{{Laisser un message|left}}


{{bo&#238;te d&#233;roulante|titre=Journal|contenu= 
(J+0)

apr&#232;s des ann&#233;es de fid&#232;le utilisateur on se lance pour faire son premier apport.
un truc sans risque un correctif issu de discussion ou il n'y a pas de troll (c'est une simple erreur!).

Je fait donc le correctif.

Et boum !!!!!!!! dans le quart d'heure le correctif d&#233;fait.

ben &#231;&#224; commence sur les chapeaux de roue, si m&#234;me les points ou tous le monde est d'accord, il n'est pas possible de remettre en place la v&#233;rit&#233;, ou l'objectivit&#233;, ou le fait historique, etc.
qu'est ce que cela doit &#234;tre pour les sujets importants (ou chauds) et je ne parle m&#234;me pas des sujets avec deux visions (ou r&#233;alit&#233;s) existantes !!!!!


(J+1)

Nous sommes le lendemain soit 24 heures en tant que membre de wikip&#233;dia et voici ce que j'ai subi. 
C'est pire que &#231;&#224;. Certe je pouvait penser qu'il y avait d'actif "partisan" de cause diverse qui d&#233;fendait leur id&#233;e en d&#233;voyant la v&#233;rit&#233;, la pliant &#224; leur vision ang&#233;lique, mais en faite nous avons affaire &#224; une police politique.
"d&#233;faire" mon correctif mineur, n'avait pas comme but de me BIZUTER, mais de me mettre au pas !

&#201;tant pas trop idiot, ils n'ont pas pu me coincer cot&#233; logique, fait, source, ou argumentaire, ils sont donc pass&#233;s &#224; l'&#233;tape sup&#233;rieure, ils m'ont trait&#233;s d'idiot/ignare/inculte de fa&#231;on fort aimable (on a le droit de trainer dans la boue un individu mais pas dans un langage ch&#226;ti&#233; sur wikip&#233;dia, "fairplay oblige"). Les insultes de ces commissaires politiques m'ont choqu&#233;es et aussi bless&#233;es.
Je ne sait pas si je vais continuer car apr&#232;s les insultes violentes, la prochaine &#233;tape restant aux commissaire politiques c'est la radiation/suspension. Ils ont pr&#233;par&#233;s le terrain, comme par hasard ils ont commenc&#233;s &#224; parler de "faux-nez".

Quand &#224; ceux qui me lise, ne vous fiez pas au r&#232;glement plein de bonne parole de wikip&#233;dia (neutralit&#233;, fairplay, objectivit&#233;, sour&#231;age, etc), &#224; voir mon exemple personnel c'est pas &#231;&#224; ! Le r&#232;glement leur servent &#224; contraindre "l'autre" &#224; leur id&#233;ologie.


(J+Quelques jours)

Je continue. J'ai but&#233; fort contre un obstacle. Je suis pas tomb&#233; et comme l'explique bien un ancien de wikip&#233;dia :

''Oui, il y a des articles que je nomme &#171; Gaza &#187; o&#249; tu peux vite te d&#233;go&#251;ter (dommage) ; il y a des endroits que j'appelle &#171; Eden &#187; qui existent aussi ... ''

ou encore d'une autre grande ancienne de wikip&#233;dia :

''Le projet wikiPedia m'int&#233;resse, et j'y consacre bcp de temps, sauf qd certains m'&#233;nervent trop.''



(J+ un an)

&lt;div style="text-align: center; font-size: 90%;"&gt;&lt;small&gt;Contributions au {{date|28|octobre|2010}}&lt;/small&gt;
&lt;center&gt;
{| class="wikitable"
|-----
! Wikis
! Total
|-----
|-{{ligne jaune}}
| '''[http://toolserver.org/~soxred93/pcount/index.php?name=Erwan1972&amp;lang=fr&amp;wiki=wikipedia wikip&#233;dia fr]&lt;small=30%&gt;([[Wikip&#233;dia:Liste des Wikip&#233;diens par nombre d'&#233;ditions|Classement]])&lt;/small&gt;
|align="right"|2141
|-{{ligne verte}}
|-----
| '''[http://toolserver.org/~soxred93/pcount/index.php?lang=en&amp;wiki=wikipedia&amp;name=Erwan1972 en]'''
|align="right"|83
|-{{ligne jaune}}
|'''[http://toolserver.org/~soxred93/pcount/index.php?name=Erwan1972&amp;lang=commons&amp;wiki=wikimedia Commons]
|align="right"|112
|-----
| '''[http://toolserver.org/~soxred93/pcount/index.php?name=Erwan1972&amp;lang=meta&amp;wiki=wikimedia Meta]'''
|align="right"| 5
|- {{ligne grise}}
![http://toolserver.org/~vvv/sulutil.php?user=Erwan1972  Totaux ]
!align="right"| '''2341'''
|-----
|- {{ligne grise}}
|align="center"| '''[http://toolserver.org/~soxred93/pages/index.php?name=Erwan1972&amp;lang=fr&amp;wiki=wikipedia&amp;namespace=0&amp;redirects=noredirects&amp;getall=1 Nb d'articles cr&#233;&#233;s]'''
|align="right"| '''17'''
|}&lt;/center&gt;
&lt;/div&gt;


(J+ deux an)


Je contribue toujours sur wiki suivant les contraintes de mon emploi du temps.

(J+ trois an)
}}

Pour aider les nouveaux voici quelques pense-b&#234;tes de la syntaxe wiki bien pratique.

{{bo&#238;te d&#233;roulante|titre=Mod&#232;les utiles|contenu= 
[[Aide:Republication]]
{{Palette Mod&#232;les}}
{{Palette Mod&#232;les de r&#233;vision}}
{{R&#233;action &#224; une information non sourc&#233;e}}
{{galerie &#233;motic&#244;nes}}
{{R&#233;daction encyclop&#233;dique}}
{{Contenu de Wikip&#233;dia}}
{{Menu sources}}
{{Palette Pages utiles &#224; l'administration de Wikip&#233;dia}}
}}

Un lien plus complet sur mes contributions sur les diff&#233;rents wiki :
[http://wikiscan.org/utilisateur/erwan1972 Contributions]

N.B. : Je n'utilise pas de Faux-Nez mais ma connexion internet est une connexion partag&#233;e. Il se peut donc que sous la m&#234;me IP plusieurs comptes diff&#233;rents existent sans que ses comptes constitue un Faux-Nez de mon compte.

{{Page personnelle}}

&lt;!-- interwiki --&gt;

[[en:User:Erwan1972]]</text>
      <sha1>fzyz3toph2ap8tlqgln789l9glhqv5e</sha1>
      <model>wikitext</model>
      <format>text/x-wiki</format>
    </revision>
  </page>
