<page xmlns="http://www.mediawiki.org/xml/export-0.8/" xmlns:xsi="http://www.w3.org/2001/XMLSchema-instance">
    <title>Utilisateur:JKHST65RE23</title>
    <ns>2</ns>
    <id>3068748</id>
    <revision>
      <id>36893313</id>
      <parentid>36893229</parentid>
      <timestamp>2009-01-09T08:26:14Z</timestamp>
      <contributor>
        <username>Esprit Fugace</username>
        <id>66875</id>
      </contributor>
      <minor/>
      <comment>A prot&#233;g&#233; &#171; [[Utilisateur:JKHST65RE23]] &#187;: utilisateur parti ([edit=sysop] (infini) [move=sysop] (infini))</comment>
      <text xml:space="preserve">.</text>
      <sha1>6t9fg2gmch401ldtk8m7pyzz632ixbb</sha1>
      <model>wikitext</model>
      <format>text/x-wiki</format>
    </revision>
  </page>
