<page xmlns="http://www.mediawiki.org/xml/export-0.8/" xmlns:xsi="http://www.w3.org/2001/XMLSchema-instance">
    <title>Utilisateur:Morula</title>
    <ns>2</ns>
    <id>520018</id>
    <revision>
      <id>46228110</id>
      <parentid>27296438</parentid>
      <timestamp>2009-10-28T13:03:22Z</timestamp>
      <contributor>
        <username>Morula</username>
        <id>57055</id>
      </contributor>
      <text xml:space="preserve">{{bo&#238;te utilisateur|Terre|socio|m&#233;decine|OGM2}}
{{Bo&#238;te Babel|fr|en-2|es-2|de-1}}

&lt;small&gt;Cr&#233;ation : 11 d&#233;cembre 2005 &#224; 16:13 (environ) &lt;/small&gt;




















&lt;small&gt;''"Viens, allons p&#234;cher, dit le p&#234;cheur au ver de terre"  (Bertold Brecht, 1939)'' &lt;/small&gt;

&lt;small&gt;''"Les gouvernements sont int&#233;ress&#233;s &#224; faire en sorte que la soci&#233;t&#233; ne soit pas &#233;clair&#233;e cae s'ils &#233;clairaient la soci&#233;t&#233; qu'ils gouvernent, il ne faudrait pas beaucoup de temps avant qu'ils soient an&#233;antis par cette soci&#233;t&#233; qu'ils auraient &#233;clair&#233;e"  (Thomas Bernhard)'' &lt;/small&gt;






Alors je suis n&#233;e en 1981. 

Je suis &lt;s&gt;bient&#244;t&lt;/s&gt; dentiste. &lt;br/&gt; 

Comme apparemment je suis la seule dentiste &#224; contribuer sur Wiki francophone, j'ai de quoi m'occuper un petit moment. &lt;br/&gt; 

J'essaie de m'int&#233;resser un peu &#224; tout. 
Surtout, disons, ce qui est "alternatif". 
Comment &#231;a fonctionne. 
M&#233;decine. Sociologie ; m&#233;dias ; &#233;ducation ; &#233;cologie ; &#233;conomie. &lt;br/&gt; 

Je suis pas dou&#233;e du tout en informatique.</text>
      <sha1>mjndjvqbo795ow3m79g912m2srnz2rt</sha1>
      <model>wikitext</model>
      <format>text/x-wiki</format>
    </revision>
  </page>
