<page xmlns="http://www.mediawiki.org/xml/export-0.8/" xmlns:xsi="http://www.w3.org/2001/XMLSchema-instance">
    <title>Utilisateur:Totodu74</title>
    <ns>2</ns>
    <id>3099192</id>
    <revision>
      <id>100335448</id>
      <parentid>100335336</parentid>
      <timestamp>2014-01-17T13:14:29Z</timestamp>
      <contributor>
        <username>Totodu74</username>
        <id>419712</id>
      </contributor>
      <text xml:space="preserve">{{Megaloceros mop|taille=27}}{{admin mop}}__NOTOC__
{{Titre incorrect|Toto&lt;small&gt;&lt;small&gt;du&lt;/small&gt;&lt;/small&gt;74}}
{{Travail en cours|hauteur=150|article=[[Fichier:Sitta arctica.svg|110px|right|Sittelle de Sib&#233;rie.]] ''[[Sitta arctica]]''}}
{{Utilisateur:Totodu74/Palette de navigation}}
{|
|valign="top"|
{{Portail:Zoologie/Mod&#232;le cadre
|contenu=
{{Titre section|titre=Pr&#233;sentation|image=Nuvola apps personal.png}}
{{{!}}
[[Fichier:Totodu74.jpg|thumb|left|&#192; la recherche de la [[Sittelle corse]].]]
{{!}}
&lt;div style="text-align:justify;"&gt;
;Dans la vraie vie
Pour ceux qui aiment pas les bo&#238;bo&#238;tes, je suis un simple &#233;tudiant de {{&#226;ge|1991|7|4}} ans, de la [[Seynod|r&#233;gion ann&#233;cienne]], voire [[Gen&#232;ve|genevoise]]. Et c'est &#224; peu pr&#232;s tout. Ah oui, aux derni&#232;res nouvelles mes &#233;tudes, c'est en [[biologie]] (master au [[Mus&#233;um d'histoire naturelle de Gen&#232;ve|MHNG]]).

Pour plus de d&#233;tails croustillants (&#224; d&#233;faut d'&#234;tre v&#233;rifi&#233;s ?) sur ma vie priv&#233;e, il vous reste toujours :

{{article d&#233;taill&#233;|Utilisateur:TED/Aegitotos caudatus{{!}}'''&#171; ''Aegitotos caudatus'' &#187;'''}}

;Sur Wikip&#233;dia
Je m'occupe principalement de '''[[Portail:Zoologie|zoologie]]''', et j'interviens particuli&#232;rement en [[Portail:ornithologie|ornithologie]], ou bien sur un coup de c&#339;ur sur une bestiole ou un sujet sympa. J'ai mes p&#233;riodes, recherchant tant&#244;t la qualit&#233;, sur un sujet populaire ou farfelu, tant&#244;t la quantit&#233; pour un domaine cibl&#233;. Je rejoins aussi ceux qui pensent qu'avoir une image est particuli&#232;rement crucial pour savoir de quoi l'on parle, et ne pas rebuter le lecteur. Aussi j'essaie de m'impliquer p&#233;riodiquement dans le [[Projet:Biologie/Illustrations|projet d'illustrations en biologie]].

Je tra&#238;ne aussi souvent dans les endroits sympas de la communaut&#233;, notamment sur le [[Projet:Biologie/Le caf&#233; des biologistes|caf&#233; des biologistes]]. Je suis [[Wikip&#233;dia:Administrateur|administrateur]] depuis fin 2010, je suis plut&#244;t du genre &#171;&#160;tranquille&#160;&#187;, faisant quelque maintenance de &#231;&#224; de l&#224;. &lt;small&gt;(&lt;span class="plainlinks"&gt;[http://fr.wikipedia.org/w/index.php?action=edit&amp;preload=Mod%C3%A8le%3AInitialiser+page+de+contestation&amp;editintro=&amp;summary=&amp;nosummary=&amp;prefix=&amp;minor=&amp;title=Wikip%C3%A9dia%3AContestation+du+statut+d%27administrateur%2FTotodu74&amp;create=Cr%C3%A9er+la+page me contester]&lt;/span&gt;)&lt;/small&gt; J'ai un fon&#233;, {{u'|Laflhor}}, et un compte pour faire des &#233;dits en masse, {{u'|Totorobot}}.
&lt;/div&gt;
{{!}}}
{{bo&#238;te d&#233;roulante |titre=J'ai eu le plaisir, la chance, l'insigne honneur de rencontrer&#8230; |arrondi=0.6em |couleurFondT=#C2DFFF |couleurBordure=#C2DFFF |contenu=
&lt;small&gt;(si je t'ai oubli&#233; ou que tu ne devrais/veux pas figurer dans cette liste, celle-ci reste librement modifiable - &lt;small&gt;si tu veux me rencontrer compose le 4.40&lt;/small&gt; - pour rendre &#224; c&#233;sar&#8230; : id&#233;e piqu&#233;e sans vergogne &#224; [[User:Floflo|Floflo]])&lt;/small&gt;
&lt;div style="text-align:justify;"&gt;{{u'|Auregann}}, {{u'|Astirmays}}, {{u'|Bosay}}, {{u'|Chandres}}, {{u'|Chaoborus}}, {{u'|Coyau}}, {{u'|Edhral}}, {{u'|EdouardHue}}, {{u'|Erdrokan}}, {{u'|Eveha}}, {{u'|Floflo}}, {{u'|Gede}}, {{u'|Hexasoft}}, {{u'|Inisheer}}, {{u'|Jean-Fr&#233;d&#233;ric}}, {{u'|(:Julien:)}}, {{u'|Ludo29}}, {{u'|Lukasdesign}}, {{u'|Manoillon}}, {{u'|Marc Mongenet}}, {{u'|Moumou82}}, {{u'|Nanoxyde}}, {{u'|Nonopoly}}, {{u'|Pleclown}}, {{u'|Poleta33}}, {{u'|Popo le Chien}}, {{u'|RamaR}}, {{u'|Rozwell}}, {{u'|Schutz}}, {{u'|Sebleouf}}, {{u'|Sebseb01}}, {{u'|Serein}}, {{u'|Trizek}}, {{u'|VIGNERON}}&lt;/div&gt;
}}
}}
{{Portail:Zoologie/Mod&#232;le cadre
|contenu=
{{Titre section|titre=Mes liens|image=Nuvola apps package development.png}}
{{{!}}
{{!}} valign="top" {{!}}
=== Utile ===
* [[Image:Go-home.svg|30px]]&amp;nbsp;&lt;span class="plainlinks"&gt;&lt;font color=#002bb8&gt;[http://fr.wikipedia.org/wiki/Special:Index/Utilisateur:Totodu74/ Toutes mes sous-pages utilisateur]&lt;/font&gt;&lt;/span&gt;
* [[Image:Black Crappie.jpg|30px]]&amp;nbsp;[[Projet:Biologie/Illustrations]]
* [[Image:Commons-logo.svg|30px]]&amp;nbsp;&lt;span class="plainlinks"&gt;&lt;font color=#002bb8&gt;[http://commons.wikimedia.org/wiki/User:Totodu74 Mon compte sur '''Commons''']&lt;/font&gt;&lt;/span&gt;
* [[Image:Camera-photo.svg|30px]]&amp;nbsp;&lt;span class="plainlinks"&gt;&lt;font color=#002bb8&gt;[http://toolserver.org/~daniel/WikiSense/Gallery.php?wikifam=commons.wikimedia.org&amp;wikilang=en&amp;order=-img_timestamp&amp;img_user_text=Totodu74&amp;ofs=0&amp;max=250 Toujours sur Commons, la galerie des '''images''' que j'ai import&#233;]&lt;/font&gt;&lt;/span&gt;
* Recherche sur Flickr : &lt;span class="plainlinks"&gt;&lt;font color=#002bb8&gt;[http://www.flickr.com/search/?q=sujet&amp;l=4 CC]&lt;/font&gt;&lt;/span&gt; ; &lt;span class="plainlinks"&gt;&lt;font color=#002bb8&gt;[http://www.flickr.com/search/?q=sujet&amp;l=5 CC-SA]&lt;/font&gt;&lt;/span&gt;

=== Futile ===
* &lt;span class="plainlinks"&gt;&lt;font color=#002bb8&gt;[http://stats.grok.se/ Compteur de consultations par article]&lt;/font&gt;&lt;/span&gt;
* &lt;span class="plainlinks"&gt;&lt;font color=#002bb8&gt;[http://vs.aka-online.de/cgi-bin/wppagehiststat.pl Compteur de contributions par article]&lt;/font&gt;&lt;/span&gt;
* &lt;font color=#002bb8&gt;[[:en:Wikipedia:Songs about Wikipedia/Block You|Petite chanson]]&lt;/font&gt;
{{!}} valign="top" style="font-size:90%; border-left: 1px solid #c2dfff;" width=30% {{!}}
&lt;center&gt;Suivi :&lt;/center&gt;
* {{P|Zoologie}}
* {{P|Arachnologie}}
* {{P|Entomologie}}
* {{P|Herp&#233;tologie}}
* {{P|Ornithologie}}
* {{P|Mammif&#232;res}}
----
&lt;center&gt;&#192; faire p&#233;riodiquement :&lt;/center&gt;
* [[Portail:Arachnologie/Page au hasard/Liste]]
* [[Portail:Entomologie/Page au hasard/Liste]]
* [[Portail:Ichtyologie/Page au hasard/Liste]]
* [[Portail:Herp&#233;tologie/Page au hasard]]
* [[Portail:Ornithologie/Page au hasard/Liste]]
* [[Portail:Mammif&#232;res/Page au hasard/Liste]]
{{!}}}
}}
{{Portail:Zoologie/Mod&#232;le cadre
|contenu=
{{Titre section|titre=Pour le fun|image=Face-grin.svg}}
==== Ne vous y fiez pas ====
* [http://totodu-74.skyrock.com/ Contrairement au nom trompeur, CE N'EST PAS MOI !] - [http://rencontres.glapatate.net/kartz-totodu74.html Non plus !]
* Mais attention, sur plus de 650 wikis, [http://toolserver.org/~vvv/sulutil.php?user=Totodu74 on n'usurpe pas mon pseudo]

==== Morceaux choisis de vandalisme, ou pas ====
D&#233;lires d'IPs :
* [http://fr.wikipedia.org/w/index.php?title=Go%C3%A9land&amp;action=historysubmit&amp;diff=55197051&amp;oldid=54540777 M&#233;chants go&#233;lands]
* [http://fr.wikipedia.org/w/index.php?title=M%C3%A9galodon&amp;action=historysubmit&amp;diff=55240553&amp;oldid=54995005 P&#233;dalo ''vs'' M&#233;galodon]
* [http://fr.wikipedia.org/w/index.php?title=Moineau_friquet&amp;action=historysubmit&amp;diff=55850744&amp;oldid=55850738 ''Passer montanus''&#8230; puis tourner &#224; droite]
* [http://fr.wikipedia.org/w/index.php?title=Les_Sims_3&amp;diff=prev&amp;oldid=55878273 Mort d'un sims]
* [http://fr.wikipedia.org/w/index.php?title=Herp%C3%A8s&amp;action=historysubmit&amp;diff=55899051&amp;oldid=55890120 La webcam rempla&#231;ante de la capote ?]
* [http://fr.wikipedia.org/w/index.php?title=Utilisateur:Totodu74&amp;diff=59702153&amp;oldid=57334776 Ma PU ! Ma PU !]
* [http://fr.wikipedia.org/w/index.php?title=Ren%C3%A9_la_Taupe&amp;action=historysubmit&amp;diff=62133112&amp;oldid=61889452 Ren&#233; la taupe : Derri&#232;re le chanteur &#224; succ&#232;s, la catastrophe &#233;cologique]
* [http://fr.wikipedia.org/w/index.php?title=Pingouin&amp;diff=prev&amp;oldid=67645060 Pingouins unijambistes]
* [http://fr.wikipedia.org/w/index.php?title=Australopith%C3%A8que&amp;diff=72209052&amp;oldid=72208834 Scientifiques unanimes]
* (admins seulement) [http://fr.wikipedia.org/w/index.php?title=Bruno_Paumard&amp;oldid=72100833 Pouf.] &#8230; [http://fr.wikipedia.org/w/index.php?title=Bruno_Paumard&amp;diff=next&amp;oldid=72100833 et bim !] - Autopromo d'un sommelier, affubl&#233; quelques minutes apr&#232;s sa cr&#233;ation d'un : {{citation|Couronnement de son parcours, le {{date|14|novembre|2011}} il &#233;crit son propre article sur Wikipedia.}}
* [http://fr.wikipedia.org/w/index.php?title=Insecte&amp;curid=16901&amp;diff=74497546&amp;oldid=74018167&amp;rcid=75473373 D&#233;finition synth&#233;tique du terme &#171;&#160;insecte&#160;&#187;]
* [http://fr.wikipedia.org/w/index.php?title=Fist-fucking&amp;diff=88582457&amp;oldid=88582416 Plaisirs fistifs]
* [https://fr.wikipedia.org/w/index.php?title=Canard_colvert&amp;diff=97476884&amp;oldid=95691102 T&#233;moignages de canards]
* Dans la s&#233;rie l'h&#244;pital qui se fout de la charit&#233; :
*# [https://fr.wikipedia.org/w/index.php?title=Micha%C3%ABl_Miraglia&amp;diff=prev&amp;oldid=97732348 &#171;&#160;Faute d'orthographe innadmissible&#160;&#187;]
*# [https://fr.wikipedia.org/w/index.php?title=G&#233;ographie_de_l'Alg&#233;rie&amp;curid=131342&amp;diff=98616357&amp;oldid=98406287 &#171;&#160;je suis d&#233;soler mais vous faite des faute grave !&#160;&#187;]
}}
|valign="top"|
{{Utilisateur:Totodu74/BU}}
|}
[[de:Benutzer:Totodu74]]
[[en:User:Totodu74]]
[[es:Usuario:Totodu74]]
[[it:Utente:Totodu74]]
[[ja:&#21033;&#29992;&#32773;:Totodu74]]
[[pt:Usu&#225;rio:Totodu74]]
[[ru:&#1059;&#1095;&#1072;&#1089;&#1090;&#1085;&#1080;&#1082;:Totodu74]]
[[sl:Uporabnik:Totodu74]]
[[sv:Anv&#228;ndare:Totodu74]]
[[zh:User:Totodu74]]</text>
      <sha1>4h11rprurlpkykgbnkdodfsrct3oue0</sha1>
      <model>wikitext</model>
      <format>text/x-wiki</format>
    </revision>
  </page>
