<page xmlns="http://www.mediawiki.org/xml/export-0.8/" xmlns:xsi="http://www.w3.org/2001/XMLSchema-instance">
    <title>Utilisateur:Koozedine</title>
    <ns>2</ns>
    <id>4204349</id>
    <revision>
      <id>92475777</id>
      <parentid>46437393</parentid>
      <timestamp>2013-04-25T23:02:30Z</timestamp>
      <contributor>
        <username>BeBot</username>
        <id>809686</id>
      </contributor>
      <comment>Retrait du mod&#232;le "Utilisateur Relecteur/en" suite &#224; la restructuration du [[Projet:Traduction]]</comment>
      <text xml:space="preserve">{{Bo&#238;te Babel|fr|en-4|es-1|}}
{{Bo&#238;te Utilisateur|fr|en-4|es-1|ArchLinux|MPlayer|Gmail|Google Chrome|64bits|Compteurs|Peon|Charte du contributeur en science|LPRAB|droit France|Wikifr|Wikien|Wikiaddict|Autosatisfait|Religion/Wikip&#233;dia|Super &#201;clectique|Wikip&#233;dia:Rhinoc&#233;ros laineux|aide|Ayatollah|Rogntudju|Traduction/en|Projet/Psychologie|Informaticien|Psychologue|&#201;tudiant|Licence|&#233;tudiant psycho|autodidacte|Universit&#233; Lille 1|G&#233;n&#233;rationY|Zodiaque chinois Tigre|Verseau|UTC+1 &#233;t&#233;|UTC+1|pron&#233;taire|Procrastination|fran&#231;ais soft|raison|Groland|GrolandUE|habite France|Lille|d&#233;teste t&#233;l&#233;films France 3|antitf1|nofoot|Nocomplot2|d&#233;sinf|noknol|Objectif Lune|cas|temps|a&#233;romobile|M&#233;tro Lille 1|science-fiction|accromusic|anti tck|rock|Soul Music|FBI port&#233;s disparus|Futurama|South Park|Le Monde|int&#233;grisme langue fran&#231;aise|architecture|informatique|psychologie|Greenpeace|badminton|Football am&#233;ricain|V&#233;lo couch&#233;|th&#233;|Pizza|aime &#201;tats-Unis|aime Isra&#235;l|aime Japon|jeu vid&#233;o|Poker|Grand Theft Auto|Half-Life|Neutre|D&#233;mocratie|lib&#233;ral|anti sarkozy|No Chirac|Anti politico-magouille|Parti d&#233;mocrate (&#201;tats-Unis)|doctrinophobe|Isra&#235;l (politique)|libert&#233;|chat|Dominique de Villepin|Cynisme}}
{{Semaine pleine}}
{{Laisser un message}}</text>
      <sha1>f3e4ei15pkuvi3xqgnvatc7rq0t128u</sha1>
      <model>wikitext</model>
      <format>text/x-wiki</format>
    </revision>
  </page>
