<page xmlns="http://www.mediawiki.org/xml/export-0.8/" xmlns:xsi="http://www.w3.org/2001/XMLSchema-instance">
    <title>Utilisateur:Kormin</title>
    <ns>2</ns>
    <id>1015700</id>
    <revision>
      <id>99773223</id>
      <parentid>97313702</parentid>
      <timestamp>2014-01-01T10:18:00Z</timestamp>
      <contributor>
        <username>Kormin</username>
        <id>59990</id>
      </contributor>
      <text xml:space="preserve">{{titre|Kormin|invisible=oui}}

{{/Navigation}}

&lt;center&gt; Aujourd'hui {{CURRENTDAYNAME}} {{JOUR MOIS CEST}} {{CURRENTYEAR}} - &lt;b&gt;{{CURRENTHOUR fuseau|+1}}:{{CURRENTMINUTE}}&lt;/b&gt;  -  Wikip&#233;dia en fran&#231;ais compte &lt;font color=#FFD700&gt;&lt;b&gt;{{NUMBEROFARTICLES}}&lt;/b&gt;&lt;/font&gt; articles.&lt;br /&gt;

Consultez le [http://wikipulse.herokuapp.com/ pouls actuel des diff&#233;rentes Wikip&#233;dia]

[[Fichier:Souterrains.jpg|500px|&#201;chappez-vous &#224; la d&#233;couverte de l'Anjou.|link=Portail:Anjou_et_Maine-et-Loire]]

{{Bo&#238;te d&#233;roulante|titre=Fil de l'information|contenu={{Fil de l'information}}}}

{| style="text-align:center; background-color:transparent;"
! scope="col" style="text-align:center;" | Langue
! scope="col" style="text-align:center;" | Total articles
! scope="col" style="text-align:center;" | [[Fichier:Silverwiki 2.png|15px|alt=Bons articles|link=Fichier:Silverwiki 2.png]] Bons articles
! scope="col" style="text-align:center;" | [[Fichier:Goldenwiki 1.5.png|15px|alt=Articles de qualit&#233;|link=Fichier:Goldenwiki 1.5.png]] Articles de qualit&#233;
{{User:Maloq/Stats/Line|langue=Anglais|identifiant=en}}
{{User:Maloq/Stats/Line|langue=Allemand|identifiant=de}}
{{User:Maloq/Stats/Line|langue=Fran&#231;ais|identifiant=fr}}
{{User:Maloq/Stats/Line|langue=Polonais|identifiant=pl}}
{{User:Maloq/Stats/Line|langue=Japonais|identifiant=ja}}
{{User:Maloq/Stats/Line|langue=Italien|identifiant=it}}
{{User:Maloq/Stats/Line|langue=N&#233;erlandais|identifiant=nl}}
{{User:Maloq/Stats/Line|langue=Espagnol|identifiant=es}}
{{User:Maloq/Stats/Line|langue=Portugais|identifiant=pt}}
{{User:Maloq/Stats/Line|langue=Russe|identifiant=ru}}
{{User:Maloq/Stats/Line|langue=Su&#233;dois|identifiant=sv}}
|}
{{Palette
|Suivi th&#233;matique/Culture
|Suivi th&#233;matique/G&#233;ographie
|Suivi th&#233;matique/Histoire
|Suivi th&#233;matique/Science
|Suivi th&#233;matique/Soci&#233;t&#233;
|Suivi th&#233;matique/Spiritualit&#233;
|Suivi th&#233;matique/Sport
|Suivi th&#233;matique/Technique
|Suivi th&#233;matique/Vie quotidienne
}}

{{Page personnelle}}

&lt;/center&gt;</text>
      <sha1>iwx6pxcflx1jhumobi6dgv6f8e3u85s</sha1>
      <model>wikitext</model>
      <format>text/x-wiki</format>
    </revision>
  </page>
