<page xmlns="http://www.mediawiki.org/xml/export-0.8/" xmlns:xsi="http://www.w3.org/2001/XMLSchema-instance">
    <title>Utilisateur:Pano38</title>
    <ns>2</ns>
    <id>5733435</id>
    <revision>
      <id>100438446</id>
      <parentid>100300688</parentid>
      <timestamp>2014-01-20T16:56:43Z</timestamp>
      <contributor>
        <username>Pano38</username>
        <id>1090539</id>
      </contributor>
      <minor/>
      <text xml:space="preserve">{{Long wikibreak}}
{| align="right" witdh="40%" style="background-color:#FFF; border:1px solid #B2B2B2; margin: 3px; text-align:center; -moz-border-radius:12px; -w-border-radius:12px;" class="plainlinks"
|-
| {{BUd&#233;but
| texte=Infos
| alignement = right
| marge =
| couleurfond =
| couleurbordure = #FFF
| extra-css =
| couleurtexte =
}}
{{ex parrain&#233;|Superjuju10}}
{{Utilisateur:Ash Crow/Utilisateur sauvons nouveaux}}
{{Utilisateur Orthogaffeur}}
{{Utilisateur faillible}}
{{Utilisateur homme}}
{{Utilisateur Anniversaire || date=10 Avril 2014}}
{{Utilisateur Wikip&#233;dia:Date|ann&#233;e=2010|mois=3|jour=26}}
{{Utilisateur fr}}
{{Utilisateur en-1}}
{{Utilisateur informatique}}
{{Utilisateur Windows}}
{{Utilisateur Randonn&#233;e}}
{{Utilisateur habite France}}
{{Utilisateur habite Is&#232;re}}
{{Utilisateur Ironie}}{{Utilisateur Stopbo&#238;te}}
{{BUfin}}
|}
== Origines ==
N&#233; dans les [[ann&#233;es 1950]] en [[r&#233;gion parisienne]] en [[France]].

== Formation ==
De formation [[&#233;lectrotechnique]], [[&#233;lectronique]] et [[informatique]] aussi bien [[hardware]] que [[firmware]] et [[software]]. Ayant effectu&#233; une partie de mes &#233;tudes a [[Rennes]] en [[Bretagne]].

== Fonctions ==
Ayant exerc&#233; dans l'[[&#233;lectronique]], l'[[informatique]], la [[logistique]] et la [[gestion de projets]] au sein d'une entreprise [[multinationale]] d'[[instrumentation]] et d'[[informatique]], dans des fonctions diverses de [[service apr&#232;s-vente]], de [[logistique]], de [[gestion de projets]], de d&#233;veloppement de [[programmes informatiques]] et de logistique. Ayant des connaissances en :
* conception de produits informatiques ;
* gestion de compte client ;
* logistique de produit et pi&#232;ces d&#233;tach&#233;es informatiques ;
* gestion de projets informatiques locaux et internationaux.

== r&#233;sidence principale ==
Vivant dans la r&#233;gion [[Rh&#244;ne-Alpes]] en [[France]] dans un village &#224; proximit&#233; de la vall&#233;e de l&#8217;[[Is&#232;re]] et de la [[Cha&#238;ne de Belledonne]].

== p&#244;les d&#8217;int&#233;r&#234;ts ==
* [[&#201;lectronique]] : [[&#201;lectronique analogique|analogique]] ou [[&#233;lectronique num&#233;rique|num&#233;rique]],
* [[Informatique]] : [[hardware]], [[firmware]] ou [[software]],
* [[M&#233;canique (industrie)|M&#233;canique]] : essentiellement [[M&#233;canique automobile|automobile]],
* [[Comp&#233;tition automobile|sport automobile]] : essentiellement [[Formule 1]]
* [[Vie politique en France depuis 1958|Politique fran&#231;aise]] et internationale
* [[Histoire de France]] essentiellement depuis [[Louis XIV]]

== Voir Aussi ==
* [[User:pano38/aide|Aide]]
* [[User:pano38/brouillon|Brouillon]]

== En cours ==
* [[Wikip&#233;dia:Vandalisme en cours|Vandalisme en cours]]
* [http://commons.wikimedia.org/wiki/Special:Watchlist Common watch list] pour le suivi multim&#233;dia.

{{Palette|Aide aux contributeurs d&#233;butants|Aide}}

{{Page personnelle}}

[[en:User:Pano38]]</text>
      <sha1>q2p2vnibho99po2ae0bk1y2u79sl90c</sha1>
      <model>wikitext</model>
      <format>text/x-wiki</format>
    </revision>
  </page>
