<page xmlns="http://www.mediawiki.org/xml/export-0.8/" xmlns:xsi="http://www.w3.org/2001/XMLSchema-instance">
    <title>Utilisateur:Punx</title>
    <ns>2</ns>
    <id>2897493</id>
    <revision>
      <id>96994187</id>
      <parentid>95901730</parentid>
      <timestamp>2013-09-25T10:29:02Z</timestamp>
      <contributor>
        <username>Punx</username>
        <id>250877</id>
      </contributor>
      <comment>/* Articles labellis&#233;s */ +1 :-)</comment>
      <text xml:space="preserve">{{admin mop}}
{{BUd&#233;but}}
{{Utilisateur Wikip&#233;dia:Date4|ann&#233;e=2007|mois=5|jour=15}}
{{Utilisateur administrateur}}
{{Utilisateur Cabale proven&#231;ale}}
{{Utilisateur Contributions|14000}}
{{Utilisateur 1990}}
{{Utilisateur habite Nice}}
{{Utilisateur conducteur de bus}}
{{Utilisateur rock}}
{{BUtilisateur|
  |couleur=#FF7F50
  |texte-couleur =Black
  |img=Stop x nuvola.svg|
  |titre=[[Wikip&#233;dia:vandalisme|Vandalisme]]|
  |texte=Cette page a &#233;t&#233; vandalis&#233;e '''6''' fois.|
  |cat&#233;gorie=|
  |nocat={{{nocat|}}}|
}}

{{BUfin}}

Bienvenue sur ma page utilisateur. Si vous souhaitez me laisser un message, je vous invite &#224; vous rendre sur ma [[Discussion utilisateur:Punx|page de discussion]]. {{=)}}

===Pr&#233;sentation===
Je suis inscrit sur Wikip&#233;dia depuis le 15 mai 2007, et contribue essentiellement dans le domaine de la [[musique]], et plus particuli&#232;rement du [[rock]]. Mon activit&#233; principale est la r&#233;daction et l'am&#233;lioration d'articles. Je participe &#233;galement &#224; la [[Projet:Maintenance|maintenance de Wikip&#233;dia]], notamment &#224; travers la lutte contre le [[Wikip&#233;dia:Vandalisme|vandalisme]].

Je fais partie des [[Wikip&#233;dia:Administrateur|administrateurs de Wikip&#233;dia]], &#224; votre service. Si vous constatez une erreur ou un abus de ma part, n'h&#233;sitez pas me le signaler ou compl&#233;ter [[Wikip&#233;dia:Contestation du statut d'administrateur/Punx|cette page]].

===Articles labellis&#233;s===
*[[Fichier:Fairytale bookmark gold.png|15 px]] '''[[Toto (groupe)]]''' - le {{date|16|novembre|2007}}
*[[Fichier:Fairytale bookmark silver light.png|15 px]] '''[[Mike Porcaro]]''' - le {{date|27|d&#233;cembre|2007}}
*[[Fichier:Fairytale bookmark gold.png|15 px]] '''[[Punk rock]]''' - le {{date|23|novembre|2008}} (un des relecteurs)
*[[Fichier:Fairytale bookmark gold.png|15 px]] '''''[[London Calling]]''''' - le {{date|1|mars|2009}}, avec [[Utilisateur:Heynoun|Heynoun]]
*[[Fichier:Fairytale bookmark silver light.png|15 px]] '''[[Passerelle de navigation du Titanic]]''' - le {{date|15|novembre|2009}}, avec [[Utilisateur:LittleTony87|LittleTony87]]
*[[Fichier:Fairytale bookmark silver light.png|15 px]] '''''[[Mellon Collie and the Infinite Sadness]]''''' - le {{date|28|d&#233;cembre|2009}}
*[[Fichier:Fairytale bookmark silver light.png|15 px]] '''[[Joseph Boxhall]]''' - le {{date|16|avril|2010}}, avec [[Utilisateur:LittleTony87|LittleTony87]]
*[[Fichier:Fairytale bookmark silver light.png|15 px]] '''[[John Frusciante]]''' - le {{date|19|mai|2013}}
*[[Fichier:Fairytale bookmark silver light.png|15 px]] '''[[Hillel Slovak]]''' - le {{date|15|juin|2013}}
* [[Fichier:Fairytale bookmark silver light.png|15 px]] '''''[[Under the Bridge (chanson)]]''''' - le {{date|25|septembre|2013}}

{{R&#233;compense|CopyeditorStar7.PNG|J'ai l'honneur de d&#233;cerner cette &#233;toile &#224; Punx pour son&lt;br /&gt;excellent travail de relecture sur {{a|Punk rock}}. Merci pour ton aide! &lt;br /&gt;{{clin}} [[Utilisateur:Zouavman|Zouavman Le Zouave]] 22 octobre 2008 &#224; 16:08 (CEST)}}

===Bo&#238;te &#224; outils===
* Insertion d'un lien web : &lt;nowiki&gt;&lt;ref&gt;{{Lien web
 | langue      = 
 | url         = 
 | titre       = 
 | auteur      = 
 | ann&#233;e       = 
 | consult&#233; le = 
}}&lt;/ref&gt;&lt;/nowiki&gt;
* [[Utilisateur:Punx/Avertissements]]

[[Cat&#233;gorie:Utilisateur fou amoureux|Punx]]</text>
      <sha1>99i6wodjpokbslev3slb8wujvlocds0</sha1>
      <model>wikitext</model>
      <format>text/x-wiki</format>
    </revision>
  </page>
