<page xmlns="http://www.mediawiki.org/xml/export-0.8/" xmlns:xsi="http://www.w3.org/2001/XMLSchema-instance">
    <title>Utilisateur:Letusgo</title>
    <ns>2</ns>
    <id>4997563</id>
    <revision>
      <id>64065012</id>
      <parentid>64065006</parentid>
      <timestamp>2011-04-06T06:50:07Z</timestamp>
      <contributor>
        <username>H&#233;g&#233;sippe Cormier</username>
        <id>6155</id>
      </contributor>
      <minor/>
      <comment>A prot&#233;g&#233; &#171; [[Utilisateur:Letusgo]] &#187;: {{faux-nez|Vdrpatrice}} ([edit=sysop] (infini) [move=sysop] (infini))</comment>
      <text xml:space="preserve">{{faux-nez|Vdrpatrice}}</text>
      <sha1>l179ju3vab8msdajgvi2nrvgbzhn1or</sha1>
      <model>wikitext</model>
      <format>text/x-wiki</format>
    </revision>
  </page>
