<page xmlns="http://www.mediawiki.org/xml/export-0.8/" xmlns:xsi="http://www.w3.org/2001/XMLSchema-instance">
    <title>Utilisateur:Samsamsam</title>
    <ns>2</ns>
    <id>521209</id>
    <revision>
      <id>92127074</id>
      <parentid>80817915</parentid>
      <timestamp>2013-04-15T20:31:36Z</timestamp>
      <contributor>
        <username>HerculeBot</username>
        <id>346772</id>
      </contributor>
      <minor/>
      <comment>R&#233;solution de redirection; changements de type cosm&#233;tique</comment>
      <text xml:space="preserve">{{Bo&#238;te Babel|fr|en-4|es-2}}

== Travaux du moment ==
Tasmanie &amp; Nouvelle-Z&#233;lande.

== Mes contributions sur Commons ==
&lt;gallery&gt;
File:Dianella revoluta.jpg|''[[Dianella revoluta]]'', le long de la [[Great Ocean Road]] dans l'&#233;tat de [[Victoria (&#201;tat)|Victoria]] en [[Australie]]
File:Gaultheria hispida.JPG|''[[Gaultheria hispida]]'', sur la [[presqu'&#238;le de Tasman]] en [[Tasmanie]]
File:Mount Geryon.JPG|Le [[Mont Geryon]] en Tasmanie
File:The Acropolis (Mountain).JPG|L'[[Acropolis (montagne)|Acropolis]] en Tasmanie
File:Schouten Island.jpg|L'[[&#238;le Schouten]] en Tasmanie
File:Mount Gould and The Minotaur.JPG|Le [[Mont Gould]] et le [[Minotaure (montagne)|Minotaure]] en Tasmanie
File:Greenstone Valley.JPG|La [[vall&#233;e Greenstone]] en [[Nouvelle-Z&#233;lande]], sur l'[[&#238;le du Sud]]
File:Rees River.JPG|La [[rivi&#232;re Rees]] en Nouvelle-Z&#233;lande, sur l'&#238;le du Sud
File:Caples River.JPG|La [[rivi&#232;re Caples]] en Nouvelle-Z&#233;lande, sur l'&#238;le du Sud
File:Blue Lake (Otago).JPG|Le [[Lac Bleu (Otago)|Lac Bleu]] dans la r&#233;gion [[Otago]] en Nouvelle-Z&#233;lande, sur l'&#238;le du Sud
&lt;/gallery&gt;

== Trucs utiles ==
=== Mod&#232;les ===

{{Palette Mod&#232;les}}

==== Autres ====
* &lt;nowiki&gt;{{message galerie}}&lt;/nowiki&gt;
* &lt;nowiki&gt;{{ISBN|_}}&lt;/nowiki&gt;
* &lt;nowiki&gt;&lt;references/&gt;&lt;/nowiki&gt;
* &lt;nowiki&gt;{{d&#233;but citation}}Mon texte de citation.{{fin citation}}&lt;/nowiki&gt;
* &lt;tt&gt;&amp;amp;nbsp;&lt;/tt&gt;
* &lt;nowiki&gt;&lt;gallery&gt;&lt;/gallery&gt;&lt;/nowiki&gt;
* &lt;nowiki&gt;{{unit&#233;|valeur num&#233;rique|unit&#233;}}&lt;/nowiki&gt;

=== Liens internes ===
* [[Wikip&#233;dia:Conventions concernant les nombres|Conventions concernant les nombres]]
* [[Wikip&#233;dia:Conventions typographiques|Conventions typographiques]]
* [[Wikip&#233;dia:Citation|Conventions concernant les citations]]

=== Liens externes ===
* [http://www.leconjugueur.com/ Le conjugueur]
* [http://www.wordreference.com/ Wordreference]
* [http://www.synonymes.com/ Synonymes]</text>
      <sha1>amjawmq5yptqvosb1qli7oy48dtna7h</sha1>
      <model>wikitext</model>
      <format>text/x-wiki</format>
    </revision>
  </page>
