<page xmlns="http://www.mediawiki.org/xml/export-0.8/" xmlns:xsi="http://www.w3.org/2001/XMLSchema-instance">
    <title>Utilisateur:Lylvic</title>
    <ns>2</ns>
    <id>1330577</id>
    <revision>
      <id>98561330</id>
      <parentid>98342258</parentid>
      <timestamp>2013-11-22T17:58:29Z</timestamp>
      <contributor>
        <username>Lylvic</username>
        <id>210569</id>
      </contributor>
      <minor/>
      <comment>Introduction : cadre#FFEC8B</comment>
      <text xml:space="preserve">{{Bo&#238;te Utilisateur|Charte du contributeur en science}}{{d&#233;but cadre perso|#FFEC8B|#FFF|#FFEC8B}}
Ancien pseudo : ''LyricV''. Amateur&#169;&#174; et anonyme : je ne peux pas faire mieux pour le premier, je n'ai pas de raison de faire autrement pour le second.

Inscrit depuis le 7 f&#233;vrier 2007, et un peu drogu&#233; &#224; WP, j'ai [http://wikimediafoundation.org/wiki/WMFJA1/fr pay&#233;] trois fois, mais, m&#234;me si le plaisir re&#231;u est grand, maintenant je ne fais plus de don car j'estime avoir bien pay&#233; en temps donn&#233; et en livres achet&#233;s. J'ai surtout travaill&#233; sur des articles parlant de relativit&#233;.
{{fin cadre perso}}
[[Fichier:Symbol great.svg|20px]] &lt;nowiki&gt;[[Fichier:Symbol great.svg|20px]]&lt;/nowiki&gt; // [[Fichier:Lol2.gif]]&lt;nowiki&gt;[[Fichier:Lol2.gif]]&lt;/nowiki&gt; // {{sp|XIX|e|- |XX|e}} &lt;nowiki&gt;{{sp|XIX|e|- |XX|e}}&lt;/nowiki&gt; // [[Aide:Formules TeX]]&lt;br /&gt;
{{boite d&#233;roulante|titre=blablabla|contenu=
[[v:Utilisateur:Lylvic]]

&lt;gallery&gt;
Image:Wasp on flower.jpg|une copine
Image:Unidentified insect on a flower.jpg|un copain
Image:Rhinoc&#233;ros (insecte).JPG|autoportrait
Image:Lucane cerf-volant.JPG|elle m'a serr&#233; la pince...
Image:Insect....JPG|Une visite de novembre
&lt;/gallery&gt;

Surtout depuis [[Discussion:Bo&#382;imir/Suppression|cette P&#224;S]] au sujet de [[Bo&#382;imir|cet article]] qui tient en une phrase, sans r&#233;f&#233;rence, ni lien interne ou externe, j'ai vraiment du mal &#224; voir une coh&#233;rence dans les [[Wikip&#233;dia:Crit&#232;res d'admissibilit&#233; des articles|crit&#232;res d'admissibilit&#233; des articles]].

Une bonne id&#233;e : [http://strategy.wikimedia.org/wiki/May_2011_Update/fr?uselang=fr]. [http://www.lemonde.fr/planete/article/2011/10/28/bisphenol-a-un-scandale-mondial_1595537_3244.html#ens_id=1578184 Le bisph&#233;nol A et les scientifiques]. 

- &#192; quoi te sert, Socrate, d&#8217;apprendre &#224; jouer de la lyre, puisque tu vas mourir ?&lt;/br&gt;
- &#192; jouer de la lyre.

Hier est pass&#233; : oublie le. Aujourd'hui est une illusion : ne t'en inqui&#232;te pas. Demain n'existe pas : n'y pense m&#234;me pas. Occupe toi de ... euh, d&#233;brouille toi !

Tout vient &#224; temps &#224; qui sait attendre au milieu des promesses et des boniments.

&#171; [Mes lecteurs] ne me condamneront pas quand ils me verront vider la bourse de mes amis [...] C'&#233;tait un argent destin&#233; &#224; des folies ; j'en ai d&#233;tourn&#233; l'usage le faisant servir les miennes. &#187; [[Giacomo Casanova]], ''Histoire de ma vie'', Volume 1, pr&#233;face.

Lui : &#171; Tu es inf&#226;me &#187;. Elle : &#171; Mais non, je suis une femme &#187;. (paroles de Godard ou Truffaut)

Ah, Brassens ! [http://lymoc.pagesperso-orange.fr/paroles/lgd14_p.html "Moi, mon colon, cell&#8217; que j&#8217;pr&#233;f&#232;re, C&#8217;est la guerr&#8217; de quatorz&#8217;-dix-huit !"]

&#199;a se complique : [http://www.lemonde.fr/societe/article/2012/10/16/mariee-et-pere-de-trois-enfants-une-transsexuelle-veut-etre-femme-aussi-sur-ses-papiers_1775458_3224.html&#171; Mari&#233;e et p&#232;re de trois enfants... &#187;], [http://www.lemonde.fr/societe/article/2012/10/16/la-justice-valide-la-nouvelle-identite-de-chloe-transsexuelle-mariee_1776284_3224.html &#233;pilogue]

Wikip&#233;dia : l'art de s'engueuler avec des gens qu'on ne conna&#238;t pas, sur des sujets qu'on ne comprend pas, devant un public inerte. Bref, du pur plaisir primitif.

Dieu est dans les d&#233;tails, et moi dans mon lit (au mieux).

Qlq phrases :&lt;br /&gt;Je fatigue un peu depuis quelques temps, mais de quoi ? Je ne sais pas. De moi-m&#234;me peut-&#234;tre.&lt;br /&gt;Je cherche un Dieu pour lui demander un miracle &#224; mon profit personnel.&lt;br /&gt;Le d&#233;gout que l'on a des autres est le d&#233;gout que l'on a de soi.&lt;br /&gt;Je me souviens qu'involontairement elle m'envoyait tous ses messages, toutes ses pens&#233;es, tout. Et moi, je ne me trompais jamais de destinataire.&lt;br /&gt;Je me souviens qu'elle avait choisi de m'enlacer, aujourd'hui elle jette toutes ses forces dans la vengeance.&lt;br /&gt;En pensant &#224; l'avenir, j'ai l'impression que je vais devoir apprendre &#224; marcher sur le vide.&lt;br /&gt;Enfin, il y a aussi des jours pleins de douceurs !&lt;br /&gt;Il y a des jours de miracle o&#249; je voudrais croire en un Dieu, n'importe lequel, pour pouvoir remercier quelqu'un.&lt;br /&gt;Et puis il y a le lendemain du miracle, o&#249; je ne suis pas plus estimable, mais plus l&#233;ger.&lt;br /&gt;Je vole d'&#233;chec en &#233;chec, jusqu'&#224; l'&#233;chec final, que j'ambitionne de repousser le plus tard possible.&lt;br /&gt;Ce qui m'int&#233;resse, avant toute autre chose, c'est de cerner ma propre coh&#233;rence au fil de la vie, de l'exp&#233;rience. Le savoir, r&#233;pandu sur wikip&#233;dia, peut m'aider.}}

== WP ==
{{boite d&#233;roulante|titre=Divers liens et mod&#232;les pratiques dans wp|contenu=
&lt;font color=brown&gt;Aides&lt;/font&gt;&lt;br /&gt;
{{non sign&#233;|LyricV}}&lt;nowiki&gt;{{non sign&#233;|LyricV}}&lt;/nowiki&gt;
{{Contenu de Wikip&#233;dia|left}}{{Menu admissibilit&#233;}}
[[Aide:Comment cr&#233;er une page]] 
- [[Aide:Redirection]] 
- [[Aide:Scission]] 
- [[Aide:Fusion]]

[[Wikip&#233;dia:Demande de protection de page]] 
- [[Wikip&#233;dia:Pages &#224; supprimer]] -[[Wikip&#233;dia:SI]]- [[Aide:Comment argumenter lors d'une proc&#233;dure de suppression]]

Vocabulaire : [[Troll (Internet et Usenet)]] , [[Ad hominem]]

[[Wikip&#233;dia:D&#233;cernez les lauriers]]
-[[Wikip&#233;dia:WikiBreak]]

&lt;font color=brown&gt;La loi&lt;/font&gt;&lt;br /&gt;
 
-[[Wikip&#233;dia:R&#232;gles d'utilisation des images]]
-[[Wikip&#233;dia:Page prot&#233;g&#233;e]]
-[[Wikip&#233;dia:Liens externes]]

[[Wikip&#233;dia:Pages_m&#233;ta|Pages m&#233;ta]]
-[[Wikip&#233;dia:B&#234;tisier|B&#234;tisier]]

&lt;font color=brown&gt;Pages diverses&lt;/font&gt;&lt;br /&gt;
[[Wikip&#233;dia:Appel &#224; commentaires/Utilisateur]]

[[Wikip&#233;dia:Le Bistro|Le Bistro]]
-[[Wikip&#233;dia:Oracle|L'oracle]]
-[[Wikip&#233;dia:Questions techniques|Questions techniques]]
-[[Wikip&#233;dia:Legifer|Legifer]]
-[[Wikip&#233;dia:Demande de protection de page]]

[[Wikip&#233;dia:Proposition articles de qualit&#233;]]
-{{m|&#224; wikifier}}
-[[Mod&#232;le:Liste des administrateurs actifs]]

-[[Wikip&#233;dia:Administrateur]]
-[[Wikip&#233;dia:Requ&#234;te aux administrateurs]]
-[[Wikip&#233;dia:Le salon de m&#233;diation]]
-[[Wikip&#233;dia:Blogadmins|Blog &#171;administrateurs&#187;]]
-[[Wikip&#233;dia:Comit&#233; d'arbitrage/Arbitrage]]
-[[Wikip&#233;dia:Comit&#233; d'arbitrage/Coordination|Comit&#233; d'arbitrage]]
-[[Wikip&#233;dia:Prise de d&#233;cision]]
-[[Wikip&#233;dia:V&#233;rificateur d'adresses IP/Requ&#234;tes]]

-[[Wikip&#233;dia:Liste de Wikip&#233;diens par nombre d'&#233;ditions|Nombre d'&#233;ditions]] 
-[http://stats.wikimedia.org/EN/TablesWikipediaFR.htm#wikipedians Stats] -[http://fr.wikipedia.org/wiki/Sp%C3%A9cial:Statistiques Statistiques g&#233;n&#233;rales]
-[http://stats.grok.se/ Consultation des articles.]
-[http://www.lkozma.net/wpv/index_fr.html WikipediaVision]
-[[Wikip&#233;dia:Liste des listes|Les listes]]
-[[:Mod&#232;le:Fil de l'information|Fil de l'information]]

{{Palette Mod&#232;les principaux}}

{{en cours|nocat=yes}}
{{En travaux|nocat=yes}}
{{&#201;bauche|physique|nocat=yes}}
{{En travaux|nocat=yes}}
{{&#201;bauche|m&#233;canique|nocat=yes}}
{{confusion|texte= ne doit pas &#234;tre confondu avec [[tralala pouet pouet]]}}

}}

== Pour m&#233;moire ==
Pour trouver la liste des articles qui commencent par ... : &lt;nowiki&gt;{{commence par|...}}&lt;/nowiki&gt;

''Exemple de &#171; Bloc emphase &#187; '':&lt;br /&gt;
{{Bloc emphase|fond=#fff8ff;border:4px double #888| &lt;math&gt;\mathbf g = g_{\mu\nu}(x) \mathrm{d}x^\mu \otimes \mathrm{d} x^\nu &lt;/math&gt; }}

== Troph&#233;es ==
{{R&#233;compense|Wikipedia laurier wp.png|Pour un travail particuli&#232;rement complet, pers&#233;v&#233;rant,&lt;br /&gt; et de qualit&#233; sur l'article [[Principe de moindre action]] &lt;br /&gt;[[Utilisateur:Jean-Christophe BENOIST|Jean-Christophe BENOIST]] 4 juillet 2007 &#224; 14:45 (CEST)}}

{{R&#233;compense|Quantum award.png|Pour un travail soign&#233; et pers&#233;v&#233;rant sur [[Hypoth&#232;se de De Broglie]]&lt;br /&gt;--[[User:Jean-Christophe BENOIST|Jean-Christophe BENOIST]] ([[User talk:Jean-Christophe BENOIST|d]]) 8 avril 2008 &#224; 09:45 (CEST)}}

[[en:User:Lylvic]]
[[ja:&#21033;&#29992;&#32773;:Lylvic]]</text>
      <sha1>969x86xe8mxx80ydk9snq5enyj92x1b</sha1>
      <model>wikitext</model>
      <format>text/x-wiki</format>
    </revision>
  </page>
