<page xmlns="http://www.mediawiki.org/xml/export-0.8/" xmlns:xsi="http://www.w3.org/2001/XMLSchema-instance">
    <title>Utilisateur:MaCRoEco</title>
    <ns>2</ns>
    <id>2783827</id>
    <revision>
      <id>92125989</id>
      <parentid>31834461</parentid>
      <timestamp>2013-04-15T20:11:54Z</timestamp>
      <contributor>
        <username>HerculeBot</username>
        <id>346772</id>
      </contributor>
      <minor/>
      <comment>R&#233;solution de redirection; changements de type cosm&#233;tique</comment>
      <text xml:space="preserve">{{Auroch mop}}
{{Ancien WP}}

{{Clr}}

[[Image:Errare humanum est.jpg|right|200px|thumb|'''...sed''' persevare [[Errare humanum est, perseverare diabolicum|diabolicum]].]]



{{Clr}}

{{BoiteUtilisateur|&#233;conomie|sciences|math&#233;matiques|histoire g&#233;ographie|Rome antique|orthographe|th&#233;|Opera|}}

{|
| valign="top" | {{BoiteUtilisateur|fr|en-3|de-2|la-1|P&#233;on|WikiGnome|Projet/Liens rouges|Ayatollah}}
| valign="top" | {{BoiteUtilisateur|Projet/&#201;conomie|Projet/Sources|Commons|Wikien|Wikide|Wikiquote|apostrophe courbe}}
|}

{{Clr}}

{{bo&#238;te d&#233;roulante|margeBas=0|align=center|alignT=center|titre=Quelques-uns des articles sur lesquels j'ai travaill&#233;s (cr&#233;ation, &#233;criture, grande r&#233;&#233;criture, [[Projet:Sources/Aide:Sourcer|sour&#231;age]],&#8230;) [liste non-exhaustive]|contenu=
[[Accords du Plaza]] &amp;nbsp;&#183; 
[[Accords du Louvre]] &amp;nbsp;&#183; 
[[Allocation universelle]] &amp;nbsp;&#183;
[[Amiti&#233; franco-allemande]] &amp;nbsp;&#183; 
[[Anthony Eden]] &amp;nbsp;&#183; 
[[Banque centrale europ&#233;enne]] &amp;nbsp;&#183; 
{{m|Branches des sciences &#233;conomiques}} &amp;nbsp;&#183; 
[[BRIC]] &amp;nbsp;&#183; 
[[Budget de l'&#201;tat fran&#231;ais]] &amp;nbsp;&#183;
[[Bulle sp&#233;culative japonaise]] &amp;nbsp;&#183;
[[Ch&#244;mage]] &amp;nbsp;&#183; 
[[Ch&#244;mage dans l'Union europ&#233;enne]] &amp;nbsp;&#183; 
[[Ch&#244;mage en France]] &amp;nbsp;&#183; 
[[Civilisation occidentale]] &amp;nbsp;&#183; 
[[Coe-Rexecode]] &amp;nbsp;&#183; 
[[Coin salarial et fiscal]] &amp;nbsp;&#183; 
[[Commission des finances, de l'&#233;conomie g&#233;n&#233;rale et du plan]] &amp;nbsp;&#183; 
[[Comp&#233;titivit&#233; &#233;conomique]] &amp;nbsp;&#183; 
[[Concurrence &#233;conomique]] &amp;nbsp;&#183; 
[[Conseil d&#8217;orientation des retraites]] &amp;nbsp;&#183;
[[Cotisations sociales]] &amp;nbsp;&#183; 
{{m|Courants de la pens&#233;e &#233;conomique}} &amp;nbsp;&#183; 
[[Course &#224; la liquidit&#233;]] &amp;nbsp;&#183; 
[[Courbe de Laffer]] &amp;nbsp;&#183; 
[[Co&#251;t du travail]] &amp;nbsp;&#183; 
[[Crise financi&#232;re russe de 1998]] &amp;nbsp;&#183; 
[[Crit&#232;res de convergence]] &amp;nbsp;&#183; 
[[D&#233;flateur du PIB]] &amp;nbsp;&#183; 
[[Deflation]] &amp;nbsp;&#183; 
[[Dette]] &amp;nbsp;&#183; 
[[Dette publique]] &amp;nbsp;&#183; 
{{&#233;toile BA}} [[Dette publique de la France]] &amp;nbsp;&#183; 
[[D&#233;ficit budg&#233;taire et d&#233;ficit public]] &amp;nbsp;&#183; 
[[D&#233;penses publiques et recettes publiques]] &amp;nbsp;&#183; 
[[D&#233;valuation]] &amp;nbsp;&#183; 
[[&#201;conomie de la France]] &amp;nbsp;&#183; 
[[&#201;conomie de l'Europe]] &amp;nbsp;&#183; 
[[&#201;conomie de l'offre]] &amp;nbsp;&#183; 
[[&#201;conomie du Royaume-Uni]] &amp;nbsp;&#183; 
{{m|&#233;conomieFrance}} &amp;nbsp;&#183; 
[[Effet multiplicateur du cr&#233;dit]] &amp;nbsp;&#183; 
[[&#201;nergie en France]] &amp;nbsp;&#183; 
[[&#201;quivalence ricardienne]] &amp;nbsp;&#183; 
{{m|&#201;tats du Benelux}} &amp;nbsp;&#183; 
[[Europe de l'Est]] &amp;nbsp;&#183; 
[[Europe de l'Ouest]] &amp;nbsp;&#183; 
[[Europe du Nord]] &amp;nbsp;&#183; 
[[Europe du Sud]] &amp;nbsp;&#183; 
[[Femme au foyer]] &amp;nbsp;&#183;
[[Fiscalit&#233; fran&#231;aise]] &amp;nbsp;&#183;
[[Fonction homog&#232;ne]] &amp;nbsp;&#183;
{{m|G&#233;ographie de l'Europe}} &amp;nbsp;&#183; 
[[Grande D&#233;pression en France]] &amp;nbsp;&#183; 
{{&#233;toile AdQ}} [[Guerre anglo-am&#233;ricaine de 1812]] &amp;nbsp;&#183; 
[[Histoire de l'Union &#233;conomique et mon&#233;taire europ&#233;enne]] &amp;nbsp;&#183; 
[[Imp&#244;t n&#233;gatif sur le revenu]] &amp;nbsp;&#183; 
[[Imp&#244;t personnel]] &amp;nbsp;&#183;
[[Imp&#244;ts en France]] &amp;nbsp;&#183; 
{{m|Infobox &#201;conomie}} &amp;nbsp;&#183; 
[[Interventions sur le march&#233; des changes]] &amp;nbsp;&#183; 
[[Liste des pays par PIB (nominal) par habitant]] &amp;nbsp;&#183; 
[[Liste des pays par PIB (PPA) par habitant]] &amp;nbsp;&#183; 
[[Loi Hawley-Smoot]] &amp;nbsp;&#183; 
[[Maladie hollandaise]] &amp;nbsp;&#183; 
[[Minist&#232;re de l'&#201;conomie, des Finances et de l'Industrie]] &amp;nbsp;&#183; 
[[Minist&#232;re de l'&#201;conomie, des Finances et de l'Emploi]] &amp;nbsp;&#183; 
{{m|Minist&#232;res fran&#231;ais}} &amp;nbsp;&#183; 
[[Mod&#232;le de Solow]] &amp;nbsp;&#183; 
[[Monnaie fiduciaire]] &amp;nbsp;&#183; 
[[Organisation de coop&#233;ration et de d&#233;veloppement &#233;conomiques]] &amp;nbsp;&#183; 
[[Organisation patronale fran&#231;aise]] &amp;nbsp;&#183; 
[[Organisme g&#233;n&#233;tiquement modifi&#233;]] &amp;nbsp;&#183; 
[[Pauvret&#233; en France]] &amp;nbsp;&#183; 
[[Pays d&#233;velopp&#233;s]] &amp;nbsp;&#183; 
[[Politique budg&#233;taire]] &amp;nbsp;&#183; 
[[Politique conjoncturelle]] &amp;nbsp;&#183; 
[[Politiques de l'emploi]] &amp;nbsp;&#183; 
[[Politique de relance]] &amp;nbsp;&#183; 
[[Population active]] &amp;nbsp;&#183; 
[[Pr&#233;l&#232;vements obligatoires]] &amp;nbsp;&#183; 
[[Prime pour l'emploi]] &amp;nbsp;&#183; 
[[Produit int&#233;rieur brut]] &amp;nbsp;&#183; 
[[Produit int&#233;rieur brut r&#233;el]] &amp;nbsp;&#183; 
[[Progr&#232;s technique]] &amp;nbsp;&#183; 
[[R&#233;forme de l'&#201;tat]] &amp;nbsp;&#183; 
[[Redistribution des revenus]] &amp;nbsp;&#183; 
[[Redistribution des richesses]] &amp;nbsp;&#183; 
[[R&#233;gime de change]] &amp;nbsp;&#183; 
[[R&#232;gle de Taylor]] &amp;nbsp;&#183; 
[[R&#233;serves de change]] &amp;nbsp;&#183; 
[[R&#233;serves obligatoires]] &amp;nbsp;&#183; 
[[Resserrement du cr&#233;dit]] &amp;nbsp;&#183; 
[[Retraite (&#233;conomie)]] &amp;nbsp;&#183; 
[[Revenu minimum d'insertion]] &amp;nbsp;&#183; 
[[Route commerciale]] &amp;nbsp;&#183; 
[[Salaire minimum]] &amp;nbsp;&#183;
[[Salaire minimum interprofessionnel de croissance|SMIC]] &amp;nbsp;&#183; 
{{m|Sciences}} &amp;nbsp;&#183; 
[[Seuil de pauvret&#233;]] &amp;nbsp;&#183;
[[Syndicat professionnel]] &amp;nbsp;&#183; 
[[Syst&#232;me financier]] &amp;nbsp;&#183; 
{{m|Syst&#232;mes &#233;conomiques}} &amp;nbsp;&#183; 
[[Taux de change]] &amp;nbsp;&#183; 
[[Taux de ch&#244;mage]] &amp;nbsp;&#183; 
[[Taux d'emploi]] &amp;nbsp;&#183; 
[[Taux d'escompte]] &amp;nbsp;&#183; 
[[Taux directeur]] &amp;nbsp;&#183; 
[[Taux marginal de substitution]] &amp;nbsp;&#183; 
[[Th&#233;orie des insiders-outsiders]] &amp;nbsp;&#183; 
[[Th&#233;orie des m&#233;canismes d'incitation]] &amp;nbsp;&#183; 
[[Travailleur pauvre]] &amp;nbsp;&#183; 
[[Travail pr&#233;caire]] &amp;nbsp;&#183; 
[[TVA sociale]] &amp;nbsp;&#183; 
[[Typologie &#233;conomique des pays]] &amp;nbsp;&#183; 
[[Union &#233;conomique et mon&#233;taire]] &amp;nbsp;&#183; 
[[Univers (probabilit&#233;s)]] &amp;nbsp;&#183; 
[[Valeur nominale et valeur r&#233;elle]] &amp;nbsp;&#183; 
[[Zone mon&#233;taire optimale]] &amp;nbsp;&#183;
[[35 heures]] &amp;nbsp;&#183;
...}}

{{bo&#238;te d&#233;roulante|margeBas=0|align=center|alignT=center|titre=Et des articles importants o&#249; j'ai faiblement contribu&#233;|contenu=
[[Anna Schwartz]] &amp;nbsp;&#183; 
[[Banque mondiale]] &amp;nbsp;&#183; 
[[Colbertisme]] &amp;nbsp;&#183; 
[[Contrat aid&#233;]] &amp;nbsp;&#183; 
[[Crise du logement]] &amp;nbsp;&#183; 
[[Bien interm&#233;diaire]] &amp;nbsp;&#183; 
[[&#201;conomie de l'Allemagne]] &amp;nbsp;&#183; 
[[&#201;conomie de la R&#233;publique d&#233;mocratique du Congo]] &amp;nbsp;&#183; 
[[&#201;conomie de l'Union europ&#233;enne]] &amp;nbsp;&#183; 
[[&#201;conomie des &#201;tats-Unis]] &amp;nbsp;&#183; 
[[Euro]] &amp;nbsp;&#183; 
{{m|EuroAmeriques}} &amp;nbsp;&#183; 
{{m|&#201;v&#233;nement r&#233;cent}} &amp;nbsp;&#183; 
[[Fonds mon&#233;taire international]] &amp;nbsp;&#183; 
[[Histoire &#233;conomique de la France]] &amp;nbsp;&#183; 
[[Indice de d&#233;veloppement humain]] &amp;nbsp;&#183; 
[[Inflation]] &amp;nbsp;&#183; 
[[March&#233; du travail en France]] &amp;nbsp;&#183; 
[[Mod&#232;le fran&#231;ais]] &amp;nbsp;&#183; 
[[Pays les moins avanc&#233;s]] &amp;nbsp;&#183; 
[[Politique publique]] &amp;nbsp;&#183; 
[[Pr&#233;vision &#233;conomique]] &amp;nbsp;&#183; 
[[Secteur &#233;conomique]] &amp;nbsp;&#183; 
[[Synth&#232;se n&#233;o-classique]] &amp;nbsp;&#183; 
[[Union europ&#233;enne]] &amp;nbsp;&#183; 
[[Zone euro]] &amp;nbsp;&#183;
...}}

{{bo&#238;te d&#233;roulante|margeBas=0|align=left|alignT=center|titre=et par ailleurs : |contenu=

* surveillance anti-vandalisme ;
* wikification ! (liens [[interWiki]], [[Aide:Syntaxe|liens internes]], [[Aide:Cat&#233;gorie|cat&#233;gorisation]]) ;
* deux prises de d&#233;cision, r&#233;ussies ([[Wikip&#233;dia:Prise de d&#233;cision/Unification des mod&#232;les : article d&#233;taill&#233; et Loupe]], [[Wikip&#233;dia:Prise de d&#233;cision/Changement de style des messages d'avertissement]]) et l'[[Discussion:Accueil/archive15|adoption]] de la nouvelle forme de l'accueil
}}

{{bo&#238;te d&#233;roulante|margeBas=0|align=left|alignT=center|titre=Autres|contenu=
;J&#8217;appr&#233;cie ces citations
{{BoiteUtilisateur|habite UE|Energie nucl&#233;aire|NoAstrologie|OGM6|Environnement|nopocor|pro-r&#233;formes|anti-lobby|scrutin proportionnel|europe f&#233;d&#233;rale}}

{{Citation bloc|L'ignorant affirme, le savant doute, le sage r&#233;fl&#233;chit.|[[Aristote]]}}
{{Citation bloc|La gestion de l&#8217;&#233;conomie n&#8217;est ni de gauche ni de droite, elle n&#8217;est ni bonne ni mauvaise. Ce qui compte c&#8217;est ce qui marche.|[[Tony Blair]]}}
{{Citation bloc|England has been offered a choice between war and shame. She has chosen shame and will get war.|[[Winston Churchill]], apr&#232;s les [[Accords de Munich]]}}
{{Citation bloc|So viel Staat wie n&#246;tig, so wenig Staat wie m&#246;glich|&lt;small&gt;''&#171; Autant d&#8217;&#201;tat que n&#233;cessaire, aussi peu d&#8217;&#201;tat que possible. &#187;'', une maxime du [[Parti lib&#233;ral-d&#233;mocrate (Allemagne)|FDP]]&lt;/small&gt;}}
{{Citation bloc|L&#8217;immobilisme est en marche et rien ne pourra l'arr&#234;ter.|[[Edgar Faure]]}}
{{Citation bloc|In tranquillo esse quisque gubernator potest.|[[Publius Syrus]], ''Sentences (&lt;small&gt;&#171; Par temps calme, n'importe qui peut gouverner un navire. &#187;&lt;/small&gt;)''}}
}}

{{bo&#238;te d&#233;roulante|margeBas=0|align=center|alignT=center|titre='''Bo&#238;te &#224; outils''' |contenu=
* &lt;nowiki&gt;{{&#224; compl&#233;ter}} {{pertinence}} {{en cours|MaCRoEco}} {{...}} {{formatnum:123456}} {{date|5|mars|1937}}&lt;/nowiki&gt; {{date|2|mars|1937}}
* {{Clin}} &lt;nowiki&gt;{{Clin}}&lt;/nowiki&gt; {{sourire}} &lt;nowiki&gt;{{sourire}}&lt;/nowiki&gt; {{mdr}} &lt;nowiki&gt;{{mdr}}&lt;/nowiki&gt; {{surprise}} &lt;nowiki&gt;{{surprise}}&lt;/nowiki&gt; {{triste}} &lt;nowiki&gt;{{triste}}&lt;/nowiki&gt; {{honteux}} &lt;nowiki&gt;{{honteux}}&lt;/nowiki&gt; {{hum}} &lt;nowiki&gt;{{hum}}&lt;/nowiki&gt; {{tire langue}} &lt;nowiki&gt;{{tire langue}}&lt;/nowiki&gt; {{ange}} &lt;nowiki&gt;{{ange}}&lt;/nowiki&gt; {{grr}} &lt;nowiki&gt;{{grr}}&lt;/nowiki&gt; {{cool}} &lt;nowiki&gt;{{cool}}&lt;/nowiki&gt; {{malin}} &lt;nowiki&gt;{{malin}}&lt;/nowiki&gt; {{confus}} &lt;nowiki&gt;{{confus}}&lt;/nowiki&gt; {{espi&#232;gle}} &lt;nowiki&gt;{{espi&#232;gle}}&lt;/nowiki&gt; {{sifflote}} &lt;nowiki&gt;{{sifflote}}&lt;/nowiki&gt;
* {{vrai}} &lt;nowiki&gt;{{vrai}}&lt;/nowiki&gt; {{faux}} &lt;nowiki&gt;{{faux}}&lt;/nowiki&gt; {{d'accord}} &lt;nowiki&gt;{{d'accord}}&lt;/nowiki&gt; {{oui}} &lt;nowiki&gt;{{oui}}&lt;/nowiki&gt; {{non}} &lt;nowiki&gt;{{non}}&lt;/nowiki&gt; {{plus}} &lt;nowiki&gt;{{plus}}&lt;/nowiki&gt; {{moins}} &lt;nowiki&gt;{{moins}}&lt;/nowiki&gt; {{neutre}} &lt;nowiki&gt;{{neutre}}&lt;/nowiki&gt; {{fait}} &lt;nowiki&gt;{{fait}}&lt;/nowiki&gt;
* &lt;nowiki&gt;{{Citation bloc|salut|l'auteur|son bouquin}}&lt;/nowiki&gt;
{{Citation bloc|salut|l'auteur|son bouquin}}
* &lt;nowiki&gt;{{Wikiprojet &#201;conomie|avancement=&#233;bauche|importance=moyenne}} &lt;/nowiki&gt;
* &lt;nowiki&gt;{{Auteurs cr&#233;dit&#233;s apr&#232;s scission|article|date|version}} &lt;/nowiki&gt;
* &lt;nowiki&gt;{{Traduction/R&#233;f&#233;rence|en|Portuguese colonisation of the Americas|145474644}} &lt;/nowiki&gt;
* &lt;nowiki&gt;{{&#224; d&#233;sacad&#233;miser}} &lt;/nowiki&gt;
* {{pdf}}

* toutes les couleurs : [[Aide:couleur]] {{Palette Mod&#232;les principaux 1}}

'''Des liens utiles :'''

[http://fr.wikipedia.org/w/index.php?title=Special:Recentchangeslinked&amp;target=Projet:%C9conomie/Liste%20des%20articles modifs r&#233;centes de tous les articles d'&#233;conomie] [[Utilisateur:EDUCA33E/LiveRC|LiveRC]] {{Bistro du jour}} 
[http://tools.wikimedia.de/~leon/stats/wikicharts/index.php?lang=fr&amp;wiki=frwiki&amp;ns=Tous&amp;limit=1000&amp;month=05%2F2007&amp;mode=view articles les plus consult&#233;s sur WP]

[[Wikip&#233;dia:Proposition articles de qualit&#233;]] [[Wikip&#233;dia:Proposition bons articles]]

[http://stats.wikimedia.org/FR/Sitemap.htm stats de WP] [http://tools.wikimedia.de/~gribeco/stats-users.php stats WP fr]
[http://fr.wikipedia.org/w/index.php?title=Special:Recentchangeslinked&amp;target=Cat%C3%A9gorie:Wikip%C3%A9dia:%C3%A9bauche_%C3%A9conomie modifs r&#233;centes de toutes les &#233;bauches d'&#233;conomie]  [http://fr.wikipedia.org/w/index.php?title=Special:Recentchangeslinked&amp;target=Portail%3A%C3%89conomie modif r&#233;centes du portail &#233;conomie] [http://fr.wikipedia.org/w/index.php?title=Special:Recentchangeslinked&amp;target=Projet:&#201;conomie modif r&#233;centes du projet &#233;conomie]
&lt;pre&gt;{{Lien web
   |url=
   |titre=
   |id=
   |s&#233;rie=
   |auteur=
   |lien auteur=
   |coauteurs=
   |date=
   |ann&#233;e=
   |mois=
   |site=
   |&#233;diteur=
   |page=
   |citation=
   |en ligne le=
   |consult&#233; le=
 }}&lt;/pre&gt;
}}
&lt;/small&gt;

[[Cat&#233;gorie:Wikip&#233;dia:Aurochs|Macroeco]]</text>
      <sha1>qzvod6o6o1sdj26rxjhazxgqx4dmetg</sha1>
      <model>wikitext</model>
      <format>text/x-wiki</format>
    </revision>
  </page>
