<page xmlns="http://www.mediawiki.org/xml/export-0.8/" xmlns:xsi="http://www.w3.org/2001/XMLSchema-instance">
    <title>Utilisateur:Ellanore</title>
    <ns>2</ns>
    <id>2793941</id>
    <revision>
      <id>26661092</id>
      <parentid>26656733</parentid>
      <timestamp>2008-02-24T14:01:16Z</timestamp>
      <contributor>
        <username>Ellanore</username>
        <id>360103</id>
      </contributor>
      <minor/>
      <comment>petit ajout</comment>
      <text xml:space="preserve">Bonjour,

Dans la vraie vie, je m'appelle C&#233;cile. Je suis diplom&#233;e en psychologie et ergonomie cognitives, et m'int&#233;resse &#224; la psychanalyse et &#224; la psychologie analytique &#224; mes heures perdues...

{{Parrain&#233;|Xic667}}
{{Marrain&#233;|Traumrune}}</text>
      <sha1>fttusgpn5md1fqb92tndrzpa6yjj11z</sha1>
      <model>wikitext</model>
      <format>text/x-wiki</format>
    </revision>
  </page>
