<page xmlns="http://www.mediawiki.org/xml/export-0.8/" xmlns:xsi="http://www.w3.org/2001/XMLSchema-instance">
    <title>Utilisateur:JoleK</title>
    <ns>2</ns>
    <id>6003303</id>
    <revision>
      <id>100622308</id>
      <parentid>100620653</parentid>
      <timestamp>2014-01-26T15:49:12Z</timestamp>
      <contributor>
        <username>JoleK</username>
        <id>862133</id>
      </contributor>
      <comment>+</comment>
      <text xml:space="preserve">&lt;br /&gt;
&lt;br /&gt;
&lt;gallery mode="nolines" heights=900 widths=450&gt;
Shaharah bridge.jpg
&lt;/gallery&gt;
&lt;br /&gt;
&lt;br /&gt;
&lt;center&gt;
{| class="wikitable centre"|border="0"
|-
|Marco Polo d&#233;crit un pont, pierre par pierre.
|-
|&#8212; Mais laquelle est la pierre qui soutient le pont ? demande Kublai Khan. 
|-
|&#8212; Le pont n'est pas soutenu par telle ou telle pierre, r&#233;pond Marco, mais par la ligne de l&#8217;arc qu'&#224; elles toutes elles forment.
|-
|Kublai Khan reste silencieux, il r&#233;fl&#233;chit. Puis il ajoute :
|-
|&#8212; Pourquoi me parles-tu des pierres ? C'est l'arc seul qui m&#8217;int&#233;resse.
|-
|Polo r&#233;pond :
|-
|&#8212; Sans pierres il n'y a pas d'arc.
|-
|-
|{{droite|[[Italo Calvino]], ''[[Les villes invisibles]]''}}
|}
&lt;/center&gt;
&lt;br /&gt;







&lt;center&gt;[[Utilisateur:JoleK/Brouillon|Brouillon]]
[[Utilisateur:JoleK/Brouillon 2|Brouilon 2]]
[[Utilisateur:JoleK/Brouillon 3|Brouillon 3]]
[[Utilisateur:JoleK/R&#233;cup'|Recyclage]]&lt;center&gt;

&lt;!-- [[Utilisateur:JoleK/EditCounterOptIn.js]] --&gt;
&lt;!-- [[Utilisateur:JoleK/LiveRCparam.css]] --&gt;</text>
      <sha1>h39irpe2l2np1hjg7u9jw712se6end8</sha1>
      <model>wikitext</model>
      <format>text/x-wiki</format>
    </revision>
  </page>
