<page xmlns="http://www.mediawiki.org/xml/export-0.8/" xmlns:xsi="http://www.w3.org/2001/XMLSchema-instance">
    <title>Utilisateur:Ludo29</title>
    <ns>2</ns>
    <id>5813867</id>
    <revision>
      <id>82319869</id>
      <parentid>82319816</parentid>
      <timestamp>2012-08-25T16:17:22Z</timestamp>
      <contributor>
        <username>Orlodrim</username>
        <id>628189</id>
      </contributor>
      <comment>Annulation des modifications 82319816 de [[Sp&#233;cial:Contributions/194.78.215.34|194.78.215.34]] ([[User talk:194.78.215.34|d]])</comment>
      <text xml:space="preserve">[[File:Moonbeam - Brest 2008-10.jpg|center|700px|thumb|Humeur du moment.]]
[[Utilisateur:Ludo29/Contestation|&amp;nbsp;]]

[[de:User:Ludo29]]
[[en:User:Ludo29]]
[[it:User:Ludo29]]</text>
      <sha1>g60ei7qixyr0xt8houaqsvpjmiprs8l</sha1>
      <model>wikitext</model>
      <format>text/x-wiki</format>
    </revision>
  </page>
