<page xmlns="http://www.mediawiki.org/xml/export-0.8/" xmlns:xsi="http://www.w3.org/2001/XMLSchema-instance">
    <title>Utilisateur:H&#233;g&#233;sippe Cormier</title>
    <ns>2</ns>
    <id>3949209</id>
    <revision>
      <id>97266994</id>
      <parentid>95210334</parentid>
      <timestamp>2013-10-06T15:00:21Z</timestamp>
      <contributor>
        <username>H&#233;g&#233;sippe Cormier</username>
        <id>6155</id>
      </contributor>
      <minor/>
      <comment>...</comment>
      <text xml:space="preserve">&lt;div style="display: table; padding: 2px; border: #99B3FF solid 1px; margin: 1em auto;"&gt;
{| cellspacing="0" style="border: 1px solid #ccc; border-right: 3px solid #ccc; border-bottom: 3px solid #ccc; padding: 1px; background-color: #fff8dc;"
| style="background-color: #ffffff; padding: 0.3em 0.8em 0.3em 1em;" | [[Fichier:Snail (PSF).png|100px|escargot]]
&lt;div style="margin: 0.5em 0.3em 0 0.4em; font-size: 1.3em; color: #aaa;"&gt; '''&#177;&#920;&#177; H&#8757;C&#8757;''' &lt;/div&gt;
|}__NOINDEX__
&lt;/div&gt;
&lt;!-- &lt;div style="font-family: monospace;"&gt; {{nb jours |jour=21 |mois=1 |ann&#233;e=1793}} jours apr&#232;s l'assassinat du roi, &lt;br /&gt; {{nb jours |jour=16 |mois=10 |ann&#233;e=1793}} jours apr&#232;s l'assassinat de la reine, &lt;br /&gt; la repentance se fait encore attendre, &lt;br /&gt; ce {{CURRENTDAYNAME}} {{CURRENTDAY}} {{CURRENTMONTHNAME}} {{CURRENTYEAR}}... &lt;/div&gt; --&gt;</text>
      <sha1>8163pp6xtwcliklvwrnf6soeg3a3zs4</sha1>
      <model>wikitext</model>
      <format>text/x-wiki</format>
    </revision>
  </page>
