<page xmlns="http://www.mediawiki.org/xml/export-0.8/" xmlns:xsi="http://www.w3.org/2001/XMLSchema-instance">
    <title>Utilisateur:LABOURET</title>
    <ns>2</ns>
    <id>5166251</id>
    <revision>
      <id>74173562</id>
      <parentid>60331861</parentid>
      <timestamp>2012-01-10T17:52:13Z</timestamp>
      <contributor>
        <username>LABOURET</username>
        <id>932944</id>
      </contributor>
      <text xml:space="preserve">Ma comp&#233;tence s&#8217;exprime dans le domaine de l&#8217;a&#233;ronautique militaire et civile (PPL-VFR/IFR) ainsi que dans le domaine de la sant&#233; (doctorat). Plus g&#233;n&#233;ralement, en tant que scientifique, je m'int&#233;resse aux sciences mais aussi &#224; l'histoire. J&#8217;ai par ailleurs une passion tr&#232;s document&#233;e pour l&#8217;histoire des Etats-Unis d&#8217;Am&#233;rique entre 1860 et 1870.  J&#8217;esp&#232;re pouvoir contribuer &#224; compl&#233;ter Wikip&#233;dia en m&#8217;effor&#231;ant de privil&#233;gier la neutralit&#233;, l&#8217;objectivit&#233;, l&#8217;&#233;thique, la qualit&#233; des informations (sources) et la syntaxe r&#233;dactionnelle qui construisent cette encyclop&#233;die libre du web.</text>
      <sha1>iep2qbcdg7bi4ck8ozynoosvoxkdm05</sha1>
      <model>wikitext</model>
      <format>text/x-wiki</format>
    </revision>
  </page>
