<page xmlns="http://www.mediawiki.org/xml/export-0.8/" xmlns:xsi="http://www.w3.org/2001/XMLSchema-instance">
    <title>Utilisateur:Parthes</title>
    <ns>2</ns>
    <id>4741660</id>
    <revision>
      <id>53710283</id>
      <timestamp>2010-05-28T09:13:49Z</timestamp>
      <contributor>
        <username>Parthes</username>
        <id>677628</id>
      </contributor>
      <comment>Nouvelle page : Je file du vent</comment>
      <text xml:space="preserve">Je file du vent</text>
      <sha1>nrcy7kdksde3f3mf298d7ycs24oeu67</sha1>
      <model>wikitext</model>
      <format>text/x-wiki</format>
    </revision>
  </page>
