<page xmlns="http://www.mediawiki.org/xml/export-0.8/" xmlns:xsi="http://www.w3.org/2001/XMLSchema-instance">
    <title>Utilisateur:Gz260</title>
    <ns>2</ns>
    <id>5255479</id>
    <revision>
      <id>99383749</id>
      <parentid>99078179</parentid>
      <timestamp>2013-12-19T15:22:47Z</timestamp>
      <contributor>
        <username>Gz260</username>
        <id>229015</id>
      </contributor>
      <minor/>
      <text xml:space="preserve">&lt;!-- En-t&#234;te --&gt;
{{/Ic&#244;nes}}
&lt;!-- {{/StatutQui|texte=oui}} --&gt;
{{/Menu projets}}
{{M&#233;ta bandeau d'avertissement
| niveau = information
| ic&#244;ne = 
| titre = Cette page a &#233;t&#233; vandalis&#233;e 14 fois.
| texte = 
}}
&lt;div style="display:block; width:100%;"&gt;
{{/Mod&#232;le Cadre/d&#233;but |
titre = Gz260 |
tailleTitre = 150%
}}
'''Bienvenue sur ma page utilisateur !'''
* [[Discussion utilisateur:Gz260|Me laisser un message sur ma page de discussion]]
* [[Sp&#233;cial:Envoyer un courriel/Gz260|M&#8217;envoyer un courriel]]
* [[Sp&#233;cial:Index/Utilisateur:Gz260/|Sous-pages]]
* [[/Marque-pages|Marque-pages]]
{{/Mod&#232;le Cadre/fin}}
&lt;/div&gt;
&lt;!-- Colonne de gauche --&gt;
&lt;div style="width:63%; display:block; float:left;"&gt;
{{/Mod&#232;le Cadre/d&#233;but |
titre = Aujourd&#8217;hui}}
{{BUtilisateur
|img=Crystal Clear app xclock.png
|align=right
|titre=Aujourd'hui
|texte=Nous sommes le '''[[{{NOMJOURLOCAL}}]] {{date|{{JOURLOCAL}}|{{NOMMOISLOCAL}}|{{ANNEELOCALE}}}}''', il est '''{{HEURELOCALE}}:{{CURRENTMINUTE}}:{{CURRENTSECOND}}'''.
}}
{{Portail:F&#234;tes et traditions/{{JOURLOCAL}} {{NOMMOISLOCAL}}}}
* [[Wikip&#233;dia:Le Bistro/{{JOURLOCAL}} {{NOMMOISLOCAL}} {{ANNEELOCALE}}|Bistro du jour]]

&lt;h3&gt;Demain :&lt;/h3&gt;
[[{{#timel: l |+1 days}}]] {{date|{{#timel: j |+1 days}}|{{#timel: F |+1 days}}|{{#timel: Y |+1 days}}}}&lt;br /&gt;
&lt;small&gt;Anniversaire : {{Anniversaire Utilisateur {{#timel: j |+1 days}} {{#timel: F |+1 days}}}}&lt;/small&gt;
{{/Mod&#232;le Cadre/fin}}
{{/Mod&#232;le Cadre/d&#233;but |
titre = Moi}}
Moi, '''Gz260''', n&#233; un [[12 octobre]] et &#226;g&#233; de {{&#226;ge|1978|10|12}} ans.
{{/Mod&#232;le Cadre/fin}}
{{/Mod&#232;le Cadre/d&#233;but |
titre = Bo&#238;tes utilisateur}}
&lt;h3&gt;Moi&lt;/h3&gt;
{{Bo&#238;te d&#233;roulante/d&#233;but|titre=Moi|label=&#9660;/&#9650;}}
&lt;div style="width:260px;"&gt;
{{Utilisateur homme}}
{{Utilisateur Anniversaire|date=12 octobre}}
{{Utilisateur 1978}}
{{Utilisateur Balance}}
{{Utilisateur Zodiaque chinois Cheval}}
{{Utilisateur France}}
{{Utilisateur habite France}}
&lt;/div&gt;
{{Bo&#238;te d&#233;roulante/fin}}
&lt;h3&gt;[[Wikip&#233;dia:Babel|Babel]]&lt;/h3&gt;
{{Bo&#238;te d&#233;roulante/d&#233;but|titre=Babel|label=&#9660;/&#9650;}}
&lt;div style="width:260px;"&gt;
{{Utilisateur fr}}
{{Utilisateur en-2}}
&lt;/div&gt;
{{Bo&#238;te d&#233;roulante/fin}}
&lt;h3&gt;Wikip&#233;dia&lt;/h3&gt;
{{Bo&#238;te d&#233;roulante/d&#233;but|titre=Wikip&#233;dia|label=&#9660;/&#9650;}}
&lt;div style="width:260px;"&gt;
{{Utilisateur Identifiant unique}}
{{Utilisateur Wikip&#233;dia:Date|ann&#233;e=2007|mois=3|jour=20}}
{{Utilisateur Wikip&#233;dia:Glyptodon}}
{{Utilisateur Compteurs}}
{{Utilisateur administrateur|numero=3}}
{{Utilisateur Lecteur Wikimag}}
{{Utilisateur Tutoiement}}
&lt;/div&gt;
{{Bo&#238;te d&#233;roulante/fin}}
&lt;h4&gt;Projets&lt;/h4&gt;
{{Bo&#238;te d&#233;roulante/d&#233;but|titre=Projets|label=&#9660;/&#9650;}}
&lt;div style="width:260px;"&gt;
{{Utilisateur Projet/Route}}
{{Utilisateur Projet/Correction syntaxique}}
{{Utilisateur Projet/Liens rouges}}
&lt;/div&gt;
{{Bo&#238;te d&#233;roulante/fin}}
&lt;h4&gt;[[Wikip&#233;dia:Patrouille RC|Patrouille RC]]&lt;/h4&gt;
{{Bo&#238;te d&#233;roulante/d&#233;but|titre=Patrouille RC|label=&#9660;/&#9650;}}
&lt;div style="width:260px;"&gt;
{{Utilisateur Patrouilleur}}
{{Utilisateur LiveRC}}
{{Utilisateur vandalisme}}
&lt;/div&gt;
&lt;h3&gt;Autres projets Wikimedia&lt;/h3&gt;
{{Bo&#238;te d&#233;roulante/d&#233;but|titre=Autres projets Wikimedia|label=&#9660;/&#9650;}}
&lt;div style="width:260px;"&gt;
{{Utilisateur Wikidata}}
&lt;/div&gt;
{{Bo&#238;te d&#233;roulante/fin}}
{{Bo&#238;te d&#233;roulante/fin}}
&lt;h3&gt;Informatique&lt;/h3&gt;
{{Bo&#238;te d&#233;roulante/d&#233;but|titre=Informatique|label=&#9660;/&#9650;}}
&lt;div style="width:260px;"&gt;
{{Utilisateur PC Fixe}}
{{Utilisateur AMD}}
{{Utilisateur azerty}}
{{Utilisateur Windows}}
{{Utilisateur Internet Explorer}}
{{Utilisateur Firefox}}
{{Utilisateur SeaMonkey}}
{{Utilisateur OutlookExpress}}
{{Utilisateur Lecteur Windows Media}}
{{Utilisateur VLC}}
{{Utilisateur Office}}
{{Utilisateur OpenOffice.org}}
{{Utilisateur MSpaint}}
{{Utilisateur Notepad++}}
{{Utilisateur Google Earth}}
{{Utilisateur Gmail}}
{{Utilisateur Deezer}}
&lt;/div&gt;
{{Bo&#238;te d&#233;roulante/fin}}
&lt;h3&gt;Jeux vid&#233;o&lt;/h3&gt;
{{Bo&#238;te d&#233;roulante/d&#233;but|titre=Jeux vid&#233;o|label=&#9660;/&#9650;}}
&lt;div style="width:260px;"&gt;
{{Utilisateur Mario}}
{{Utilisateur Wii}}
{{Utilisateur Sonic}}
&lt;/div&gt;
{{Bo&#238;te d&#233;roulante/fin}}
&lt;h3&gt;Divers&lt;/h3&gt;
{{Bo&#238;te d&#233;roulante/d&#233;but|titre=Divers|label=&#9660;/&#9650;}}
&lt;div style="width:260px;"&gt;
{{/BU}}
&lt;small&gt;([{{fullurl:Utilisateur:Gz260/BU|action=edit}} m])&lt;/small&gt;
&lt;/div&gt;
{{Bo&#238;te d&#233;roulante/fin}}
{{Utilisateur Etc}}
&lt;br style="clear:both;" /&gt;
{{/Mod&#232;le Cadre/fin}}
{{/Mod&#232;le Cadre/d&#233;but |
titre = Mes sites pr&#233;f&#233;r&#233;s}}
* [[Wikip&#233;dia:Accueil principal|Wikip&#233;dia]] ([[Wikip&#233;dia|art.]])
* [http://www.viamichelin.fr ViaMichelin] ([[ViaMichelin|art.]])
* [http://www.geoportail.fr G&#233;oportail] ([[G&#233;oportail (France)|art.]])
* [http://maps.google.fr Google Maps] ([[Google Maps|art.]])
{{/Mod&#232;le Cadre/fin}}
&lt;/div&gt;
&lt;!-- Colonne de droite --&gt;
&lt;div style="width:36%; display:block; float:right;"&gt;
{{/Mod&#232;le Cadre/d&#233;but |
titre = Sur Wikip&#233;dia}}
{{Article d&#233;taill&#233;|/Sur Wikip&#233;dia{{!}}Sur Wikip&#233;dia|amorce=Page d&#233;taill&#233;e}}
* Je suis le {{nombre|229015}}{{e}} inscrit sur Wikip&#233;dia (le compte a &#233;t&#233; cr&#233;&#233; le {{date|20|mars|2007}}).
* Je suis [[Wikip&#233;dia:Administrateur|administrateur]] depuis le {{date|28|juin|2010}}.
* Je participe &#224; la [[Wikip&#233;dia:Patrouille RC|patrouille RC]] depuis le {{date|14|septembre|2008}}, mais rarement d&#233;sormais. J'utilise [[/LiveRC|LiveRC]] (que j'ai install&#233; sur mon [[/monobook.js|monobook]] le {{date|13|septembre|2008}}.
* [[Sp&#233;cial:Index/Utilisateur:Gz260/Livres/|Livres]]
* [[Projet:Correction syntaxique|Correction syntaxique]] ([http://toolserver.org/~sk/cw/frwiki/index.htm nouvelle interface])
* [[Projet:Restauration lien rouge|Restauration liens rouges]]
* [[Projet:Liens vers les pages d'homonymie|Liens vers les pages d&#8217;homonymie]]
&lt;h3&gt;Mes contributions&lt;/h3&gt;
{{Article d&#233;taill&#233;|/Statistiques{{!}}Statistiques|amorce=Voir aussi}}
* '''Sur Wikip&#233;dia :'''
**[[Special:Contributions/Gz260|Liste de mes contributions]] (depuis le {{date|20|mars|2007}})
** [http://tools.wmflabs.org/xtools/pcount/index.php?name=Gz260&amp;lang=fr&amp;wiki=wikipedia Compteur d'&#233;ditions] / [http://fr.wikichecker.com/user/?t=Gz260&amp;l=all C.E. (Wikichecker)] / [http://wikiscan.org/utilisateur/Gz260 C.E. (Wikiscan)]
* '''Sur les autres projets :'''
** Wiktionnaire : [[wikt:Special:Contributions/Gz260|Contributions]] / [http://tools.wmflabs.org/xtools/pcount/index.php?name=Gz260&amp;lang=fr&amp;wiki=wiktionary Compteur d'&#233;ditions]
** Wikiquote : [[q:Special:Contributions/Gz260|Contributions]] / [http://tools.wmflabs.org/xtools/pcount/index.php?name=Gz260&amp;lang=fr&amp;wiki=wikiquote Compteur d'&#233;ditions]
** Wikisource : [[s:Special:Contributions/Gz260|Contributions]] / [http://tools.wmflabs.org/xtools/pcount/index.php?name=Gz260&amp;lang=fr&amp;wiki=wikisource Compteur d'&#233;ditions]
** Wikibooks : [[b:Special:Contributions/Gz260|Contributions]] / [http://tools.wmflabs.org/xtools/pcount/index.php?name=Gz260&amp;lang=fr&amp;wiki=wikibooks Compteur d'&#233;ditions]
** Wikiversit&#233; : [[v:Special:Contributions/Gz260|Contributions]] / [http://tools.wmflabs.org/xtools/pcount/index.php?name=Gz260&amp;lang=fr&amp;wiki=wikiversity Compteur d'&#233;ditions]
** Wikinews : [[n:Special:Contributions/Gz260|Contributions]] / [http://tools.wmflabs.org/xtools/pcount/index.php?name=Gz260&amp;lang=fr&amp;wiki=wikinews Compteur d'&#233;ditions]
** Commons : [[commons:Special:Contributions/Gz260|Contributions]] / [http://tools.wmflabs.org/xtools/pcount/index.php?name=Gz260&amp;lang=commons&amp;wiki=wikimedia Compteur d'&#233;ditions]
** Meta : [[meta:Special:Contributions/Gz260|Contributions]] / [http://tools.wmflabs.org/xtools/pcount/index.php?name=Gz260&amp;lang=meta&amp;wiki=wikimedia Compteur d'&#233;ditions]
** Wikidata : [[d:Special:Contributions/Gz260|Contributions]] / [http://tools.wmflabs.org/xtools/pcount/index.php?name=Gz260&amp;lang=www&amp;wiki=wikidata Compteur d'&#233;ditions]
&lt;h3&gt;Administration&lt;/h3&gt;
{{Article d&#233;taill&#233;|Utilisateur:Gz260/Administration{{!}}Administration|amorce=Voir}}
* '''[[Wikip&#233;dia:Requ&#234;te aux administrateurs|{{Abr&#233;viation discr&#232;te|RA|Requ&#234;tes aux administrateurs}}]] :''' [[Wikip&#233;dia:Demande de suppression imm&#233;diate|{{Abr&#233;viation discr&#232;te|SI|Demandes de suppression imm&#233;diate}}]] -  [[Wikip&#233;dia:Demande d'intervention sur une page prot&#233;g&#233;e|{{Abr&#233;viation discr&#232;te|DIPP|Demandes d'intervention sur une page prot&#233;g&#233;e}}]] -  [[Wikip&#233;dia:Demande d'intervention sur un message syst&#232;me|{{Abr&#233;viation discr&#232;te|DIMS|Demandes d'intervention sur un message syst&#232;me}}]] -  [[Wikip&#233;dia:Demande de protection de page|{{Abr&#233;viation discr&#232;te|DPP|Demandes de protection/d&#233;protection de page}}]] - [[Wikip&#233;dia:Demande de fusion d'historiques|{{Abr&#233;viation discr&#232;te|DFH|Demandes de fusion d'historiques}}]] - [[Wikip&#233;dia:Demande de purge d'historique|{{Abr&#233;viation discr&#232;te|DPH|Demandes de purge d'historique}}]] - [[Wikip&#233;dia:Demande de renommage|{{Abr&#233;viation discr&#232;te|DR|Demandes de renommage de page}}]] - [[Wikip&#233;dia:Demande de restauration de page|{{Abr&#233;viation discr&#232;te|DRP|Demandes de restauration de page}}]] - [[Wikip&#233;dia:Vandalisme en cours|{{Abr&#233;viation discr&#232;te|VC|Vandalismes en cours}}]] &lt;small&gt;([[Wikip&#233;dia:Vandalisme en cours/Archives/{{CURRENTYEAR}}/{{CURRENTMONTH}}|mois en cours]])&lt;/small&gt;
* '''[[Sp&#233;cial:Journal|Journaux]] :''' [[Sp&#233;cial:Journal/delete|suppressions]] - [[Sp&#233;cial:Journal/block|blocages]] - [[Sp&#233;cial:Journal/protect|protections]]
* [[Wikip&#233;dia:Bulletin des administrateurs/{{CURRENTWEEK.YEAR}}/Semaine {{CURRENTWEEK}}|{{Abr&#233;viation discr&#232;te|BA|Bulletin des administrateurs}} de la semaine]]
&lt;h3&gt;Aide-m&#233;moire&lt;/h3&gt;
{{Article d&#233;taill&#233;|Utilisateur:Gz260/Aide-m&#233;moire{{!}}Aide-m&#233;moire|amorce=Voir}}
{{/Mod&#232;le Cadre/fin}}
&lt;/div&gt;
&lt;!-- Bas de page --&gt;
&lt;br clear="all" /&gt;
&lt;div style="display:block; width:100%;"&gt;
{{/Mod&#232;le Cadre |
titre = Cadeaux |
mod&#232;le = /Cadeaux}}
{{/Mod&#232;le Cadre |
titre = R&#233;compenses |
mod&#232;le = /R&#233;compenses}}
&lt;/div&gt;
&lt;br clear="all" /&gt;
{{/Interwikis}}
&lt;small&gt;([{{fullurl:Utilisateur:Gz260/Interwikis|action=edit}} m])&lt;/small&gt;
&lt;br clear="all" /&gt;
&lt;div style="display:block; width:100%; float:right; border:1px solid #cccc99; vertical-align:middle; text-align:center; background-color:#e2f2df; margin-bottom:5px; padding:0px; -moz-border-radius:1px;"&gt;
{| style="background-color:transparent" width="100%" height="32px"
| style="width:32px; height:32px;" | [[Image:Fairytale key enter-2.png|28px|Avertissement]]
| class="plainlinks" | '''[{{SERVER}}{{localurl:{{NAMESPACE}}:{{PAGENAME}}|action=purge}} Rafra&#238;chir cette page]'''
|}&lt;/div&gt;
{{page personnelle}}

__NOTOC__ __NOEDITSECTION__

&lt;!-- Liens interwiki --&gt;
[[en:User:Gz260]]</text>
      <sha1>25wf08xddkckoh9kawxfmsp6uk236fq</sha1>
      <model>wikitext</model>
      <format>text/x-wiki</format>
    </revision>
  </page>
