<page xmlns="http://www.mediawiki.org/xml/export-0.8/" xmlns:xsi="http://www.w3.org/2001/XMLSchema-instance">
    <title>Utilisateur:Racconish</title>
    <ns>2</ns>
    <id>4395448</id>
    <revision>
      <id>100310852</id>
      <parentid>100212715</parentid>
      <timestamp>2014-01-16T15:18:58Z</timestamp>
      <contributor>
        <username>Racconish</username>
        <id>460796</id>
      </contributor>
      <text xml:space="preserve">{{Ic&#244;ne de titre
|Lien=en:Wikipedia:Service awards#Senior Editor III .28or Labutnum of the Encyclopedia.29
|Image=Master editor 2.png
|taille=18
|Texte=Labutnum}}
{{Ic&#244;ne de titre
|Lien=Cat&#233;gorie:Wikip&#233;dia:Megaloceros
|Image=Megaloceros-B&amp;W.png
|taille=18
|Texte=Megaloceros}}
{{Ic&#244;ne de titre
|Lien=WP:CAr#Arbitres
|Image=Arbitration fez.png
|taille=14
|Texte=Membre du comit&#233; d'arbitrage}}
{{Page personnelle}}
&lt;div style="font-size: 0.8em;letter-spacing: 0.05em"&gt;
&lt;gallery mode=packed heights=195px&gt;
Nadar autoportrait tournant.gif|&lt;center&gt;J'utilise un &lt;span class="plainlinks"&gt;[http://fr.wikipedia.org/w/index.php?title=Sp%C3%A9cial%3ACentralAuth&amp;target=Racconish identifiant unique]&lt;/span&gt; et une [[Utilisateur:Racconish/identit&#233;|cl&#233; publique]].&lt;/center&gt;
Conflict (1936) 1.jpg|&lt;center&gt;J'ai choisi d'appliquer  '''&#171; [[WP:R1R|R1R]] &#187;'''.&lt;/center&gt;
&lt;/gallery&gt;
&lt;gallery mode=packed heights=300px&gt;
Library of Congress, Rosenwald 4, Bl. 5r cropped.jpg|&lt;center&gt;{{Aphorisme|Wikip&#233;dia n'affirme rien, elle [[m:Neutral point of view/fr|rapporte]].|[[Utilisateur:Keriluamox#Principes|Keriluamox]]}}&lt;/center&gt;
Brooklyn Museum - Blind Men Appraising an Elephant - Ohara Donshu.jpg|&lt;center&gt;{{Aphorisme|L'[[:commons:File:Triomphe de la sagesse Paolo Farineti.jpg|ignorance]] est infinie et la [[:commons:File:Wilhelm Tr&#252;bner Dogge mit W&#252;rsten.jpg|patience]],  finie ; mais Wikip&#233;dia pr&#233;suppose l'inverse.|[[:en:WP:CGTW|MastCell]]}}&lt;/center&gt;
&lt;/gallery&gt;&lt;/div&gt;
{{clear}}
&lt;div style="font-size: 0.75em;letter-spacing: 0.05em; Line-Height: 0.5"&gt;{{WPrec}}
{{clear}}
;Sources
*[[:en:Wikipedia:List of online newspaper archives|Articles]]
*[[:en:List of online encyclopedias|Encyclop&#233;dies]]
*[[meta:Free image resources|Images]]
*&lt;span class="plainlinks"&gt;[http://www.artcyclopedia.com/ Tableaux]
*[https://www.mediawiki.org/wiki/Search/CirrusSearchFeatures Wikipedia]&lt;/span&gt;
{{clear}}
{{Autres projets|commons=User:Racconish|wiktionary=User:Racconish|wiktionary titre = Racconish|meta=User:Racconish}}&lt;span class="plainlinks"&gt;
;Contributions
* [http://toolserver.org/~quentinv57/sulinfo/Racconish SUL Info]
* [http://toolserver.org/~pathoschild/crossactivity/?user=Racconish Cross-wiki activities]
* [http://tools.wmflabs.org/guc/?user=Racconishhttp://tools.wmflabs.org/guc/?user=Racconish Global contributions]
* [http://toolserver.org/~erwin85/xcontribs.php?user=Racconish Cross-wikiness]
* [http://toolserver.org/~krinkle/MoreContributions/index.php?username=Racconish&amp;wikidb=&amp;allwikis=on&amp;submit=Go Recent edits]
* [http://toolserver.org/~pathoschild/stalktoy/?target=Racconish&amp;global_groups_per_wiki=on Stalk toy]
* [http://tools.wmflabs.org/glamtools/glamorous.php?doit=1&amp;username=Racconish&amp;use_globalusage=1&amp;ns0=1&amp;show_details=1 Glamorous]
* [http://toolserver.org/~magnus/cgi-bin/flommons.pl?user=Racconish&amp;mode=user_files Flommons]
&lt;/span&gt;&lt;/div&gt;
[[Cat&#233;gorie:Utilisateur pr&#234;t &#224; aider]]
[[ca:usuari:Racconish]]
[[cs:Wikipedista:Racconish]]
[[de:Benutzer:Racconish]]
[[en:User:Racconish]]
[[es:Usuario:Racconish]]
[[fi:K&#228;ytt&#228;j&#228;:Racconish]]
[[hr:Suradnik:Racconish]]
[[it:Utente:Racconish]]
[[ja:&#21033;&#29992;&#32773;:Racconish]]
[[nl:Gebruiker:Racconish]]
[[no:Bruker:Racconish]]
[[pl:Wikipedysta:Racconish]]
[[pt:Usu&#225;rio(a):Racconish]]
[[ro:Utilizator:Racconish]]
[[ru:&#1059;&#1095;&#1072;&#1089;&#1090;&#1085;&#1080;&#1082;:Racconish]]
[[sh:Korisnik:Racconish]]
[[sv:Anv&#228;ndare:Racconish]]
[[tr:Kullan&#305;c&#305;:Racconish]]</text>
      <sha1>7tcnu3fnbaa0qyutpdgt6wuufeq6lj0</sha1>
      <model>wikitext</model>
      <format>text/x-wiki</format>
    </revision>
  </page>
