<page xmlns="http://www.mediawiki.org/xml/export-0.8/" xmlns:xsi="http://www.w3.org/2001/XMLSchema-instance">
    <title>Utilisateur:Dumoulinb</title>
    <ns>2</ns>
    <id>4167853</id>
    <revision>
      <id>49457797</id>
      <parentid>45993163</parentid>
      <timestamp>2010-01-31T16:54:42Z</timestamp>
      <contributor>
        <username>H&#233;g&#233;sippe Cormier</username>
        <id>6155</id>
      </contributor>
      <minor/>
      <comment>d&#233;pkac&#233; vers page de discussion</comment>
      <text xml:space="preserve">Utilisateur bloqu&#233; ind&#233;finiment. [[Utilisateur:Vyk|Vyk]] &amp;#124; [[Discussion utilisateur:Vyk|&#9993;]] 17 octobre 2009 &#224; 18:50 (CEST)
: Voir aussi la page '''[[Wikip&#233;dia:Faux-nez/Dumoulinb]]'''.</text>
      <sha1>69y47pmcev7a6gyu3sx6mrdt66l72l0</sha1>
      <model>wikitext</model>
      <format>text/x-wiki</format>
    </revision>
  </page>
