<page xmlns="http://www.mediawiki.org/xml/export-0.8/" xmlns:xsi="http://www.w3.org/2001/XMLSchema-instance">
    <title>Utilisateur:Jack in the box</title>
    <ns>2</ns>
    <id>2001142</id>
    <revision>
      <id>88116129</id>
      <parentid>88116085</parentid>
      <timestamp>2013-01-27T17:18:47Z</timestamp>
      <contributor>
        <username>Jack in the box</username>
        <id>294230</id>
      </contributor>
      <text xml:space="preserve">Bonjour,
Que dire ? Que dire...
{{Glyptodon mop}}
{{Bo&#238;te Utilisateur|fr|en-1|oc-1|1956|origine Occitanie|stochocratie|Touche-&#224;-tout|Virgules|antitf1|Panda anti-OGM|Primate|loi de murphy}}</text>
      <sha1>tczj4xpx39fiptnkkxmgs0xsrql7usr</sha1>
      <model>wikitext</model>
      <format>text/x-wiki</format>
    </revision>
  </page>
