<page xmlns="http://www.mediawiki.org/xml/export-0.8/" xmlns:xsi="http://www.w3.org/2001/XMLSchema-instance">
    <title>Utilisateur:Dfeldmann</title>
    <ns>2</ns>
    <id>1616452</id>
    <revision>
      <id>100829992</id>
      <parentid>97660624</parentid>
      <timestamp>2014-02-02T09:30:28Z</timestamp>
      <contributor>
        <username>Dfeldmann</username>
        <id>146348</id>
      </contributor>
      <minor/>
      <text xml:space="preserve">{{Utilisateur:Dfeldmann/HautPage}}
&lt;!--{{wikislow}}--&gt;
 {{Ic&#244;ne Tigre &#224; dents de sabre}}
&lt;table&gt;&lt;tr&gt;&lt;td&gt;
{{Utilisateur Wikip&#233;dia:Tigre &#224; dents de sabre}}
&lt;/td&gt;&lt;/tr&gt;
&lt;/table&gt;
&lt;br/&gt;
Je suis fran&#231;ais, professeur de math&#233;matiques (en [[classe pr&#233;pa]] [[Technologie_et_sciences_industrielles|TSI]]) et joueur de [[Jeu de go |go]] (3&lt;sup&gt;&#232;me&lt;/sup&gt; dan), n&#233; en 1949. J'ai un site personnel refl&#233;tant l'ensemble de mes int&#233;r&#234;ts  &#224; [http://denisfeldmann.fr denisfeldmann.fr].  Bien qu'ardent d&#233;fenseur de Wikip&#233;dia depuis ses d&#233;buts, je ne me suis inscrit en tant que contributeur r&#233;gulier que depuis septembre 2006, et ne me suis s&#233;rieusement investi  qu'&#224; partir de l'&#233;t&#233; 2009. J'avais, &#224; titre exp&#233;rimental, tent&#233; alors de cr&#233;er une page sur l'[[Utilisateur:Dfeldmann/Impossibilit&#233; (math&#233;matiques)|impossibilit&#233;]] (en math&#233;matiques), dont vous pouvez encore consulter le brouillon, mais on m'a s&#233;rieusement dissuad&#233; de la continuer sous cette forme, et je ne m'occupe plus depuis que de projets compatibles avec [[Wikip&#233;dia:Principes_fondateurs|les principes fondateurs]]... (&#224; ce sujet, je recommande chaudement [[Utilisateur:Alchemica/Erreurs_&#224;_ne_pas_commettre|ce tr&#232;s beau texte]], d&#251; &#224; [[Utilisateur:Alchemica|Alchemica]], ainsi que [[Utilisateur:Letartean/&#192;Rome|celui-ci]], d&#251; &#224; [[Utilisateur:Letartean|Letartean]]).


{{Utilisateur Contributions|23000}}
{{Utilisateur Articles de qualit&#233;|2}}
{{Utilisateur Bons articles|2}}
&lt;br/&gt;&lt;br/&gt;
{{Utilisateur Charte du contributeur en science}}
{{Utilisateur WikiGnome}}
{{Utilisateur wikEd}}
{{#babel:fr|en-3|es-1|ja-0|zh-0}}
&lt;br/&gt;&lt;br/&gt;&lt;br/&gt;&lt;br/&gt;
{{Utilisateur 1949}}
{{Utilisateur math&#233;matiques}}

{{Utilisateur GO}}

{{Utilisateur science-fiction}}

{{Utilisateur litt&#233;rature}}

{{Utilisateur cuisine}}
&lt;br/&gt;&lt;br/&gt;&lt;br/&gt;&lt;br/&gt;&lt;br/&gt;&lt;br/&gt;&lt;br/&gt;&lt;br/&gt;&lt;br/&gt;&lt;br/&gt;&lt;br/&gt;&lt;br/&gt;
{{Page personnelle}}</text>
      <sha1>hob8vhg88fsbl9q74455f85tokjn4k6</sha1>
      <model>wikitext</model>
      <format>text/x-wiki</format>
    </revision>
  </page>
