<page xmlns="http://www.mediawiki.org/xml/export-0.8/" xmlns:xsi="http://www.w3.org/2001/XMLSchema-instance">
    <title>Utilisateur:MedBot</title>
    <ns>2</ns>
    <id>66965</id>
    <revision>
      <id>44697431</id>
      <parentid>30133698</parentid>
      <timestamp>2009-09-10T18:20:37Z</timestamp>
      <contributor>
        <username>Bub's wikibot</username>
        <id>373944</id>
      </contributor>
      <minor/>
      <comment>Robot : Nouveau syst&#232;me de cat&#233;gorisation des bots</comment>
      <text xml:space="preserve">MedBot est &#9472; comme son nom l'indique &#9472; un [[Wikip&#233;dia:bot|bot]] dont la principale fonction est d'ajouter automatiquement des liens [[InterWiki]]s aux pages de Wikip&#233;dia. Son dresseur &#8212; &#244; surprise &#8212; est [[Utilisateur:Med|Med]].

Vous pouvez demander ses services en lui laissant un message dans [[Wikip&#233;dia:Bot/Requ&#234;tes|cette page]].

{{bot|Med|masqu&#233;=1|autoris&#233;=11 avril 2004|sommeil=1|ancien=23 mai 2008}}</text>
      <sha1>02ygp3qge8gxmnvg56tyxf1nz07gr34</sha1>
      <model>wikitext</model>
      <format>text/x-wiki</format>
    </revision>
  </page>
