<page xmlns="http://www.mediawiki.org/xml/export-0.8/" xmlns:xsi="http://www.w3.org/2001/XMLSchema-instance">
    <title>Utilisateur:Ybourgogne</title>
    <ns>2</ns>
    <id>1110660</id>
    <revision>
      <id>81467581</id>
      <parentid>47585700</parentid>
      <timestamp>2012-08-01T17:32:31Z</timestamp>
      <contributor>
        <username>Orlodrim</username>
        <id>628189</id>
      </contributor>
      <minor/>
      <comment>Remplacement du mod&#232;le {{Lien sur ic&#244;ne}} avant sa suppression</comment>
      <text xml:space="preserve">{| cellspacing="0" cellpadding="0" style="border-left:1px solid #006699; border-right:1px solid #996600;margin-bottom:0.5em;"
| width="30%" valign="top" bgcolor="#EAF5FB" style="border-bottom:1px solid #006699; border-right:1px solid #006699;"|
{| cellspacing="0" cellpadding="5" width="100%" style="border-top:1px solid #006699;"
| align="center" bgcolor="#D0E2EE" |&lt;big&gt;Bienvenue sur Wikiyvhenn&lt;/big&gt;
|-
| style="border-top:1px solid #006699;" align="left" bgcolor="#EAF5FB"|

{|width="20%" align="center"
|&lt;div class="plainlinks"&gt;&lt;div class="usermessage"&gt;&lt;center&gt;[[Image:Nuvola apps email.png|50 px|center]]&lt;br&gt;
[http://fr.wikipedia.org/w/index.php?title=Discussion_Utilisateur:Ybourgogne&amp;action=edit&amp;section=new Ajouter un nouveau message]&lt;/center&gt;&lt;/div&gt;&lt;/font&gt;
|}

{{Bo&#238;te Utilisateur|fr|Wikifr|origine Bourgogne|habite Bourgogne|bregognon|habite Charolais|histoire|Lecture|Projet/Agrop&#233;dia|Projet/Droit|Ekopedia|Wikip&#233;dia:Tigre &#224; dents de sabre|nocat={{#ifeq:{{PAGENAME}}|{{BASEPAGENAME}}||oui}} }}

Bonjour.
Je vous souhaite la bienvenue si vous &#234;tes un nouveau contributeur. J&#8217;esp&#232;re qu'ensemble nous pourrons r&#233;diger une encyclop&#233;die de qualit&#233;.
N&#8217;h&#233;sitez pas &#224; me laisser un message sur ma page de discussion.

{{Tigre &#224; dents de sabre mop}}

=== Contributions importantes ===

J'apporte ma contribution dans de nombreux domaines, dont :

* [[Charolais]]
* [[Association]]
* [[Organisations professionnelles agricoles]]
* [[Bourgogne]]

=== Projets ===

{{Utilisateur Projet/Sa&#244;ne-et-Loire}}Un de mes principale projet : mettre en place un v&#233;ritable portail sur le [[Pays Charolais Brionnais]]

[[Fichier:Blason fr Bourgogne.svg|100px|link=Bourgogne]]&lt;br /&gt;[[Fichier:Blason Charolais.svg|100px|link=Charolais]]</text>
      <sha1>5erq4y8e1pwy9cxmhfb0lt2qaipmusw</sha1>
      <model>wikitext</model>
      <format>text/x-wiki</format>
    </revision>
  </page>
