<page xmlns="http://www.mediawiki.org/xml/export-0.8/" xmlns:xsi="http://www.w3.org/2001/XMLSchema-instance">
    <title>Utilisateur:Fabrice Ferrer</title>
    <ns>2</ns>
    <id>5891522</id>
    <revision>
      <id>100674134</id>
      <parentid>99697942</parentid>
      <timestamp>2014-01-28T09:05:52Z</timestamp>
      <contributor>
        <username>Fabrice Ferrer</username>
        <id>64027</id>
      </contributor>
      <minor/>
      <comment>zap</comment>
      <text xml:space="preserve">[[File:Bombed.jpg]]</text>
      <sha1>p5r3w5hswmt9h0v33yrymorosj9cr1i</sha1>
      <model>wikitext</model>
      <format>text/x-wiki</format>
    </revision>
  </page>
