<page xmlns="http://www.mediawiki.org/xml/export-0.8/" xmlns:xsi="http://www.w3.org/2001/XMLSchema-instance">
    <title>Utilisateur:ConradMayhew</title>
    <ns>2</ns>
    <id>5440576</id>
    <revision>
      <id>84194777</id>
      <parentid>83926408</parentid>
      <timestamp>2012-10-16T23:02:32Z</timestamp>
      <contributor>
        <username>ConradMayhew</username>
        <id>1025561</id>
      </contributor>
      <comment>Razzia!</comment>
      <text xml:space="preserve"/>
      <sha1>phoiac9h4m842xq45sp7s6u21eteeq1</sha1>
      <model>wikitext</model>
      <format>text/x-wiki</format>
    </revision>
  </page>
