<page xmlns="http://www.mediawiki.org/xml/export-0.8/" xmlns:xsi="http://www.w3.org/2001/XMLSchema-instance">
    <title>Utilisateur:YBM</title>
    <ns>2</ns>
    <id>346989</id>
    <revision>
      <id>6796446</id>
      <parentid>5126933</parentid>
      <timestamp>2006-04-20T12:01:11Z</timestamp>
      <contributor>
        <username>YBM</username>
        <id>32878</id>
      </contributor>
      <comment>rv vandalisme</comment>
      <text xml:space="preserve">Ceci est ta page personnelle, '''{{PAGENAME}}'''.&lt;br /&gt;
N'h&#233;site pas &#224; la modifier et &#224; t'y pr&#233;senter.&lt;br /&gt; [[Utilisateur:C&#233;r&#233;ales Killer|&#169;&#233;r&#233;ales Kille&#174;]] [mailto:cerkil(at)free.fr |] [[Discussion Utilisateur:C&#233;r&#233;ales Killer||&#9786;]] 3 ao&#251;t 2005 &#224; 18:39 (CEST)</text>
      <sha1>2za4up5c4ne0zrfokuv3npmaj08yr6y</sha1>
      <model>wikitext</model>
      <format>text/x-wiki</format>
    </revision>
  </page>
