<page xmlns="http://www.mediawiki.org/xml/export-0.8/" xmlns:xsi="http://www.w3.org/2001/XMLSchema-instance">
    <title>Utilisateur:DocteurCosmos</title>
    <ns>2</ns>
    <id>246423</id>
    <revision>
      <id>97489802</id>
      <parentid>90139576</parentid>
      <timestamp>2013-10-15T09:25:19Z</timestamp>
      <contributor>
        <username>DocteurCosmos</username>
        <id>22107</id>
      </contributor>
      <comment>simplification</comment>
      <text xml:space="preserve">{{admin mop}}
{{Ic&#244;ne de titre
|Lien=Wikip&#233;dia:Wikim&#233;dia France
|Image=Wikimedia France logo.svg
|Texte=Cet utilisateur est membre de Wikim&#233;dia France.
|Taille=40
}}
{{Bo&#238;te Babel|fr|en-2}}
Quelques ''sages'' paroles de contributeurs encore en activit&#233; ou non :

* [http://fr.wikipedia.org/w/index.php?title=Wikip%C3%A9dia:Le_Bistro/3_janvier_2008&amp;diff=prev&amp;oldid=24630188 le 3 janvier 2008], par {{u|Luscianusbeneditus}}
* [http://fr.wikipedia.org/w/index.php?title=Wikip%C3%A9dia:Le_Bistro/21_janvier_2008&amp;diff=prev&amp;oldid=25237411 le 21 janvier 2008], par {{u|Loudon dodd}}
* [http://fr.wikipedia.org/w/index.php?title=Wikip%C3%A9dia:Pages_%C3%A0_supprimer/Th%C3%A9ories_sur_l%27origine_de_Christophe_Colomb&amp;diff=27259265&amp;oldid=27236317 le 11 mars 2008], par {{u|EL}}
* [http://fr.wikipedia.org/w/index.php?title=Wikip%C3%A9dia:Le_Bistro/17_mars_2008&amp;diff=27477445&amp;oldid=27477424 le 17 mars 2008], par {{u|Lgd}}
* [http://fr.wikipedia.org/w/index.php?title=Wikip%C3%A9dia:Le_Bistro/12_juin_2008&amp;diff=prev&amp;oldid=30586806 le 12 juin 2008], par {{u|Marc Mongenet}}
* [http://fr.wikipedia.org/w/index.php?title=Wikip%C3%A9dia:Le_Bistro/7_juillet_2008&amp;diff=prev&amp;oldid=31374938 le 7 juillet 2008] par {{u|gede}}
* [http://fr.wikipedia.org/w/index.php?title=Wikip%C3%A9dia:Le_Bistro/6_janvier_2009&amp;diff=36803336&amp;oldid=36803322 le 6 janvier 2009] par {{u|EdC}}
* [http://fr.wikipedia.org/w/index.php?title=Wikip%C3%A9dia:Le_Bistro/9_janvier_2009&amp;diff=prev&amp;oldid=36905665 le 9 janvier 2009] par {{u|Arnaudus}}
* [http://fr.wikipedia.org/w/index.php?title=Wikip%C3%A9dia:Le_Bistro/8_f%C3%A9vrier_2009&amp;diff=37819038&amp;oldid=37818930 le 8 f&#233;vrier 2009] par {{u|Touriste}}
* [http://fr.wikipedia.org/w/index.php?title=Wikip%C3%A9dia:Le_Bistro/10_mai_2009&amp;diff=prev&amp;oldid=40747223 le 10 mai 2009] par {{u|GL}}
* [http://fr.wikipedia.org/w/index.php?title=Wikip%C3%A9dia:Le_Bistro/16_juin_2010&amp;diff=54360424&amp;oldid=54360255 le 16 juin 2010] par {{u|Touriste}}
* [http://fr.wikipedia.org/w/index.php?title=Wikip%C3%A9dia:Le_Bistro/15_juillet_2010&amp;diff=55246093&amp;oldid=55245270 le 16 juillet 2010] par {{u|Kropotkine 113}}
* [http://fr.wikipedia.org/w/index.php?title=Wikip%C3%A9dia:Le_Bistro/29_octobre_2011&amp;diff=71554884&amp;oldid=71554708 le 29 octobre 2011] par {{u|Arnaudus}}
* [http://fr.wikipedia.org/w/index.php?title=Wikip%C3%A9dia:Le_Bistro/16_novembre_2011&amp;diff=72186609&amp;oldid=72186547 le 16 novembre 2011] par {{u|Touriste}}
* [http://fr.wikipedia.org/w/index.php?title=Wikip%C3%A9dia:Le_Bistro/12_mars_2013&amp;diff=prev&amp;oldid=89972550 le 13 mars 2013] par {{u|Touriste}}

[[da:Bruger:DocteurCosmos]]
[[de:Benutzer:DocteurCosmos]]
[[el:&#935;&#961;&#942;&#963;&#964;&#951;&#962;:DocteurCosmos]]
[[en:User:DocteurCosmos]]
[[eo:Vikipediisto:DocteurCosmos]]
[[es:Usuario:DocteurCosmos]]
[[fi:K&#228;ytt&#228;j&#228;:DocteurCosmos]]
[[fo:Br&#250;kari:DocteurCosmos]]
[[it:Utente:DocteurCosmos]]
[[is:Notandi:DocteurCosmos]]
[[ja:&#21033;&#29992;&#32773;:DocteurCosmos]]
[[la:Usor:DocteurCosmos]]
[[nl:Gebruiker:DocteurCosmos]]
[[pl:Wikipedysta:DocteurCosmos]]
[[pt:Usu&#225;rio:DocteurCosmos]]
[[tl:User:DocteurCosmos]]
[[tr:Kullan&#305;c&#305;:DocteurCosmos]]
[[vi:Th&#224;nh vi&#234;n:DocteurCosmos]]
[[vo:Geban:DocteurCosmos]]
[[zh:User:DocteurCosmos]]</text>
      <sha1>00q5v8ykvcef6dfofvy91jjjzuadinl</sha1>
      <model>wikitext</model>
      <format>text/x-wiki</format>
    </revision>
  </page>
