<page xmlns="http://www.mediawiki.org/xml/export-0.8/" xmlns:xsi="http://www.w3.org/2001/XMLSchema-instance">
    <title>Utilisateur:Thibault Lemaitre</title>
    <ns>2</ns>
    <id>5362833</id>
    <revision>
      <id>63291880</id>
      <parentid>63290808</parentid>
      <timestamp>2011-03-17T18:02:40Z</timestamp>
      <contributor>
        <username>Thibault Lemaitre</username>
        <id>951857</id>
      </contributor>
      <minor/>
      <comment>modification boite utilisateur</comment>
      <text xml:space="preserve">{{BUd&#233;but}}
{{Utilisateur Wikip&#233;dia:Date|ann&#233;e=2010|mois=11|jour=30}}
{{Utilisateur origine Pays de la Loire}}
{{Utilisateur habite Pays de la Loire}}
{{Utilisateur fr}}
{{Utilisateur en-2}}
{{Utilisateur de-1}}
{{BUfin}}</text>
      <sha1>d5z7qwntfkrdbyzz47k6lse3ogz3zq6</sha1>
      <model>wikitext</model>
      <format>text/x-wiki</format>
    </revision>
  </page>
