<page xmlns="http://www.mediawiki.org/xml/export-0.8/" xmlns:xsi="http://www.w3.org/2001/XMLSchema-instance">
    <title>Utilisateur:GL</title>
    <ns>2</ns>
    <id>140192</id>
    <revision>
      <id>81897820</id>
      <parentid>81897815</parentid>
      <timestamp>2012-08-14T12:35:15Z</timestamp>
      <contributor>
        <username>Salebot</username>
        <id>173239</id>
      </contributor>
      <comment>bot : r&#233;vocation de [[Special:Contributions/2604:6600:1094:0:225:90FF:FE10:634|2604:6600:1094:0:225:90FF:FE10:634]] (modification suspecte : -28), retour &#224; la version 75736484 de Lomita</comment>
      <text xml:space="preserve">Comme je suis administrateur, il est possible de contester ce statut en utilisant la proc&#233;dure d&#233;crite dans [[Wikip&#233;dia:Contestation du statut d'administrateur]].

==Divers==

[[Aide:Cartographie]] [[:de:Rheinquelle]] [[Eichsfeld]] [[Liste des landgraves de Hesse-Hombourg]]

{| class="wikitable sortable"
! Nom (de) !! Taille (de) !! Label (de) !! Nom (fr) !! Taille (fr) !! Label (fr) !! Ratio taille
|-
|[[:de:Freiburg im Breisgau]] || 146290|| BA || [[:fr:Fribourg-en-Brisgau]] || 15116 ||  || 1/9
|-
|[[:de:Friedrichshafen]] || 79690||  || [[:fr:Friedrichshafen]] || 4115 ||  || 1/19
|-
|[[:de:Ravensburg]] || 76301||  || [[:fr:Ravensbourg]] || 2299 ||  || 1/33
|-
|[[:de:Weingarten (W&#252;rttemberg)]] || 52245||  || [[:fr:Weingarten (Wurtemberg)]] || 1910 ||  || 1/27
|-
|[[:de:Heidelberg]] || 116761|| BA || [[:fr:Heidelberg]] || 16829 ||  || 1/6
|-
|[[:de:Heilbronn]] || 97647||  || [[:fr:Heilbronn]] || 5660 ||  || 1/17
|-
|[[:de:Karlsruhe]] || 89527||  || [[:fr:Karlsruhe]] || 19052 ||  || 1/4
|-
|[[:de:Konstanz]] || 95132||  || [[:fr:Constance (Allemagne)]] || 8066 ||  || 1/11
|-
|[[:de:L&#246;rrach]] || 109437|| AdQ || [[:fr:L&#246;rrach]] || 4481 ||  || 1/24
|-
|[[:de:Weil am Rhein]] || 38202||  || [[:fr:Weil-am-Rhein]] || 3082 ||  || 1/12
|-
|[[:de:Mannheim]] || 90192|| BA || [[:fr:Mannheim]] || 48327 ||  || 1/1
|-
|[[:de:Ludwigshafen am Rhein]] || 49098||  || [[:fr:Ludwigshafen]] || 6913 ||  || 1/7
|-
|[[:de:Offenburg]] || 46346||  || [[:fr:Offenbourg]] || 5331 ||  || 1/8
|-
|[[:de:Pforzheim]] || 53736||  || [[:fr:Pforzheim]] || 4359 ||  || 1/12
|-
|[[:de:Stuttgart]] || 146698||  || [[:fr:Stuttgart]] || 50262 ||  || 1/2
|-
|[[:de:T&#252;bingen]] || 94099||  || [[:fr:T&#252;bingen]] || 5424 ||  || 1/17
|-
|[[:de:Reutlingen]] || 61011||  || [[:fr:Reutlingen]] || 15306 ||  || 1/3
|-
|[[:de:Ulm]] || 151832|| BA || [[:fr:Ulm]] || 11888 ||  || 1/12
|-
|[[:de:Neu-Ulm]] || 47928||  || [[:fr:Neu-Ulm]] || 2917 ||  || 1/16
|-
|[[:de:Villingen-Schwenningen]] || 74905||  || [[:fr:Villingen-Schwenningen]] || 5509 ||  || 1/13
|-
|[[:de:Baden-Baden]] || 58124||  || [[:fr:Baden-Baden]] || 14303 ||  || 1/4
|-
|[[:de:Sigmaringen]] || 72382||  || [[:fr:Sigmaringen]] || 5981 ||  || 1/12
|-
|[[:de:Aalen]] || 101452|| BA || [[:fr:Aalen]] || 3165 ||  || 1/32
|-
|[[:de:Ellwangen (Jagst)]] || 80485|| BA || [[:fr:Ellwangen]] || 2206 ||  || 1/36
|-
|[[:de:Heidenheim an der Brenz]] || 48879||  || [[:fr:Heidenheim an der Brenz]] || 2225 ||  || 1/21
|-
|[[:de:Schw&#228;bisch Gm&#252;nd]] || 64744||  || [[:fr:Schw&#228;bisch Gm&#252;nd]] || 2576 ||  || 1/25
|-
|[[:de:Amberg]] || 48577||  || [[:fr:Amberg]] || 2210 ||  || 1/21
|-
|[[:de:Ansbach]] || 33841||  || [[:fr:Ansbach]] || 7301 ||  || 1/4
|-
|[[:de:Aschaffenburg]] || 61275||  || [[:fr:Aschaffenbourg]] || 13466 ||  || 1/4
|-
|[[:de:Augsburg]] || 191350|| AdQ || [[:fr:Augsbourg]] || 12751 ||  || 1/15
|-
|[[:de:Bamberg]] || 114235||  || [[:fr:Bamberg]] || 6845 ||  || 1/16
|-
|[[:de:Bayreuth]] || 76959||  || [[:fr:Bayreuth]] || 8426 ||  || 1/9
|-
|[[:de:Coburg]] || 77033|| BA || [[:fr:Cobourg]] || 17476 ||  || 1/4
|-
|[[:de:Deggendorf]] || 23054||  || [[:fr:Deggendorf]] || 3631 ||  || 1/6
|-
|[[:de:Plattling]] || 19511||  || [[:fr:Plattling]] || 860 ||  || 1/22
|-
|[[:de:Hof (Saale)]] || 59006||  || [[:fr:Hof (Bavi&#232;re)]] || 1526 ||  || 1/38
|-
|[[:de:Ingolstadt]] || 116723|| BA || [[:fr:Ingolstadt]] || 8038 ||  || 1/14
|-
|[[:de:Kempten (Allg&#228;u)]] || 32306||  || [[:fr:Kempten (Allg&#228;u)]] || 3348 ||  || 1/9
|-
|[[:de:Landshut]] || 119819|| BA || [[:fr:Landshut]] || 20278 ||  || 1/5
|-
|[[:de:Memmingen]] || 103586|| AdQ || [[:fr:Memmingen]] || 2270 ||  || 1/45
|-
|[[:de:M&#252;nchen]] || 111749||  || [[:fr:Munich]] || 49629 ||  || 1/2
|-
|[[:de:Neu-Ulm]] || 47928||  || [[:fr:Neu-Ulm]] || 2917 ||  || 1/16
|-
|[[:de:Ulm]] || 151832|| BA || [[:fr:Ulm]] || 11888 ||  || 1/12
|-
|[[:de:N&#252;rnberg]] || 131208||  || [[:fr:Nuremberg]] || 25725 ||  || 1/5
|-
|[[:de:Erlangen]] || 141965||  || [[:fr:Erlangen]] || 3913 ||  || 1/36
|-
|[[:de:F&#252;rth]] || 49025||  || [[:fr:F&#252;rth]] || 4726 ||  || 1/10
|-
|[[:de:Passau]] || 49697||  || [[:fr:Passau]] || 7737 ||  || 1/6
|-
|[[:de:Regensburg]] || 92544|| AdQ || [[:fr:Ratisbonne]] || 17312 ||  || 1/5
|-
|[[:de:Rosenheim]] || 61398||  || [[:fr:Rosenheim]] || 3860 ||  || 1/15
|-
|[[:de:Schweinfurt]] || 58101||  || [[:fr:Schweinfurt]] || 3971 ||  || 1/14
|-
|[[:de:Straubing]] || 33772||  || [[:fr:Straubing]] || 4380 ||  || 1/7
|-
|[[:de:Weiden in der Oberpfalz]] || 53411||  || [[:fr:Weiden in der Oberpfalz]] || 2448 ||  || 1/21
|-
|[[:de:W&#252;rzburg]] || 105789||  || [[:fr:Wurtzbourg]] || 18329 ||  || 1/5
|-
|[[:de:Freising]] || 82313||  || [[:fr:Freising]] || 2157 ||  || 1/38
|-
|[[:de:Garmisch-Partenkirchen]] || 27570||  || [[:fr:Garmisch-Partenkirchen]] || 9787 ||  || 1/2
|-
|[[:de:Kaufbeuren]] || 22614||  || [[:fr:Kaufbeuren]] || 1921 ||  || 1/11
|-
|[[:de:Kulmbach]] || 29757||  || [[:fr:Kulmbach]] || 1709 ||  || 1/17
|-
|[[:de:Marktredwitz]] || 14597||  || [[:fr:Marktredwitz]] || 1172 ||  || 1/12
|-
|[[:de:Wunsiedel]] || 16085||  || [[:fr:Wunsiedel]] || 4273 ||  || 1/3
|-
|[[:de:Neumarkt in der Oberpfalz]] || 94345|| AdQ || [[:fr:Neumarkt in der Oberpfalz]] || 1738 ||  || 1/54
|-
|[[:de:Schwabach]] || 32965||  || [[:fr:Schwabach]] || 1679 ||  || 1/19
|-
|[[:de:Traunstein]] || 24858||  || [[:fr:Traunstein]] || 9805 ||  || 1/2
|-
|[[:de:Berlin]] || 131002|| BA || [[:fr:Berlin]] || 57461 ||  || 1/2
|-
|[[:de:Brandenburg an der Havel]] || 69891||  || [[:fr:Brandebourg-sur-la-Havel]] || 9310 ||  || 1/7
|-
|[[:de:Cottbus]] || 81012|| BA || [[:fr:Cottbus]] || 3496 ||  || 1/23
|-
|[[:de:Frankfurt (Oder)]] || 101197||  || [[:fr:Francfort-sur-l'Oder]] || 7817 ||  || 1/12
|-
|[[:de:Potsdam]] || 111955|| AdQ || [[:fr:Potsdam]] || 8665 ||  || 1/12
|-
|[[:de:Bremen]] || 111935|| BA || [[:fr:Br&#234;me]] || 17239 ||  || 1/6
|-
|[[:de:Bremerhaven]] || 82135||  || [[:fr:Bremerhaven]] || 6746 ||  || 1/12
|-
|[[:de:Hamburg]] || 138906|| BA || [[:fr:Hambourg]] || 34020 ||  || 1/4
|-
|[[:de:Hamburg-Harburg]] || 25532||  || [[:fr:Hambourg]] || 34020 ||  || 1/0
|-
|[[:de:Cuxhaven]] || 46247||  || [[:fr:Cuxhaven]] || 7020 ||  || 1/6
|-
|[[:de:Stade]] || 46566||  || [[:fr:Stade (Allemagne)]] || 3214 ||  || 1/14
|-
|[[:de:L&#252;neburg]] || 66329||  || [[:fr:Lunebourg]] || 3874 ||  || 1/17
|-
|[[:de:Darmstadt]] || 69388||  || [[:fr:Darmstadt]] || 15587 ||  || 1/4
|-
|[[:de:Frankfurt am Main]] || 157328|| AdQ || [[:fr:Francfort-sur-le-Main]] || 31881 ||  || 1/4
|-
|[[:de:Fulda]] || 71211||  || [[:fr:Fulda]] || 21921 ||  || 1/3
|-
|[[:de:Gie&#223;en]] || 76207||  || [[:fr:Gie&#223;en]] || 8793 ||  || 1/8
|-
|[[:de:Hanau]] || 33536||  || [[:fr:Hanau]] || 5136 ||  || 1/6
|-
|[[:de:Kassel]] || 82565||  || [[:fr:Cassel (Hesse)]] || 8859 ||  || 1/9
|-
|[[:de:Marburg]] || 121305||  || [[:fr:Marbourg]] || 23639 ||  || 1/5
|-
|[[:de:Offenbach am Main]] || 81203||  || [[:fr:Offenbach-sur-le-Main]] || 4780 ||  || 1/16
|-
|[[:de:Wetzlar]] || 99143|| AdQ || [[:fr:Wetzlar]] || 17526 ||  || 1/5
|-
|[[:de:Wiesbaden]] || 133580|| AdQ || [[:fr:Wiesbaden]] || 18617 ||  || 1/7
|-
|[[:de:Mainz]] || 122197|| AdQ || [[:fr:Mayence]] || 22906 ||  || 1/5
|-
|[[:de:Bad Hersfeld]] || 64163||  || [[:fr:Bad Hersfeld]] || 2567 ||  || 1/24
|-
|[[:de:Friedberg (Hessen)]] || 28253||  || [[:fr:Friedberg (Hesse)]] || 1890 ||  || 1/14
|-
|[[:de:Bad Nauheim]] || 41059||  || [[:fr:Bad Nauheim]] || 3184 ||  || 1/12
|-
|[[:de:Limburg an der Lahn]] || 39815||  || [[:fr:Limburg an der Lahn]] || 6427 ||  || 1/6
|-
|[[:de:Diez]] || 22164||  || [[:fr:Diez (ville)]] || 1335 ||  || 1/16
|-
|[[:de:R&#252;sselsheim]] || 56326||  || [[:fr:R&#252;sselsheim]] || 4327 ||  || 1/13
|-
|[[:de:Neubrandenburg]] || 54775||  || [[:fr:Neubrandenbourg]] || 9259 ||  || 1/5
|-
|[[:de:Rostock]] || 115562|| AdQ || [[:fr:Rostock]] || 22659 ||  || 1/5
|-
|[[:de:Schwerin]] || 90719|| BA || [[:fr:Schwerin]] || 5310 ||  || 1/17
|-
|[[:de:Stralsund]] || 46170||  || [[:fr:Stralsund]] || 6451 ||  || 1/7
|-
|[[:de:Greifswald]] || 81668||  || [[:fr:Greifswald]] || 6442 ||  || 1/12
|-
|[[:de:Celle]] || 59537||  || [[:fr:Celle (Allemagne)]] || 2748 ||  || 1/21
|-
|[[:de:G&#246;ttingen]] || 131226||  || [[:fr:G&#246;ttingen]] || 9634 ||  || 1/13
|-
|[[:de:Hannover]] || 120700||  || [[:fr:Hanovre]] || 20991 ||  || 1/5
|-
|[[:de:Hildesheim]] || 69673||  || [[:fr:Hildesheim]] || 18944 ||  || 1/3
|-
|[[:de:L&#252;neburg]] || 66329||  || [[:fr:Lunebourg]] || 3874 ||  || 1/17
|-
|[[:de:Oldenburg (Oldenburg)]] || 103947||  || [[:fr:Oldenbourg]] || 13659 ||  || 1/7
|-
|[[:de:Osnabr&#252;ck]] || 91819||  || [[:fr:Osnabr&#252;ck]] || 8078 ||  || 1/11
|-
|[[:de:Salzgitter]] || 85909||  || [[:fr:Salzgitter]] || 2230 ||  || 1/38
|-
|[[:de:Braunschweig]] || 105918|| AdQ || [[:fr:Brunswick (Basse-Saxe)]] || 9151 ||  || 1/11
|-
|[[:de:Wolfsburg]] || 61791||  || [[:fr:Wolfsbourg]] || 5682 ||  || 1/10
|-
|[[:de:Wilhelmshaven]] || 158861||  || [[:fr:Wilhelmshaven]] || 2485 ||  || 1/63
|-
|[[:de:Delmenhorst]] || 35846||  || [[:fr:Delmenhorst]] || 2502 ||  || 1/14
|-
|[[:de:Emden]] || 98080|| AdQ || [[:fr:Emden]] || 8000 ||  || 1/12
|-
|[[:de:Hameln]] || 45519||  || [[:fr:Hamelin (Allemagne)]] || 4631 ||  || 1/9
|-
|[[:de:Langenhagen]] || 31703||  || [[:fr:Langenhagen]] || 1036 ||  || 1/30
|-
|[[:de:Lingen (Ems)]] || 45130||  || [[:fr:Lingen]] || 1524 ||  || 1/29
|-
|[[:de:Nordhorn]] || 68467||  || [[:fr:Nordhorn]] || 53460 ||  || 1/1
|-
|[[:de:Aachen]] || 135659|| BA || [[:fr:Aix-la-Chapelle]] || 15932 ||  || 1/8
|-
|[[:de:Bielefeld]] || 114284|| AdQ || [[:fr:Bielefeld]] || 6749 ||  || 1/16
|-
|[[:de:Bochum]] || 79454|| BA || [[:fr:Bochum]] || 6561 ||  || 1/12
|-
|[[:de:Bonn]] || 94960|| AdQ || [[:fr:Bonn]] || 12668 ||  || 1/7
|-
|[[:de:Dortmund]] || 162323|| BA || [[:fr:Dortmund]] || 17193 ||  || 1/9
|-
|[[:de:D&#252;sseldorf]] || 206245|| BA || [[:fr:D&#252;sseldorf]] || 15414 ||  || 1/13
|-
|[[:de:Duisburg]] || 111606||  || [[:fr:Duisbourg]] || 9037 ||  || 1/12
|-
|[[:de:Essen]] || 93415||  || [[:fr:Essen]] || 12615 ||  || 1/7
|-
|[[:de:Hagen]] || 63925||  || [[:fr:Hagen (Rh&#233;nanie-du-Nord-Westphalie)]] || 5366 ||  || 1/11
|-
|[[:de:K&#246;ln]] || 157837|| BA || [[:fr:Cologne]] || 22906 ||  || 1/6
|-
|[[:de:Krefeld]] || 124935|| BA || [[:fr:Krefeld]] || 3433 ||  || 1/36
|-
|[[:de:M&#246;nchengladbach]] || 75207||  || [[:fr:M&#246;nchengladbach]] || 12049 ||  || 1/6
|-
|[[:de:M&#252;nster (Westfalen)]] || 179291|| AdQ || [[:fr:M&#252;nster]] || 34117 ||  || 1/5
|-
|[[:de:Paderborn]] || 100734||  || [[:fr:Paderborn]] || 8937 ||  || 1/11
|-
|[[:de:Siegen]] || 73788||  || [[:fr:Siegen (Rh&#233;nanie-du-Nord-Westphalie)]] || 2333 ||  || 1/31
|-
|[[:de:Wuppertal]] || 123540||  || [[:fr:Wuppertal]] || 6575 ||  || 1/18
|-
|[[:de:Kaiserslautern]] || 65177||  || [[:fr:Kaiserslautern]] || 6123 ||  || 1/10
|-
|[[:de:Koblenz]] || 88537|| BA || [[:fr:Coblence]] || 48480 ||  || 1/1
|-
|[[:de:Ludwigshafen am Rhein]] || 49098||  || [[:fr:Ludwigshafen]] || 6913 ||  || 1/7
|-
|[[:de:Mannheim]] || 90192|| BA || [[:fr:Mannheim]] || 48327 ||  || 1/1
|-
|[[:de:Mainz]] || 122197|| AdQ || [[:fr:Mayence]] || 22906 ||  || 1/5
|-
|[[:de:Wiesbaden]] || 133580|| AdQ || [[:fr:Wiesbaden]] || 18617 ||  || 1/7
|-
|[[:de:Trier]] || 79954|| BA || [[:fr:Tr&#232;ves (Allemagne)]] || 11187 ||  || 1/7
|-
|[[:de:Bad Kreuznach]] || 48726||  || [[:fr:Bad Kreuznach]] || 13023 ||  || 1/3
|-
|[[:de:Diez]] || 22164||  || [[:fr:Diez (ville)]] || 1335 ||  || 1/16
|-
|[[:de:Limburg an der Lahn]] || 39815||  || [[:fr:Limburg an der Lahn]] || 6427 ||  || 1/6
|-
|[[:de:Landau in der Pfalz]] || 28155||  || [[:fr:Landau in der Pfalz]] || 5337 ||  || 1/5
|-
|[[:de:Neuwied]] || 66931||  || [[:fr:Neuwied]] || 4101 ||  || 1/16
|-
|[[:de:Speyer]] || 65473||  || [[:fr:Spire (ville)]] || 14837 ||  || 1/4
|-
|[[:de:Worms]] || 48682||  || [[:fr:Worms (Allemagne)]] || 11130 ||  || 1/4
|-
|[[:de:Saarbr&#252;cken]] || 67845||  || [[:fr:Sarrebruck]] || 41798 ||  || 1/1
|-
|[[:de:Chemnitz]] || 112383|| BA || [[:fr:Chemnitz]] || 6500 ||  || 1/17
|-
|[[:de:Dresden]] || 198837|| AdQ || [[:fr:Dresde]] || 24608 ||  || 1/8
|-
|[[:de:Leipzig]] || 173297|| AdQ || [[:fr:Leipzig]] || 44278 ||  || 1/3
|-
|[[:de:Bautzen]] || 63842|| BA || [[:fr:Bautzen]] || 8769 ||  || 1/7
|-
|[[:de:G&#246;rlitz]] || 126107|| BA || [[:fr:G&#246;rlitz]] || 10012 ||  || 1/12
|-
|[[:de:Hoyerswerda]] || 49934||  || [[:fr:Hoyerswerda]] || 1491 ||  || 1/33
|-
|[[:de:Plauen]] || 147619|| AdQ || [[:fr:Plauen]] || 2655 ||  || 1/55
|-
|[[:de:Zwickau]] || 99711||  || [[:fr:Zwickau]] || 7982 ||  || 1/12
|-
|[[:de:Halle (Saale)]] || 97656||  || [[:fr:Halle (Saxe-Anhalt)]] || 27155 ||  || 1/3
|-
|[[:de:Dessau-Ro&#223;lau]] || 44185||  || [[:fr:Dessau-Ro&#223;lau]] || 4675 ||  || 1/9
|-
|[[:de:Magdeburg]] || 77092||  || [[:fr:Magdebourg]] || 31634 ||  || 1/2
|-
|[[:de:Bitterfeld-Wolfen]] || 21458||  || [[:fr:Bitterfeld-Wolfen]] || 1259 ||  || 1/17
|-
|[[:de:Lutherstadt Wittenberg]] || 70017||  || [[:fr:Wittemberg]] || 3849 ||  || 1/18
|-
|[[:de:Naumburg (Saale)]] || 45512||  || [[:fr:Naumbourg (Saale)]] || 3694 ||  || 1/12
|-
|[[:de:Flensburg]] || 56545||  || [[:fr:Flensbourg]] || 7422 ||  || 1/7
|-
|[[:de:Kiel]] || 95672||  || [[:fr:Kiel]] || 12369 ||  || 1/7
|-
|[[:de:L&#252;beck]] || 129633|| AdQ || [[:fr:L&#252;beck]] || 23050 ||  || 1/5
|-
|[[:de:Neum&#252;nster]] || 41148||  || [[:fr:Neum&#252;nster]] || 2305 ||  || 1/17
|-
|[[:de:Erfurt]] || 106486|| BA || [[:fr:Erfurt]] || 7993 ||  || 1/13
|-
|[[:de:Gera]] || 57774||  || [[:fr:Gera]] || 8012 ||  || 1/7
|-
|[[:de:Jena]] || 107462|| BA || [[:fr:I&#233;na]] || 9709 ||  || 1/11
|-
|[[:de:Altenburg]] || 65176|| BA || [[:fr:Altenbourg]] || 4274 ||  || 1/15
|-
|[[:de:Eisenach]] || 101096||  || [[:fr:Eisenach]] || 3109 ||  || 1/32
|-
|[[:de:Gotha]] || 59729||  || [[:fr:Gotha (Allemagne)]] || 4462 ||  || 1/13
|-
|[[:de:Nordhausen]] || 45285||  || [[:fr:Nordhausen]] || 2317 ||  || 1/19
|-
|[[:de:Weimar]] || 72813||  || [[:fr:Weimar]] || 5716 ||  || 1/12
|-
|[[:de:Suhl]] || 56158||  || [[:fr:Suhl]] || 7210 ||  || 1/7
|-
|[[:de:Zella-Mehlis]] || 26838||  || [[:fr:Zella-Mehlis]] || 1276 ||  || 1/21
|-
|[[:de:Saalfeld/Saale]] || 38117||  || [[:fr:Saalfeld]] || 5388 ||  || 1/7
|-
|[[:de:Rudolstadt]] || 31745||  || [[:fr:Rudolstadt]] || 3714 ||  || 1/8
|-
|[[:de:Bad Blankenburg]] || 11239||  || [[:fr:Bad Blankenburg]] || 1793 ||  || 1/6
|}</text>
      <sha1>rss8t9oopf6g5fzidukuxlv9san3hpj</sha1>
      <model>wikitext</model>
      <format>text/x-wiki</format>
    </revision>
  </page>
