<page xmlns="http://www.mediawiki.org/xml/export-0.8/" xmlns:xsi="http://www.w3.org/2001/XMLSchema-instance">
    <title>Utilisateur:Annabelleg</title>
    <ns>2</ns>
    <id>6406000</id>
    <revision>
      <id>80502426</id>
      <timestamp>2012-07-05T11:17:04Z</timestamp>
      <contributor>
        <username>Annabelleg</username>
        <id>1321305</id>
      </contributor>
      <comment>Nouvelle page : nouvelle et ne comprend rien...</comment>
      <text xml:space="preserve">nouvelle et ne comprend rien...</text>
      <sha1>aig2f2zix3sqrmiwzayo85ix65oa1bf</sha1>
      <model>wikitext</model>
      <format>text/x-wiki</format>
    </revision>
  </page>
