<page xmlns="http://www.mediawiki.org/xml/export-0.8/" xmlns:xsi="http://www.w3.org/2001/XMLSchema-instance">
    <title>Utilisateur:Alain843</title>
    <ns>2</ns>
    <id>5466928</id>
    <revision>
      <id>96839387</id>
      <parentid>96837488</parentid>
      <timestamp>2013-09-20T22:53:21Z</timestamp>
      <contributor>
        <username>Butterfly austral</username>
        <id>453812</id>
      </contributor>
      <minor/>
      <comment>A prot&#233;g&#233; &#171; [[Utilisateur:Alain843]] &#187;&#160;: user banni ([Modifier=Autoriser uniquement les administrateurs] (infini) [Renommer=Autoriser uniquement les administrateurs] (infini))</comment>
      <text xml:space="preserve">[[Cat&#233;gorie:Utilisateur banni]]</text>
      <sha1>7jvoesok3x7m6e8e55uvh9uagjw4ifa</sha1>
      <model>wikitext</model>
      <format>text/x-wiki</format>
    </revision>
  </page>
