<page xmlns="http://www.mediawiki.org/xml/export-0.8/" xmlns:xsi="http://www.w3.org/2001/XMLSchema-instance">
    <title>Utilisateur:Th&#233;odore DUVAL</title>
    <ns>2</ns>
    <id>4562014</id>
    <revision>
      <id>51091614</id>
      <parentid>51065521</parentid>
      <timestamp>2010-03-13T15:27:12Z</timestamp>
      <contributor>
        <username>Th&#233;odore DUVAL</username>
        <id>787547</id>
      </contributor>
      <minor/>
      <text xml:space="preserve">Bien, cette page de pr&#233;sentation restera certainement vide un bon moment, le temps que je trouve le temps et la motivation de m'y atteler s&#233;rieusement. ;)

Me concernant, j'ai re&#231;u une formation de scientifique (la physique et la chimie sont mes deux domaines de pr&#233;dilection). &#192; vrai dire, le contenu non scientifique de wikipedia ne m'int&#233;resse que fort peu, ou carr&#233;ment pas.

J'ai l'affreuse tendance de ne pas sourcer ce que j'affirme, par manque de temps d'une part, mais surtout parce que j'ai encore du mal &#224; assimiler que certaines notions que je qualifierais de "fondamentales" ne sont pas si triviales &#224; appr&#233;hender pour le quidam.</text>
      <sha1>tc5jbbosqt3fxbdyqaxhrgf84zct6x9</sha1>
      <model>wikitext</model>
      <format>text/x-wiki</format>
    </revision>
  </page>
