<page xmlns="http://www.mediawiki.org/xml/export-0.8/" xmlns:xsi="http://www.w3.org/2001/XMLSchema-instance">
    <title>Utilisateur:Wikig</title>
    <ns>2</ns>
    <id>1316978</id>
    <revision>
      <id>80394715</id>
      <parentid>72447716</parentid>
      <timestamp>2012-07-02T09:17:12Z</timestamp>
      <contributor>
        <username>Wikig</username>
        <id>173004</id>
      </contributor>
      <comment>{{Wikislow}}</comment>
      <text xml:space="preserve">{{Wikislow}}
----

&lt;div style="float:right;width:242px;padding:1px;text-align:center;"&gt;
{{Bo&#238;te Utilisateur| origine Union europ&#233;enne | fr | en-4 | Commons | Macintosh | Safari }}
{{Utilisateur Wikien|Wikigi}}&lt;/div&gt;
[[Image:Crystal_Clear_app_kaddressbook.png&#8206;|70px]]

Apr&#232;s des ann&#233;es d'errance, [[Wikip&#233;dia:Prise de d&#233;cision/&#201;tats-unien|une bonne nouvelle]]..


[[Image:Sr3 kart.jpg]]

[[en:User:Wikigi]]

[[Cat&#233;gorie:Utilisateur Macintosh|Wikig]]
[[Cat&#233;gorie:Utilisateur en-4|Wikig]]</text>
      <sha1>efli961oj11t50gp9p50hj00xswnylt</sha1>
      <model>wikitext</model>
      <format>text/x-wiki</format>
    </revision>
  </page>
