<page xmlns="http://www.mediawiki.org/xml/export-0.8/" xmlns:xsi="http://www.w3.org/2001/XMLSchema-instance">
    <title>Utilisateur:Marc Mongenet</title>
    <ns>2</ns>
    <id>66148</id>
    <revision>
      <id>100707686</id>
      <parentid>96753770</parentid>
      <timestamp>2014-01-29T11:58:59Z</timestamp>
      <contributor>
        <username>Marc Mongenet</username>
        <id>3240</id>
      </contributor>
      <comment>{{User:Romaine/Pers&#246;nliche Bekanntschaften/box}}</comment>
      <text xml:space="preserve">__NOTOC__
{{Babel|fr|en-3|de-1}}
&lt;div style="float:right;clear:right"&gt;
{{Utilisateur Wikip&#233;dia:Date|ann&#233;e=2004|mois=04|jour=07}} 
{{Utilisateur OpenStreetMap}}&lt;br/&gt;
{{Utilisateur:Nanoxyde/CR}}
{{User:Romaine/Pers&#246;nliche Bekanntschaften/box}}
&lt;/div&gt;
[[Image:marc.jpeg|thumb|quand je suis arriv&#233;]]

==Quelques contributions==
*L'article sur le [[World Wide Web]] et quelques articles annexes
*La [[liste des pays du monde]]

==Liens utilitaires==
*[[User:MMBot|MMBot]], mon robot
*[[Wikip&#233;dia:Le Bistro|Le Bistro]]
*[[Wikip&#233;dia:Bulletin des administrateurs|Bulletin des administrateurs]]
*[[Wikip&#233;dia:Pages &#224; supprimer|Pages &#224; supprimer]]
*[[Special:Specialpages]]
*[[Special:Allmessages]]
*[http://en.wikipedia.org/wikistats/FR/TablesWikipediaFR.htm statistiques Wikip&#233;dia]

==Interwikis==
*[[commons:User:Marc Mongenet|Commons &#8211; Marc Mongenet]]
*[[b:User:Marc Mongenet|Wikibooks &#8211; Marc Mongenet]]
*[[m:User:Marc Mongenet|Meta &#8211; Marc Mongenet]]
*[[n:Utilisateur:Marc Mongenet|Wikinews &#8211; Marc Mongenet]]
*[[q:Utilisateur:Marc Mongenet|Wikiquote &#8211; Marc Mongenet]]
*[[wikt:Utilisateur:Marc Mongenet|Wiktionnaire &#8211; Marc Mongenet]]
*[http://en.wiktionary.org/wiki/User:Marc_Mongenet Wiktionary &#8211; Marc Mongenet]

==Liens externes==
*[http://marc.mongenet.ch/ Site personnel]

[[Cat&#233;gorie:Administrateur Wikip&#233;dia|Marc Mongenet]]
[[Cat&#233;gorie:Wikip&#233;dia:Aurochs|Marc Mongenet]]

[[bg:User:Marc Mongenet]]
[[ca:User:Marc Mongenet]]
[[cs:User:Marc Mongenet]]
[[da:User:Marc Mongenet]]
[[de:User:Marc Mongenet]]
[[en:User:Marc Mongenet]]
[[es:User:Marc Mongenet]]
[[gl:User:Marc Mongenet]]
[[ja:User:Marc Mongenet]]
[[nl:User:Marc Mongenet]]
[[pl:User:Marc Mongenet]]
[[pt:User:Marc Mongenet]]
[[ro:User:Marc Mongenet]]
[[ru:&#1059;&#1095;&#1072;&#1089;&#1090;&#1085;&#1080;&#1082;:Marc Mongenet]]
[[simple:User:Marc Mongenet]]
[[sv:User:Marc Mongenet]]</text>
      <sha1>9mdkb0n53jh4jd0p65c082510fzl5by</sha1>
      <model>wikitext</model>
      <format>text/x-wiki</format>
    </revision>
  </page>
