<page xmlns="http://www.mediawiki.org/xml/export-0.8/" xmlns:xsi="http://www.w3.org/2001/XMLSchema-instance">
    <title>Utilisateur:Spedona</title>
    <ns>2</ns>
    <id>55348</id>
    <revision>
      <id>97210223</id>
      <parentid>96411327</parentid>
      <timestamp>2013-10-04T11:35:35Z</timestamp>
      <contributor>
        <username>Spedona</username>
        <id>2563</id>
      </contributor>
      <minor/>
      <text xml:space="preserve">__NOINDEX__
&lt;!--icones en haut--&gt;
{{Ic&#244;ne de titre|Lien=Projet:Pomme de terre|Image=Icone pdt.png|Texte=Cet utilisateur participe au projet Pomme de terre|Taille=20}}
{{Aurochs mop|cat=oui}} 
&lt;!--fin icones en haut--&gt;

{| width="100%" align="center" style="clear:both; text-align:center; border:1px solid #aaaaaa; background-color:#FEFEFE;"
|-  padding:1em;padding-top:0.5em;" 
|[[Image:Wikipedia-logo.png|60px|none|Wikipedia]]
|style="font-size: 85%"|'''Vous &#234;tes ici sur la page personnelle d&#8217;un utilisateur de [{{fullurl:Wikip&#233;dia:Accueil_principal}} Wikip&#233;dia en fran&#231;ais]&lt;br /&gt;Cette page ne fait pas partie de l&#8217;espace encyclop&#233;dique de Wikip&#233;dia.'''

Si vous avez acc&#233;d&#233; &#224; cette page sur un autre site que celui de Wikip&#233;dia en fran&#231;ais, c&#8217;est que vous &#234;tes sur un site miroir ou un site qui fait de la r&#233;utilisation de contenu. Cette page n&#8217;est peut-&#234;tre pas &#224; jour et l&#8217;utilisateur identifi&#233; n&#8217;a aucune affiliation avec le site sur lequel vous vous trouvez.
|}
{{clr}}

&lt;!--&lt;gallery caption="Mes derniers blasons" perrows="6"&gt;
File:Blason ville fr Bihorel (Seine-Maritime).svg|Bihorel
File:Blason ville fr Gonfreville-l'Orcher (Seine-Maritime).svg|Gonfreville-l'Orcher
File:Blason ville lu Marnach (Luxembourg).svg|Marnach
File:Blason ville lu Kopstal (Luxembourg).svg|Kopstal 
File:Wappen Markt Einersheim.svg|Markt Einersheim
File:Wappen Butschbach.svg|Butschbach
Fichier:Blason ville fr Kuttolsheim (Bas-Rhin).svg|Kuttolsheim
Fichier:Blason de Jean-Baptiste de la Quintinye.svg|J.-B. de la Quintinie
Fichier:Blason ville fr Freneuse (Yvelines).svg|Freneuse
Fichier:Blason Orgerus01.svg|Orgerus
Fichier:Blason ville ca Saint-Ubalde (Qu&#233;bec).svg|Saint-Ubalde
&lt;/gallery&gt;
{{Utilisateur OGM7}}{{clr}}--&gt;
------

&lt;!--Knish - Meat and potato pie - Pickert - SPUDCO - Popchips - Dickeya solani -  Munini-imo -  Glafira Dorosh - Root cellar -  Stax - B&#333;kun Habanero - Walkers (snack foods) - Silesian dumplings - Spudnut Shops - Pattie - Spudulike - Lay's Stax

* ''Patata di Cesiomaggiore'' (Belluno)
* ''Patata di Rotzo'' (Vicenza)
* ''Patata Monte Faldo'' (Trissino, Vicenza)
* ''Patata posenata'' (Vicenza)--&gt;

&lt;center&gt;&lt;big&gt;'''[[Special:Statistics|{{NUMBEROFARTICLES}}]]'''&lt;/big&gt;&lt;/center&gt;

[http://toolserver.org/~tparis/pages/index.php?name=spedona&amp;lang=fr&amp;wiki=wikipedia&amp;namespace=0&amp;redirects=none Articles cr&#233;&#233;s]</text>
      <sha1>27gvjdt48bamxnaeqc7hdfqi6o71m52</sha1>
      <model>wikitext</model>
      <format>text/x-wiki</format>
    </revision>
  </page>
