<page xmlns="http://www.mediawiki.org/xml/export-0.8/" xmlns:xsi="http://www.w3.org/2001/XMLSchema-instance">
    <title>Utilisateur:Salle</title>
    <ns>2</ns>
    <id>680119</id>
    <revision>
      <id>44357427</id>
      <parentid>28881822</parentid>
      <timestamp>2009-08-30T13:37:46Z</timestamp>
      <contributor>
        <username>Salle</username>
        <id>82151</id>
      </contributor>
      <comment>R&#233;sum&#233; automatique : blanchiment.</comment>
      <text xml:space="preserve"/>
      <sha1>phoiac9h4m842xq45sp7s6u21eteeq1</sha1>
      <model>wikitext</model>
      <format>text/x-wiki</format>
    </revision>
  </page>
