<page xmlns="http://www.mediawiki.org/xml/export-0.8/" xmlns:xsi="http://www.w3.org/2001/XMLSchema-instance">
    <title>Utilisateur:C&#233;r&#233;ales Killer</title>
    <ns>2</ns>
    <id>1141832</id>
    <revision>
      <id>98727873</id>
      <parentid>97098861</parentid>
      <timestamp>2013-11-28T10:03:11Z</timestamp>
      <contributor>
        <username>C&#233;r&#233;ales Killer</username>
        <id>624</id>
      </contributor>
      <comment>/* Liaisons mal-t-&#224; propos */</comment>
      <text xml:space="preserve">&lt;!-- {{ardoise|En wikibreak jusqu'&#224; nouvel avis.}}
&lt;center&gt;Je continuerai d'exp&#233;dier les affaires courantes (bureaucrate, OTRS) et r&#233;pondre aux questions qui me seront pos&#233;es (typographie...),&lt;br /&gt;
&#224; l'exclusion de toute autre activit&#233; constructive puisque l'on pr&#233;f&#232;re d&#233;truire ce qui a &#233;t&#233; fait plut&#244;t que de b&#226;tir de nouvelles choses.&lt;/center&gt;--&gt;
{{titre|&#169;&#233;r&#233;ales Kille&#174;}}
{{Ic&#244;ne Administrateur}}{{Ic&#244;ne Mammouth}}{{Ic&#244;ne Bureaucrate}}
&lt;div class="plainlinks"&gt;&lt;div class="usermessage"&gt;Pour ajouter un nouveau sujet de discussion, [http://fr.wikipedia.org/w/wiki.phtml?title=Discussion_Utilisateur:C&#233;r&#233;ales_Killer/{{CURRENTMONTHNAME}}_{{CURRENTYEAR}}&amp;action=edit&amp;section=new cliquez-moi !]&lt;/div&gt;			
{{cknav}}
{{frcquote|&lt;big&gt;'''''L'essentiel est invisible pour les yeux, on ne voit bien qu'avec le c&#339;ur.'''''&lt;/big&gt;}}
&lt;center&gt;&lt;small&gt;(Le secret du renard au [[Le Petit Prince|Petit Prince]])&lt;/small&gt;

&lt;!--big&gt;&lt;big&gt;&lt;big&gt;&lt;big&gt;&lt;font color=#ff0000&gt;M&lt;/font&gt;&lt;font color=#f80600&gt;e&lt;/font&gt;&lt;font color=#f10d00&gt;i&lt;/font&gt;&lt;font color=#eb1300&gt;l&lt;/font&gt;&lt;font color=#e41a00&gt;l&lt;/font&gt;&lt;font color=#de2000&gt;e&lt;/font&gt;&lt;font color=#d72700&gt;u&lt;/font&gt;&lt;font color=#d12d00&gt;r&lt;/font&gt;&lt;font color=#ca3400&gt;s&lt;/font&gt;&lt;font color=#c43a00&gt; &lt;/font&gt;&lt;font color=#bd4100&gt;v&lt;/font&gt;&lt;font color=#b74700&gt;&#339;&lt;/font&gt;&lt;font color=#b04e00&gt;u&lt;/font&gt;&lt;font color=#aa5500&gt;x&lt;/font&gt;&lt;font color=#a35b00&gt; &lt;/font&gt;&lt;font color=#9c6200&gt;2&lt;/font&gt;&lt;font color=#966800&gt;0&lt;/font&gt;&lt;font color=#8f6f00&gt;1&lt;/font&gt;&lt;font color=#897500&gt;3&lt;/font&gt;&lt;font color=#827c00&gt; &lt;/font&gt;&lt;font color=#7c8200&gt;&#224;&lt;/font&gt;&lt;font color=#758900&gt; &lt;/font&gt;&lt;font color=#6f8f00&gt;t&lt;/font&gt;&lt;font color=#689600&gt;o&lt;/font&gt;&lt;font color=#629c00&gt;u&lt;/font&gt;&lt;font color=#5ba300&gt;t&lt;/font&gt;&lt;font color=#55aa00&gt;e&lt;/font&gt;&lt;font color=#4eb000&gt;s&lt;/font&gt;&lt;font color=#47b700&gt; &lt;/font&gt;&lt;font color=#41bd00&gt;e&lt;/font&gt;&lt;font color=#3ac400&gt;t&lt;/font&gt;&lt;font color=#34ca00&gt; &lt;/font&gt;&lt;font color=#2dd100&gt;&#224;&lt;/font&gt;&lt;font color=#27d700&gt; &lt;/font&gt;&lt;font color=#20de00&gt;t&lt;/font&gt;&lt;font color=#1ae400&gt;o&lt;/font&gt;&lt;font color=#13eb00&gt;u&lt;/font&gt;&lt;font color=#0df100&gt;s&lt;/font&gt;&lt;font color=#06f800&gt; &lt;/font&gt;&lt;font color=#00ff00&gt;!&lt;/font&gt;&lt;/small&gt;&lt;/small&gt;&lt;/small&gt;&lt;/small--&gt;
{| cellspacing=0 cellpadding=0 style="clear:right; margin-bottom: .5em; float: right; padding: .5em 0 .8em 1.4em;"
|{{:Utilisateur:C&#233;r&#233;ales Killer/MKWii|4940-5579-8835}}
|}
{{BoiteUtilisateur|:C&#233;r&#233;ales Killer/tableau noir|:C&#233;r&#233;ales Killer/Treanna|admin|bureaucrate|antisinistrose|Wikip&#233;dia:Mammouth|WikiLover|aide|parrain volontaire|linux|CC|nofoot|Traduction/es|Traduction/en|Ambassadeur|Wikigraphiste|OTRS|fr|es|en-3|ca-1|Poker|tarot|Free|Android|Free Mobile}}
Nous sommes le '''[[{{CURRENTDAYNAME}}]] [[{{CURRENTDAY}} {{CURRENTMONTHNAME}}]] [[{{CURRENTYEAR}}]]'''&lt;br /&gt;
Notre encyclop&#233;die comporte actuellement '''{{NUMBEROFARTICLES}} articles...''' (d&#233;j&#224; !)&lt;/center&gt;

== Qui suis-je ? ==
[[Fichier:Biblio CK.jpg|left|thumb|Sans commentaire.]]N&#233; au {{XXe si&#232;cle}}, le [[2 avril|HE BO]] [[1961|BIKEKA]]&lt;ref&gt;Si cela vous intrigue, c'est normal. C'est [[Num&#233;ration Bibi|un hommage au grand math&#233;maticien]] [[Boby Lapointe]].&lt;/ref&gt; &#224; [[Paris]], [[France]]. J'habite en [[Essonne (d&#233;partement)|Essonne]]. De formation [[Typographie|typographe]]&lt;ref&gt;Je vous invite &#224; d&#233;couvrir le [[:s:Dictionnaire de l'argot des typographes|''Dictionnaire de l'argot des typographes'']] disponible sur Wikisource.&lt;/ref&gt;, j'ai &#233;volu&#233; dans les m&#233;tiers de l'[[imprimerie]] pour finalement devenir aujourd'hui [[technicien]] [[Publication assist&#233;e par ordinateur|pr&#233;presse]]. [http://www.wikimapia.org/#y=48913378&amp;x=2212949&amp;z=19&amp;l=2&amp;m=a&amp;v=2 Je travaille &#224; Nanterre]. Je suis le p&#232;re de deux enfants : [[Utilisateur:El Chicano|Thomas]] (1984) et Aline (1987).

[[/Souvenirs|Souvenirs...]]

== Pourquoi ce pseudo ? ==
Pourquoi pas ?

&lt;-- Il y a m&#234;me un livre sur moi...

== Wikip&#233;dia et moi ==
Ma [http://fr.wikipedia.org/w/index.php?title=Special:Contributions&amp;target=80.13.24.2 premi&#232;re contribution &#224; l'&#233;difice] date du [[7 juillet]] [[2003]] &#224; 10 h 30, avec l'article [http://fr.wikipedia.org/w/wiki.phtml?title=Typographie&amp;oldid=73148 typographie]...&lt;!-- [http://tools.wikimedia.de/~interiot/cgi-bin/count_edits?user=C&#233;r&#233;ales%20Killer&amp;dbname=frwiki_p Si vous voulez conna&#238;tre le d&#233;tail de mes &#233;ditions...]--&gt;

Je suis [[Wikip&#233;dia:administrateur|administrateur]], [[Wikip&#233;dia:bureaucrate|bureaucrate]] et &#233;galement grand ma&#238;tre de l'[[OTRS]] (Ordre du Temple des requ&#234;tes secr&#232;tes) sur la Wikip&#233;dia francophone.
=== Bilan ===
&#192; l'aube de ma quatri&#232;me ann&#233;e wikip&#233;dienne, je peux faire un premier bilan de cette exp&#233;rience extraordinaire et enrichissante. Mon premier constat est la confiance que j'ai en le projet. Au d&#233;but, lorsque je cherchais quelque chose, j'ouvrais l'un de mes dictionnaires ou je cherchais dans une encyclop&#233;die... traditionnelle. Progressivement et sans m'en apercevoir, j'ai pris le r&#233;flexe Wikip&#233;dia : je recherche principalement sur Wikip&#233;dia puis j'affine avec d'autres ouvrages ou d'autres sites. Wikip&#233;dia est, pour moi, une exp&#233;rience enrichissante car elle &#233;pouse &#224; merveille mes id&#233;es que d'aucuns ignorent et que d'autres supputent : mes id&#233;aux sont gauchisants voire libertaires, et c'est pourquoi Wikip&#233;dia correspond &#224; ma vision du partage des connaissances, &#224; la mise en commun de la mati&#232;re grise sans chercher de contrepartie, pour le bien de toutes et de tous. C'est ce qui m'avait men&#233; vers les logiciels libres et la FSF. Durant quatre ans, j'ai activement &#339;uvr&#233; dans ce sens mais je finissais par tourner en rond : l'informatique est tr&#232;s restrictive et nombriliste. Sur l'impulsion de [[user:Med|Med]], j'ai mis le nez dans Wikip&#233;dia et j'ai trouv&#233; le projet formidable car plus ouvert puisque tous les sujets qu'offre la vie peuvent y &#234;tre abord&#233;s et non plus un seul credo. Pour moi, Wikip&#233;dia est donc un formidable outil de partage des connaissances de fa&#231;on totalement d&#233;sint&#233;ress&#233;e qui &#233;pouse donc parfaitement mes id&#233;aux, m&#234;me si d'autres y voient plus un moyen de v&#233;hiculer &#224; bas prix des id&#233;es non franchement d&#233;fendables... Bien s&#251;r, cet investissement s'est fait avec des heurts, des joies et des peines. Je pense par exemple au d&#233;part pr&#233;matur&#233; de Norbert, plus connu sous le nom de [[user:Treanna|Treanna]], nous &#233;tions arriv&#233; pratiquement en m&#234;me temps et sa mort m'a boulevers&#233;. Quelques mois plus tard, [[user:Nataraja|Nataraja]] nous jouait le m&#234;me tour. Mais les heurts ont &#233;galement &#233;t&#233; tr&#232;s pr&#233;sents et marquants. Cela a commenc&#233; avec mon inestimable [[user:Anthere|Anthere]] suite &#224; des propos un peu exp&#233;ditifs que j'eus envers feu [[user:Papotages|Papotages]], puis d'autres &lt;s&gt;emmerdeurs notoires&lt;/s&gt; &#233;diteurs obtus aux id&#233;es particuli&#232;rement originales... Mais cela fait partie du folklore du Net en g&#233;n&#233;ral et de Wikip&#233;dia en particulier. Ce qui me satisfait particuli&#232;rement, c'est la progression fulgurante du projet. Lorsque je suis arriv&#233;, il y avait en gros deux dizaines de milliers d'articles sur la version francophone. Quatre ans apr&#232;s, nous atteindrons s&#251;rement les cinq cent mille. Joli score, non ? Je suis fier d'avoir &#233;t&#233; une petite brique de ce splendide b&#226;timent. Le secret du bonheur sur Wikip&#233;dia ? &#201;viter soigneusement les endroits enfum&#233;s, les conflits vains et st&#233;riles et les sujets qui f&#226;chent... 12 janvier 2007 &#224; 20:30 (CET)

== Des gestes simples pour la plan&#232;te ==
Quelques id&#233;es pour &#233;conomiser l'&#233;nergie et faire du bien &#224; notre h&#244;tesse la Terre...
* Mon centre multim&#233;dia est compos&#233; de plusieurs &#233;l&#233;ments :
** t&#233;l&#233;viseur cathodique grand &#233;cran ;
** amplificateur 5.1 &#233;quip&#233; d'un lecteur de DVD/DivX ;
** d&#233;codeur satellite ;
** console de jeu Wii ;
** disque dur multim&#233;dia ;
** &#233;metteur radio pour l'envoi du programme vers la chambre...
Et bien &#233;videmment, presque tous ces appareils modernes n'ont pas de bouton d'extinction et restent en veille. L'id&#233;e toute b&#234;te et tr&#232;s efficace a &#233;t&#233; d'acqu&#233;rir une prise &#233;lectrique t&#233;l&#233;command&#233;e pour moins de 15 euros et ainsi, d'un seul geste, tous ces appareils sont d&#233;connect&#233;s du secteur. Efficacit&#233; et &#233;conomies garanties !

  ==Mes go&#251;ts==
Mes centres d&#8217;int&#233;r&#234;t sont aussi vari&#233;s qu&#8217;h&#233;t&#233;roclites (ou plut&#244;t, [[Wikip&#233;dia:b&#234;tisier#Coluche|&#233;clectiques]]) :
* L&#8217;[[:Cat&#233;gorie:Imprimerie|imprimerie]] (c&#8217;est ma profession) : [[:s:Dictionnaire de l'argot des typographes|''Dictionnaire de l'argot des typographes'']],
* Le [[cin&#233;ma]] (&#234;tes-vous d&#233;j&#224; all&#233; sur la Bible du cin&#233;ma sur le net : [http://fr.imdb.com Internet movie database] ? Tout y est...)
** En vrac : [[Alan Parker]], [[Agn&#232;s Jaoui]] et [[Jean-Pierre Bacri]], [[Brian De Palma]], [[Stanley Kubrick]], [[Alfred Hitchcock]], [[Terry Gilliam]], [[Tim Burton]], [[Woody Allen]], [[Ridley Scott]], [[Oliver Stone]] (avant [[WTC]]), [[Hayao Miyazaki]] et les productions du [[studio Ghibli]]... Les films d&#233;jant&#233;s d'[[Edgar Wright]], [[&#201;tienne Chatiliez]], les fr&#232;res Coen, [[Quentin Tarantino]], [[Woody Allen]]...
* La [[musique]], surtout le rock, rock fran&#231;ais ([[Ange (groupe)|Ange]], [[Noir D&#233;sir]] entre autres mais aussi [[Jacques Higelin]]&lt;ref&gt;Je l'ai vu deux fois en concert... il y a longtemps.&lt;/ref&gt; &#8212; particuli&#232;rement l'album ''Alertez les b&#233;b&#233;s'' &#8212; sa fille [[Iz&#239;a Higelin|Iz&#239;a]]&lt;ref&gt;Le {{date|14|novembre|2010|}}, nous l'avons vue sur la sc&#232;ne de [[Olympia (Paris)|l'Olympia]]... Ouf ! deux heures de concert m&#233;morables, une Iz&#239;a compl&#232;tement d&#233;jant&#233;e, une &#233;nergie &#224; faire p&#226;lir une centrale nucl&#233;aire. Merci, Iz&#239;a !&lt;/ref&gt; ; [[Hubert-F&#233;lix Thi&#233;faine]]&lt;ref&gt;Vu en concert &#224; Meaux, en 1980.&lt;/ref&gt; &#8212; particuli&#232;rement ''[[Alligators 427]]'' et l'album ''Autorisation de d&#233;lirer'' mais aussi tous ceux &#233;crits jusqu'en 1982), le [[rock progressif]] britannique ([[Pink Floyd]]&lt;ref&gt;Concert m&#233;morable le 22 juin 1988 au ch&#226;teau de Versailles...&lt;/ref&gt;&lt;ref&gt;Vivement le mois de mai 2011 pour voir The Wall Live avec Roger Waters !&lt;/ref&gt; &#8212; surtout ''[[Dark Side of the Moon]]'' ou ''[[Atom Heart Mother]]''&lt;ref&gt;Il faut avoir vu le document fran&#231;ais &#171; Pink Floyd &#224; Saint-Tropez 1970 &#187; diffus&#233; lors de l'&#233;mission Pop 2 pr&#233;sent&#233;e par [[Patrice Blanc-Francard]] les 10 et 24 octobre 1970.&lt;/ref&gt; &#8212;, [[Dire Straits]]&lt;ref&gt;Vus en concert au palais des Sports.&lt;/ref&gt;, [[Genesis (groupe)|Genesis]]&lt;ref&gt;Vus en concert &#224; la [[f&#234;te de l'Humanit&#233;]]&lt;/ref&gt;. &#8212; avec l'excellent ''[[The Lamb Lies Down on Broadway]]'' &#8212;, [[Danny Elfman]], [[Alan Parsons Project]], ou le rock en g&#233;n&#233;ral avec [[Angi Schiliro]] mais aussi [[Muse (groupe)|Muse]]&lt;ref&gt;Je les ai vus au [[parc des Princes]] le {{date|21|juin|2007|}} et au [[stade de France]] le {{date|12|juin|2010|}}&lt;/ref&gt;, [[Queens of the Stone Age|Les Reines de l'&#226;ge de pierre]] ou [[Archive (groupe)|Archive]]&lt;ref&gt;Vu en concert deux fois, au Z&#233;nith de Paris, le 23 janvier 2010 et le 17 novembre 2012.&lt;/ref&gt;, et plus r&#233;cemment, [[Ghinzu]], [[The Strokes]], [[Placebo (groupe)|Placebo]], [[Cake]], [[The White Stripes]], [[System of a Down]], [[Gorillaz]]&lt;ref&gt;Super concert au Z&#233;nith le {{date|22|novembre|2010}} !&lt;/ref&gt;, [[The Sunday Drivers]]...) et la [[musique classique]]. Connaissez-vous [[Machin (groupe)|Machin]] ? Mais j'adore aussi [[Michel Polnareff]]&lt;ref&gt;Ze retour, &#224; Bercy.&lt;/ref&gt;, [[Manfred Mann's Earth Band]] ou [[Electric Light Orchestra]]... J'ai d&#233;couvert avec plaisir [[Amy Winehouse]] comme beaucoup. Je viens de constater avec horreur que j'ai oubli&#233; le principal : [[Jacques Brel|le grand Jacques]] ! Et [[Georges Brassens|Jojo]]... Et [[Charles Aznavour]].
* Quelques s&#233;ries ou feuilletons t&#233;l&#233;vis&#233;s tels que ''[[Lost : Les Disparus|Lost]], [[Dr House|Dr [H]&lt;u&gt;ouse&lt;/u&gt;]], [[Les Simpson]], [[Heroes]], [[Desperate Housewives]]'' et les s&#233;ries polici&#232;res genre ''[[Law &amp; Order]], [[Les Experts (s&#233;rie t&#233;l&#233;vis&#233;e)|Les Experts]], [[FBI, port&#233;s disparus]], [[Colombo]], [[Cold Case : affaires class&#233;es]]''... et ''[[Kaamelott]]'' ! Ainsi qu'un feuilleton espagnol &#233;tonnant : ''[[El Internado]]''.
* La [[nature]]
{{Animation
 | upright = 2
 | titre = Quelques images
 | float = center
 | canon EOS 300D.jpg|Un de mes bo&#238;tiers.
 | Rose Nostalgie 2004.jpg|Jolie rose de mon jardin.
 | Vieux Bergerac.jpg|Ruelle de Bergerac.
 | Ch&#226;teau du Marais.jpg|Le ch&#226;teau du Marais, Essonne.
 | La R&#233;marde &#224; Saint-Germain (2).jpg|La R&#233;marde, &#224; Saint-Germain-l&#232;s-Arpajon.
 | Tigre d'Asie &#224; robe blanche.jpg|Tigre d'Asie &#224; robe blanche.
}}
* La [[/M&#233;diath&#232;que|photographie]] (j'ai commenc&#233; en 24x36 avec le r&#233;flex [[Praktica]] EE2, puis le [[Canon A-1]] suivi par le [[Canon EOS 30]]. Ensuite, je suis pass&#233; au num&#233;rique avec tout d'abord un compact HP R707 puis le [[Canon EOS 300D]] qui vient d'&#234;tre remplac&#233; par le [[Canon EOS 550D]].
* La [[lecture]]. En vrac : [[Stephen King]], [[Umberto Eco]], [[Robert Merle]], [[Patricia D. Cornwell]], [[Joanne Kathleen Rowling]], [[John Ronald Reuel Tolkien]], [[Frank Herbert]], [[&#201;mile Zola]], [[George Orwell]], [[Bernard Clavel]], [[Ren&#233; Barjavel]] (liste non exhaustive)... Je n'aime pas du tout, mais alors pas du tout [[Bernard Werber]] et ses fourmis et autres Thanatonautes...
* Les [[jeu]]x ([[jeu vid&#233;o|vid&#233;o]] ou non), particuli&#232;rement les [[jeu d'&#233;checs|&#233;checs]], le [[jeu de go|go]]...
** [[The Legend of Zelda]] ;
** [[Resident Evil]] ;
** [[Tomb Raider]] ;
** [[Deus Ex]] ;
** [[Myst]] et ses suites ;
** [[In Memoriam (jeu vid&#233;o)|In Memoriam]] et ses suites...
** Adepte de la [[Wii]] : ''[[Mario Kart Wii]], [[Okami]], [[The Legend of Zelda]]''...
* Le [[tarot]] (parties endiabl&#233;es jusqu&#8217;au bout de la nuit...)
* Le [[Texas hold'em|Texas hold'em poker]] &lt;ref&gt;[http://fr.sharkscope.com/#Player-Statistics//networks/PKR/players/CerKill Rien &#224; cacher...]&lt;/ref&gt;.
* La langue fran&#231;aise et son in&#233;narrable [[orthographe]] si souvent bafou&#233;e... et parfois si surprenante ! Particuli&#232;rement la typographie, la linguistique en g&#233;n&#233;ral ([[orthographe]], [[grammaire]], [[rh&#233;torique]]...).
* [[Les Simpson]] (dont j'ai initi&#233; la saga sur Wikip&#233;dia)...
* [[Wikip&#233;dia]] (qui l'e&#251;t cru ?).
* Le [[fansub]]bing ([[sous-titrage]]) de quelques feuilletons et s&#233;ries.

Outre l&#8217;&#233;criture de quelques articles, j&#8217;aime passer mon temps &#224; traquer la petite faute sournoise qui se cache un peu partout dans Wikipedia.
&lt;br /&gt;
J&#8217;aime bien, lorsque j&#8217;ai un peu de temps, cliquer sur [http://fr.wikipedia.org/wiki/Special:Randompage Une page au hasard] et relire l&#8217;article soumis afin de l&#8217;expurger de toute faute r&#233;siduelle... Maintenant que j'ai l'[[ADSL]], je vais pouvoir contribuer plus assid&#251;ment &#224; l'aventure !&lt;ref&gt;Bon, je crois que c'est fait...&lt;/ref&gt;

&lt;small&gt;Mes [[faux-nez|wikic&#233;s]] : [[Utilisateur:Un gr&#233;viste|Un gr&#233;viste]], [[Utilisateur:Homer J. Simpson|Homer J. Simpson]], [[Utilisateur:Lieutenant Columbo|Lieutenant Columbo]], [[Utilisateur:sock puppet|sock puppet]], [[Utilisateur:A. Nho N&#238;m|A. Nho N&#238;m]], [[Utilisateur:80.13.24.2|80.13.24.2]], [[user:CK|CK]]&lt;ref&gt;CK r&#233;soud les pages d'homonymie gr&#226;ce au merveilleux outil CorHomo &#233;labor&#233; par [[user:Escaladix|Escaladix]].&lt;/ref&gt;, [[user:4 8 15 16 23 42|4 8 15 16 23 42]]...&lt;/small&gt;
 &lt;!-- Aude Vayssel, Agathe Youbabe--&gt;

== Pense-b&#234;te typographique ==
* L&#8217;apostrophe v&#233;ritable s&#8217;&#233;crit : &amp;amp;rsquo;
* Les guillemets &#171; ouvrants &#187; et &#171; fermants &#187; fran&#231;ais s&#8217;&#233;crivent : &amp;amp;laquo; {{touche|[[touche alt|alt]]}}174 et &amp;amp;raquo; {{touche|[[touche alt|alt]]}}175
* Les &#171; &#187; peuvent aussi s'&#233;crire avec {{touche|[[touche alt|alt]]}}0171 et {{touche|[[touche alt|alt]]}}0187
* Le gros tiret &#8212;&amp;nbsp;destin&#233; aux incises&amp;nbsp;&#8212; s&#8217;&#233;crit : &amp;amp;mdash; ou {{touche|[[touche alt|alt]]}}0151
* Le petit tiret (-) est le trait d'union.
* Le tiret moyen (&#8211;) est le signe moins, qui a la m&#234;me taille que les autres signes arithm&#233;tiques.
* Le &#199;, c'est {{touche|[[touche alt|alt]]}}0199 et {{touche|[[touche alt|alt]]}}128 (tr&#232;s pratique).
* Dans le domaine litt&#233;raire, tr&#232;s utile aussi : le &#339;, c'est {{touche|[[touche alt|alt]]}}0156 ; et le &#338;, {{touche|[[touche alt|alt]]}}0140.
* [http://cesarx.free.fr/de_la_typo.html Page de pr&#233;sentation typographique].
* [[:cat&#233;gorie:Typographie|Liste des articles concernant la typographie]]
* Petit code &lt;font style=background:yellow&gt;&amp;nbsp;pour surligner du texte &lt;/font&gt;!

{| width="auto" align="center" style="background-color:yellow;border-style:dotted;border-width:1mm;border-color:red;text-align:center"
|Code pour faire un petit tableau.&lt;br /&gt;
Ce peut &#234;tre tr&#232;s utile, avec tous les codes qu'il y a dedans !&lt;br /&gt;
Voir l'article [[Wikip&#233;dia:Guide d'utilisation des tableaux]].
|}
[[image:Typom&#232;tre.svg|thumb|center|800px|Repr&#233;sentation d'un typom&#232;tre avec, en haut, les millim&#232;tres (subdivis&#233;s en demi-millim&#232;tres) et, en bas, les points picas, regroup&#233;s par trois, six et douze points.]]

&lt;div style="width: 60%; padding: 6px; text-align: center; background: #f7f8ff; border: 2px dotted gray; margin: 0 auto;"&gt;
[[Image:WikiLettreMini.svg|left|WikiLettre]] Cette codification permet de faire des cadres sans passer par la case '''table'''. Tr&#232;s pratique pour les &amp;#123;{messages}} !&lt;/div&gt;


* Depuis '''quelque temps''', le '''dilemme''' qui se pose en '''corollaire''' &#224; la '''gravure''' des '''avant-'''propos et des '''arri&#232;re-'''gardes servant &#224; la '''connexion''' du '''Venezuela''' se partage avec l''''occurrence''' des termes qui se sont '''succ&#233;d&#233;''' dans les articles '''vid&#233;o'''. Plut&#244;t que d'en '''mourir''' de rire, il convient d'ordonner le '''r&#232;glement''' sur le '''coteau''' des connaissances la futilit&#233; des sons '''audio''' crach&#233;s par les '''haut-parleurs standards''' sans '''courir''' apr&#232;s la vanit&#233; pour '''pallier''' l'absence de '''standards'''...
{{Utilisateur:C&#233;r&#233;ales_Killer/Mort_vs_d&#233;c&#233;d&#233;}}

== Ils existent, je les ai rencontr&#233;s... ==
Quelques Wikip&#233;diens que j'ai eu le bonheur de rencontrer dans la vraie vie :
* [[Utilisateur:Med|Med]], que j'avais d&#233;j&#224; crois&#233; auparavant lors d'une bouffe des Babilleux,
* [[Utilisateur:Airelle|Airelle]] lors d'un d&#233;placement sur ses terres,
* [[Utilisateur:Accrochoc|Accrochoc]] et [[Utilisateur:Belgavox|Belgavox]], voisins, pour une d&#233;gustation de chocolats,
* Dame [[user:Moumine|Moumine]] &#224; Paris...
* [[Localhost]], mon jumeau deuxavrilien ;)
* J'ai &#233;galement fait une [[user:Perky|Perky]]sition.
* Une bien sympathique [[user:Mandariine|Mandariine]] m'a fait visiter sa belle ville, on n'a eu aucun p&#233;pin !
* Enfin, je l'ai rencontr&#233;e ! Elle existe, ce dont je finissait par douter au bout de douze ans : [[user:Anthere|Anthere]] m'a fait le plaisir de partager un petit d&#233;jeuner...
Lors d'un repas bien sympathique ce [[/Soir&#233;e chez Papa|samedi 3 septembre 2005]] :
* [[Utilisateur:notafish|notafish]]
* [[Utilisateur:Alvaro|Alvaro]]
* [[Utilisateur:Sam Hocevar|Sam Hocevar]]
* [[Utilisateur:Med|Med]]
* [[Utilisateur:Ryo|Ryo]]
* [[Utilisateur:Mai|Mai]]
* [[Utilisateur:David.Monniaux|David.Monniaux]]
* [[Utilisateur:Meanos|Meanos]]
* Huit plus moi, &#231;a fait neuf !
Repas du 26 juillet 2006 au [[/M&#233;nelik|M&#233;nelik]] :
* &#9794; [[Utilisateur:Aoineko|A&lt;small&gt;&#9774;&lt;/small&gt;ineko]]
* &#9794; [[User:G&#244;T&#244;|G&#244;T&#244;]]
* &#9792; [[User:Nathaloute|Nathaloute]]
* &#9794; [[Utilisateur:Sanao|Sanao]]
* &#9794; [[Utilisateur:Alvaro|Alvaro]]
* &#9794; [[Utilisateur:Ryo|Ryo]]
* &#9794; [[Utilisateur:~Pyb|~Pyb]]
* &#9794; [[Utilisateur:LeYaYa|LeYaYa]]
* &#9794; [[Utilisateur:Turb Paris|Turb]]
* &#9794; [[Utilisateur:Traroth|Traroth]]
* &#9794; [[User:Guillom|Guillom]]
* &#9794; [[Utilisateur:Damouns|Damouns]]
* &#9794; [[Utilisateur:Pabix|Pabix]]
* &#9794; [[Utilisateur:Frank Renda|Frank Renda]]
* &#9794; [[User:Wiz|Wiz]]
* &#9794; [[Utilisateur:Jd|jd]]
* &#9794; [[Utilisateur:Escaladix|Escaladix]]
* &#9794; [[Utilisateur:C&#233;r&#233;ales Killer|&#169;&#233;r&#233;ales Kille&#174;]]
* &#9794; [[Utilisateur:(:Julien:)|(:Julien:)]]
* &#9794; [[Utilisateur:Comte0|Comte0]]
* &#9794; [[User:CaptainHaddock|CaptainHaddock]]
* &#9794; [[Utilisateur:N&#233;ferma&#226;t|N&#233;ferma&#226;t]]
* &#9792; [[Utilisateur:N&#233;ferma&#226;t|N&#233;ferma&#226;t]] 2
* &#9794; [[Utilisateur:Pontauxchats|Pontauxchats]]
* &#9792; [[Utilisateur:Inisheer|Inisheer]]
* &#9794; [[Utilisateur:Apokrif|Apokrif]]
* &#9792; [[Utilisateur:Ficelle|Ficelle]]
* &#9794; [[Utilisateur:Markov|Markov]]
* &#9794; [[Utilisateur:Moala|Moala]]
* &#9792; Plus une invit&#233;e surprise, une future (?) Wikip&#233;dienne, nom de code : M&#233;nelika...

== Tout doux ==
* Continuer la saga concernant l'[[imprimerie]]
* Compl&#233;ter l'article [[antivirus]]
* Continuer la saga des [[Les Simpson|Simpson]] (il y a du boulot !)
* Continuer d'&#233;toffer les rubriques concernant le fran&#231;ais...
* &lt;s&gt;Traduction de la page [[/Tableaux]]&lt;/s&gt;
* Plus tous les petits apports de-ci, de-l&#224;...
* [http://fr.wikipedia.org/w/wiki.phtml?title=Special:Whatlinkshere&amp;target=MediaWiki:&#233;bauche Liste compl&#232;te des &#233;bauches &#224; &#233;toffer]
* Filmographie de [[Brian de Palma]]
* Terminer l'article sur la [[procrastination]] (demain, sans doute)...

== Quelques-uns des articles que j'ai commenc&#233;s ==
&lt;div style="width:250px; height:150px; overflow:auto; border:thin grey solid; padding:5px;"&gt;
* [[Imprimerie]]
* [[Columbo]]
* [[Les Simpson]]
* [[Digital Theater Systems]]
* [[Sony Dynamic Digital Sound]]
* [[Codage audiophonique]]
* [[Radar automatique]]
* [[Sock puppet]]
* [[Alan Parker]]
* [[Arpajon]]
* [[Aph&#233;r&#232;se]]
* [[Saint-Germain-l&#232;s-Arpajon]]
* [[Brian De Palma]]
* [[Blow out]]
* [[Procrastination]] (article que je finirai demain...)
* La [[typographie]]
* [[De l'usage des majuscules]]
* [[Jacques Villeret]]
* [[Jacques Higelin]]
* [[ZZT]]
* [[Autodrome de Linas-Montlh&#233;ry]]
* [[Serge Livrozet]]
* [[Muse (groupe)|Muse]]
* [[&#201;cole]]
* [http://fr.wikipedia.org/w/index.php?title=Special:Contributions&amp;target=C&#233;r&#233;ales_Killer etc.]
&lt;/div&gt;

== Mod&#232;les cr&#233;&#233;s ou am&#233;lior&#233;s ==
* &amp;#123;{Bienvenu}} et &amp;#123;{Bienvenue}}
* &amp;#123;{UrlCopyright|http://lesitecopi&#233;.com|titre du site}}
* &amp;#123;{Vandalisme|page vandalis&#233;e}} avec une [[:cat&#233;gorie:Vandale averti]]
* &amp;#123;{s|XX|e}} = {{XXe si&#232;cle}}
* &amp;#123;{Blocage}}
* &amp;#123;{VandaleBloqu&#233;|nombre de jours}} avec une [[:cat&#233;gorie:Utilisateur bloqu&#233; et averti]]
* &amp;#123;{VandaleBanni}} avec une [[:cat&#233;gorie:Utilisateur bloqu&#233; et averti]]
* &amp;#123;{AlerteCopyright|Page|Site}}
* &amp;#123;{&#224; Fusionner}} avec une [[:cat&#233;gorie:Article &#224; fusionner]]
* &amp;#123;{Spam|page spamm&#233;e}}
* &amp;#123;{AvertissementPhoto|}}
* &amp;#123;{Avertissement Photo|lien_photo.jpg|nom}}
* &amp;#123;{nouvelle orthographe|nouvelle graphie}}
* &amp;#123;{image sans licence|image.jpg}}
* &amp;#123;{admin}} (message de bienvenue au nouvel administrateur)
* &amp;#123;{identit&#233;}} (message de signalement d'un changement d'identit&#233;)
* &amp;#123;{coucou|page}} (message de signalement d'un remplacement sauvage de lien externe)
* &amp;#123;{liens|page}} (message de signalement d'un ajout de lien externe en d&#233;but de liste)
* &amp;#123;{ardoise|texte}} (dessine une jolie ardoise...)
* &amp;#123;{communearm&#233;nienne}} (tableau des communes d'Arm&#233;nie)
* &amp;#123;{armg&#233;oloc}} (place une commune sur la carte d'Arm&#233;nie, inclus dans le pr&#233;c&#233;dent)
* &amp;#123;{espg&#233;oloc}} (place une commune sur la carte d'Espagne)

=== OTRS ===
* &amp;#123;{confirmationOTRS|source=|otrs=}} (confirmation d'autorisation re&#231;ue sur OTRS)

=== Sp&#233;cial cin&#233;ma ===
* &amp;#123;{fiche}}
* &amp;#123;{fiche 2}}
* &amp;#123;{infobox Film}}
* &amp;#123;{infobox Film 2}}
* &amp;#123;{filmo|ann&#233;e|titre|r&#244;le}}
* &amp;#123;{filmo1|ann&#233;e|titre|r&#233;alisateur}}
* &amp;#123;{filmo2|ann&#233;e|titre}}
* &amp;#123;{filmo3|ann&#233;e|titre|titre vo|distribution}}
* &amp;#123;{dialogue|titre=|message=|image=|backgroundcolor=|id=messagebox}}

== Mod&#232;les utiles &#224; la gestion de Wikip&#233;dia ==
{{Palette Mod&#232;les}}

== Les raccourcis entre wikis ==
Pour toutes les langues :
* [[:en:Special:Recentchanges|Special:Recentchanges]] = &lt;nowiki&gt;[[:en:Special:Recentchanges|]]&lt;/nowiki&gt; on remplace en: par la langue voulue.
* [[:m:Special:Recentchanges|Meta-wikipedia]] &lt;nowiki&gt;[[:m:Special:Recentchanges|]]&lt;/nowiki&gt;
* [[:b:Special:Recentchanges|Wikilivres]] &lt;nowiki&gt;[[:b:Special:Recentchanges|]]&lt;/nowiki&gt;
* [[:q:Special:Recentchanges|Wikiquote]] &lt;nowiki&gt;[[:q:Special:Recentchanges|]]&lt;/nowiki&gt;
* [[:wikt:Special:Recentchanges|Wiktionnaire]] &lt;nowiki&gt;[[:wikt:Special:Recentchanges|]]&lt;/nowiki&gt;
* [[:commons:Special:Recentchanges|Wikicommons]] &lt;nowiki&gt;[[:commons:Special:Recentchanges|]]&lt;/nowiki&gt;
* [irc://freenode/#fr.wikipedia Joindre Wikip&#233;dia sur IRC]

== Liens externes ==
* [http://atilf.atilf.fr/dendien/scripts/tlfiv4/showps.exe?p=combi.htm;java=no; Les tr&#233;sors de la langue fran&#231;aise], un dictionnaire complet, interactif &#233;dit&#233; par Analyse et traitement informatique de la langue fran&#231;aise en collaboration avec l'universit&#233; de Nancy 2 et le [[CNRS]]. Liens dynamiques avec le ''Dictionnaire de l'Acad&#233;mie fran&#231;aise'' (&#233;ditions 8 et 9).
** Et chaussette sur le tas de linge, [http://mycroft.mozdev.org/download.html?name=tlfi&amp;sherlock=yes&amp;opensearch=&amp;submitform=Search t&#233;l&#233;chargez ici] le module de recherche sur TLFi pour Firefox !
* [http://www.uzine.net/article1802.html Petit guide typographique &#224; l'usage de l'Internet]
* [[:es:Usuario:Pybalo/Wikipedistas|Usuario:Pybalo/Wikipedistas]] Cool ! Une carte interactive de localisation des Wikip&#233;diens (merci [[Utilisateur:Youssefsan|Youssef]] !)
* [http://www.lion1906.com/ Coordonn&#233;es g&#233;ographiques des villes de France]

== Pros&#233;lytisme ==
=== Articles parus ou interviews diffus&#233;es ===
* ''[[Le Figaro]] magazine'', &lt;!-- [http://www.lefigaro.fr/sciences/20051216.FIG0312.html --&gt;article de Julien Bourdet&lt;!--]--&gt;, paru le [[16 d&#233;cembre]] [[2005]].
* ''Radio Campus Paris'', &lt;!--[http://www.guidedurenard.org/sons/hall_20060321.mp3 &#233;mission --&gt;''Halleluyah''&lt;!--]--&gt; le [[21 mars]] [[2006]].
* Un dossier dans ''[[Micro hebdo]]'' num&#233;ro 427 paru le [[22 juin]] [[2006]] page 28 : &#171; Peut-on se fier &#224; Wikip&#233;dia ? &#187;

=== Ouvrages ===
J'ai particip&#233; en tant que relecteur technique &#224; l'ouvrage de S&#233;bastien Blondeel : ''Wikip&#233;dia, comprendre et participer'' paru aux &#233;ditions Eyrolles (ISBN 2-212-11941-0).

== Pens&#233;e du mois ==
* &#171; La r&#233;alit&#233; est une hallucination provoqu&#233;e par le manque d'alcool. &#187; &lt;small&gt;[[Janvier]], merci &#224; [[Utilisateur:Cousin|Cousin]].&lt;/small&gt;
* &#171; Le lieu le plus dangereux et &#224; &#233;viter absolument est le lit : il y meurt beaucoup plus de gens que partout ailleurs... &#187; &lt;small&gt;[[F&#233;vrier]].&lt;/small&gt;
* &#171; Mieux vaut ne rien dire et passer pour un con que de l'ouvrir et ne laisser aucun doute. &#187; &lt;small&gt;[[Sacha Guitry]]. [[Mars (mois)|Mars]].&lt;/small&gt;
* &#171; L'amour rend aveugle... le mariage rend la vue. &#187; &lt;small&gt;[[Avril]].&lt;/small&gt;
* Mes quatre s/raisons de ne pas travailler : en [[hiver]], le [[froid]] m'engourdit, je ne peux pas travailler. Au [[printemps]], la [[nature]] renaissant me laisse r&#234;veur, je ne peux pas me concentrer. En [[&#233;t&#233;]], la [[Transfert thermique|chaleur]] m'assoupit, je n'aspire qu'&#224; une chose, faire la [[sieste]]. Et &#224; l'[[automne]], la grisaille ambiante me [[d&#233;pression (m&#233;decine)|d&#233;prime]] et je n'ai alors pas envie de travailler... &lt;small&gt;[[Mai]].&lt;/small&gt;
* &#171; Coucher tard nuit. &#187; &lt;small&gt;[[Raymond Devos]] en hommage &#224; ce gros bonhomme parti ce 15 [[juin]].&lt;/small&gt;
* L'[[&#233;ternit&#233;]] est presque aussi encombrante que le [[Utilisateur:Airelle#Le_n&#233;ant|n&#233;ant]]. ''Pens&#233;e destin&#233;e &#224; [[Utilisateur:Airelle|Airelle]].'' &lt;small&gt;[[Juillet]].&lt;/small&gt;
* On ne dit pas : &#171; J'ai particip&#233; &#224; une partouze. &#187; On doit dire : &#171; J'ai &#233;t&#233; tir&#233;(e) au sort. &#187; &lt;small&gt;[[Ao&#251;t]].&lt;/small&gt;
* PC = Windows...
:&amp;mdash; J'ai un PC.
:&amp;mdash; Tu as un PC ? donc tu as Windows.
:&amp;mdash; Non, je n'ai pas Windows !
:&amp;mdash; Donc, tu n'as pas de PC.
:&amp;mdash; Si, j'ai un PC.
:&amp;mdash; Alors, tu as Windows [...] ''(toute ressemblance avec une publicit&#233; contre l'abus des antibiotiques serait totalement volontaire...)''. &lt;small&gt;[[Septembre]].&lt;/small&gt;
* &#171; Quand un emmerdeur quitte une pi&#232;ce, c'est comme si un ami venait d'y entrer. &#187; (Proverbe yiddish, merci &#224; [[Utilisateur:Airelle|Air Helle]]). &lt;small&gt;[[Octobre]].&lt;/small&gt;
* [[Roland Magdane]] a dit : &#171; On devrait construire les avions comme les bo&#238;tes noires. &#187; &lt;small&gt;[[Novembre]], merci &#224; [[Utilisateur:Eek|Eek]] pour le tuyau !&lt;/small&gt;
* Ma r&#233;solution pour [[2005]] : ne plus prendre de r&#233;solution au nouvel an... &lt;small&gt;[[D&#233;cembre]].&lt;/small&gt;
&lt;!--
Ouf ! J'ai eu peur... Je croyais que t'allais dire : &#171; 1800 x 1600 &#187;
//--&gt;
=== Autres amuse-gueule ===
* [[Linux]] est un noyau avec lequel commencent les p&#233;pins...
* [[Bill Gates|Guillaume Portails]] est l'&#171; inventeur &#187; des [[Microsoft Windows|fen&#234;tres]]... Je n'ai rien invent&#233; !
* La [[vie]] est une [[maladie]] mortelle sexuellement transmissible.
* J'adore cette phrase d'[[Michel Audiard|Audiard]] dans ''[[Les Tontons flingueurs]]'' : &#171; Les cons &#231;a ose tout. C'est d'ailleurs &#224; &#231;a qu'on les reconna&#238;t. &#187;
* Quelle est la longueur de la moiti&#233; d'un tout ? &lt;small&gt;J'attends vos propositions...&lt;/small&gt;
*: '''''Deux fois rien''''' &lt;small&gt;Olivier C cfr www.ekpedia.org&lt;small&gt;
*: Facile ! C'est 19 caract&#232;res ! [[Utilisateur:airelle|airelle]] 10 oct 2004 &#224; 12:50 (CEST) 
*:: Mais non, banane ! &#199;a fait deux caract&#232;res ! Ton arrogance n'a d'&#233;gale que ta b&#234;tise ! [[Utilisateur:airelle|canneberge]] 10 oct 2004 &#224; 12:50 (CEST)
*: Eh non, toujours pas... Essaye, encore ! CK
*:: Arr&#234;tez tous les deux de dire des sottises ! Une longueur, dans le syst&#232;me SI, est en m&#232;tres : il s'agit donc d'un pentam&#232;tre ! [[Utilisateur:airelle|A&#232;de Rome antique en toc]] 14 oct 2004 &#224; 19:00 (CEST)
*: On s'approche... La r&#233;ponse est bien en m&#232;tres... CK
*: 1,60 m&#232;tre - taille (approximative) de madame tout ? [[Utilisateur:Pe.nataf|p-e]] 15 oct 2004 &#224; 21:42 (CEST)
*: Encore un petit effort... CK
*:: Hmmmppf ! Ouf ! Voil&#224; qui est fait... C'est bon, maintenant ? [[Utilisateur:Airelle|Airelle]] 16 oct 2004 &#224; 11:37 (CEST)
*: M&#233;non, pas &#231;uila... maintenant, va falloir tout ramasser ! CK
*: Bon, la r&#233;ponse est trois m&#232;tres. Car le ''tout'' est de s'y mettre... CK
*:: Arf ! Excellent (si, si, vraiment !) Mais, bon... bien que moins dr&#244;les, les r&#233;ponses &#233;taient justes. Sacr&#233; Killer, va ! :)) [[Utilisateur:Airelle|Airelle]] 20 oct 2004 &#224; 18:53 (CEST)
*::: Bravo ! (applaudissements) (silence) [[Utilisateur:Pe.nataf|p-e]] 22 oct 2004 &#224; 21:30 (CEST)
*: une estimation.
*: fastoche: to/ut = de/&#224; = Londres/Rome = Aeroclub de Bellegarde-Vouvray (mi-distance entre ces deux villes)
ego deductae mea --[[Utilisateur:Cenec|Cenec]] ([[Discussion utilisateur:Cenec|d]]) 1 juillet 2012 &#224; 16:37 (CEST)
==== Petites phrases glan&#233;es &#231;&#224; et l&#224; ====
* &#171; L&#8217;humour, c&#8217;est comme les essuie-glaces, &#231;a n&#8217;arr&#234;te pas la pluie, mais &#231;a permet d&#8217;avancer. &#187;
* &#171; Un con est un imb&#233;cile qui n'a de cet organe ni la profondeur, ni la saveur. &#187;

=== Sophismes ===
* J'entends souvent dire aux actualit&#233;s que dans les accidents automobiles &#171; un mort sur cinq ne portait pas sa ceinture de s&#233;curit&#233; &#187;. Ce qui veut dire que quatre morts sur cinq la portaient : donc, il y a moins de morts sans la ceinture... &lt;small&gt;(rassurez-vous, je la mets toujours !)&lt;/small&gt; Ou que deux morts sur dix avaient un taux d'alcool&#233;mie sup&#233;rieur au maximum l&#233;gal... ce qui implique que huit morts sur dix n'avaient pas bu. Moralit&#233; : buvez au volant, vous risquez moins la mort... &lt;small&gt;(&#233;videmment, ce sont des [[sophisme]]s)&lt;/small&gt;.

== D&#233;lires ==
=== Les expressions fusionn&#233;es ===
Les expressions fusionn&#233;es sont le r&#233;sultat du panachage de deux phrases diff&#233;rentes ayant le m&#234;me sens :&lt;br /&gt;
&lt;small&gt;(En fait il s'agit de [[perverbe]]s... [[Utilisateur:Oxo|Oxo]] 24 novembre 2005 &#224; 21:40) &lt;/small&gt;
:&lt;small&gt;Vue ta d&#233;finition, cela ne correspond pas &#224; mes &#171; expressions fusionn&#233;es &#187;. En effet, mon jeu est la fusion de deux expressions ou proverbes ayant sensiblement le m&#234;me sens. CK&lt;/small&gt;
&lt;!-- ::&lt;small&gt;Les contributeurs ci-dessous ne respectent pas toujours cette version &#171; dure &#187; de la contrainte (comme on dit &#224; l'[[Oulipo]]). Les cas particuliers ont parfois aussi un nom, je n'en connais pas pour celui-l&#224;. J'en ajoute deux n&#233;anmoins...Oxo&lt;/small&gt;
:&lt;small&gt;En effet, certains n'ont pas compris le fonctionnement, mais je les ai tout de m&#234;me gard&#233;s... En revanche, tes ajouts, eux, sont bien dans l'esprit ! Merci :) CK&lt;/small&gt; --&gt;
* Se moucher avec le dos de la cuiller&lt;ref&gt;&#171; Ne pas se moucher avec le dos de la main &#187; et &#171; Ne pas y aller avec le dos de la cuiller &#187; : abuser.&lt;/ref&gt;.
* Ne pas y aller avec le dos de la main&lt;ref&gt;Idem que pr&#233;c&#233;dent.&lt;/ref&gt;.
** &lt;small&gt;Voire &#171; Ne pas y aller avec le dos de la main morte! &#187; ;-) [[Utilisateur:ChrisB|ChrisB]] 26 avr 2005 &#224; 15:56 (CEST)&lt;/small&gt;
* Ne pas avoir invent&#233; le fil &#224; couper l'eau chaude&lt;ref&gt;&#171; Ne pas avoir invent&#233; l'eau chaude &#187; et &#171; Ne pas avoir invent&#233; le fil &#224; couper le beurre &#187; : manquer d'intelligence.&lt;/ref&gt;.
* Pas de quoi se relever la nuit pour fouetter un chat&lt;ref&gt;&#171; Il n'y a pas de quoi se relever la nuit &#187; et &#171; Il n'y a pas de quoi fouetter un chat &#187; : cela n'a pas d'importance.&lt;/ref&gt;.
* Apporter sa pierre au moulin&lt;ref&gt;&#171; Apporter sa pierre &#224; l'&#233;difice &#187; et &#171; Apporter de l'eau au moulin &#187; : donner sa contribution.&lt;/ref&gt;.
* Apporter de l'eau &#224; l'&#233;difice&lt;ref&gt;Idem que pr&#233;c&#233;dent.&lt;/ref&gt;.
* Jeter de l'huile sur la plaie&lt;ref&gt;&#171; Jeter de l'huile sur le feu &#187; et &#171; Tourner le couteau dans la plaie &#187; : insister lourdement.&lt;/ref&gt;.
* Remuer le couteau dans le feu&lt;ref&gt;Idem que pr&#233;c&#233;dent.&lt;/ref&gt;.
* Chassez le naturel par la porte, il revient au galop par la fen&#234;tre.
* Il y a de l'eau dans la corde &#224; n&#339;uds.
* Il y a du mou dans le gaz.
==== Contributions tierces ====
* C'est l'&#233;tincelle qui fait d&#233;border le vase (EP le 03 juillet 2012)
* Tourner en couille.
* Avoir le sourire jusqu'aux l&#232;vres.
* Ne conna&#238;tre ni de l&#232;vre, ni de la dent.
* Mettre les poings sur la table.
* Ne pas y aller par quatre cheveux.
* Couper les chemins en quatre.
* La goutte d'eau qui met le feu aux poudres.
* L'&#233;tincelle qui fait d&#233;border le vase.
* Faire d'une pierre 400 coups.
* Tirer les marrons du jeu.
* Ne pas attendre une seconde &#224; perdre.
* Qui vole un &#339;uf, d&#238;ne.
* Ca va rouler dans les brancards.
* Cracher sur le cheveu dans la soupe.
* C'est la goutte qui d&#233;passe les bornes.
* Il y a du pain sur la branche.
* Il va t'arriver une couille qui te pend au nez.
* L'important c'est de garder les pieds sur les &#233;paules
* Il faut se m&#233;fier de l'eau qui dort d&#238;ne.
* Tirer une fi&#232;re chandelle du pied
* C'est la porte ouverte &#224; toutes les fen&#234;tres &lt;small&gt;([[Gad Elmaleh]] dans ''[[La V&#233;rit&#233; si je mens ! 2]]'')&lt;/small&gt;
:Je suis pour la suppression de cette rubrique&amp;nbsp;: elle ne fait que remuer le couteau dans l'huile. Faudrait remettre les pendules &#224; leur place&amp;nbsp;: &#231;a tombe de source. [[Utilisateur:Gloumouth1|Gloumouth1]] 15 juillet 2005 &#224; 14:24 (CEST)
* Se jeter sous un pont
* Se faire remonter les bronches
** Se faire souffler dans les bretelles ?
* Tant va la cruche &#224; l'eau qu'&#224; la fin, la coupe est pleine !
* Ne pas avoir les id&#233;es en face des trous.
* Pas de quoi fouetter un chat &#233;chaud&#233; qui craint l'eau qui dort.
** &lt;small&gt; Pas de quoi fouetter un chat &#233;chaud&#233; qui craint l'eau qui dort d&#238;ne ''n'ayons pas peur des mots qui font les grands rem&#232;des''&lt;/small&gt;
* &#202;tre comme un chien dans un magasin de porcelaine
** &#202;tre comme un &#233;lephant dans un jeu de quilles
* Petit &#224; petit, l'oiseau fait de grandes rivi&#232;res. &lt;small&gt;([[Utilisateur:Mr Patate|de moi...]] bien pour WP :)
* N'est point de bruit sans fum&#233;e &lt;small&gt;(authentique, je connais une vieille morvandelle ragotteuse qui a coutume de la sortir... sans le faire expr&#232;s :) [[Utilisateur:Mr Patate|Mr Patate]]&lt;/small&gt;
* C'est en se jetant &#224; l'eau que l'on devient forgeron. &lt;small&gt;(SB)&lt;/small&gt;
* Se faire un mauvais sang d'encre. (Les Robins des bois) [[Utilisateur:Log0|Log0]] 6 juillet 2006 &#224; 19:20 (CEST)
Moi aussi [http://nojhan.free.fr/article.php3?id_article=62 j'aime bien &#231;a], alors je t'en file quelques unes : [[Utilisateur:Nojhan|N]][[Discussion_Utilisateur:Nojhan|&#9784;]][[Utilisateur:Nojhan|Jhan]] 20 d&#233;cembre 2005 &#224; 18:53 (CET)
* Y avoir baleine sous caillou. &lt;small&gt;Je connais &#171; baleine sous gravier &#187; CK&lt;/small&gt;
** &lt;small&gt;Le saviez-tu : &#171; hareng sous sable &#187; [[Utilisateur:Nicobu|Nicobu]]&lt;/small&gt;
** &lt;small&gt;Variante Bernard Tapie : &#171; anguille sous burne &#187;&lt;/small&gt;
* Il ne faut pas pousser le bouchon dans les orties.
* C'est la goutte de moutarde qui fait d&#233;border le nez.
* &#202;tre mieux que si c'&#233;tait pire.
* Tu veux pas que je t'emballe un mars non plus ?
* S'en mordre les dents.
* Avoir du travail par dessus la planche.
* La cavalerie n'a pas le droit au chapitre !
* Ne conna&#238;tre quelqu'un ni des l&#232;vres ni des dents.
* Il ne faut pas vendre la peau de l'ours, non, il ne faut pas. (D.Solheid - Be)
* Il ne faut pas vendre la m&#232;che avant d'avoir tu&#233; la peau de l'ours.
* Qui va &#224; la chasse, tue. (D.Solheid - Be)
* Deux proverbes d'assassins : &#171; No&#235;l au balcon, gare au plongeon &#187; et &#171; qui s'endort avec la fen&#234;tre ouverte, se r&#233;veille avec la gorge qui rie &#187; --[[Utilisateur:Erestrebian|Erestrebian]] 16 ao&#251;t 2006 &#224; 15:10 (CEST)
:* Je connaissais la variante : &#171; No&#235;l au balcon, enrhum&#233; comme un con &#187; (ou P&#226;ques aux Rabannes...)
* C'est la ran&#231;on de la m&#233;daille.
* &#199;a casse pas trois briques &#224; un canard.
* J'ai plus d'une corde dans mon sac.
* Le tour est dans le sac.
* Mettre son nez dans le grain de sel
* Morale des courses...
* On revient &#224; la case d&#233;part.
* Plut&#244;t crever la gueule ouverte.
* Rendre la monnaie de sa pareille
* Se prendre le nez
* Va te faire foutre un &#339;uf.
* &#199;a co&#251;te les yeux des fesses.
* Les bras m'en tombent des jambes.

Je te refile ceux-l&#224;:
* couper l'herbe dans la bouche.
* remuer le carambar dans la carie
* na&#238;tre avec un plateau d'argent dans la bouche

Et un familial de chez moi :
* C'est l'h&#244;pital qui se fout de la poutre dans l'oeil du voisin de la charit&#233;. [[Utilisateur:Johann Grimm|Johann Grimm - Et le l&#233;zard traversa la rivi&#232;re...]] 14 septembre 2007 &#224; 21:51 (CEST)

* Merci, tu m'&#244;tes une fi&#232;re chandelle du pied.
* C'&#233;tait fait d'une pierre deux coups de cuiller &#224; pot
* Il m'a fil&#233; du mauvais coton
* Bon, ce genre de proverbes, on peut en cr&#233;er &#224; tire la multitude sans fin, mais on va pas en faire une montagne de plats. &lt;small&gt;--8 ao&#251;t 2009 &#224; 20:48 (CEST)&lt;/small&gt;

Cadeau collector d'un belge de passage :
* Tourner sept fois sa langue dans sa poche.


* 'faut pas d&#233;corner les b&#339;ufs avant d'avoir sem&#233; le vent (signature de fearan sur linuxfr)
* la nuit porte sommeil (lapsus d'un candidat dans une &#233;mission de t&#233;l&#233;-r&#233;alit&#233;)

==== Notes et proverbes de r&#233;f&#233;rence ====
&lt;references /&gt;

=== Liaisons mal-t-&#224; propos ===
Un sp&#233;cialiste de la liaison mal-t-&#224; propos est notre ami [[Eddy Mitchell|Schmoll]] :
* Dans ''Sur la route de Memphis'', il dit &#171; Un vieux costume un peu &#233;lim&#233; '''r-aux''' manches... &#187;
* Dans ''Pas de boogie-woogie'', il dit &#171; Mes bien chers fr&#232;res, mes bien ch&#232;res s&#339;urs, reprenez '''r-avec''' moi tous en ch&#339;ur... &#187;
* Et il y a aussi : &#171; J'suis pas comme hhhiti... &#187; o&#249; l'on d&#233;couvre qu'[[E.T. l'extra-terrestre|E.T.]] s'&#233;crit avec un h aspir&#233; !
Effet pervers de l'[[euro]]... en effet, depuis que l'on est pass&#233; du franc &#224; cette monnaie, on entend trop souvent :
* J'ai achet&#233; ce lecteur de DVD cent '''z-'''euros...
* Le billet pour Monchamp-la-Campagne est &#224; vingt '''z-'''euros...

Et pourtant, si vous remplacez les euros par des ans, feriez-vous les m&#234;mes erreurs ? Oseriez-vous dire : &#171; Quand on aime on a toujours vingt z'ans &#187; ou &#171; la guerre de Cent Z'ans &#187; ?

Pire encore... de plus en plus de gens ajoutent un h aspir&#233; &#224; euro puisqu'on entend trop fr&#233;quemment deux heuros, vingt heuros. Bref, de peur de se faire pi&#233;ger, les gens ne font plus de liaison !

&lt;!--
*Ou encore,l'Euro,certains l'&#233;crivent "le r&#244;t" et pour l'&#233;cu...je vous &#233;pargne d'une pr&#233;cision"...
//--&gt;
M&#234;me [[Daniel Balavoine]] n'a pas &#233;chapp&#233; aux pi&#232;ges liants...
* Dans ''Je ne suis pas un h&#233;ros'', qu'il avait &#233;crite pour [[Johnny Hallyday]], il dit : &#171; Je ne suis pas un h&#233;ros, mes faux pas me collent '''l-&#224;''' la peau... &#187; &lt;small&gt;Merci &#224; [[Utilisateur:Bcoconni|Bcoconni]]&lt;/small&gt;
* [[user:Pontauxchats|Pontauxchats]] m'a transmis &#233;galement cette liaison peut-&#234;tre volontaire de Mathieu Chedid dans la chanson ''Les Triplettes de Belleville'' : &#171; Moi je veux &#234;tre idiot, triplement '''z''''idiot... &#187;
[[Image:Wikipedia laurier wp.png|thumb|100px|Prix nobel de la [[Wikip&#233;dia:100 000#Variante possible|pr&#233;vision quantitative]], d&#233;cern&#233; par Pontauxchats]]&lt;!--
Hol&#224; mi ! Ce n'est pas vraiment un pataqu&#232;s (d'o&#249; la mise en commentaire) mais DB chantait &#171; [...] pas Z-un h&#233;ros &#187; l&#224; ou JH pronon&#231;ait &#171; [...] pas H-un h&#233;ros &#187; : il n'avait sans doutre jamais entendu la VO ! Et que dire des journalistes qui utilisent une monnaie &#224; moi inconnue : le heuro (&#171; cent H-euros &#187;, &#171; deux cents H-euros &#187;...). Utilisateur:AirelleAirelle 3 d&#233;c 2004 &#224; 18:55 (CET)

:Tout juste, Auguste... Comme ils ne savent pas (voir plus haut &#224; propos des zeuros), ils &#233;vitent toute liaison. Triste. 

C'est mieux qu'un pataqu&#232;s, mais tout de m&#234;me, ce n'est pas trop heurox, heu... heureux ! [[Utilisateur:AirelleAirelle]] 4 d&#233;c 2004 &#224; 12:25 (CET) 

:Concernant JH, le jour o&#249; il saura pronconcer correctement... Je n'ai toujours pas compris toutes les paroles de ''Que je t'aime''... [[Utilisateur:C&#233;r&#233;ales Killer|&#169;&#233;r&#233;ales Kille&#174;]] [mailto:cerkil@free.fr |] [[Discussion Utilisateur:C&#233;r&#233;ales Killer||&#9786;]] 3 d&#233;c 2004 &#224; 20:01 (CET)

Ah bon ? M&#233;fiance ! Demande d'abord &#224; conna&#238;tre le montant de la dot avant de t'engager... [[Utilisateur:Airelle|Airelle]] 4 d&#233;c 2004 &#224; 12:25 (CET)

Dans la chanson des ann&#233;es '80 ''Fade to grey'' du groupe ''Visage'', on entend ''[...] avant que la vie ne fusse devenue grise.'' alors qu'il faudrait qu'on entend&#238;t ''[...] avant que la vie ne f&#251;t devenue grise.'' Mais bon, saluons le louable effort de ces anglo-saxons : ce n'est d&#233;j&#224; pas usuel qu'ils emploient le fran&#231;ais, alors l'imparfait du subjonctif... [[Utilisateur:Airelle|Airelle]] 31 mar 2005 &#224; 19:00 (CET)

::Et c'est pourtant vrai ! [[Utilisateur:C&#233;r&#233;ales Killer|&#169;&#233;r&#233;ales Kille&#174;]] [mailto:cerkil(at)free.fr |] [[Discussion Utilisateur:C&#233;r&#233;ales Killer||&#9786;]] 2 avr 2005 &#224; 14:19 (CEST)

//--&gt;

{{R&#233;compense|Wikipedia laurier wp.png|Chaleureux remerciements &#224; C&#233;r&#233;ales Killer pour son omnipr&#233;sence sur Wikip&#233;dia, la qualit&#233; de ses articles et son &#233;tat d'esprit en g&#233;n&#233;ral.}}
{{R&#233;compense|Wikipedia_laurier_photo.png|Je lui d&#233;cerne cette r&#233;compense pour toutes les photographies de qualit&#233; qu'ils nous met &#224; disposition dans sa galerie.&lt;br /&gt;F&#233;licitations !&lt;br /&gt;[[Utilisateur:Vekin|Vekin]] 19 novembre 2006 &#224; 11:33 (CET)}}
{{R&#233;compense|Wikipedia laurier wp.png|Un grand merci &#224; C&#233;r&#233;ales Killer pour son exceptionnelle r&#233;activit&#233; &#224; supprimer les actes de vandalisme sur Wikip&#233;dia !--[[User:Benoil125|Benoil125]] ([[User talk:Benoil125|d]]) 5 janvier 2008 &#224; 00:35 (CET)}}
{{R&#233;compense|Wikimedaglia oro.png|Un &#233;norme '''BRAVO''' pour le meilleur admin du monde {{sourire}}. Merci beaucoup pour tout ce que t'as fait pour moi!
(par [[Utilisateur:Quentinv57|Quentinv57]] &lt;small&gt;&amp;#91;[[Discussion Utilisateur:Quentinv57|d]]&amp;#93;&lt;/small&gt; le 28 juillet 2008 &#224; 20:43 (CEST))}}
{{R&#233;compense|Wikipedia laurier wp.png|Pour ton excellente lutte contre le vandalisme ! [[Utilisateur:Tibo217|Tibo217]] &lt;sup&gt;&lt;small&gt;[[Discussion Utilisateur:Tibo217|salon litteraire]]&lt;/small&gt;&lt;/sup&gt; 3 d&#233;cembre 2008 &#224; 21:41 (CET)}} 
{{R&#233;compense|Wikipedia_laurier_wp.png|Sinc&#232;res admirations pour ton sens de l'humour et ton immense contribution {{malade}}. Tu as une superbe page !&lt;br /&gt;[[Utilisateur:Thibaud 60|Thibaud 60]] ([[Discussion utilisateur:Thibaud 60|d]]) 28 novembre 2009 &#224; 18:43 (CET)}}
{{R&#233;compense|Wikipedia_laurier_wp.png|Pour m'avoir aid&#233; &#224; &#233;radiquer un bug de wikip&#233;dia en me pr&#234;tant sa pdd.&lt;br /&gt;[[Utilisateur:Varmin|Varmin]]&lt;sup&gt;[[Discussion utilisateur:Varmin|Un&#160;probl&#232;me?]]&lt;/sup&gt; 23 juin 2010 &#224; 18:23 (CEST)}}
== Bravo et merci ==
{{R&#233;compense|Wikipedia laurier W.png|[[Wikip&#233;dia:Liste de Wikip&#233;diens par nombre d'&#233;ditions|C&#233;r&#233;ales Killer est le 57{{e}} contributeur en nombre d'&#233;ditions sur Wikip&#233;dia en fran&#231;ais pour d&#233;cembre 2012]].}}&lt;br /&gt;Meilleurs v&#339;ux pour 2013 !--[[Utilisateur:Copyleft|Copyleft]] ([[Discussion utilisateur:Copyleft|d]]) 21 d&#233;cembre 2012 &#224; 14:22 (CET)

{{WikiDefcon}}

[[ca:Usuari:C&#233;r&#233;ales Killer]]
[[de:Benutzer:C&#233;r&#233;ales Killer]]
[[en:User:C&#233;r&#233;ales Killer]]
[[es:Usuario:C&#233;r&#233;ales Killer]]
[[nl:Gebruiker:C&#233;r&#233;ales Killer]]
[[no:Bruker:C&#233;r&#233;ales Killer]]
[[pl:Wikipedysta:C&#233;r&#233;ales Killer]]
[[pt:Usu&#225;rio(a):C&#233;r&#233;ales Killer]]
[[sl:Uporabnik:C&#233;r&#233;ales Killer]]</text>
      <sha1>0bt2swmod8mkj86759vwt3r8f4rvbxt</sha1>
      <model>wikitext</model>
      <format>text/x-wiki</format>
    </revision>
  </page>
