<page xmlns="http://www.mediawiki.org/xml/export-0.8/" xmlns:xsi="http://www.w3.org/2001/XMLSchema-instance">
    <title>Utilisateur:Cdang</title>
    <ns>2</ns>
    <id>31039</id>
    <revision>
      <id>97361212</id>
      <parentid>97117612</parentid>
      <timestamp>2013-10-10T13:50:05Z</timestamp>
      <contributor>
        <username>Cdang</username>
        <id>1119</id>
      </contributor>
      <minor/>
      <comment>/* Technologie */ manchon ETP</comment>
      <text xml:space="preserve">{{mammouth mop}}

&lt;gallery&gt;

Image:Cdang.jpeg|Et moi&#8230;
Image:Nikyo omote.jpeg|&#8230; et moi &#8230;
Image:Headbang dans la cuisine.jpeg|&#8230; et moi.

&lt;/gallery&gt;

{{Bo&#238;te utilisateur|fr|de-2|en-3|sceptique envers les m&#233;decines douces|Charte du contributeur en science|Diaspora}}

Bonjour,

j'ai d&#233;couvert Wikip&#233;dia en octobre 2003 gr&#226;ce &#224; un contributeur n&#233;erlandais, [[Utilisateur:Rob_Hooft|Rob Hooft]] ;-) je suis donc un [[:Cat&#233;gorie:Wikip&#233;dia:Mammouth|mammouth]].

Je m'appelle Christophe Dang Ngoc Chan.
Mon cursus :
* [[:Cat&#233;gorie:naissance en 1971|n&#233; en 1971]] &#224; [[Cr&#233;teil]], &#233;lev&#233; &#224; [[Choisy-le-Roi]] ;
* [[&#201;cole nationale sup&#233;rieure des mines de Saint-&#201;tienne|ing&#233;nieur]] en science des mat&#233;riaux (m&#233;tallurgie)&lt;ref&gt;[http://www.legifrance.gouv.fr/jopdf/common/jo_pdf.jsp?numJO=0&amp;dateJO=19951014&amp;numTexte=&amp;pageDebut=15015&amp;pageFin=19951014 Arr&#234;t&#233; du 14 septembre 1995] portant attribution du dipl&#244;me d'ing&#233;nieur civil des mines de l'&#201;cole nationale sup&#233;rieure des mines de Saint-&#201;tienne (NOR:INDM9500991A), [[Journal officiel de la R&#233;publique fran&#231;aise|JORF]] 240 du 14 Octobre 1995, p. {{formatnum:15015}}&lt;/ref&gt; ;
* j'ai fait mon stage de DEA sur les [[dislocation|modes de d&#233;formation plastique]] d'un alliage [[interm&#233;tallique]] (le [[FeAl]] B2) &#224; haute temp&#233;rature (env. {{unit&#233;|600|&#176;C}}) ;
* [[objecteur de conscience]], [[techniques de projection cin&#233;matographique|projectionniste]] dans un [[cin&#233;ma d'art et essai]] &#224; [[Saint-&#201;tienne]] ([http://www.abc-lefrance.com/ cin&#233;ma Le France]), j'ai obtenu mon [[CAP]] projectionniste (-:
* [[secouriste]] b&#233;n&#233;vole ([[CFAPSE]], maintenant [[PSE2]]), moniteur des premiers secours ([[BNMPS]]) ;
* [[doctorant]] en corrosion ([[oxydation &#224; haute temp&#233;rature]]), th&#232;se en cours de r&#233;daction depuis&#8230; 1999&#8230; (j'ai trouv&#233; du boulot entre la fin des manips et la fin de la r&#233;daction) ;
* j'ai travaill&#233; sept ans dans le domaine de l'analyse chimique par rayons X ([[diffraction X]], [[fluorescence X]]), en tant que r&#233;dacteur technique (manuels utilisateurs, participation &#224; la d&#233;finition des sp&#233;cifications du logiciel, [[R&#233;gionalisation de logiciel|r&#233;gionalisation]]), formateur et support client ''(hot line)'' ; j'ai d&#233;missionn&#233; pour suivre ma femme [[Le Havre|au Havre]] en mai 2007 ;
* apr&#232;s 6 mois de [[ch&#244;mage|proposition de service]], j'ai retrouv&#233; du travail gr&#226;ce &#224; un contributeur de Wikip&#233;dia (-: j'ai effectu&#233; une mission d'int&#233;rim consistant &#224; &#233;tudier les [[brevet]]s d'un concurrent de l'entreprise qui m'employait (domaine : m&#233;thodes d'analyse &#224; l'&#233;chelle nanoscopique) ;
* de novembre 2007 &#224; avril 2012, j'ai &#233;t&#233; formateur en [[m&#233;canique (industrie)|m&#233;canique]] pour des [[Baccalaur&#233;at professionnel|bac pro]] TU (usinage), ROC SM/TCI (chaudronnerie industrielle) et MEI (maintenance d'&#233;qiupements industriels), et pour des [[Brevet de technicien sup&#233;rieur|BTS]] CPI (conception de produits industriels), ROC/CRCI (chaudronnerie industrielle) et MI (maintenance industrielle), dans un centre de formation d'[[apprenti]]s ; j'ai aussi assur&#233; des cours de mat&#233;riaux pour des &#233;l&#232;ves ing&#233;nieurs en m&#233;canique et production ;
* depuis avril 2012, je suis ing&#233;nieur en calcul m&#233;canique dans une entreprise fabriquant des machines &#224; souffler et remplir des bouteilles plastique, je travaille essentiellement avec les &#233;l&#233;ments finis ;
* d&#233;butant confirm&#233; en [[a&#239;kido]] (depuis 2002) et [[iaido]] (2010), j'ai commenc&#233; chez Frank Dauv&#233; &#224; [[Maisons-Alfort]] et j'&#233;tudie maintenant chez [[Ren&#233; Van Droogenbroeck|VDB]] (RIP) ; je passerai mon [[shodan]] l'ann&#233;e o&#249; je pourrai aller deux fois par semaine au dojo (mais vue l'attitude de certain grad&#233;s sur le tatami, je ne me sens pas press&#233; d'avoir cet honneur&#8230;) ;
* mes d&#233;buts en [[jeu de r&#244;le]] : ''Le temple de M'Shu'', un sc&#233;nario de [[Donjons et Dragons|Donj']] (''[[Casus Belli]]'' n&#176;19, [[Mars (mois)|mars]] [[1984]]) en 4{{e}}, le [[livre-jeu]] ''[[D&#233;fis fantastiques|La Citadelle du chaos]]'' et pis mon No&#235;l [[1986]] o&#249; j'ai eu mon premier ''Casus'' (le n&#176;34 ([[novembre]] avec la [[Charte angoumoise]] et [[R.O.L.E.]]) et mes premiers jeux de r&#244;le (''[[R&#234;ve de Dragon]]'', et ''[[Avant Charlemagne]]'', sacr&#233; No&#235;l !) ; &#224; part &#231;a, je suis plut&#244;t vell&#233;itaire, j'accumule les r&#232;gles et les sc&#233;nars mais je joue tr&#232;s peu (un peu comme certains avec les bouquins de cuisine&#8230;) ;
* dans ma jeunesse, j'ai appris la [[guitare]] classique (deux ans) puis le [[hautbois]] (dix ans de pratique, quand m&#234;me), un peu de guitare &#233;lectrique quand j'&#233;tais &#233;tudiant, mais je me suis trouv&#233; d'autres centres d'int&#233;r&#234;t et comme on ne peut pas tout faire, mon biniou prend la poussi&#232;re )-:
* mes d&#233;buts en [[Heavy metal (musique)|heavy metal]] : en terminale, un pote qui me pr&#234;te un cassette du ''Keeper of the Seven Keys'' d'[[Helloween]]&#8230; J'ai encha&#238;n&#233; avec [[Iron Maiden]], [[Metallica]], [[Accept]], un pote me branche sur [[Led Zeppelin]] et [[Jimi Hendrix]], puis le reste est venu&#8230;
[[Image:Thomas dang ngoc chan.jpeg|thumb|beau boulot, non ?]]
* je suis maintenant deux fois [[papa]] (-8

Voici 
* Ma [[Utilisateur:Cdang/gallerie|galerie d'images]] ;
* ma [[commons:User:Cdang/Gallerie d'images|galerie d'images sur Commons]]
* ma [[Utilisateur:Cdang/bo&#238;te &#224; outils|bo&#238;te &#224; outils]] ;
* les [[Utilisateur:Cdang/en_cours|pages en cours de r&#233;daction]]
* la [[Utilisateur:Cdang/politiquement correct wikip&#233;dien|politiquement correct wikip&#233;dien]]

== Les pages auxquelles j'ai contribu&#233; : ==

=== Arts, loisirs et culture ===

==== Arts martiaux ====

[[a&#239;kido]], [[R&#233;f&#233;rence:L'Art de la guerre (Sun Zi)]], [[atemi]], [[budo]], [[full-contact]], [[garde (position de combat)]], [[Gracie ju-jutsu]], [[kendo]], [[ki]], [[kick-boxing]], [[kung fu]], [[Miyamoto Musashi]], [[ninja]], [[qi]], [[Malcolm Tiki Shewan|Shewan, Malcolm Tiki]], [[Toshiro Suga|Suga, Toshiro]], [[tir &#224; l'arc]]

----
''Note'' : L'article ''A&#239;kido'' &#233;voluant beaucoup, la version qui &#224; titre personnel me satisfait le plus est celle du 25 f&#233;vrier 2005 &#224; 11h39 
----

==== Bande dessin&#233;e ====

[[Appleseed]], [[Liste de bandes dessin&#233;es de science-fiction par ordre alphab&#233;tique|de science fiction]], [[Ghost in the Shell]], [[Moebius]], [[les Humano&#239;des Associ&#233;s]], [[le Garage herm&#233;tique]], [[Alejandro Jodorowsky]], [[Masamune Shirow|Shirow Masamune]]

==== [[Cin&#233;ma]] et t&#233;l&#233;vision ====

* r&#233;alisateurs : [[Alejandro Jodorowsky]], [[Akira Kurosawa]], [[Mamoru Oshii]]
* acteurs : [[Hiroyuki Sanada]]
* films : [[Appleseed]], [[L'Auberge espagnole]], [[Avalon (film 2002)|Avalon]], [[Cocorico Monsieur Poulet]], [[Conan le barbare]], [[Dark City]], [[L'&#201;pouvantail]], [[Eraserhead]], [[Ghost in the Shell]], [[Gosford Park]], [[Independence Day]], [[The Hit]], [[Johnny s'en va-t-en guerre]], [[Los Angeles 2013]], [[Mad Max]], [[La Montagne sacr&#233;e]], [[Matrix]], [[Metropolis]], [[Orange m&#233;canique]], [[Pink Floyd The Wall]], [[Point limite z&#233;ro]], [[Se7en]], [[Spinal Tap]], [[71 Fragments d'une chronologie du hasard]], [[Stargate, la porte des &#233;toiles]], [[Starship Troopers]], [[Star Wars]], [[Le Territoire des morts]], [[Voyage &#224; deux]]
* genres : [[films en images de synth&#232;se]], [[La science fiction au cin&#233;ma et &#224; la t&#233;l&#233;vision|films et s&#233;ries de science fiction]], [[Nouvelle Vague]], [[road movie]], ''[[tokusatsu]]''
* technique : [[cam&#233;ra objective et subjective]], [[cellulo&#239;d (dessin anim&#233;)]], [[champ (cin&#233;ma)]], [[d&#233;cadrage]], [[Dolby]], [[&#233;chelle des plans]], [[formats de projection]], [[Hypergonar]], [[mise en abyme]], [[perspective de mouvement]], [[plan-s&#233;quence]], [[raccord (cin&#233;ma)]], [[regard cam&#233;ra]], [[Son di&#233;g&#233;tique et extradi&#233;g&#233;tique]], [[vocabulaire du cin&#233;ma]], [[voix int&#233;rieure]]
* genres : [[t&#233;l&#233; r&#233;alit&#233;]]

==== Japon ====

[[obi]], [[p&#233;riode Kamakura]], [[omote et ura]], [[sempai et kohai]], [[sensei]]

==== [[Jeu]]x et [[Jeu de r&#244;le|jeux de r&#244;le]] ====

[[After the Bomb]], [[Ark&#233;os]], [[Armure (&#233;quipement)|Armure]], [[Astre d'Or]], [[Asmod&#233;e &#201;ditions]], [[Avant Charlemagne]], [[James Herbert Brennan]], [[Croc (jeu de r&#244;le)]], [[N. Robin Crossby]], [[D6 System]], [[DestinyQuest]], [[dK system]], [[Donjons et Dragons]], [[Empire galactique]], [[EW-System]], [[Fantasy Craft]], [[Glorantha]], [[gnome (cr&#233;ature fantastique)|gnome]], [[gobelin]], [[Golarion]], [[Grand Au-Del&#224;]], [[GURPS]], [[Heavy Metal (jeu de r&#244;le)]], [[HeroQuest]], [[Hero Wars]], [[Issaries Inc.]], [[jet de d&#233; (jeu de r&#244;le)]], [[jeu de cartes]], [[jeu de r&#244;le g&#233;n&#233;rique]], [[jeu narratif]], [[kobold]], [[licence ludique libre]], [[liste de cr&#233;atures fantastiques]], [[Livre jeu, vivez l'aventure]], [[Livre-jeu de la s&#233;rie Donjons &amp; Dragons]], [[Loup Solitaire]], [[le monde de Palladium]], [[Mongoose Publishing]], [[Dave Morris]], [[nain (cr&#233;ature fantastique)|nain]], [[L'&#338;il noir]], [[orc]], [[Palladium (jeu de r&#244;le)]], [[Palladium Books]], [[parlour game]],  [[peuple du personnage]], [[Pierre Rosenthal (auteur de jeux)]], [[Le Prisonnier (Pierre Rosenthal)]], [[R&#234;ve de Dragon]], [[Rifts]], [[Robotech]], [[R. Talsorian Games]], [[sc&#233;nario de jeu de r&#244;le]], [[SimulacreS]], [[syst&#232;me d'avantages et de d&#233;fauts]], [[syst&#232;mes de jeux de r&#244;le]], [[syst&#232;me Palladium]], [[Les Terres de l&#233;gende]], [[Titan (univers de fiction)]], [[Tortues ninja|Teenage Mutant Ninja Turtles]], [[troll]], [[Trauma]], [[Universom]], [[West End Games]], [[Zone (jeu de r&#244;le)]]

[[Du balai !]], [[Full M&#233;tal Plan&#232;te]], [[La Guerre de l'Anneau (jeu de soci&#233;t&#233;)|La Guerre de l'Anneau]], [[Myst&#232;re &#224; l'abbaye]]

==== Musique ====

[[hard rock]], [[Heavy metal (musique)|heavy metal]], [[new wave]], [[Onde stationnaire dans un tuyau]], [[onde sur une corde vibrante]], [[So Kalmery]]

==== [[Vi&#234;t Nam]] ====

[[Alexandre de Rhodes]], [[vietnamien]], [[Vietnamese Quoted-Readable]]

==== [[Science-fiction]] et [[fantastique]] ====

[[cyberpunk]], [[Liste de bandes dessin&#233;es de science-fiction par ordre alphab&#233;tique|en bande dessin&#233;e]], [[cycle de Cat]], [[L'Homme qui valait trois milliards]], [[space fantasy]], [[La science fiction au cin&#233;ma et &#224; la t&#233;l&#233;vision|au cin&#233;ma et &#224; la t&#233;l&#233;vision]], [[San Ku Kai]], [[ovni]], [[Terremer]], [[th&#233;orie ufologique]], [[La Vall&#233;e de l'&#233;ternel retour|Vall&#233;e de l'&#233;ternel retour (la)]]

==== Divers ====

[[Association loi 1901|Associations]], [[batte]], [[bleu]], [[celtes]], [[les Contes de ma m&#232;re l'Oie]], [[d&#233;chet]], [[De l'usage des majuscules]], [[&#233;clisse]], [[jeu &#233;lectronique]], [[humoriste]], [[John Doe]], [[maison en paille]], [[massacre de S&#233;tif]], [[message subliminal]], [[11 septembre 2001]], [[ouroboros]], [[Charles Perrault]], [[Premi&#232;re Guerre mondiale]], [[querelle des Anciens et des Modernes]], [[raquette (homonymie)]], [[X]], [[Y]]

=== Science et techniques ===

==== [[M&#233;decine]] ====

[[accident vasculaire c&#233;r&#233;bral]], [[accueil et traitement des urgences]], [[aide m&#233;dicale urgente]], [[anti-inflammatoire]], [[br&#251;lure]], [[centre hospitalier]], [[c&#339;ur]], [[collapsus]], [[d&#233;cubitus]], [[douleur]], [[&#233;chelle de douleur et d'inconfort du nouveau-n&#233; et du nourisson]], [[&#233;chelle de Glasgow]] , [[&#233;chelle Monoyer]], [[&#233;tude randomis&#233;e en double aveugle]], [[mati&#232;re f&#233;cale]], [[h&#244;pital de campagne]], [[hypoglyc&#233;mie]], [[hypothermie]], [[infarctus]], [[infarctus du myocarde]], [[infirmier sapeur-pompier]], [[inflammation]], [[intoxication alimentaire]], [[isch&#233;mie]], [[l&#232;pre]], [[lubrifiant anatomique]], [[maladie cardiovasculaire]], [[malaise vagal]], [[m&#233;decine g&#233;n&#233;rale]], [[m&#233;decine militaire]], [[m&#233;decine pr&#233;ventive]], [[m&#233;decine d'urgence]], [[m&#233;dicament]], [[Mod&#232;le:Utilisateur sceptique envers les m&#233;decines douces]], [[nid de bless&#233;s]], [[ophtalmologie]], [[Peter Safar]], [[psychanalyse]], [[rhabdomyolyse]], [[remplissage vasculaire]], [[respiration cellulaire]], [[ronflement]], [[scanner]], [[score de Malinas]], [[tension art&#233;rielle]], [[tomographie]], [[vaisseau sanguin]], [[veine]], [[voies a&#233;riennes]]

==== [[P&#233;dagogie]] ====

[[andragogie]], [[chronobiologie]], [[docimologie]], [[jeu de la NASA]], [[jeu de r&#244;le (psychologie)]]

==== Premiers secours ====

[[Premiers secours]] : [[alerte (premiers secours)|alerte]], [[appareil respiratoire filtrant]], [[bobologie]], [[chute (accident)]], [[Formation de base aux premiers secours]], [[gestes de premi&#232;re urgence]] ([[arr&#234;t d'une h&#233;morragie]], [[malaise (premiers secours)|malaise]]), [[premiers secours sur la route]], [[pr&#233;tensionneur de ceinture]], [[pr&#233;vention routi&#232;re]], [[proc&#233;dure ABCDEF de traitement des urgences extrahospitali&#232;res]], [[premiers secours : protection|protection]], [[secouriste sauveteur du travail]], [[tonneau (accident)]]

[[Prompt secours]] : [[attelle]], [[prompt secours : bilan|bilan]], [[brancard]], [[brancardage]], [[br&#234;lage]], [[compression thoracique]], [[DSA]], [[&#233;charpe]] ; [[&#233;tat de conscience]], [[F&#233;d&#233;ration nationale de protection civile]], [[h&#233;morragie]], [[jeu de r&#244;le (psychologie)]], [[lib&#233;ration des voies a&#233;riennes]], [[matelas immobilisateur &#224; d&#233;pression]], [[num&#233;ro d'appel d'urgence]], [[pendaison]], [[plan dur]], [[point de compression]], [[prompt secours routier]], [[protection civile]], [[radiot&#233;l&#233;phonie]], [[r&#233;animation cardio-pulmonaire]], [[prompt secours : relevage|relevage]], [[secourisme]], [[secourisme de l'avant]], [[techniques de prompt secours]], [[trousse de secours]], [[ventilation artificielle]]

==== [[S&#233;curit&#233; civile]] ====

[[Alerte aux populations]], [[avion bombardier d'eau]], [[Cabinet Office Briefing Room]], [[Cellule d'urgence m&#233;dico-psychologique]], [[contamination radioactive]], [[h&#233;licopt&#232;re bombardier d'eau]], [[plan Biotox]], [[plan blanc]], [[plan d'urgence]], [[plan Piratox]], [[plan rouge]], [[structure de commandement or-argent-bronze]],

==== [[Sapeur-pompier]] ====

[[alphabet radio]], [[alphabet radio allemand]], [[appareil respiratoire isolant]], [[avertisseur sp&#233;cial de v&#233;hicule]], [[bleve]], [[Brigade de sapeurs-pompiers de Paris]], [[colonne humide]], [[colonne s&#232;che]], [[&#233;num&#233;ration radio]], [[&#233;tablissement recevant du public]], [[explosion de fum&#233;es]] et [[embrasement g&#233;n&#233;ralis&#233; &#233;clair]], [[extincteur]], [[feu de for&#234;t]], [[fourgon d'incendie]], [[grande &#233;chelle]], [[hydrant]], [[indice for&#234;t m&#233;t&#233;o]], [[lutte contre l'incendie]], [[robinet d'incendie arm&#233;]], [[tasal]], [[tuyau d'incendie]]

==== [[Science des mat&#233;riaux]] (physico-chimie) ====

[[Acc&#233;l&#233;rateur Grand Louvre d'analyse &#233;l&#233;mentaire]], [[alliage plomb-&#233;tain]], [[Alpax]], [[analyse dispersive en &#233;nergie]], [[analyse dispersive en longueur d'onde]], [[analyse thermogravim&#233;trique]], [[arch&#233;om&#233;tallurgie]], [[atome]],[[bact&#233;rie sulfato-r&#233;ductrice]], [[bas-fourneau]], [[chimiom&#233;trie]], [[ciment]], [[Coke (charbon)|coke]], [[compteur proportionnel &#224; gaz]], [[corrosion]], [[cristallite]], [[d&#233;faut ponctuel]], [[d&#233;formation &#233;lastique]], [[d&#233;formation des mat&#233;riaux]], [[d&#233;formation plastique]], [[dendrite (solidification)]], [[ductilit&#233;]], [[duret&#233; (mat&#233;riau)]], [[durcissement structural]], [[&#233;crouissage]], [[&#233;lectron Auger]], [[empilement compact]], [[figure de p&#244;les]], [[frittage]], [[gaz inerte]], [[haut-fourneau]], [[indices de Miller]], [[interaction rayonnement-mati&#232;re]], [[jauge de d&#233;formation]], [[limite d'&#233;lasticit&#233;]], [[loi de Bragg]], [[lois de d&#233;formation]], [[lubrifiant]], [[maclage]], [[m&#233;canique des milieux continus]], [[m&#233;tal]], [[m&#233;tallographie]], [[m&#233;tallurgie]], [[m&#233;tallurgie des poudres]], [[microscope]], [[migration (mati&#232;re)]], [[moir&#233; (effet de contraste)]], [[mouvement brownien]], [[notation de Kr&#246;ger et Vink]], [[orientation cristalline]], [[peinture en poudre]], [[perle fondue]], [[polyfluorure de vinyle]], [[pore (cristallographie)]], [[potentiel interatomique]], [[pr&#233;cipit&#233;]], [[principe de la coupure]], [[restauration et recristallisation dynamiques]], [[scintillateur]], [[spectrom&#233;trie de fluorescence X]], [[spectrom&#233;trie de fluorescence X en r&#233;flexion totale]], [[tube &#224; rayons X]], [[vitesse de d&#233;formation]]

==== Sciences physiques ====

* '''chimie''', '''thermodynamique''' : [[acide]], [[base]], [[calcination]], [[chimie analytique]], [[chromatographie en phase gazeuse]], [[chromatographie en phase liquide]], [[Clo]], [[Constante de Faraday]], [[d&#233;tonation]], [[diagramme de phase]], [[dihydrog&#232;ne]], [[dioxyg&#232;ne]], [[eau]], [[&#233;quation chimique]], [[&#233;tat polyphasique]], [[feu]], [[force de Van der Waals]], [[front de flamme]], [[glace]], [[gradient thermique adiabatique]], [[Laser &#224; rayons X]], [[liaison covalente]], [[liaison hydrog&#232;ne]], [[liaison m&#233;tallique]] , [[loi de Nernst-Einstein]], [[m&#233;lange homog&#232;ne]], [[or]], [[oxydo-r&#233;duction]], [[perle fondue]], [[Phase (thermodynamique)|phase]], [[potentiel chimique]], [[pourcentage massique]], [[pourcentage atomique]], [[pr&#233;cipit&#233;]], [[pyrolyse]], [[r&#233;action chimique]], [[solidification]], [[spectrom&#233;trie d'absorption]], [[transition de phase]], [[triangle du feu]], [[trichlor&#233;thyl&#232;ne]], [[Ultra High Temperature Reactor Experiment]]
* '''&#233;lectromagn&#233;tisme''', '''quantique''' : [[champs]], [[corps noir]], [[diffraction]], [[diffusion Rayleigh]], [[dualit&#233; onde-particule]], [[effet Doppler-Fizeau]], [[&#233;nergie &#233;lectromagn&#233;tique]], [[in&#233;galit&#233; de Heisenberg]], [[interf&#233;rence]], [[interf&#233;rence par une lame d'air]], [[interf&#233;rom&#232;tre]], [[m&#233;thode de Rietveld]], [[notation de Siegbahn]], [[photon]], [[puissance (physique)]], [[rayonnement continu de freinage]], [[rayonnement ionisant]], [[Hugo Rietveld|Rietveld, Hugo]]
* '''m&#233;canique''' : [[cin&#233;matique graphique]], [[&#233;quiprojectivit&#233; en physique]], [[loi de Coulomb]], [[m&#233;canique du point]], [[m&#233;canique statique]], [[m&#233;thode de Cremona]], [[m&#233;thode de Culmann]], [[m&#233;thode des trois forces concourantes]], [[m&#233;thode du dynamique et du funiculaire]], [[moment]], [[moment (m&#233;canique)]], [[mouvement de rotation]], [[mouvement perp&#233;tuel]], [[principe fondamental de la statique]], [[ressort (m&#233;canique &#233;l&#233;mentaire)]], [[statique graphique]], [[th&#233;orie des plaques]], [[th&#233;orie des poutres]]
* '''[[optique g&#233;om&#233;trique]]''' : [[focalisation (optique)]], [[image (optique)]], [[lentille]], [[miroir]], [[principe de Huygens]], [[r&#233;fraction]]
* divers : [[&#233;quation aux dimensions]], [[histoire de la physique]], [[Ordre de grandeur (longueur)]], [[scientifiques, par ordre chronologique]]

==== Technologie ====

[[&#916;L]], [[calcul de vis d'assemblage]], [[clef]], [[chanfrein]], [[changement de vitesse dans le moyeu]], [[compatibilit&#233; ascendante et descendante]], [[cyndinique]], [[d&#233;sentrelacement]], [[dessin technique]], [[&#233;tau limeur]], [[fermeture &#224; glissi&#232;re]], [[frein]], [[joint]], [[isostatisme]], [[lentille de Einzel]], [[manchon ETP]], [[loi de Murphy]], [[mise en position et maintien d'une pi&#232;ce]], [[m&#233;trologie]], [[Microsoft Compressed HTML]], [[moir&#233;]], [[Norme NF E 29-650]], [[optique &#233;lectronique]], [[p&#233;dale]], [[pied &#224; coulisse]], [[raccord (robinetterie)]], [[raccord sym&#233;trique Guillemin]], [[renouvellement de l'air int&#233;rieur]], [[structure m&#233;cano-soud&#233;e]], [[tige filet&#233;e]], [[tol&#233;rance g&#233;om&#233;trique]], [[tra&#231;abilit&#233;]], [[trou taraud&#233;]], [[transmission du mouvement]], [[v&#233;hicule]], [[vernier (mesure)]]

==== Ing&#233;nierie ====

[[censure (fiabilit&#233;)]], [[loi de fiabilit&#233;]], [[m&#233;thode contrainte-r&#233;sistance]], [[PAT-Miroir]], [[temps moyen de fonctionnement avant panne]]

==== Traitement du signal et math&#233;matiques appliqu&#233;es &#224; la physique ====

[[angle]], [[arrangement (math&#233;matiques)]], [[cercle]], [[cha&#238;nette]], [[conique]], [[coordonn&#233;es polaires]], [[d&#233;pouillement d'une courbe]], [[d&#233;rivation]], [[diagramme de Vorono&#239;]], [[dimension]], [[division]], [[ellipse]], [[ensemble]], [[fonction lorentzienne]], [[fonction trigonom&#233;trique]], [[format de donn&#233;es]], [[galette de microcanaux]], [[g&#233;om&#233;trie]], [[g&#233;om&#233;trie analytique]], [[g&#233;om&#233;trie euclidienne]], [[g&#233;om&#233;trie vectorielle]], [[grade]], [[harmonique sph&#233;rique]], [[hyperbole (math&#233;matiques)|hyperbole]], [[nombre complexe]], [[syst&#232;me sexag&#233;simal]], [[parabole]], [[permutation circulaire]], [[probl&#232;me du cercle minimum]], [[probl&#232;me du plus grand cercle vide]], [[r&#233;gression (statistiques)]], [[r&#233;gression circulaire]], [[r&#233;gression elliptique]], [[r&#233;gression lin&#233;aire]], [[relation]], [[ruban de M&#246;bius]], [[s&#233;rie de Fourier|s&#233;ries de Fourier]], [[statistiques]], [[transform&#233;e de Fourier]], [[produit de convolution]], [[scanner]], [[tenseur]], [[triangle]], [[vecteur]], [[z&#233;ro]]

==== Informatique ====

[[BroadBridge Media]], [[touche Alt]]

=== Organisation sociale ===

[[Assurance maladie]], [[beur]], [[classement IDH des pays, 2000]], [[classement IPH des pays, 2000]], [[contrat de travail]], [[convention collective]], [[discrimination des porteurs du VIH]], [[&#233;tablissement public d'enseignement primaire]], [[extraordinary rendition]], [[femme]], [[fourrag&#232;re]], [[Mourad Ghazli]], [[indicateur de d&#233;veloppement humain]], [[indicateur de pauvret&#233;]], [[int&#233;gration (sociologie)]], [[jour d'amende]], [[licenciement]], [[maintien de l'ordre]], [[mald&#233;veloppement]], [[mensonge]], [[police nationale]], [[sans domicile fixe]], [[s&#233;curit&#233; sociale]], [[service public]], [[titre restaurant]], [[trouble &#224; l'ordre public]], [[v&#234;tement]]

=== M&#233;ta ===

* '''[[Wikip&#233;dia:MediaWiki|Mediawiki]]''' : [[Mod&#232;le:Biblioa]], [[Mod&#232;le:bibliol]], [[Mod&#232;le:bibliolp]], [[Mod&#232;le:S&#233;rie &#233;tat de la mati&#232;re]], [[Mod&#232;le:Serie cinema horizontal]], [[Mod&#232;le:Serie JdR]], [[Mod&#232;le:Palette Jeux de r&#244;le]], [[Mod&#232;le:Serie manga horizontal]], [[Mod&#232;le:Serie Mondes imaginaires]], [[Mod&#232;le:Serie premiers secours]], [[Mod&#232;le:Serie SF horizontal]]
* [[Wikip&#233;dia: Projet, premiers secours]], [[Wikip&#233;dia:Projet, M&#233;decine]]
* [[Wikip&#233;dia:Mod&#232;les/Espace Utilisateur/Bo&#238;te Utilisateur|Bp&#238;te utilisateur]] : [[Mod&#232;le:Utilisateur sceptique envers les m&#233;decines douces]] (&#233;galement ici : [[/Sceptique envers les m&#233;decines douces]])

=== En langues &#233;trang&#232;res ===

Sur http://en.wikipedia.org/
* [[:en:Anti-French sentiment in the United States]]
* [[:en:Bleeding]]
* [[:en:casualty lifting]]
* [[:en:casualty movement]]
* [[:en:Croc]], le cr&#233;ateur de jeux de r&#244;le
* [[:en:Crystallite]]
* [[:en:Emergency population warning]]
* [[:en:Emergency telephone number]]
* [[:en:french red plan]], [[:en:french white plan]], [[:en:Orsec plan]]
* [[:en:Golden Hour]], [[:en:Emergency medical service]]
* [[:en:internal bleeding]]
* [[:en:long spine board]]
* [[:en:M&#233;tal Hurlant]], [[:en:Heavy Metal (magazine)]]
* [[:en:Peter Safar]]
* [[:en:police]]
* [[:en:R&#234;ve de Dragon]], le jeu de r&#244;le
* [[:en:Stretcher]]
* [[:en:vacuum matress]]
* [[:en:vehicle extrication]]
* [[:en:wave-particle duality]]
* [[:en:wound]]
* [[:en:X-ray]], [[:en:Energy dispersive X-ray spectroscopy]], [[:en:Wavelength dispersive X-ray spectroscopy]], [[:en:X-ray fluorescence]]

Sur http://de.wikipedia.org/
* [[:de:Konfokalmikroskop]]

== Ceux que j'ai crois&#233; et ne croiserai plus&#8230; ==

* [[Utilisateur:Treanna]] [[Discussion Utilisateur:Treanna#Treanna|&#8224;]]
* [[Utilisateur:Nataraja]] [[Discussion Utilisateur:Nataraja|&#8224;]]
* [[Utilisateur:Romary]] &lt;small&gt;[http://fr.wikipedia.org/w/index.php?title=Discussion_Utilisateur:Romary&amp;oldid=33543085#Communiqu.C3.A9 d&#233;m]&lt;/small&gt;

== Pages utiles ==

* [[Wikip&#233;dia:Atelier graphique/Didacticiels graphiques]] ;
* [[Projet:Charte graphique]] ;
La France se vante d'&#234;tre la &#171;&#160;patrie des droits de l'homme&#160;&#187;, mais un peu de modestie :
* Avant la [[D&#233;claration des droits de l'homme et du citoyen]] (1789) :
** la [[Charte du Manden]] de [[Soundiata Ke&#239;ta]] (1222),
** l'[[Habeas corpus]] anglais (1679),
** [[Constitution des &#201;tats-Unis d'Am&#233;rique]] (1787).
* Condition des femmes en France : malgr&#233; la d&#233;claration sur l'&#233;galit&#233; des droit entre les humains en 1789,
** 1804, le [[Code civil fran&#231;ais|Code civil]] rend la femme mari&#233;e mineure sous tutelle &#224; vie [http://www.planning-familial.org/themes/theme14-histoireFemmes/fiche01Precision03.php] ;
** 1943, la loi supprime la n&#233;cessit&#233; d'avoir l'autorisation du mari pour qu'une femme mari&#233;e puisse ouvrir un compte bancaire, mais les banques conserve cette &#171;&#160;habitude&#160;&#187; ;
** 1944, [[droit de vote des femmes]], 155 ans apr&#232;s la R&#233;volution fran&#231;aise, 226 apr&#232;s la Su&#232;de, 26 ans apr&#232;s la Pologne, 10 ans apr&#232;s Cuba et la Turquie, &#8230;
** 1965, la femme mari&#233;e peut enfin ouvrir son compte en banque seule et le mari ne peut plus s'opposer &#224; ce qu'elle prenne un travail ;
** 1979, [[Chronologie de la place des femmes dans les sciences en France|{{1re}} femme]] &#233;lue &#224; l'[[Acad&#233;mie des sciences (France)|Acad&#233;mie des sciences]], 230 ans apr&#232;s la mort d'[[&#201;milie du Ch&#226;telet]] et 76 ans apr&#232;s le prix Nobel de [[Marie Curie]] ;
** 1985, &#233;galit&#233; des &#233;poux dans les r&#233;gimes matrimoniaux et l'administration des biens de la famille ;
** 2009, il existe encore des &#233;carts de salaire et des in&#233;galit&#233;s sociales (en particulier paup&#233;risation, travail pr&#233;caire et &#224; temps partiel).

== &#192; faire ==

* fouiller les archives de http://web.archive.org/web/*/http://www.urgence.com

== Notes ==

&lt;references /&gt;

== Info administratives ==

[http://dsa4.de/wiki/index.php?title=Benutzer:Cdang Wiki Aventurica:Benutzer:Cdang]

[[Commons:User:Cdang]]

[[Wikisource:fr:Utilisateur:Cdang]]

[[Cat&#233;gorie:Wikip&#233;dia:Mammouth|Cdang]]

[[de:Benutzer:Cdang]]
[[en:User:Cdang]]
[[ja:&#21033;&#29992;&#32773;:Cdang]]
[[pt:Usu&#225;rio(a):Cdang]]
[[vi:Th&#224;nh vi&#234;n:Cdang]]</text>
      <sha1>jojv5wn03kr9ahosqpvyle8wp0i9dy3</sha1>
      <model>wikitext</model>
      <format>text/x-wiki</format>
    </revision>
  </page>
