<page xmlns="http://www.mediawiki.org/xml/export-0.8/" xmlns:xsi="http://www.w3.org/2001/XMLSchema-instance">
    <title>Utilisateur:Karg se</title>
    <ns>2</ns>
    <id>5757083</id>
    <revision>
      <id>82264849</id>
      <parentid>82209589</parentid>
      <timestamp>2012-08-24T06:28:38Z</timestamp>
      <contributor>
        <username>Agamitsudo</username>
        <id>277571</id>
      </contributor>
      <comment>correction coquille</comment>
      <text xml:space="preserve">&#171; Pesez bien les raisons qu&#8217;il y a de croire ou de ne pas croire, ce que votre religion vous enseigne, et vous oblige si absolument de croire. Je m&#8217;assure que si vous suivez bien les lumi&#232;res naturelles de votre esprit, vous verrez au moins aussi bien, et aussi certainement que moi, que toutes les religions du monde ne sont que des inventions humaines, et que tout ce que votre religion vous enseigne, et vous oblige de croire, comme surnaturel et divin, n&#8217;est dans le fond qu&#8217;erreur, que mensonge, qu&#8217;illusion et imposture. &#187; Jean Meslier


{{BUtilisateur
  |couleur=#ceeeee
  |img = Hw-darwin.jpg
  |img-taille=35px
  |img-titre = Darwin
  |texte = Je reconnais la s&#233;lection naturelle et sexuelle comme moteur de l'[[&#201;volution (biologie)|&#233;volution]].
  |lien = Evolution
}}
{{BUtilisateur
  |couleur=#ceeeee
  |img=Stylised Lithium Atom.svg
  |img-titre=Atome
  |titre=Oui &#224; l'&#233;nergie nucl&#233;aire
  |texte=Je suis pour l''''[[&#233;nergie nucl&#233;aire]]'''&lt;br&#160;/&gt;afin de poursuivre le progr&#232;s de l'humanit&#233;.
  |lien = Energie nucl&#233;aire
}}

{{BUtilisateur
  |couleur = #000000
  |img = Non aux religions.png
  |titre = &lt;font color="red"&gt;Ni Dieu ni Ma&#238;tre&lt;/font&gt;
  |texte = &lt;font color="white"&gt;Je n'ai ni Dieu, ni Ma&#238;tre&lt;/br&gt;Mais je ne r&#234;ve pas d'un monde anarchiste.&lt;/font&gt;
  |cat&#233;gorie=Utilisateur ni Dieu ni Maitre
  |nocat={{{nocat|}}}
}}
{{BUtilisateur
  |couleur = #FFF8DC
  |img = FoodMeat.jpg
  |titre = Viande &#224; pleine dose
  |texte = J'adore la bonne '''[[viande]]. L'humanit&#233; doit son intelligence &#224; la viande. 
  |lien=Viande &#224; petite dose
}}

{{BUtilisateur
  |couleur = #ceeeee
  |img = mais1_carr&#233;.jpg
  |img-titre = ma&#239;s
  |titre = Oui aux OGM
  |texte = Je suis pour les '''[[Organisme g&#233;n&#233;tiquement modifi&#233;|OGM]]''' ils rendent la vie des paysans pauvres plus facile .
  |lien=OGM4
}}</text>
      <sha1>f1gvqhrvvyvbeu3fyjixiiuecawky5v</sha1>
      <model>wikitext</model>
      <format>text/x-wiki</format>
    </revision>
  </page>
