<page xmlns="http://www.mediawiki.org/xml/export-0.8/" xmlns:xsi="http://www.w3.org/2001/XMLSchema-instance">
    <title>Utilisateur:Addacat</title>
    <ns>2</ns>
    <id>1831300</id>
    <revision>
      <id>86575635</id>
      <parentid>86575198</parentid>
      <timestamp>2012-12-15T21:15:02Z</timestamp>
      <contributor>
        <username>H&#233;g&#233;sippe Cormier</username>
        <id>6155</id>
      </contributor>
      <minor/>
      <comment>R&#233;vocation des modifications de [[Special:Contributions/Roucoulou|Roucoulou]] (retour &#224; la derni&#232;re version de [[User:Mith|Mith]])</comment>
      <text xml:space="preserve">{{Titre|Utilisatrice:Addacat}}
{{Ic&#244;ne de titre|Lien=Wikip&#233;dia:Le Bistro/{{CURRENTDAY}}_{{CURRENTMONTHNAME}}_{{CURRENTYEAR}}|Texte=Bistro du jour|Image=Emblem-relax.svg|Taille=26}}

{{Utilisateur Projet/Histoire}}
{{Utilisateur Projet/Histoire de l'art}}
{{Utilisateur Projet/Royaume-Uni}}
{{Utilisateur Projet/Italie}}

[[Image:Brogi, Giacomo (1822-1881) - n. 12 - La vita nelle strade in Napoli.jpg|thumb|left|196px|&#171; Beaucoup de rois et de ch&#232;vres &#233;parpill&#233;s sur du marbre. &#187;]]
[[Image:Canal Grande about1900.jpg|thumb|right|196px|Hic et nunc et dum.]]
[[Fichier:Fotothek_df_roe-neg_0001372_003_Burgstra&#223;e_mit_Blick_auf_Thomaskirche.jpg|thumb|196px|Guess what.]]
[[Image:Cup-o-cofee-no-spoon.svg|170px]] [[Image:Cup-o-cofee-no-spoon.svg|170px]]

== Propos antis&#233;mites, accusations de "lobby juif", insinuations discriminatoires, etc., sur wp:fr ==
'''{{citation|Le Code p&#233;nal expose que les r&#233;v&#233;lations portant sur les origines raciales ou ethniques, les opinions politiques, philosophiques ou religieuses, ou les appartenances syndicales des personnes ou qui sont relatives &#224; la sant&#233; ou &#224; l'orientation sexuelle peuvent entra&#238;ner une sanction de 5 ans de prison et 300 000 euros d'amende.}}''' [http://fr.wikipedia.org/w/index.php?title=Discussion_cat%C3%A9gorie:Homosexualit%C3%A9_dans_le_sport/Suppression&amp;curid=5799770&amp;diff=71533209&amp;oldid=71532508 Texte ici]

== Biographie [[Image:Viola_d'amore2.png]] ==
[[Image:Beautiful Hall of Replicas.jpg|197px]] 
[[Image:0307_-_Roma_-_S._Silvestro_in_Capite_-_Cortile_-_Foto_Giovanni_Dall%27Orto,_11-Apr-2008.jpg|220px]] [[Image:Rosedown_Plantation,_Saint_Francisville_(West_Feliciana_Parish,_Louisiana).jpg|220px]] 
[[Image:Skrivekugle.jpg|126px]]

&#21566;&#36649;&#12399;&#29483;&#12391;&#12354;&#12427;&#12290;(''wagahai wa neko de aru'')&lt;br /&gt; &#33853;&#35486; {{clin}}&lt;small&gt;&lt;small&gt;&#8212; [[Utilisateur:Azurfrog|Azurfrog]] &lt;sup&gt;&lt;small&gt;&amp;#91;[[Discussion Utilisateur:Azurfrog|&#38738;&#12356;&#12459;&#12456;&#12523;&#12395;&#30693;&#12425;&#12379;&#12427;]]&amp;#93;&lt;/small&gt;&lt;/sup&gt;  6 novembre 2009 &#224; 20:39 (CET)&lt;/small&gt;&lt;/small&gt;&lt;br /&gt;
[[Utilisateur:Addacat|&#25105;&#26159;&#29483;]] ([[Discussion utilisateur:Addacat|&#21941;]]). [[Utilisateur:Addacat|''w&#466; sh&#236; m&#257;o'']] ([[Discussion utilisateur:Addacat|''mi&#257;o ?'']])&lt;br /&gt;
&#1488;&#1504;&#1497; &#1495;&#1514;&#1493;&#1500; (''ani hatul''). Oui, le &#1492; final manque, car les f&#233;lins aiment &#224; entretenir le myst&#232;re.
* Premiers pas sur Wikip&#233;dia le [[jeudi]] [[2 ao&#251;t]] [[2007]]. Addacat = ''add a cat''. Semi-insomniaque fascin&#233;e par les [[Cinq de Cambridge|espions anglais]], les [[chat]]s et autres bizarreries de la nature, dont la [[langue fran&#231;aise]]. [[Anglais]]-[[italien]]-[[latin]]-[[Grec ancien|grec]]-[[h&#233;breu]] (d'une fa&#231;on in&#233;gale). [[Rat]] de [[biblioth&#232;que]] et ''harmless drudge''.
* Le [[42]], la [[loi de Murphy]] et le [[principe de Peter]] trouvent leur r&#233;ponse dans Wikip&#233;dia. Le [[419]] &#233;galement. Et m&#234;me le ''vrai''  [[911]].
* ''Autoritratto : utente qui, user there. Et per Et in Arcadia ego, please see above''.
* {{approved by kitteh cabal}}
* Favorable &#224; l'''intercativit&#233;''.

== Opus incertum ==

'''CR&#201;ATIONS''' : '''431 articles cr&#233;&#233;s''' [http://toolserver.org/~soxred93/pcount/index.php?name=Addacat&amp;lang=fr&amp;wiki=wikipedia editcount]


===Articles cr&#233;&#233;s, en cours===
;Biographies
[[Peter Ackroyd]], [[Clive Bell]], [[John Betjeman]], [[Fran&#231;oise Bettencourt-Meyers]], [[Vladimir Borovikovski]], [[Henri Bouillard]],  [[Louise-Ad&#233;la&#239;de de Bourbon-Cond&#233;]], [[Fran&#231;ois Bovon]], [[Daniel Boyarin]], [[Claude Bruaire]], [[Thomas Casey]], [[Carlo Cassola]], [[Catherine Chalier]], [[Leslie Charteris]], [[Philippe Chenaux]], [[Yves Chevalier]], [[Ivan Chouvalov]], [[Fausta Cialente]], [[Gilbert Dahan]], [[Giacomo Debenedetti]], [[Claude Delay]], [[Augusto Del Noce]], [[B&#233;atrice Didier]], [[Andr&#233;-Marie Dubarle]], [[Rudolf D&#252;hrkoop]], [[Richard Ellmann]], [[Heinrich Ewald]], [[Franco Ferrucci]], [[David Flusser]], [[Antonio Fogazzaro]], [[Erle Stanley Gardner]], [[Wilhelm Gesenius]], [[Daniel Goldhagen]], [[Bess of Hardwick]],  [[Marguerite Harl]], [[John Hawkins (auteur)]], [[David Haziot]],  [[Ren&#233; H&#233;ron de Villefosse]], [[Aryeh Kaplan]], [[David Kaufmann]], [[Bartholomaeus Keckermann]], [[Mayer Lambert]], [[Pinchas Lapide]], [[Andr&#233; Lemaire]], [[Wyndham Lewis]], [[Isidore Loeb]], [[Bernard Lonergan]], [[Louis MacNeice]], [[Arnold Mandel]], [[Pierre Mandonnet]], [[Marguerite de Savoie (reine d'Italie)]], [[Gustave Martelet]], [[Mary McCarthy]], [[Jean de Menasce]], [[&#201;ric Mension-Rigau]],  [[Johann David Michaelis]], [[Dominique Millet-G&#233;rard]], [[Nancy Mitford]], '''[[Indro Montanelli]]''',  [[Claude Montefiore]], [[Eug&#232;ne M&#252;ntz]], [[&#201;ric Palazzo]], [[Walter Pater]], [[Thomas Philippe]], [[&#201;douard de Pomiane]], [[John Pope-Hennessy]], [[Vasco Pratolini]], '''[[Mario Praz]]''', [[Robert Proust]], [[Niccol&#242; Ridolfi (dominicain)]], [[Alex-Ceslas Rzewuski]], [[Alberto Savinio]], [[Julius Schnorr von Carolsfeld]], [[Mo&#239;se Schwab]],  [[Osbert Sitwell]], [[Leo Stein]], [[Michael Straight]], [[Angelico Surchamp]], [[Hester Thrale]], [[Francesco Paolo Tosti]], [[Rose Tremain]], [[Agn&#232;s Walch]], [[Leslie Ward]], [[Ellis Waterhouse]], [[Auberon Waugh]],[[ Jacob Weingreen]], [[David Willcocks]], [[Edmund Wilson]], [[Leonard Woolf]], [[Israel Zolli]].

;Art et architecture
[[Cath&#233;drale de Westminster]], [[Ch&#226;teau d'Arundel]], [[Ch&#226;teau de Rochecotte]], [[Chatsworth House]], [[Corso Vittorio Emanuele II]], [[Downside]], [[Dragon School]], [[&#201;glise San Giovanni Battista dei Fiorentini]], [[Hertford College (Oxford)]], [[Lady Margaret Hall (Oxford)]], [[Liste des palais de Rome]], [[Liste des palais de Sicile]], [[Marlborough College]], [[New College (Oxford)]], [[Oratoire de Londres]], [[Palais Abatellis]], [[Palais Beneventano del Bosco]], [[Palais Biscari]], [[Palais Gabrielli-Borromeo]], [[Pembroke College (Oxford)]], [[Pont Saint-Ange]], [[Prior Park]], [[Via del Corso]], [[Via Giulia]], [[Villa Lante]], '''[[Villa Palagonia]]''', [[Winchester College]].

;Divers
[[Accusation de profanation d'hosties contre les Juifs]], [[Ange au cin&#233;ma]], [[Ange dans l'art]], [[Archives de philosophie]], [[Art j&#233;suite]], [[B&#233;n&#233;dictines de la rue Monsieur]], [[Centro Cardinal Bea]], [[Le Christ de la philosophie]], [[Christologie philosophique]], [[Coll&#232;ge romain]], [[Communaut&#233; Saint-Fran&#231;ois-Xavier]], [[Cuill&#232;re &#224; tiramisu]], [[Dictionnaire de spiritualit&#233;]], [[Dispute de Barcelone]], [[Dispute de Tortosa]], [[&#201;cole des Beaux-Arts de Bezalel]],  [[L'&#201;glise des philosophes]], [[Famille ignatienne]], [[Gallia Christiana]], [[Grandeur et D&#233;cadence (roman)]], [[Mrs Hudson]], [[J&#233;suites (essai)]], [[Journal asiatique]], [[Jud&#233;o-berb&#232;re]], [[La Korrigane]], [[Liste d'auteurs dominicains contemporains]], [[Liste d'auteurs j&#233;suites contemporains]], [[Liste des saints j&#233;suites]], [[Literary Club]], [[Magis]], [[La M&#233;moire et l'Invisible]],  [[Noblesse russe]], [[P&#233;riode axiale]], [[Philosophies eucharistiques]], [[Les philosophes lisent la Bible]], [[Plaisir de France (&#233;mission)]], [[Primato]], [[Le Rameau d'or]], [[Relations entre Juifs et J&#233;suites]], [[Retour &#224; Brideshead (roman)]], [[Revue thomiste]], [[Route des Indes (roman)]], [[Famille de Ganay]], [[Famille Sitwell]], [[S&#233;minaire fran&#231;ais de Rome]], [[Soci&#233;t&#233; des &#233;tudes juives]], [[Soci&#233;t&#233; thomiste]], [[Le Songe de G&#233;rontius]], [[Suppression de la Compagnie de J&#233;sus]], [[Synode des &#233;v&#234;ques pour le Moyen-Orient]], [[Theological Studies]].

===Articles cr&#233;&#233;s et termin&#233;s===
;Biographies
[[Caio Fernando Abreu]], [[Mohammad Ali Amir-Moezzi]], [[Noel Annan]], [[Shalom Anski]], [[Giovanni Arpino]], [[Daniel Arsand]], [[Sardar Assad]], [[Marie-Cl&#233;mentine d'Autriche]], [[Dominique Avon]],  [[Antonio Baldini]], [[Fran&#231;ois-Marie Banier]], [[Guy Bechtel]], [[Charles de Beistegui]], [[Julian Bell]], [[Quentin Bell]], [[Yaakov Ben-Dov]], [[Giovanni Benelli]], [[Haim Hillel Ben-Sasson]], [[Arthur Christopher Benson]],  [[Robert Hugh Benson]], [[Walter Van Rensselaer Berry]], [[Bernhard Blumenkranz]],  [[Pierre du Bourguet]], [[Giovanni Battista Branconio dell'Aquila]], [[Elvire de Brissac]], [[Carlo Brogi]], [[Giacomo Brogi]], [[Dorothy Bussy]], [[Ferdinando Camon]], [[Andr&#233; Caquot]], [[Vincenzo Cardarelli]], [[Agostino Casaroli]], [[Fr&#233;d&#233;ric Castaing]], [[Madeleine Castaing]], [[Georges Cattaui]], [[Emilio Cecchi]], [[Ulysse Chevalier]], [[Abraham Vita de Cologna]], [[Cyril Connolly]], [[Jean de Cros]], [[Jo&#235;l Dehasse]], [[Emmanuel Deutz]], [[Isaac D'Israeli]], [[Gerald Duckworth]], [[Marchand Ennery]], [[Lygia Fagundes Telles]], [[Bernard de Fallois]], [[Sonia Fellous]], [[Pierre Finet]], [[Mickey Finn (guitariste)]], [[Antonia Fraser]], [[Carlo Fruttero]], [[Roger Fry]], [[Pierre Ganne]], [[Angelica Garnett]], [[Enrico Gasparri]], [[Pietro Gasparri]], [[Andr&#233;-Marie Gerard]], [[Vladimir Ghika]], [[Pascal Gollnisch]], [[Jacques Grange (d&#233;corateur)]], [[Duncan Grant]], [[Renato Guttuso]],  [[Fran&#231;ois-Charles d'Harcourt]], [[Charles Hardinge]], [[Carolyn G. Heilbrun]], [[Jacques Hillairet]], [[Richard Holmes (biographe)]], [[Michael Holroyd]], [[Thomas Hudson]], [[Lazare Isidor]], [[Charles Jervas]], [[Paul Jo&#252;on]], [[G&#233;rald Van der Kemp]], [[Raffaele La Capria]], [[Ghislain Lafont]], [[Charles Lamb]], [[Bianca Lancia]], [[Ernest-Marie Laperrousaz]], [[John Lehmann]], [[Arthur-Marie Le Hir]], [[Philippe Levillain]], [[Alfred L&#233;vy]], [[Nanni Loy]], [[Franco Lucentini]], [[Giovanni Macchia]], [[Goulven Madec]], [[Bertrand de Margerie]], [[Patrick Mauri&#232;s]], [[M&#232;re Myriam]], [[&#201;lisabeth de Miribel]], [[Renaud III de Mod&#232;ne]], [[Joseph Moingt]], [[Claude Mond&#233;sert]], [[Louise Mountbatten]], [[Nicolas Nabokov]], [[Benedict Nicolson]], [[Harold Nicolson]], [[Nigel Nicolson]], [[Iver Olsen]], [[Marc Oraison]], [[Salvatore Pappalardo]], [[L&#233;on Pierre-Quint]], [[Sergio Pignedoli]], [[William Plomer]], [[Georges Poulet]], [[Guido Pozzo]], [[Primi Visconti]],  [[John Radcliffe]], [[Alphonse Ratisbonne]], [[Th&#233;odore Ratisbonne]], [[Michel Remaud]], [[Franco Maria Ricci]], [[Sergio Romano]], [[Francis Rose (peintre)]], [[Victor Rothschild]], [[Louis-Fran&#231;ois Roubiliac]], [[Ann Rule]], [[Michel Sales]], [[Siegfried Sassoon]], [[Cathleen Schine]], [[Ferdinando Scianna]], [[Edith Sitwell]], [[Sacheverell Sitwell]], [[Logan Pearsall Smith]], [[Jean-Fran&#231;ois Solnon]], [[Stephen Spender]], [[Roger St&#233;phane]], [[Arbella Stuart]], [[Pavel Tchelitchev]], [[Emilio Terry]], [[Serge Tolsto&#239;]], [[Jean-Pierre Torrell]], [[Iris Tree]], [[William Trevor]], [[Marie de la Trinit&#233;]], [[Geza Vermes]], [[Gottfried Wagner]], [[Arthur Waley]], [[Francine Weisweiller]], [[Franz Xaver Wernz]], [[Geoffrey Wigoder]], [[Clough Williams-Ellis]], [[Angus Wilson]], [[Ha&#239;m Zafrani]].

;Art et architecture
[[Aiguille de Cl&#233;op&#226;tre]], [[Abbaye d'Eynsham]], [[Chaire Slade pour l'enseignement des beaux-arts]], [[Charterhouse School]], [[Ch&#226;teau de Blackness]], [[Collection Verzocchi]], [[Couvent Sainte-Agn&#232;s]], [[&#201;glise San Mois&#232;]],  [[Grandi Giardini Italiani]], [[Green College (Oxford)]], [[Magdalen College (Oxford)]], [[Observatoire Radcliffe]], [[Omega Workshops]], [[Oratoire des Philippins]], [[Palais de Linlithgow]], [[Palais di Propaganda Fide]], [[Palais Valguarnera-Gangi]], [[Palais de Venise]], [[Pall Mall]], [[Piano nobile]], [[Radcliffe Camera]].

;Divers
[[Ananie (Damas)]], [[Avocat dans la culture]], [[Bauta (Venise)]], [[Bible du Rabbinat]], [[Bilignin]], [[Bodley Head]], [[Brown-Driver-Briggs]], [[Bulletin thomiste]], [[The Burlington Magazine]], [[Cambridge Apostles]], [[Carmel d'Auschwitz]], [[Chambers Dictionary]], [[Chambre close]], [[Ch&#226;teldon (eau min&#233;rale)]], [[Christologie non chr&#233;tienne]], [[Clongowes Wood College]], [[Collection Nelson]], [[Concilium]], [[Dabru Emet]], [[Destinataire inconnu]], [[Duchesse bris&#233;e]], [[Ecclesiae unitatem]], [[Encyclopaedia Judaica]], [[Erbe und Auftrag]], [[Esprit Mortemart]], [[Fille de Sion]], [[Fiscus judaicus]], [[Les Folies de Margaret]], [[La Formule]], [[Garrick Club]], [[The Gentleman's Magazine]],  [[Habima]], [[Hawthornden Prize]], [[Hogarth Press]], [[Mycroft Holmes]], [[The Idler]], [[Istituto Italiano per gli Studi Filosofici]], [[In utroque jure]], [[Irr&#233;guliers de Baker Street]], [[James Tait Black Memorial Prize]], [[Labor et Fides]], [[Lacrimabili Statu]], [[La Ronda]], [[Le Saulchoir]], [[Inspecteur Lestrade]], [[Lettre de J&#233;rusalem]], [[Liste de personnalit&#233;s ayant exerc&#233; la profession d'avocat]], [[Literary Society]], [[Maison d'Ananie]], [[Mickey Finn (boisson)]],  [[New Statesman]],  [[Noblesse noire]], [[&#338;uvre des campagnes]], [[Ordre du M&#233;rite de la R&#233;publique italienne]], [[Ordre de Saint-Guillaume]], [[Orion Publishing Group]],  [[Pastiches et m&#233;langes]], [[Peritus]], [[Plantation Destrehan]], [[Pri&#232;re de saint Patrick]], [[Prix &#201;douard-Bonnefous]], [[Prix Samuel Johnson]], [[Prix Victor-Delbos]], [[R&#233;cusant]], [[Rue Barbet-de-Jouy]], [[Rue Raoul-Wallenberg]], [[Rue Vaneau]], [[Famille Rzewuski]],  [[Famille Schneider]], [[Scolasticat j&#233;suite]],  [[Snob]], [[The Spectator (1711)]], [[Tigre dans la culture]], [[Trilitt&#232;re]], [[UCEI]], [[University of East Anglia]], [[Via della Gatta]], [[Weidenfeld &amp; Nicolson]], [[The Yellow Book]], [[Wikip&#233;dia:Pastiches/El Wikificado]], [[Utilisateur:Addacat/Sup&#233;riorit&#233; du chat sur l'homme&#8206;]].

===Cat&#233;gories et palettes cr&#233;&#233;es===
;Cat&#233;gories cr&#233;&#233;es (60)
[[:Cat&#233;gorie:&#201;l&#232;ve de Harrow School|&#201;l&#232;ve de Harrow School]], [[:Cat&#233;gorie:&#201;tudiant de King's College (Cambridge)|&#201;tudiant de King's College (Cambridge)]], [[:Cat&#233;gorie:&#201;tudiant de Trinity College (Cambridge)|&#201;tudiant de Trinity College (Cambridge)]], [[:Cat&#233;gorie:Ange au cin&#233;ma|Ange au cin&#233;ma]], [[:Cat&#233;gorie:Arabisant|Arabisant]], [[:Cat&#233;gorie:Arch&#233;ologie de la Bible|Arch&#233;ologie de la Bible]], [[:Cat&#233;gorie:Chant patriotique britannique|Chant patriotique britannique]], [[:Cat&#233;gorie:Christologie|Christologie]], [[:Cat&#233;gorie:Congr&#233;gation de Notre-Dame de Sion|Congr&#233;gation de Notre-Dame de Sion]], [[:Cat&#233;gorie:Congr&#233;gation de Saint-Maur|Congr&#233;gation de Saint-Maur]], [[:Cat&#233;gorie:Construction octogonale|Construction octogonale]], [[:Cat&#233;gorie:Disputation jud&#233;o-chr&#233;tienne|Disputation jud&#233;o-chr&#233;tienne]], [[:Cat&#233;gorie:Dominicain allemand|Dominicain allemand]], [[:Cat&#233;gorie:Dominicain autrichien|Dominicain autrichien]], [[:Cat&#233;gorie:Dominicain belge|Dominicain belge]], [[:Cat&#233;gorie:Dominicain britannique|Dominicain britannique]], [[:Cat&#233;gorie:Dominicain canadien|Dominicain canadien]], [[:Cat&#233;gorie:Dominicain espagnol|Dominicain espagnol]], [[:Cat&#233;gorie:Dominicain fran&#231;ais|Dominicain fran&#231;ais]],  [[:Cat&#233;gorie:&#201;crivain britannique du XVIIIe si&#232;cle|&#201;crivain britannique du XVIIIe si&#232;cle]], [[:Cat&#233;gorie:&#201;crivain britannique du XIXe si&#232;cle|&#201;crivain britannique du XIXe si&#232;cle]], [[:Cat&#233;gorie:&#201;crivain britannique du XXe si&#232;cle|&#201;crivain britannique du XXe si&#232;cle]], [[:Cat&#233;gorie:&#201;crivain britannique du XXIe si&#232;cle|&#201;crivain britannique du XXIe si&#232;cle]], [[:Cat&#233;gorie:Edward Morgan Forster|Edward Morgan Forster]], [[:Cat&#233;gorie:&#201;nigme en chambre close|&#201;nigme en chambre close]], [[:Cat&#233;gorie:Evelyn Waugh|Evelyn Waugh]], [[:Cat&#233;gorie:Famille Casadesus|Famille Casadesus]], [[:Cat&#233;gorie:Famille de Ganay|Famille de Ganay]], [[:Cat&#233;gorie:Famille Mitford|Famille Mitford]], [[:Cat&#233;gorie:Famille Schneider|Famille Schneider]], [[:Cat&#233;gorie:Famille Stein|Famille Stein]], [[:Cat&#233;gorie:Famille Tolsto&#239;|Famille Tolsto&#239;]], [[:Cat&#233;gorie:Famille Warburg|Famille Warburg]], [[:Cat&#233;gorie:Francesco Borromini|Francesco Borromini]], [[:Cat&#233;gorie:H&#233;bra&#239;sant allemand|H&#233;bra&#239;sant allemand]], [[:Cat&#233;gorie:H&#233;bra&#239;sant fran&#231;ais|H&#233;bra&#239;sant fran&#231;ais]], [[:Cat&#233;gorie:Humour juif|Humour juif]], [[:Cat&#233;gorie:James Joyce|James Joyce]], [[:Cat&#233;gorie:John Henry Newman|John Henry Newman]], [[:Cat&#233;gorie:Liste en rapport avec la ville de Rome|Liste en rapport avec la ville de Rome]], [[:Cat&#233;gorie:Literary Club|Literary Club]], [[:Cat&#233;gorie:Palais du Pi&#233;mont|Palais du Pi&#233;mont]], [[:Cat&#233;gorie:Palais sicilien|Palais sicilien]], [[:Cat&#233;gorie:Parc &#224; fabriques|Parc &#224; fabriques]], [[:Cat&#233;gorie:Personnalit&#233; li&#233;e aux relations entre juifs et chr&#233;tiens|Personnalit&#233; li&#233;e aux relations entre juifs et chr&#233;tiens]], [[:Cat&#233;gorie:Plantation aux &#201;tats-Unis|Plantation aux &#201;tats-Unis]], [[:Cat&#233;gorie:Plantation en Caroline du Sud|Plantation en Caroline du Sud]], [[:Cat&#233;gorie:Plantation en Louisiane|Plantation en Louisiane]], [[:Cat&#233;gorie:Plantation en Virginie|Plantation en Virginie]], [[:Cat&#233;gorie:Raoul Wallenberg|Raoul Wallenberg]], [[:Cat&#233;gorie:Reine d'Italie|Reine d'Italie]], [[:Cat&#233;gorie:Relations entre catholicisme et anglicanisme|Relations entre catholicisme et anglicanisme]], [[:Cat&#233;gorie:Relations entre juda&#239;sme et islam|Relations entre juda&#239;sme et islam]], [[:Cat&#233;gorie:Relations entre juifs et chr&#233;tiens|Relations entre juifs et chr&#233;tiens]], [[:Cat&#233;gorie:Relique chr&#233;tienne|Relique chr&#233;tienne]], [[:Cat&#233;gorie:Samuel Johnson|Samuel Johnson]], [[:Cat&#233;gorie:Statue &#233;questre|Statue &#233;questre]], [[:Cat&#233;gorie:Voie de Rome|Voie de Rome]], [[:Cat&#233;gorie:Xavier Tilliette|Xavier Tilliette]].

;Palettes cr&#233;&#233;es (seulement 5 pour l'instant, mais quelles !)
Pour [http://fr.wikipedia.org/wiki/Mod&#232;le:Palette_Samuel_Johnson Samuel Johnson], la [http://fr.wikipedia.org/wiki/Mod&#232;le:Palette_Compagnie_de_J&#233;sus Compagnie de J&#233;sus], les [http://fr.wikipedia.org/wiki/Mod%C3%A8le:Palette_Dominicains Dominicains], le [http://fr.wikipedia.org/wiki/Mod%C3%A8le:Palette_Bloomsbury_Group Bloomsbury Group] et [http://fr.wikipedia.org/wiki/Mod%C3%A8le:Palette_Gertrude_Stein Gertrude Stein]

===Interventions et refontes ===
* Environ 5000 articles, de l'intervention ponctuelle &#224; la refonte int&#233;grale.

'''Pr&#233;cisions historiques ou modifications''' (effectu&#233;es, en cours ou &#224; venir) : [[Abbaye Saint-Vaast]], [[Boris Akounine]], [[Architecture n&#233;oclassique]], [[Gabriele Baldini]],  [[Bibliographie d'histoire et de th&#233;ories de l'art]], [[Leonello Brandolini]], [[Anita Brookner]], [[Andrea Camilleri]], [[Agatha Christie]], [[Kenneth Clark]],  [[Hermann Cohen (pianiste)]], [[Coll&#232;ge de Beauvais]], [[Coll&#232;ge de Clermont]], [[Coll&#232;ge d'Harcourt]], [[Madeleine Dani&#233;lou]], [[Jean Delay]], [[Mons&#249; Desiderio]], [[Bernard Fa&#255;]], [[Dominique Fernandez]], [[Elizabeth George]], [[Graal]], [[Theodor Herzl]], [[Merlin Holland]], [[Vyvyan Holland]], [[Basil Hume]], [[Humour juif]], [[In&#233;die]], [[Leo von Klenze]], [[Knole House]], [[Jean-Marie Lustiger]], [[M&#233;c&#233;nat]], [[Military Cross]], [[Axel Munthe]], [[V. S. Naipaul]], [[John Henry Newman]], [[Nymphenburg]], [[Octogone]], [[Parodie]], [[Pastiche]], [[Louis Pergaud]], [[Angelo Rinaldi]], [[Jacqueline de Romilly]], [[Pierre Rosenberg]], [[Rue Monsieur]], [[John Ruskin]], [[Mario Soldati]], [[Sublime]], [[Sulamite]], [[Talleyrand]], [[Tour des Vents]], [[Violette]], [[Evelyn Waugh]], [[Federico Zeri]], [[Wikip&#233;dia:Pastiches/La Disparition (roman)]], [[Wikip&#233;dia:Pastiches/Les Revenentes]], [[14 juin]].

== Memento {{plume}} ==
[[Image:Fontana del facchino a via Lata.png|thumb|right|196px]] 
* Lien externe : {{molvanien [http]
* {{Portail Molvanie
* [[Cat&#233;gorie:&#201;crivain molvanien
* Interwiki : [[mol:Titre 
* {{Traduction/R&#233;f&#233;rence|en|Molvania Bella|
* Barrer : &lt;&gt;&lt;/&gt; avec s (/s)
* Souligner : &lt;&gt;&lt;/&gt; avec u (/u)
* Si&#232;cle (noir) : {{s-|X|e
* Si&#232;cle (bleu) : {{s-|Xe
* Deux si&#232;cles (bleu) : {{s2|XV|e|XIX|e
* Colonnes : {{col-begin [ {{col-2 [ xxxx [ {{col-2 [ xxxx [ {{col-end
* Notes multiples :1/ &lt;nowiki&gt;&lt;ref name="Titreref"&gt;Textenote.&lt;/ref&gt;&lt;/nowiki&gt; 2/ &lt;&lt;nowiki&gt;ref name="Titreref"/&gt;&lt;/nowiki&gt;
* &lt;nowiki&gt;&lt;!-- ceci est un commentaire --&gt;&lt;/nowiki&gt;
* &lt;!-- aide : http://fr.wikipedia.org/wiki/Aide:Notes et r&#233;f&#233;rences --&gt;
* {{subst:Vandalisme|Titre}
* &lt;nowiki&gt;{{bo&#238;te d&#233;roulante d&#233;but|titre=texte du titre}}textext{{bo&#238;te d&#233;roulante fin}}&lt;/nowiki&gt;
* [http://fr.wikipedia.org/wiki/Aide:R&#233;f&#233;rences_Harvard Aide Harvard]
* [http://stats.grok.se/ grok.se] Consultation des articles
* [http://en.utrace.de/ Utrace]
* [http://toolserver.org/~joanjoc/sugart.php?l1=en&amp;pr=wiki&amp;l2=fr&amp;cat=Scotland&amp;dpt=3&amp;tpl=&amp;uselang=en&amp;go=Proceed Articles sur autres wp]
*[http://www.has.co.il/hashar/www/eng.asp ici], copiez le texte en anglais puis page de traduction Google (http://www.google.com/translate_t?langpair=en|fr) et cliquez sur translate

==Miscellaneous==
* [http://www.ina.fr/ardisson/bains-de-minuit/video/I07257124/tatiana-tolstoi-et-alain-soral.fr.html 1987]
* [[Requiem|Septembre 1939 &#8211; juin 2010]]
* '''Camarilla du Grand Tour''' : Acton, Berenson, Blunt, Carli, Longhi, d'Ors, Praz, Warburg, Winckelmann, W&#246;lfflin, Zeri. 
* '''Collezioni''' : Acton, Berenson, Blunt, Longhi, Praz, Zeri.

*Voir Hobbes r&#233;f. Oxford. Un point tr&#232;s pr&#233;cis &#224; trouver chez Hobbes.

*&#1512;&#1488;&#1493;&#1500; &#1493;&#1500;&#1504;&#1489;&#1512;&#1490;

* Heilbrun. Andy Stack. Mame (voir aussi Schneider, A. Tonnel&#233;, redirects).

== Varia == 
[[Fichier:Haeckel Siphoneae.jpg|thumb]]
* [http://fr.wikipedia.org/wiki/Sp&#233;cial:Nouvelles_pages Nouvelles pages]
* [http://fr.wikipedia.org/w/index.php?title=Sp&#233;cial:Modifications_r&#233;centes&amp;limit=250 Modifications r&#233;centes]
* [[Wikip&#233;dia:Le Bistro]]
* [[Wikip&#233;dia:V&#233;rifiabilit&#233;]]
* [[Utilisateur:Addacat/Brouillon]]
* [[User:Addacat/Brouillon 2]]
* [[Utilisateur:Addacat/Johnson]]
* [[User:Addacat/Palette]]
* [[Utilisateur:Addacat/Th&#233;ologiens]]
* [[Utilisateur:Addacat/CAr d'octobre]]
* [[User:Addacat/Epaves]]
* [[Special:Mypage/monobook.css|Addacat's monobook.css]]
* [[Wikip&#233;dia:Appel &#224; commentaires/Article]]
* [[Special:Newpages]]
* [[Wikip&#233;dia:Pages_&#224;_fusionner]]
* [[Wikip&#233;dia:Pages &#224; supprimer]]
* [[Wikip&#233;dia:Demande de suppression imm&#233;diate]]
* [[Wikip&#233;dia:Bulletin des administrateurs]]
* [[WP:RA]]
* [[Wikip&#233;dia:Liste des administrateurs]]
* [[Wikip&#233;dia:Comit&#233; d'arbitrage]]
* [[Wikip&#233;dia:V&#233;rificateur d'adresses IP]]
* [[Special:Linksearch|Recherche de liens externes]]
* [[Sp&#233;cial:Recherche de lien/*.hemmelel.fr]]
* [[WP:PSC]]
* [http://toolserver.org/~escaladix/larticles/ Edith Comte]
* [http://stable.ts.wikimedia.org/editcount/result?username=Addacat&amp;projectname=frwiki&amp;showgraphs=2d&amp;width=600 Edit count]
* [http://tools.wikimedia.de/~escaladix/larticles/larticles.php?user=Addacat&amp;lang=fr Autre edit count]
* [http://fr.wikichecker.com/user/?t=Addacat&amp;l=30000 Another Edith]
* [[Projet:Juda&#239;sme]]
* [http://fr.wikipedia.org/wiki/Portail:Juda%C3%AFsme/Articles_r%C3%A9cents/Archives Projet:Juda&#239;sme/Nouveaux articles]
* [[Projet:Catholicisme]]
* [[Aide:Barre d'outils d'&#233;dition]]
* [http://www.google.fr/search?hl=fr&amp;client=firefox-a&amp;rls=org.mozilla%3Afr%3Aofficial&amp;hs=9r1&amp;q=%22il+est+&#224;+noter+que%22+site%3Afr.wikipedia.org&amp;btnG=Rechercher&amp;lr= Il est &#224; noter que]
* [http://fr.wikipedia.org/wiki/Wikip&#233;dia:Vandalisme_en_cours/Archives/2008/09 Vandalisme]
* [http://www.lkozma.net/wpv/index_fr.html G&#233;olocalisation]
* [http://fr.wikipedia.org/wiki/Wikip&#233;dia:Liste_des_Wikip&#233;diens_par_nombre_d%27&#233;ditions#Utilisateurs Utilisateurs par nombre d'&#233;ditions]
* [http://wikiscan.org/utilisateur/addacat Super Edit]
* [http://fr.wikipedia.org/wiki/Utilisateur:RamaR/Observations_d%27Antandrus_sur_la_conduite_wikip%C3%A9dienne Antandrus]

==Miscellaneous==
{{Utilisateur Wikip&#233;dia:Ours des cavernes}}
 {{BUtilisateur
 |couleur=#C0C0FF
 |img=Cat Cabal logo.svg
 |text-align="center"
 |titre=Cabale
 |texte=Je fais partie de la Cabale des [[chat]]s.}}
{{BUtilisateur
 |bordure=#000000
 |couleur=#FFF8DC
 |img=Redbandfish.jpg
 |img-taille=45px
 |titre=Cabale des Truites
 |texte='''[[Utilisateur:Addacat|Addacat]]''' est nomm&#233;e Membre Honoraire de '''La Cabale des Truites'''}}
{{Utilisateur Wikip&#233;dia:Date|ann&#233;e=2007|mois=08|jour=02}}
[[File:Subtractacat.jpg|thumb|left|upright=0.7|''Substractacat'', vaine tentative de [[Utilisateur:Morburre|Morburre]] pour lutter contre la pr&#233;&#233;minence de la Cabale des Chats.]]
{{ange}} {{sifflote}} {{cool}} {{fier}} {{sourire}} {{rougir}} {{clin}} {{triste}} {{pleure}} {{???}} {{mdr}} {{malin}} {{grr}} {{CQFD}} {{hum}} {{euh ?}} {{surprise}} {{bisou}} {{&#233;nerv&#233;}} {{ampoule}} {{stop}} {{mort}} {{peace}} {{amour}} {{oups}}

[[Image:Anniv.svg|30px]] [[Image:Violette.svg|20px]] [[Image:Pertu-ouah.png|20px]] [[Image:Pertu-nyark.png|20px]] [[Image:Pertu-beuh.png|20px]] [[Image:Pertu-bleb.png|20px]] [[Image:Pertu-miam.png|20px]] [[Image:Cool.svg|20px]] [[Image:Clin.svg|20px]] [[Image:king.svg|20px]] [[Image:aime.svg|20px]] [[Image:ouin.svg|20px]] [[Image:pfut.svg|20px]] [[Image:bouh.svg|20px]] [[Image:mmou.svg|20px]] [[Image:Poutou.gif|20px]]
[[File:Pictogramme chat.png|thumb]]
[[Image:AnimECHECS-Le-coup-du-Berger.gif|thumb|right|200px|Premi&#232;re le&#231;on au Caf&#233; du Monde]]
[[Image:Clicsourie.png|thumb|left|100px|[[user:Clicsouris|Wikisouris]] narguant imprudemment les chats du Bistro avec un lolmouse.]]

[[Image:Cigarette.jpg|thum|right|50px|Et...?]]
{{Commonscat|Thucydides|Thucydide}}

{{Cr&#233;er un article}}

{{bo&#238;te d&#233;roulante d&#233;but|titre=Nuancier  |}}
{| border="2" align="center" cellpadding="6" cellspacing="0"
|- align="center"
| bgcolor=#ff8080 | FF8080
| bgcolor=#ffff80 | FFFF80
| bgcolor=#80ff80 | 80FF80
| bgcolor=#00ff80 | 00FF80
| bgcolor=#80FFFF | 80FFFF
| bgcolor=#0080FF | 0080FF
| bgcolor=#ff80c0 | FF80C0
| bgcolor=#ff80ff | FF80FF
|- align="center"
| bgcolor=#ff0000 | FF0000
| bgcolor=#ffff00 | FFFF00
| bgcolor=#80ff00 | 80FF00
| bgcolor=#00ff40 | 00FF40
| bgcolor=#00ffff | 00FFFF
| bgcolor=#0080c0 | 0080C0
| bgcolor=#8080c0 | 8080C0
| bgcolor=#ff00ff | FF00FF
|- align="center"
| bgcolor=#804040 | &lt;font color=#ffffff&gt;804040&lt;/font&gt;
| bgcolor=#ff8040 | FF8040
| bgcolor=#00ff00 | 00FF00
| bgcolor=#008080 | &lt;font color=#ffffff&gt;008080&lt;/font&gt;
| bgcolor=#004080 | &lt;font color=#ffffff&gt;004080&lt;/font&gt;
| bgcolor=#8080ff | 8080FF
| bgcolor=#800040 | &lt;font color=#ffffff&gt;800040&lt;/font&gt;
| bgcolor=#ff0080 | FF0080
|- align="center"
| bgcolor=#800000 | &lt;font color=#ffffff&gt;800000&lt;/font&gt;
| bgcolor=#ff8000 | FF8000
| bgcolor=#008000 | &lt;font color=#ffffff&gt;008000&lt;/font&gt;
| bgcolor=#008040 | &lt;font color=#ffffff&gt;008040&lt;/font&gt;
| bgcolor=#0000ff | &lt;font color=#ffffff&gt;0000FF&lt;/font&gt;
| bgcolor=#0000a0 | &lt;font color=#ffffff&gt;0000A0&lt;/font&gt;
| bgcolor=#800080 | &lt;font color=#ffffff&gt;800080&lt;/font&gt;
| bgcolor=#8000ff | 8000FF
|- align="center"
| bgcolor=#400000 | &lt;font color=#ffffff&gt;400000&lt;/font&gt;
| bgcolor=#804000 | &lt;font color=#ffffff&gt;804000&lt;/font&gt;
| bgcolor=#004000 | &lt;font color=#ffffff&gt;004000&lt;/font&gt;
| bgcolor=#004040 | &lt;font color=#ffffff&gt;004040&lt;/font&gt;
| bgcolor=#000080 | &lt;font color=#ffffff&gt;000080&lt;/font&gt;
| bgcolor=#000040 | &lt;font color=#ffffff&gt;000040&lt;/font&gt;
| bgcolor=#400040 | &lt;font color=#ffffff&gt;400040&lt;/font&gt;
| bgcolor=#400080 | &lt;font color=#ffffff&gt;400080&lt;/font&gt;
|- align="center"
| bgcolor=#000000 | &lt;font color=#ffffff&gt;000000&lt;/font&gt;
| bgcolor=#808000 | &lt;font color=#ffffff&gt;808000&lt;/font&gt;
| bgcolor=#808040 | &lt;font color=#ffffff&gt;808040&lt;/font&gt;
| bgcolor=#808080 | &lt;font color=#ffffff&gt;808080&lt;/font&gt;
| bgcolor=#408080 | &lt;font color=#ffffff&gt;408080&lt;/font&gt;
| bgcolor=#c0c0c0 | C0C0C0
| bgcolor=#400040 | &lt;font color=#ffffff&gt;400040&lt;/font&gt;
| bgcolor=#ffffff | FFFFFF
|}
{{bo&#238;te d&#233;roulante fin}}

[[Cat&#233;gorie:Utilisateur membre de la cabale des chats]]

[[de:User:Addacat]]
[[en:User:Addacat]]
[[es:User:Addacat]]
[[it:User:Addacat]]</text>
      <sha1>3betq2sxg49leuvnznzx1mhefif11ot</sha1>
      <model>wikitext</model>
      <format>text/x-wiki</format>
    </revision>
  </page>
