<page xmlns="http://www.mediawiki.org/xml/export-0.8/" xmlns:xsi="http://www.w3.org/2001/XMLSchema-instance">
    <title>Utilisateur:Bernaki</title>
    <ns>2</ns>
    <id>4109507</id>
    <revision>
      <id>45148052</id>
      <timestamp>2009-09-25T12:27:47Z</timestamp>
      <contributor>
        <username>Bernaki</username>
        <id>482558</id>
      </contributor>
      <comment>Nouvelle page : Mes activit&#233;s et champs d' int&#233;r&#234;ts se partagent  entre la science (en particulier la recherche en physique th&#233;orique appliqu&#233;e &#224; la  cosmologie primoridlale) et l'audiovisuel ...</comment>
      <text xml:space="preserve">Mes activit&#233;s et champs d' int&#233;r&#234;ts se partagent  entre la science (en particulier la recherche en physique th&#233;orique appliqu&#233;e &#224; la  cosmologie primoridlale) et l'audiovisuel scientifique (la production t&#233;l&#233;visuelle d'&#233;missions et s&#233;ries scientifiques).</text>
      <sha1>4pdl0exzy8nviunz57dut0e14bncr2p</sha1>
      <model>wikitext</model>
      <format>text/x-wiki</format>
    </revision>
  </page>
