<page xmlns="http://www.mediawiki.org/xml/export-0.8/" xmlns:xsi="http://www.w3.org/2001/XMLSchema-instance">
    <title>Utilisateur:Moulins</title>
    <ns>2</ns>
    <id>494692</id>
    <revision>
      <id>98548418</id>
      <parentid>98547821</parentid>
      <timestamp>2013-11-22T10:34:15Z</timestamp>
      <contributor>
        <username>Moulins</username>
        <id>53684</id>
      </contributor>
      <minor/>
      <comment>R&#233;sum&#233; automatique : contenu remplac&#233; par &#171; {{Ancien WP|[[User:Moulins|Moulins]]}} &#187;.</comment>
      <text xml:space="preserve">{{Ancien WP|[[User:Moulins|Moulins]]}}</text>
      <sha1>mtbt54yzwv01yn7ilwyid1k6f9a0onj</sha1>
      <model>wikitext</model>
      <format>text/x-wiki</format>
    </revision>
  </page>
