<page xmlns="http://www.mediawiki.org/xml/export-0.8/" xmlns:xsi="http://www.w3.org/2001/XMLSchema-instance">
    <title>Utilisateur:Xavier Combelle</title>
    <ns>2</ns>
    <id>3632309</id>
    <revision>
      <id>84831575</id>
      <parentid>82491410</parentid>
      <timestamp>2012-11-01T15:30:22Z</timestamp>
      <contributor>
        <username>Xavier Combelle</username>
        <id>16597</id>
      </contributor>
      <minor/>
      <text xml:space="preserve">&lt;center&gt;[[Image:Qxz-ad39.png|468px]]&lt;/center&gt;
{{Bo&#238;te Utilisateur | fr|en-2|es-1 |1980| Wikip&#233;dia:Rhinoc&#233;ros laineux| GO |Cabale | Projet/Homonymie |firefox|Thunderbird|Projet/Informatique|Religion/Wikip&#233;dia|Religion/Pastafarisme }}

{|border="0" cellspacing="0" cellpadding="0" style="border:0;border-collapse:collapse;padding:0;font-size:1px"
|-valign="top" style="border:none"
|[[Fichier:Go ul.svg|48px]]
|[[Fichier:Go b.svg|48px]]
|[[Fichier:Go ur.svg|48px]]
|-valign="top" style="border:none"
|[[Fichier:Go l.svg|48px]]
|[[Fichier:Go .svg|48px]]
|[[Fichier:Go b.svg|48px]]
|-valign="top" style="border:none"
|[[Fichier:Go b.svg|48px]]
|[[Fichier:Go b.svg|48px]]
|[[Fichier:Go b.svg|48px]]
|}

[[Fichier:Wikipedian.png|thumb]]
J'ai un bot {{u|Xavier Combelle Bot}}


Travail en cours: 
* traduire RTOS
* automatiser la remise d'&#233;toile voir [[Wikip%C3%A9dia:Le_Bistro/6_mai_2009#Interwiki_et_article_prim.C3.A9|Interwiki et article prim&#233;]]
* hors wikip&#233;dia (hors boulot)
** traduire history of Python
** faire un scoring correct pour http://go.davepeck.org

J'en suis &#224; https://fr.wikipedia.org/w/index.php?title=Sp%C3%A9cial:Contributions/Silex6&amp;offset=20120827131704&amp;target=Silex6

remplacer https://fr.wikipedia.org/w/index.php?title=Sp%C3%A9cial:Recherche_de_lien&amp;limit=500&amp;offset=0&amp;target=http%3A%2F%2F*.tednasmith.com par http://tednasmith.mymiddleearth.com
== Lauriers ==
{{R&#233;compense/Apprentissage|signature='''-- [[Utilisateur:Guillaume85260|Guillaume85260]] | &lt;sup&gt;[[Discussion utilisateur:Guillaume85260|Causer dans mon trou]]&lt;/sup&gt; | &lt;sub&gt;[[Sp&#233;cial:Contributions/Guillaume85260|Moi, j'ai fait ... &#231;a !]]&lt;/sub&gt; | Message post&#233; le'''  21 f&#233;vrier 2012 &#224; 10:30 (CET)}} 
{{Que faire}}

Lu sur [[WP:Le_Bistro/6_mars_2010|WP:Le_Bistro /6_mars_2010]]

De toute fa&#231;on, le monde est en d&#233;liquescence au moins depuis l'invetion de l'&#233;criture. Le premier texte intelligible grav&#233; sur une plaque d'argile, nomm&#233; "Tablettes de B'Rund", indiquait d'ailleurs: "Nous, Glaglashed le Puissant, fils de Moulesh Pied Velu, souverain incontest&#233; des terres situ&#233;es entre la rivi&#232;re bleue et le petit-ru-caillant-qui-descend-de-la-montagne, et souverain contest&#233; du Bois-Aux-Esprit, proclamons que l'&#233;criture est invention eff&#233;min&#233;e qui ne peut conduire qu'&#224; la d&#233;cadence de notre pays. Tel est notre avis. Que celui-l&#224; qui n'est pas d'accord, il vienne nous le dire en face, ou bien alors qu'il la ferme, en v&#233;rit&#233;."--SammyDay (d) 8 mars 2010 &#224; 12:27 (CET)

lu sur [[m:Talk:Image filter referendum/fr]] La libert&#233; est une mauvaise chose : elle permet &#224; d'autres d'agir suivant leurs d&#233;sirs. Il est pr&#233;f&#233;rable de leur imposer notre point de vue, par la force si n&#233;cessaire. Apr&#232;s tout, ils sont dans l'erreur. &#8212; Poulpy (d) 16 ao&#251;t 2011 &#224; 11:42 (CEST) 

lu sur [[Wikip&#233;dia:Le_Bistro/1_novembre_2011]] Effectivement &#231;a fait bizarre, &#231;a me rappelle la diff&#233;rence entre l'Angleterre, l'Allemagne, l'URSS et la France selon Churchill (En Angleterre tout est autoris&#233; sauf ce qui est interdit, en Allemagne tout est interdit sauf ce qui est autoris&#233;, en France tout est autoris&#233;, m&#234;me ce qui est interdit et en URSS tout est interdit m&#234;me ce qui est autoris&#233;...) Diderot1 (d) 1 novembre 2011 &#224; 21:05 (CET)

Programmers who believe adding new features does not add new bugs are either new to computers or believe the tooth fairy is out there watching over them. A. S. Tanenbaum

Oscar Wilde disait &#171; La diff&#233;rence entre litt&#233;rature et journalisme, c'est que le journalisme est illisible et que la litt&#233;rature n'est pas lue.  &#187;. Je pense que sur WP on est bien plac&#233; pour le savoir Mort de rire Kyro me parler le 9 juin 2012 &#224; 18:45 (CEST) sur le bistro

Lu en ligne : Encyclop&#233;die (n. f.) : Wikip&#233;dia en papier, sans page de discussion, qui ne traite que de sujets s&#233;rieux et dont les erreurs sont d&#233;finitives. d'apr&#232;s https://actuonwiki.wordpress.com/2012/06/30/episode-26/


&lt;font face="Mistral" size="4"&gt;Xavier Combelle&lt;/font&gt; C'est vrai que ca rend bien pour ceux qui peuvent le lire

petit test pour voir une modification depuis http://wikipedit.tuxfamily.org

1&#160;187&#160;224

[[Fichier:TheMatrixWikiAnimated.gif]]

[[en:User:Xavier Combelle]]</text>
      <sha1>np3qhb11jm1up0cdnonprnzxc0o9bmo</sha1>
      <model>wikitext</model>
      <format>text/x-wiki</format>
    </revision>
  </page>
