<page xmlns="http://www.mediawiki.org/xml/export-0.8/" xmlns:xsi="http://www.w3.org/2001/XMLSchema-instance">
    <title>Utilisateur:Maurilbert</title>
    <ns>2</ns>
    <id>2768921</id>
    <revision>
      <id>96282730</id>
      <parentid>96282716</parentid>
      <timestamp>2013-08-31T12:15:34Z</timestamp>
      <contributor>
        <username>Maurilbert</username>
        <id>351049</id>
      </contributor>
      <comment>et de deux</comment>
      <text xml:space="preserve">{{Utilisateur:Maurilbert/onglets}}
{{BUd&#233;but|texte=}}
{{Utilisateur Wikip&#233;dia:Date|ann&#233;e=2008|mois=01|jour=13}}
{{Utilisateur fr}}
{{Utilisateur en-3}}
{{Utilisateur de-1}}
{{BUtilisateur
 |couleur=#FFDEAD
 |img-taille=35px
 |img=Megaloceros-B&amp;W.png
 |titre=[[Wikip&#233;dia:Mod&#232;les/Espace Utilisateur/Bo&#238;te Utilisateur/Wikiprofil|Megaloceros]]
 |texte=Bonjour,&lt;br/&gt;je suis un '''[[Megaloceros]]''' (un genre de caribou pr&#233;historique, quoi).
}}
{{Utilisateur:Maurilbert/verlan}}
{{Utilisateur WikiGnome}}
{{Utilisateur architecture}}
{{Utilisateur:Maurilbert/naissance}}
{{Utilisateur:Maurilbert/chats}}
{{Utilisateur habite Qu&#233;bec}}
{{Utilisateur habite Qu&#233;bec (ville)}}
{{Utilisateur homme}}
{{Utilisateur:Maurilbert/errare}}
{{Utilisateur:Maurilbert/nutella}}
{{Utilisateur Choux de Bruxelles}}
{{BUfin}}

== &#192; propos de moi ==

Le '''Maurilbert''' est un wikip&#233;dien de 38 ans, &#224; peu pr&#232;s. N&#233; &#224; [[Lille]], promen&#233; &#224; deux ou trois autres endroits... et fix&#233; &#224; [[Qu&#233;bec (ville)|Qu&#233;bec]].

== Articles en cours/r&#233;cemment am&#233;lior&#233;s==
*[[Morgoth (groupe)]] &lt;sup&gt;{{bleu|J'ai des int&#233;r&#234;ts &#233;clectiques, n'est-il pas ?}}&lt;/sup&gt;
*[[Chevalier Drach]]/[[David-Paul Drach]]
*[[Nicolas Mystikos]]/[[Nicholas Mystikos]]/[[Nicolas Ier (patriarche)]]
*[[American Historical Association]]
*[[Sergio Solmi]]
*[[Ph&#232;dre (philosophe)|Ph&#232;dre]]
*[[Jon Foster]]
*[[Castel del Monte]]
*[[Aleijadinho]]
*[[&#201;mile Hoffet]] &lt;font face="times"&gt;''(&#224; faire)''&lt;/font&gt;

{{fin des onglets}}
{{page personnelle}}</text>
      <sha1>t4hge5ztv80nanozhoykj9mwq93ua0u</sha1>
      <model>wikitext</model>
      <format>text/x-wiki</format>
    </revision>
  </page>
