<page xmlns="http://www.mediawiki.org/xml/export-0.8/" xmlns:xsi="http://www.w3.org/2001/XMLSchema-instance">
    <title>Utilisateur:Pgreenfinch</title>
    <ns>2</ns>
    <id>75412</id>
    <revision>
      <id>94950417</id>
      <parentid>94950381</parentid>
      <timestamp>2013-07-14T15:25:20Z</timestamp>
      <contributor>
        <username>Pgreenfinch</username>
        <id>3744</id>
      </contributor>
      <text xml:space="preserve">{{Bo&#238;te Utilisateur|Terre|habite Europe}}
{{user fr}} 
{{user en-3}}
{{user es-1}}
{{Utilisateur Projet/Avenir Wikip&#233;dia}}











Ancien cadre bancaire et financier et consultant international

Intervient sur les wiki francophone [http://tools.wikimedia.de/~interiot/cgi-bin/count_edits?user=pgreenfinch&amp;dbname=frwiki_p] ''(*)'', anglophone et, tr&#232;s occasionnellement, hispanophone

''(*) Cap des 15 000 contributions franchi le 4 juillet 2008''

== Int&#233;r&#234;ts ==
 
* Finance / [[&#233;conomie comportementale]], th&#233;orie financi&#232;re, 
* [[Analyse financi&#232;re]], &#233;valuation boursi&#232;re, 
* Micro&#233;conomie, actualit&#233; &#233;conomique, [[d&#233;veloppement &#233;conomique]], 
* [[Marketing]], [[management]], 
* [[Psychologie sociale]].

Egalement grand supporter de :
* l'[[int&#233;gration europ&#233;enne]], 
* la [[mondialisation]], dans une optique de plus grande institutionalisation [[d&#233;mocratie|d&#233;mocratique]],
(voir notamment &#224; ce sujet [http://pgreenfinch.pagesperso-orange.fr/recupknol/k127f-mondialdemoc.html mondialisation d&#233;mocratique]) 
* le [[f&#233;d&#233;ralisme]].
* et cela va ensemble, l'[[humanisme]],
:En consid&#233;rant que l'homme n'est pas un "animal social" (pourquoi pas domestique !). 
:La soci&#233;t&#233; appartient aux hommes, par contre la soci&#233;t&#233; n'a 
:nulle l&#233;gitimit&#233; &#224; consid&#233;rer que les hommes lui appartienne.
:=&gt; D'o&#249; mon principe du '''curseur 67-33''': 
::  67% des droits &#224; l'homme, 33% &#224; la soci&#233;t&#233;.

'''Webmestre'''

* du site [http://perso.orange.fr/pgreenfinch/ finance comportementale et &#233;valuation des actions] 
* des forums anglophones : 
** [http://groups.yahoo.com/group/Behavioral-Finance Behavioral-finance] 
** [http://groups.yahoo.com/group/Finance-Academy Finance-Academy]
** [http://groups.yahoo.com/group/European-constitution/ European-constitution] 
** [http://groups.yahoo.com/group/Democratic_globalization/ Democratic_globalization]


A &#233;galement &#233;crit de nombreux articles de '''l'ex-encyclop&#233;die Knol Google'''

http://pgreenfinch.pagesperso-orange.fr/recupknol/k200-allpgknols.html

* Domaines en fran&#231;ais : finance, &#233;conomie, soci&#233;t&#233; (d&#233;mocratie), psychologie de la d&#233;cision, management. 

* Domains in English : finance, economics, society (democracy), decision psychology, management.
----
'''''Utile''' : [[Wikip&#233;dia:Espace de libre critique du projet Wikip&#233;dia/Satire de Wikip&#233;dia|"Conseils" aux wikip&#233;distes]] ''

'''''Stockage de textes en attente''''' : [[Utilisateur:Pgreenfinch/stock &#224; sable]] [[Utilisateur:Pgreenfinch/annexe]]

[[en:User:Pgreenfinch]]
[[es:Usuario:Pgreenfinch]]</text>
      <sha1>r4j6xvfelmy26zfgxipljg6cjb08f7k</sha1>
      <model>wikitext</model>
      <format>text/x-wiki</format>
    </revision>
  </page>
