<page xmlns="http://www.mediawiki.org/xml/export-0.8/" xmlns:xsi="http://www.w3.org/2001/XMLSchema-instance">
    <title>Utilisateur:Remi Mathis</title>
    <ns>2</ns>
    <id>665933</id>
    <revision>
      <id>94660963</id>
      <parentid>91896241</parentid>
      <timestamp>2013-07-03T15:52:07Z</timestamp>
      <contributor>
        <username>Remi Mathis</username>
        <id>70405</id>
      </contributor>
      <text xml:space="preserve">&lt;div id="RealTitleBanner" style="display: none;"&gt;&lt;span id="RealTitle"&gt;&amp;nbsp;&lt;/span&gt;&lt;/div&gt;
__NOTOC__ &lt;!-- --&gt; __NOEDITSECTION__
&lt;div style ="background: rgb(180,181,184); padding: 5px;"&gt;
&lt;div style ="border: 1px solid rgb(100,100,220); font-size: 100%; font-family:Garamond; color: rgb(240,238,241); padding: 25px; height: 1340px;"&gt;

&lt;div class="plainlinks"&gt;
&lt;div style="width: 100%; font-family:Bembo; float: left; border-bottom: 1px solid rgb(240,238,241); margin-bottom: 1px;"&gt;
&lt;span style="font-size: 22px; color: rgb(50,50,200)"&gt;R&lt;/span&gt;&lt;span style="font-size: 17px; color: rgb(50,50,200)"&gt;EMI&amp;nbsp;&lt;/span&gt;&lt;span style="font-size: 22px; color: rgb(50,50,200)"&gt;M&lt;/span&gt;&lt;span style="font-size: 17px; color: rgb(50,50,200)"&gt;ATHIS.&lt;/span&gt;
&lt;/div&gt;


&lt;/div&gt;
&lt;br /&gt;&lt;br /&gt;&lt;br /&gt;
&lt;div style="width: 66%; float: left;"&gt;
&lt;div style="border-bottom: 1px dotted rgb(240,238,241); padding-bottom: 5px;"&gt;&lt;span style="font-size: 120%;"&gt;PR&#201;SENTATION&lt;/span&gt;&lt;/div&gt;

&lt;p style="padding-top: 10px;"&gt;Archiviste pal&#233;ographe, je suis conservateur des estampes du &lt;small&gt;XVII&lt;/small&gt;{{e}} si&#232;cle au d&#233;partement des estampes et de la photographie de la Biblioth&#232;que nationale de France et r&#233;dacteur en chef des ''Nouvelles de l'estampe''.&lt;/p&gt; &lt;p style="padding-top": 5px;"&gt;J'ai commenc&#233; &#224; contribuer &#224; la wikip&#233;dia francophone au d&#233;but de l'ann&#233;e 2006 et suis devenu administrateur en octobre 2007.&lt;/p&gt;&lt;p style="padding-top": 5px;"&gt;Je suis membre du conseil d'administration de l'association Wikim&#233;dia France depuis 2009, actuellement son pr&#233;sident, et travaille particuli&#232;rement sur les probl&#233;matiques li&#233;es aux institutions culturelles et patrimoniales.&lt;/p&gt;

&lt;/div&gt;

&lt;div style="width: 25%; float: right;"&gt;
&lt;div style="border-bottom: 1px dotted rgb(240,238,241); padding-bottom: 5px;"&gt;&lt;span style="font-size: 120%;"&gt;LIENS&lt;/span&gt;&lt;/div&gt;
&lt;div class="plainlinks"&gt;
&lt;p style="padding-top: 10px"&gt;
&lt;span style="font-size: 150%;"&gt;'''.'''&lt;/span&gt; [[Portail:France du Grand Si&#232;cle|Portail sur la France du Grand Si&#232;cle]]&lt;br /&gt;
&lt;span style="font-size: 150%;"&gt;'''.'''&lt;/span&gt; [[Portail:Sciences de l'information et des biblioth&#232;ques|Portail sur les sciences de l'information et des biblioth&#232;ques]]&lt;br /&gt;
&lt;/p&gt;
&lt;p style="padding-top: 5px;"&gt;
&lt;span style="font-size: 150%;"&gt;'''.'''&lt;/span&gt; [[Special:Contributions/Remi Mathis|Contributions r&#233;centes]]&lt;br /&gt;
&lt;span style="font-size: 150%;"&gt;'''.'''&lt;/span&gt; [[Discussion Utilisateur:Remi Mathis|Page de discussion]]&lt;br /&gt;
&lt;/p&gt;
&lt;span style="font-size: 150%;"&gt;'''.'''&lt;/span&gt; [[Utilisateur:Remi_Mathis/publications|Publications]]&lt;br /&gt;

&lt;/div&gt;
&lt;/div&gt;

&lt;div style="width: 85%; float: left; padding-top: 40px; border-bottom: 1px dotted rgb(240,238,241);"&gt;
&lt;div style="border-bottom: 1px dotted rgb(240,238,241); padding-bottom: 5px;"&gt;&lt;span style="font-size: 120%;"&gt;MISCELLAN&#201;ES&lt;/span&gt;&lt;/div&gt;

&lt;p&gt;

&lt;div style="float: left; margin-top: 5px;"&gt;
Emptis quod libris tibi bibliotheca reserta est&lt;/br&gt;
Magnum et grammaticum te Philomuse putas ;&lt;/br&gt;
Hoc genere et chordas et plectra et barbita conde&lt;/br&gt;
Omnia mercatus, cras citharaedus eris&lt;ref&gt;Ausone, ''Ad Philomesum'', cit&#233; par Gabriel Naud&#233;, ''Advis pour dresser une biblioth&#232;que'', 2e &#233;d., Paris, Rolet Le Duc, 1644, p.&amp;nbsp;29-30&lt;/ref&gt;.
&lt;/div&gt;

&lt;div style="float: right; margin-top: 15px;"&gt;
&lt;table style="background: transparent; font-size: 100%; color: white; valign: top;"&gt;
&lt;tr&gt;
&lt;td valign=top&gt;[[Image:Bouquins XVIIIe.JPG|250px|left]]&lt;/td&gt;
&lt;/tr&gt;
&lt;/table&gt;
&lt;/div&gt;
&lt;/p&gt;

&lt;/div&gt;
&lt;/div&gt;
&lt;/div&gt;
&lt;references /&gt;&lt;/br&gt;
&lt;small&gt;Graphisme inspir&#233; de [[User:JSDX|JSDX]]&lt;/small&gt;
{{Admin mop}}

[[en:User:Remi Mathis]]
[[it:Utente:Remi Mathis]]
[[la:Usor:Remigius Matheus]]

__NOTOC__ __NOEDITSECTION__</text>
      <sha1>cj0bw87gvky83djq79rs71ccy3btxwt</sha1>
      <model>wikitext</model>
      <format>text/x-wiki</format>
    </revision>
  </page>
