<page xmlns="http://www.mediawiki.org/xml/export-0.8/" xmlns:xsi="http://www.w3.org/2001/XMLSchema-instance">
    <title>Utilisateur:Julianedm</title>
    <ns>2</ns>
    <id>457453</id>
    <revision>
      <id>55820905</id>
      <parentid>50457653</parentid>
      <timestamp>2010-08-03T18:55:43Z</timestamp>
      <contributor>
        <username>StefBot</username>
        <id>327317</id>
      </contributor>
      <minor/>
      <comment>/* Liens  utiles ou techniques */Bot: Mise en plage de la refonte de la Guilde</comment>
      <text xml:space="preserve">&lt;p align="right"&gt;{{Bo&#238;te Babel|fr|en-2|es-2|nl-1}}&lt;/p&gt;
__NOTOC__
==== Les t&#226;ches en cours (pour navigation rapide) ====
*  "tri" des [[:cat&#233;gorie:altermondialisme]]  [[:cat&#233;gorie:environnement]] [[:cat&#233;gorie:&#233;cologie]]
* changements de la cat&#233;gorie altermondialisme : [[Sp&#233;cial:Recentchangeslinked/Cat&#233;gorie:Altermondialisme|altermondialisme ]] 
* et jeter un coup d'oeil : [[Sp&#233;cial:Recentchangeslinked/Cat%C3%A9gorie:Personnalit%C3%A9_de_l%27altermondialisme | pers alter]].[[Sp&#233;cial:Recentchangeslinked/Cat%C3%A9gorie:%C3%89crivain_altermondialiste |&#233;crivain alter]] .
et les plus anciennes 
* [[Organisations se revendiquant altermondialistes]] . 
* [[Responsabilit&#233; sociale des entreprises]] * [[D&#233;gradation des termes de l'&#233;change]] . [[R&#233;forme agraire]]  ''trad.''   .  [[&#233;cologisme]]  
&lt;br clear="all"&gt;
&lt;p align="right"&gt;{{BoiteUtilisateur|math&#233;matiques|chocolat|science-fiction|socio|notv|Linux|Debian/un_une}}&lt;/p&gt;
=== Cr&#233;ation d'articles ===
&lt;small&gt;pas par exhibitionnisme mais de nouveau pour navigation ais&#233;e&lt;/small&gt;
* [[Adbusters]] . [[Action mondiale des peuples]] . [[Arne N&#230;ss]]
* [[Bibliographie de l'altermondialisation]]   &#224; completer  . [[Walden Bello]] . [[Fran&#231;ois Brune]] * [[Daniel Bensa&#239;d]] 
* [[Chambre de commerce internationale]] .  [[Carole Poliquin]]
* [[Chronologie de l'altermondialisme]]  &#224; completer ....
* [[Chronologie du statut de la femme en Belgique]] .  [[Conseil international des femmes]]
* [[Convention 169 de l'Organisation internationale du travail]] .  [[Chronologie de l'&#233;cologisme]]
* [[Festival international du film sur l'environnement]]
* [[Filmographie de l'altermondialisme]] &#224; completer ....
* [[Journ&#233;e mondiale de l'eau]] . [[Premier forum mondial de l'eau]]
* [[Journ&#233;e mondiale de l'environnement]]
* [[Carlo Giulani]] . [[Lee Kyung-hae]] .   [[G24]] . [[Jean-Marc Ligny]] .  [[Martin Khor]]
* [[Masse critique (mouvement social)]] .  [[Mouvement Chipko]] .
* [[M&#233;dias de l'altermondialisme]]  ........ .   [[M&#233;dia alternatif|M&#233;dias alternatifs]]
* [[Marches europ&#233;ennes contre le ch&#244;mage]] 
* [[Marche mondiale des Femmes]] . [[Herv&#233;-Ren&#233; Martin]] 
* [[M&#233;decine traditionnelle]](bas&#233; sur des articles de l'oms - 
* [[Prix Nobel Alternatif]] .  [[Pacte mondial]]  . 
*  [[James Robertson]]  .  [[rabble]] .  [[Utilisation durable]] .  
* [[Amory Starr]] * . [[Third World Network]]

=== Contributions diverses et projets ===
Ce que je peux faire : contribuer en sociologie des mouvements sociaux, puisque j'ai boucl&#233; des &#233;tudes en socio.
* je faisais des recherches pour &#233;toffer l'article de [[phytoth&#233;rapie]] (mais un peu en sommeil).
* de temps en temps, tour du cot&#233; de [[&#233;cof&#233;minisme]]
* et aussi projet qui change tout le temps : Buechler, microphysique du pouvoir, sel, quilombo Piquetero (voir art en anglais)
* je viens de d&#233;couvrir cet &#233;change de bons proc&#233;d&#233;s : je m'y mets :[[Utilisateur:Julianedm/Biblioth&#232;que]]

J'utilisais depuis longtemps des d&#233;finitions de la wikipedia et j'ai eu envie d'apporter ma petite pierre &#224; l'&#233;difice ! '''Bilan provisoire''' : c'est passionnant, je m'int&#233;resse aussi bien au contenu, aux discussions, &#224; la syntaxe wiki, au travail collaboratif. J'ai &#233;norm&#233;ment appris.  m&#234;me dans les pol&#233;miques (eh oui !): 

** pour le moment j'utilise aussi ma page comme terrain d'essai. 
brouillons : [http://fr.wikipedia.org/wiki/Utilisateur:Julianedm:essai] [http://fr.wikipedia.org/wiki/Utilisateur:Julianedm/brouillon], squelette &#224; remplir : [[Utilisateur:Julianedm/page]], une cr&#233;ation d'&#233;bauche : [[:Mod&#232;le:&#233;bauche altermondialisme]]
===== Liens  utiles ou techniques =====
[[Image:mondevert.png|right|96px]]
* [[Wikip&#233;dia:Mod&#232;les/Aides &#224; la r&#233;daction]] hi&#233;rarchie des cat&#233;gories [http://tools.wikimedia.de/~daniel/WikiSense/CategoryTree.php?wikilang=fr&amp;wiki=] .  [[Wikip&#233;dia:V&#233;rifiabilit&#233;]]

* Historique des effacements &lt;!--rappel cheminenemt contributions de cet utilisateur et cliquer sur journaux --&gt;[http://fr.wikipedia.org/w/index.php?title=Special:Log&amp;limit=100&amp;offset=200&amp;type=delete&amp;user=&amp;page=] 
[http://fr.wikipedia.org/w/index.php?title=Special%3ALog&amp;type=&amp;user=&amp;page=] 
* [[Wikip&#233;dia:Demander un article]]. personnalisation [[Wikip&#233;dia:Monobook/Fonctions avanc&#233;es]] : [[Utilisateur:Julianedm/monobook.css|css]], [[Utilisateur:Julianedm/monobook.js|js]].  [http://tools.wikimedia.de/~interiot/cgi-bin/count_edits?user=julianedm&amp;dbname=frwiki_p  wiki holisme]
[http://tools.wikimedia.de/~daniel/WikiSense/CategoryIntersect.php?wikilang=fr&amp;wikifam=.wikipedia.org chercher articles fct taille, lien ...]
aide technique : [[Wikip&#233;dia:Questions techniques]]  *  
* [[Wikip&#233;dia:Bot/Requ&#234;tes/Cat&#233;gories]] . [[Wikip&#233;dia:Requ&#234;te aux administrateurs]]
* [[Wikip&#233;dia:Demande de restauration de page]]

===== pour me souvenir comment ins&#233;rer : =====
[[Image:ViennaDioscoridesWildBlackberry.jpg|left|frame|m&#251;rier (source Vienna Dioscoride)]]
&lt;pre&gt;&lt;gallery&gt;
Image:DoNotFeedTroll.jpg|right|thumbnail
Image:Eye_of_Ra2.png| legende oeil de r&#226;
&lt;/gallery&gt;
[[Image:ViennaDioscoridesWildBlackberry.jpg|left|frame|m&#251;rier (source Vienna Dioscoride)]]
{{clr}} (pour le positionnement des images)
&lt;/pre&gt;
infobulles : [[Wikip&#233;dia:Accueil principal|&lt;span title="lien vers l'accueil"&gt;Accueil&lt;/span&gt;]]
{{clr}}
[[image:WikiThanks.png|right]]
==== pour memo portail, cat&#233;gorie mod&#232;le ====
&lt;pre&gt;
{{&#233;bauche altermondialisme}}
{{D&#233;tails | nom article}}  article d&#233;taill&#233; nom article  {{SommaireCompact}} pour avoir sommaire avec acces alphabetique 
{{d&#233;but citation}}  texte sans chipo de guillemets {{fin citation}}  {{XVe si&#232;cle}} avec lien auto  
{{r&#233;f&#233;rence n&#233;cessaire}} pour faire apparaitre en "exposant" ref n&#233;cessaire

SOIT &lt;ref&gt; texte de la note&lt;/ref&gt;    apr&#232;s le texte :  &lt;references /&gt; 
SOIT La phrase &#224; annoter&lt;ref name="nom de la r&#233;f&#233;rence"&gt;Texte de la note bas de page&lt;/ref&gt;.
un appel &#224; la balise avec le m&#234;me nom (plus besoin de pr&#233;ciser le texte)&lt;ref name="nom de la r&#233;f&#233;rence"/&gt;.
[[Portable Document Format |{{pdf}}]]
&lt;/pre&gt;
[[Discussion Utilisateur:Julianedm | &#916;&#916;&#916;]]

&lt;small&gt;&#224; investiguer : ekta parishad fond&#233; par Rajagopal P.V, r&#233;forme agraire en inde, http://www.ektaparishad.org/&lt;/small&gt;

&lt;gallery&gt;
Fichier:Exemple.jpg|[[Tournesol]]
Fichier:Exemple1.jpg|[[La Joconde]]
Fichier:Exemple2.jpg|Un [[hamster]]
&lt;/gallery&gt;
{{message galerie}}</text>
      <sha1>s3h17xlvx972m4mjujdgm1nkfrbuji2</sha1>
      <model>wikitext</model>
      <format>text/x-wiki</format>
    </revision>
  </page>
