<page xmlns="http://www.mediawiki.org/xml/export-0.8/" xmlns:xsi="http://www.w3.org/2001/XMLSchema-instance">
    <title>Utilisateur:Tooony</title>
    <ns>2</ns>
    <id>1369094</id>
    <revision>
      <id>98485337</id>
      <parentid>69268134</parentid>
      <timestamp>2013-11-19T17:49:40Z</timestamp>
      <contributor>
        <username>Tooony</username>
        <id>196117</id>
      </contributor>
      <text xml:space="preserve">[[Fichier:DoNotFeedTroll.png|thumb|300px|center|N'alimentez pas le [[Troll (Internet)|troll]]]]
Mieux vaut &#234;tre rigoureux qu'approximatif.
Le talent n'a pas sa place dans wikip&#233;dia. La logique, la pertinence, mais surtout la v&#233;rit&#233;, et la neutralit&#233; sont ce vers quoi il faut tendre.

Si tu n'as rien &#224; &#233;crire d'int&#233;ressant, retiens-toi.
Si ce que tu as &#233;crit n'est pas plus beau qu'un espace blanc, alors efface-le.

Imb&#233;cile est celui qui manque d'humilit&#233; devant un sujet qu'il ne ma&#238;trise pas bien. Intelligent est celui qui sait dire "je ne sais pas" .


[[Utilisateur:Tooony/affaire]]

http://toolserver.org/~bryan/flickr/upload?token=140104&amp;image=Khieu_Samphan_Initial_Hearing_Case_002.jpg&amp;action=upload

http://stats.grok.se/fr/201108/D%C3%A9crochage_%28a%C3%A9ronautique%29


Chez les mammif&#232;res, les  syncytines  sont des prot&#233;ines qui jouent un r&#244;le dans la formation du placenta . Elles ont pour particularit&#233; d'&#234;tre cod&#233;es par des g&#232;nes provenant de r&#233;trovirus. Ces s&#233;quences g&#233;n&#233;tiques sont appel&#233;es des r&#233;trovirus endog&#232;ne. Chez les humains, deux syncytine, 1 et 2, ont &#233;t&#233; mises en &#233;vidence . Ces prot&#233;ines pourraient &#234;tre impliqu&#233;es dans le d&#233;veloppement de diverses pathologies chez les humains.

 Origines  
Les int&#233;grations des g&#232;nes codants les syncytines par infectiosn virales se sont produites plusieurs fois chez la mammif&#232;res.</text>
      <sha1>tghomnh3gtxh1ikako6afg7ollhxtok</sha1>
      <model>wikitext</model>
      <format>text/x-wiki</format>
    </revision>
  </page>
