<page xmlns="http://www.mediawiki.org/xml/export-0.8/" xmlns:xsi="http://www.w3.org/2001/XMLSchema-instance">
    <title>Utilisateur:Eiffele</title>
    <ns>2</ns>
    <id>1091720</id>
    <revision>
      <id>37281097</id>
      <parentid>35225692</parentid>
      <timestamp>2009-01-22T08:16:30Z</timestamp>
      <contributor>
        <username>Eiffele</username>
        <id>157651</id>
      </contributor>
      <minor/>
      <comment>/* Pour m&#233;moire */ ajout maintenance</comment>
      <text xml:space="preserve">{{Boite utilisateur|fr|en-2|sciences|Charte du contributeur en science|perfectionniste|nosms}}


==images / commons ==
&lt;gallery&gt;
Image:Skeidar&#225;sandur pont.JPG|[[sandur]]
Image:Skeidar&#225;sandur from Skaftafell.jpg|[[:Cat&#233;gorie:G&#233;omorphologie]]

&lt;/gallery&gt;
==Pour m&#233;moire==
* [[Liste de zoologistes]] (ex : pour compl&#233;ter taxobox)
* [http://fr.wikipedia.org/wiki/Aide:Notes_et_r%C3%A9f%C3%A9rences Aide/notes de bas de page]
* [http://fr.wikipedia.org/wiki/Wikip%C3%A9dia:Liens_externes Aide Liens externes]

wikip&#233;dia n'est pas un annuaire. Dans un esprit proche de celui de wikip&#233;dia existe www.aef-dmoz.org

{{Astuce maintenance}}</text>
      <sha1>qbfce34lyqbkvccpx7c8ky1snungruq</sha1>
      <model>wikitext</model>
      <format>text/x-wiki</format>
    </revision>
  </page>
