<page xmlns="http://www.mediawiki.org/xml/export-0.8/" xmlns:xsi="http://www.w3.org/2001/XMLSchema-instance">
    <title>Utilisateur:Pixeltoo</title>
    <ns>2</ns>
    <id>7117925</id>
    <revision>
      <id>95771389</id>
      <parentid>95771128</parentid>
      <timestamp>2013-08-13T10:29:11Z</timestamp>
      <contributor>
        <username>Pixeltoo</username>
        <id>12024</id>
      </contributor>
      <minor/>
      <comment>m</comment>
      <text xml:space="preserve"/>
      <sha1>phoiac9h4m842xq45sp7s6u21eteeq1</sha1>
      <model>wikitext</model>
      <format>text/x-wiki</format>
    </revision>
  </page>
