<page xmlns="http://www.mediawiki.org/xml/export-0.8/" xmlns:xsi="http://www.w3.org/2001/XMLSchema-instance">
    <title>Utilisateur:Eleventh</title>
    <ns>2</ns>
    <id>3710259</id>
    <revision>
      <id>49493088</id>
      <parentid>48785522</parentid>
      <timestamp>2010-02-01T17:06:38Z</timestamp>
      <contributor>
        <username>Eleventh</username>
        <id>566811</id>
      </contributor>
      <minor/>
      <comment>/* Pages cr&#233;&#233;es */  petits rajouts</comment>
      <text xml:space="preserve">[[Image:Exquisite-opera.png|left|90px]]
Nous sommes le '''[[{{CURRENTDAYNAME}}]] [[{{CURRENTDAY}} {{CURRENTMONTHNAME}}]] [[{{CURRENTYEAR}}]]'''&lt;br /&gt;
&lt;!--Il est actuellement '''{{CURRENTTIME}}''' GMT.&lt;br/&gt;--&gt;
Notre encyclop&#233;die comporte actuellement '''{{NUMBEROFARTICLES}} articles...'''
&lt;br /&gt;&lt;br /&gt;
&lt;!--
== Statistiques ==

{{BUtilisateur|
  couleur=#D7FFC7|
  img=Gcalctool.svg|
  img-taille=45px|
  img-titre=Logo Wikip&#233;dia|
  titre=Statistiques Wikip&#233;dia fr|
  texte=Cela fait '''{{formatnum:{{&#194;ge de pr&#233;cision|2009|3|15|19|08|00|unit&#233;=sem|pr&#233;cision=0}}}}''' semaines, soit '''{{formatnum:{{&#194;ge de pr&#233;cision|2009|3|15|19|08|00|unit&#233;=j|pr&#233;cision=0}}}}''' jours, ou encore '''{{formatnum:{{&#194;ge de pr&#233;cision|2009|3|15|19|08|00|unit&#233;=h|pr&#233;cision=0}}}}''' heures, plus pr&#233;cisement '''{{formatnum:{{&#194;ge de pr&#233;cision|2009|3|15|19|08|00|unit&#233;=min|pr&#233;cision=0}}}}''' minutes que je contribue.&lt;br /&gt;
Pour les pinailleurs, cela fait tr&#232;s exactement '''{{formatnum:{{&#194;ge de pr&#233;cision|2009|3|15|19|08|00|unit&#233;=s|pr&#233;cision=0}}}}''' secondes.|
texte2=Au total, '''{{NUMBEROFARTICLES}}''' articles ont &#233;t&#233; &#233;crit par un peu plus de '''&lt;span class="plainlinks"&gt;[http://stats.wikimedia.org/FR/TablesWikipediaFR.htm 34 150]&lt;/span&gt;''' wikip&#233;diens ayant contribu&#233;s au moins 10 fois depuis leurs inscription... et [[Special:Newpages|&#231;a continue]]|
}}












--&gt;== Bo&#238;tes utilisateurs ==
{|style="border: #ffffff dashed 1px; background-color: #ffffff" align="center" valign="top"
|{{Utilisateur firefox}}
|{{Utilisateur fr}}
|{{Utilisateur en-4}}
|{{Utilisateur Traduction/en}}
|- valign="top"
|{{Utilisateur de-1}}
|{{Utilisateur zh-1}}
|{{Utilisateur Diplome BAC S}}
|{{Utilisateur &#233;tudiant m&#233;decine}}
|- valign="top"
|{{Utilisateur orthographe}}
|{{Utilisateur politique}}
|{{Utilisateur litt&#233;rature}}
|{{Utilisateur philosophie}}
|- valign="top"
|{{Utilisateur sociologie}}
|{{Utilisateur Sexe}}
|{{Utilisateur m&#233;decine}}
|{{Utilisateur Imp&#244;ts justes}}
|- valign="top"
|{{Utilisateur cin&#233;ma}}
|{{Utilisateur Projet/Politique}}
|{{Utilisateur notv}}
|{{Utilisateur nofoot}}
|- valign="top"
|{{Utilisateur notabac}}
|{{Utilisateur chocolat}}
|{{Utilisateur nofrancisation}}
|{{Utilisateur nosms}}
|}



[[Image:Wiki-black.png|150px|center]]

Coucou &#224; toute la [[Wikip&#233;dia:Accueil de la communaut&#233;|communaut&#233;]]...

Je cr&#233;e des articles m&#233;dicaux et je modifie toutes sortes d'autres articles au gr&#233; de mes p&#233;r&#233;grinations.

== '''G&#233;onaute''' : Mes visites ==
{| style="width: 100%; font-size: 0.9em; background-color:#D0E2EE; border: 1px solid #ccc; border-right: 2px solid #ccc; border-bottom: 2px solid #ccc"|-| style="padding-bottom: 0.5em" align="left" | Pass&#233; par ci, par l&#224;...&lt;div style="height: 200px; width: 95%; overflow: auto; padding: 3px;text-align: left; border:solid 1px;" title="braglist - zum scrollen"; &gt;

* Les pays visit&#233;s : &lt;br /&gt;[[Image:Flag of France.svg|30 px|France]] [[Image:Flag of United States.svg|35 px|Etats Unis]] [[Image:Flag of Andorra.svg|30 px|Andorre]] [[Image:Flag of Belgium.svg|25 px|Belgique]] [[Image:Flag of Spain.svg|30 px|Espagne]] [[Image:Flag of United Kingdom.svg|35 px|Royaume-Uni]] [[Image:Flag of Germany.svg|30 px|Allemagne]] [[Image:Flag of Italy.svg|30 px|Italie]] [[Image:Flag of Canada.svg|35 px|Canada]] [[Image:Flag of Turkey.svg|30 px|Turquie]] [[Image:Flag of the Netherlands.svg|30 px|Pays Bas]] [[Image:Flag of Ireland.svg|35 px|Irlande]] [[Image:Flag of Austria.svg|30 px|Autriche]] [[Image:Flag of Serbia.svg|30 px|Serbie]] [[Image:Flag of Montenegro.svg|35 px|Montenegro]] [[Image:Flag of Bosnia and Herzegovina.svg|35 px|Bosnie]] [[Image:Flag of Kosovo.svg|30 px|Kosovo]] [[Image:Flag of Gabon.svg|30 px|Gabon]] [[Image:Flag of Morocco.svg|30 px|Maroc]] [[Image:Flag of Hungary.svg|35 px|Hongrie]]&lt;br /&gt;

== Pages cr&#233;&#233;es ==
=== M&#233;decine ===
; articles concernant des pathologies et autres sujets m&#233;dicaux
&lt;div style="width:275px; height:225px; overflow:auto; border:thin grey solid; padding:5px;"&gt;
* Abc&#232;s amibien du foie
* Abc&#232;s amibien h&#233;patique
* [[Abc&#232;s h&#233;patique amibien]]
* Ad&#233;nocarcinome du pancr&#233;as
* [[Denis Parsons Burkitt]]
* Dermite nummulaire
* Dermatite disco&#239;de
* Dermatite nummulaire
* [[Ecz&#233;ma nummulaire]]
* [[&#201;panchement p&#233;ricardique]]
* [[Glucuronamide]]
* Kala-Azar
* [[Lymphome de Burkitt]]
* [[Maladie de Machado-Joseph]]
* [[Maladie de Werdnig-Hoffman]]
* [[Myocardiopathie hypertrophique]]
* Prolapsus vulvaire mitral
* [[Syndrome cinca]]
* [[Syndrome de Kugelberg-Welander]]
* [[Syndrome de la veine cave sup&#233;rieure]]
* Syndrome de Louis-Bar
&lt;/div&gt;

=== Autre ===
; articles concernant la constitution am&#233;ricaine
&lt;div style="width:435px; height:80px; overflow:auto; border:thin grey solid; padding:5px;"&gt;
* [[Amendement Blaine]]
* Amendements Blaine
* [[Article II de la Constitution des &#201;tats-Unis]]
* [[Troisi&#232;me amendement de la Constitution des &#201;tats-Unis d'Am&#233;rique]]
* [[XVe amendement de la Constitution des &#201;tats-Unis d'Am&#233;rique]]
* [[XIXe amendement de la Constitution des &#201;tats-Unis d'Am&#233;rique]]
&lt;/div&gt;
; articles concernant la litt&#233;rature
&lt;div style="width:275px; height:45px; overflow:auto; border:thin grey solid; padding:5px;"&gt;
* [[Rash&#333;mon (nouvelle)]]
* [[Dans le fourr&#233;]]
&lt;/div&gt;
; articles politique
&lt;div style="width:275px; height:65px; overflow:auto; border:thin grey solid; padding:5px;"&gt;
* Cat&#233;gorie:Personnalit&#233; politique condamn&#233;e lors d'une affaire politico-financi&#232;re
* [[Assassinat politique]]
&lt;/div&gt;
; &#233;valuation du [[projet: Architecture et urbanisme]]
&lt;div style="width:280px; height:45px; overflow:auto; border:thin grey solid; padding:5px;"&gt;
* [[Mod&#232;le:Wikiprojet Architecture et urbanisme]]
* [[Projet:Architecture et urbanisme/&#201;valuation]]
&lt;/div&gt;

== Pour me conna&#238;tre encore mieux (L'exactitude des informations qui suivent n'est pas garantie) ==
{{BUtilisateur
 |couleur=#ceeeee
 |img2 = Anime_eye.svg
 |img2-titre = Oeil observateur
 |img=The_Earth_seen_from_Apollo_17.jpg
 |img-titre= Terre
 |titre=Grand Ma&#238;tre Souverain des [[Illuminati]]
 |texte=Je domine le [[Monde (univers)|monde]] en secret et je vous observe. M&#233;fiez vous de mon &#339;il (un peu myope) qui voit tout (ou presque). D'ailleurs, vous semblez un peu fatigu&#233; ces temps ci (ou alors votre webcam est mauvaise).
 |lien=Domination
}}{{Utilisateur Religion/LRI}}{{Utilisateur Steak tartare}}{{Mod&#232;le:Utilisateur utilisateur g&#233;nial}}
{{BUtilisateur|
  img-couleur=pink|
  img-texte-taille=12pt|
  img-texte-couleur=red|
  img-texte='''PS'''|
  couleur=#CEEEEE|
  titre=PS|
  img=|
  texte=Je me sens proche des id&#233;es du [[Parti socialiste (France)|Parti&amp;nbsp;socialiste]] le lundi, le mercredi et le samedi. Le reste du temps, ma religion me l'interdit.|}}{{Utilisateur Val-de-Marne}}{{Utilisateur templates}}</text>
      <sha1>3fup4joedfuiprc2d5mqc2xhpuscbas</sha1>
      <model>wikitext</model>
      <format>text/x-wiki</format>
    </revision>
  </page>
