<page xmlns="http://www.mediawiki.org/xml/export-0.8/" xmlns:xsi="http://www.w3.org/2001/XMLSchema-instance">
    <title>Utilisateur:Cantons-de-l'Est</title>
    <ns>2</ns>
    <id>3478950</id>
    <revision>
      <id>100954644</id>
      <parentid>100638758</parentid>
      <timestamp>2014-02-06T02:41:26Z</timestamp>
      <contributor>
        <username>Cantons-de-l'Est</username>
        <id>502332</id>
      </contributor>
      <minor/>
      <comment>Introduction :</comment>
      <text xml:space="preserve">{{/Wikislow}}{{DISPLAYTITLE:&lt;span style="
width:0px; height:0px;
font-size:0%; 
text-indent: 100%;
white-space: nowrap;
overflow: hidden;
line-height:90%; 
"&gt;Utilisateur:&lt;/span&gt;&lt;span style="font-family: Palatino Linotype ; color:#0930A5; text-shadow:gray 0.1em 0.1em 0.1em;"&gt;Cantons-de-l'Est&lt;/span&gt;}}
{{/Alias}}{{/Onglets}}{{Admin mop}}


&lt;!-- Emprunts CSS de http://webdesignerwall.com/tutorials/css-gradient-text-effect--&gt;&lt;center&gt;&lt;div style="
text-align:center;
margin: 0px;
padding: 0px;
text-decoration: none;
display: inline;
vertical-align: top;
font: 20px/110% 'Copse', Georgia, serif;
letter-spacing: -0.03em;
text-shadow: 0px 2px 0px rgb(252, 249, 238), 0px 4px 0px rgba(0, 0, 0, 0.15);
outline: medium none;"&gt;Articles de qualit&#233; et bons articles dont je suis fier&lt;/div&gt;&lt;/center&gt;

&lt;center style="margin-top:20px;"&gt;
&lt;!-- 0. --&gt;&lt;span style="vertical-align: top;" title="P&#233;ricl&#232;s"&gt;[[File:Fairytale bookmark gold.png|20px|link={{fullurl:Discussion:P&#233;ricl&#232;s/Article de qualit&#233;|}}|alt=P&#233;ricl&#232;s]]&lt;/span&gt;&lt;!--

--&gt;&lt;span style="margin-left:100px;" title="Affaire Ian Tomlinson"&gt;[[File:Fairytale bookmark silver.png|20px|link={{fullurl:Discussion:Affaire Ian Tomlinson/Bon article|}}|alt=Affaire Ian Tomlinson]]&lt;/span&gt;&lt;!--

--&gt;&lt;span style="margin-left:150px;" title="Projet Manhattan"&gt;[[File:Fairytale bookmark silver.png|32px|link={{fullurl:Discussion:Projet Manhattan/Bon article|}}|alt=Projet Manhattan]]&lt;/span&gt;

&lt;!-- 1. --&gt;&lt;span style="margin-left:35px;" title="&#201;lectron"&gt;[[File:Fairytale bookmark gold.png|40px|link={{fullurl:Discussion:&#201;lectron/Article de qualit&#233;|}}|alt=&#201;lectron]]&lt;/span&gt;&lt;!--

--&gt;&lt;span style="margin-left:145px; vertical-align: middle;" title="Sorci&#232;res de Samlesbury"&gt;[[File:Fairytale bookmark silver.png|20px|link={{fullurl:Discussion:Sorci&#232;res de Samlesbury/Bon article|}}|alt=Sorci&#232;res de Samlesbury]]&lt;/span&gt;&lt;!--

--&gt;&lt;span style="margin-left:45px;" title="Meurtres de la lande"&gt;[[File:Fairytale bookmark silver.png|15px|link={{fullurl:Discussion:Meurtres de la lande/Bon article|}}|alt=Meurtres de la lande]]&lt;/span&gt;&lt;!--

--&gt;&lt;span style="margin-left:130px;" title="Mine de sel de Khewra"&gt;[[File:Fairytale bookmark silver.png|25px|link={{fullurl:Discussion:Mine de sel de Khewra/Bon article|}}|alt=Mine de sel de Khewra]]&lt;/span&gt;

&lt;!-- 2. --&gt;&lt;span style="margin-left:-80px; vertical-align: bottom;" title="Histoire de la relativit&#233; restreinte"&gt;[[File:Fairytale bookmark gold.png|30px|link={{fullurl:Discussion:Histoire de la relativit&#233; restreinte/Article de qualit&#233;|}}|alt=Histoire de la relativit&#233; restreinte]]&lt;/span&gt;&lt;!--

--&gt;&lt;span style="margin-left:55px; vertical-align: middle;" title="Synagogue de Doura Europos"&gt;[[File:Fairytale bookmark gold.png|20px|link={{fullurl:Discussion:Synagogue de Doura Europos/Article de qualit&#233;|}}|alt=Synagogue de Doura Europos]]&lt;/span&gt;&lt;!--

--&gt;&lt;span style="margin-left:55px; vertical-align: top;" title="Coupole d'Helfaut"&gt;[[File:Fairytale bookmark silver.png|20px|link={{fullurl:Discussion:Coupole d'Helfaut/Bon article|}}|alt=Coupole d'Helfaut]]&lt;/span&gt;&lt;!--

--&gt;&lt;span style="margin-left:110px;" title="Liste d'applications des propri&#233;t&#233;s de l'&#233;lectron"&gt;[[File:Fairytale bookmark silver.png|20px|link={{fullurl:Discussion:Liste d'applications des propri&#233;t&#233;s de l'&#233;lectron/Bon article|}}|alt=Liste d'applications des propri&#233;t&#233;s de l'&#233;lectron]]&lt;/span&gt;&lt;!--

--&gt;&lt;span style="margin-left:55px; vertical-align: top;" title="The Plays of William Shakespeare (1765)"&gt;[[File:Fairytale bookmark silver.png|20px|link={{fullurl:Discussion:The Plays of William Shakespeare (1765)/Bon article|}}|alt=The Plays of William Shakespeare (1765)]]&lt;/span&gt;

&lt;!-- 3. --&gt;&lt;span style="" title="Meurtres rituels de Toa Payoh"&gt;[[File:Fairytale bookmark gold.png|20px|link={{fullurl:Discussion:Meurtres rituels de Toa Payoh/Article de qualit&#233;|}}|alt=Meurtres rituels de Toa Payoh]]&lt;/span&gt;&lt;!--

--&gt;&lt;span style="margin-left:130px;" title="WCC septembre 2010 Meilleure &#233;quipe"&gt;[[File:Wikipedia laurier wp.png|20px|link={{fullurl:Wikip&#233;dia:Wikiconcours/septembre 2010/&#201;quipes/&#201;quipe 7|}}|alt=WCC septembre 2010 Meilleur article]]&lt;/span&gt;&lt;!--

--&gt;&lt;span style="margin-left:55px;" title="Blockhaus d'&#201;perlecques"&gt;[[File:Fairytale bookmark silver.png|20px|link={{fullurl:Discussion:Blockhaus d'&#201;perlecques/Bon article|}}|alt=Blockhaus d'&#201;perlecques]]&lt;/span&gt;&lt;!--

--&gt;&lt;span style="margin-left:125px;" title="Histoire du proc&#233;d&#233; Haber-Bosch"&gt;[[File:Fairytale bookmark silver.png|40px|link={{fullurl:Discussion:Histoire du proc&#233;d&#233; Haber-Bosch/Bon article|}}|alt=Histoire du proc&#233;d&#233; Haber-Bosch]]&lt;/span&gt;

&lt;!-- 4. --&gt;&lt;span style="margin-left:110px;" title="Affaire Elizabeth Canning"&gt;[[File:Fairytale bookmark gold.png|20px|link={{fullurl:Discussion:Affaire Elizabeth Canning/Article de qualit&#233;|}}|alt=Affaire Elizabeth Canning]]&lt;/span&gt;&lt;!--

--&gt;&lt;span style="margin-left:45px;" title="WCC septembre 2010 Meilleur article"&gt;[[File:Wikipedia laurier wp.png|20px|link={{fullurl:Wikip&#233;dia:Wikiconcours/septembre 2010/&#201;quipes/&#201;quipe 7|}}|alt=WCC septembre 2010 Meilleur article]]&lt;/span&gt;&lt;!--

--&gt;&lt;span style="margin-left:155px;" title="Op&#233;ration Sandstone"&gt;[[File:Fairytale bookmark silver.png|40px|link={{fullurl:Discussion:Op&#233;ration Sandstone/Bon article|}}|alt=Op&#233;ration Sandstone]]&lt;/span&gt;&lt;!--

--&gt;&lt;span style="margin-left:45px;" title="Daniel Dunglas Home"&gt;[[File:Fairytale bookmark silver.png|20px|link={{fullurl:Discussion:Daniel Dunglas Home/Bon article|}}|alt=Daniel Dunglas Home]]&lt;/span&gt;

&lt;!-- 5. --&gt;&lt;span style="margin-left:50px;" title="Affaire Joanna Yeates"&gt;[[File:Fairytale bookmark silver.png|20px|link={{fullurl:Discussion:Affaire Joanna Yeates/Bon article|}}|alt=Affaire Joanna Yeates]]&lt;/span&gt;&lt;!--

--&gt;&lt;span style="margin-left:50px;" title="Histoire du proc&#233;d&#233; Haber-Bosch (en avril 2011)"&gt;[[File:Fairytale bookmark gold.png|40px|link={{fullurl:Discussion:Histoire du proc&#233;d&#233; Haber-Bosch/Article de qualit&#233;|}}|alt=Histoire du proc&#233;d&#233; Haber-Bosch (en avril 2011)]]&lt;/span&gt;&lt;!--

--&gt;&lt;span style="margin-left:55px;" title="Critiques de la th&#233;orie de la relativit&#233;"&gt;[[File:Fairytale bookmark silver.png|20px|link={{fullurl:Discussion:Critiques de la th&#233;orie de la relativit&#233;/Bon article|}}|alt=Critiques de la th&#233;orie de la relativit&#233;]]&lt;/span&gt;
&lt;/center&gt;

&lt;!-- 6. --&gt;{{centrer|1=&lt;span title="Robert Oppenheimer"&gt;[[File:Fairytale bookmark silver.png|40px|link={{fullurl:Discussion:Robert Oppenheimer/Bon article|}}|alt=Robert Oppenheimer]]&lt;/span&gt;}}


* &lt;span style="font: 14px/100% 'Copse', Georgia, serif;"&gt;Credo de r&#233;daction : {{Citation|Il semble que la perfection soit atteinte non quand il n'y a plus rien &#224; ajouter, mais quand il n'y a plus rien &#224; retrancher.}} &#8212; {{Ouvrage |pr&#233;nom1=Antoine |nom1=de Saint-Exup&#233;ry |lien auteur1=Antoine de Saint-Exup&#233;ry |titre=[[Terre des hommes]] |num&#233;ro chapitre=III |ann&#233;e=1939}}&lt;/span&gt;
&lt;div style="font: 14px/100% 'Copse', Georgia, serif;"&gt;
* Les 3 questions &#224; se poser avant de modifier une page : 
*# Rajoute une information utile ? 
*# Am&#233;liore le rendu de la page ? 
*# Ne pollue pas la liste de suivi de contributeurs ?
*: Si elles sont toutes r&#233;pondues par la n&#233;gative, alors ne pas modifier.&lt;/div&gt;
* &lt;span style="font: 14px/100% 'Copse', Georgia, serif;"&gt;Citation &#224; m&#233;diter : {{Citation|Dans Wikip&#233;dia, la r&#233;compense pour avoir bien fait un boulot est trois autres boulots&lt;ref&gt;{{Article |langue=en 
|nom1=Contributeurs 
|titre=  In brief 
| p&#233;riodique=The Signpost 
|&#233;diteur=Wikip&#233;dia en anglais 
|url=//en.wikipedia.org/wiki/Wikipedia:Wikipedia_Signpost/2011-09-26/In_the_news#In_brief 
|jour=26 |mois=septembre |ann&#233;e=2011
}}&lt;/ref&gt;.{{trad|en|On Wikipedia, the reward for a job well done is another three jobs.}}}}&lt;/span&gt;

{| align=center


|valign=top|


{|align="right" style="width:240px; border:solid 1px #99B3FF; background-color:#BBDEFD; border-radius: 1em; -moz-border-radius: 1em; -webkit-border-radius: 1em;"

|----
|{{BUbreak|texte=Mon compte}}
|----
| {{Utilisateur fr}}
|----
| {{Utilisateur en-2}}
|----
| {{Utilisateur Wikip&#233;dia:Megaloceros}}

|----
| {{BUtilisateur
 |titre=Administrateur
 | couleur = #FFDEAD
 | img = Broom_icon.svg
 |texte = Je [[Sp&#233;cial:Liste des utilisateurs/sysop|fais partie]] des '''[[Wikip&#233;dia:administrateur|administrateurs]]''' de la Wikip&#233;dia en fran&#231;ais&lt;br&gt;&lt;span class="plainlinks" style="font-size:0.9em;"&gt;([//fr.wikipedia.org/w/index.php?title=Sp&#233;cial:Listusers&amp;limit=1&amp;username=Cantons-de-l%27Est&amp;uselang=fr v&#233;rifier] ; [[Wikip&#233;dia:Administrateur/Cantons-de-l'Est|voir mon &#233;lection]]).&lt;/span&gt;
 |cat&#233;gorie = Administrateur Wikip&#233;dia}}

|----
| {{BUtilisateur
 | couleur = #FFDEAD
 | img = Wikipedia-logo-v2-fr.svg
 |texte = Je contribue &#224; '''[[Wikip&#233;dia:Accueil principal|Wikip&#233;dia]]''' depuis &lt;br /&gt;'''{{dur&#233;e|1|12|2008|{{CURRENTDAY}}|{{CURRENTMONTH}}|{{CURRENTYEAR}}}}''',&lt;br /&gt;soit '''{{nombre|{{&#194;ge en jours|1|12|2008}}}}''' jours.}}

|----
| {{BUtilisateur
 | couleur = #FFDEAD
 | img = Nuvola apps bookcase.png
 |texte = Selon Wikiscan, j'ai plus de '''[http://wikiscan.org/utilisateur/Cantons-de-l%27Est {{unit&#233;|5500|heures}}]''' d'exp&#233;rience sur Wikip&#233;dia.}}

|----
|{{BUtilisateur
 |couleur=#FFEC8B
 |img=Puppeter_template.svg
 |img-titre=Wikip&#233;dia en fran&#231;ais
 |img-taille=33px
 |titre=[[Wikip&#233;dia:Faux-nez|Alias]]
 |texte=J'ai pour alias {{u'|C2H2}}, {{u'|Estrie}} et {{u'|Sherbrooke}}.
 |cat&#233;gorie=Utilisateur Meta
 }}

|----
| {{Utilisateur dresseur|Talabot}}
|----
| {{Utilisateur WikiGnome}}
|----
| {{Utilisateur SUL}}

|----
|{{BUtilisateur
 |couleur=#D0E9FF
 |img=Wikimedia Community Logo.svg
 |img-titre=Meta-Wiki
 |img-taille=33px
 |titre=[[:meta:|Meta-Wiki]]
 |texte=[[:meta:Special:Contributions/{{{1|{{BASEPAGENAME}}}}}|Je contribue]] &#224; Meta-Wiki.
 |cat&#233;gorie=Utilisateur Meta
 }}

|----
|{{BUtilisateur
 |couleur=#D0E9FF
 |img=Commons-logo.svg
 |img-titre=Wikimedia Commons
 |img-taille=33px
 |titre=[[:commons:|Wikimedia Commons]]
 |texte=[[:commons:Special:Contributions/{{{1|{{BASEPAGENAME}}}}}|Je contribue]] &#224; Wikimedia Commons, o&#249; je cumule plus de '''{{unit&#233;|3000|contributions}}''' et plus de '''{{unit&#233;|200|imports}}''' (en tant que [[:commons:Special:Contributions/Cantons-de-l%27Est|Cantons-de-l'Est]] et [[:commons:Special:Contributions/Sherbrooke|Sherbrooke]]).
 |cat&#233;gorie=Utilisateur WikiCommons
 }}

|----
|{{BUtilisateur
 |couleur=#D0E9FF
 |img=Wikidata-logo-en.svg
 |img-titre=Wikidata
 |img-taille=33px
 |titre=[[:wikidata:|Wikidata]]
 |texte=[//www.wikidata.org/wiki/Special:Contributions/{{{1|{{BASEPAGENAME}}}}} Je contribue] &#233;galement &#224; [[Wikidata]], o&#249; je cumule plus de '''{{unit&#233;|1000|contributions}}'''.
 |cat&#233;gorie=Utilisateur Wikidata
 }}

|----
|{{BUtilisateur
 |couleur=#D0E9FF
 |img=Wikinews-logo.svg
 |titre=[[:n:|Wikinews en fran&#231;ais]]
 |texte=[[:n:Special:Contributions/{{PAGENAME}}|Je contribue]] &#233;galement &#224; la Wikinews en fran&#231;ais.
 |cat&#233;gorie=Utilisateur Wikinews
 }}

|----
|{{BUtilisateur
 |couleur=#D0E9FF
 |img=Wikipedia-logo-v2.svg
 |titre=[[:w:fr:|Wikip&#233;dia en fran&#231;ais]]
 |texte=Je contribue surtout &#224; la Wikip&#233;dia en fran&#231;ais, o&#249; je cumule plus de '''{{unit&#233;|220000|contributions}}''' (en tant que &lt;span class="plainlinks"&gt;[http://wikiscan.org/utilisateur/Cantons-de-l%27Est Cantons-de-l'Est]&lt;/span&gt; et &lt;span class="plainlinks"&gt;[http://wikiscan.org/utilisateur/Sherbrooke Sherbrooke]&lt;/span&gt;).
 |cat&#233;gorie=Utilisateur Wikifr
 }}

|----
|{{BUtilisateur
 |couleur=#D0E9FF
 |img-texte=&lt;span style="font-weight:800; font-size:140%; color:#3366BB;"&gt;{{unit&#233;|2700|}}&lt;/span&gt;
 |titre=Cr&#233;ateur d'articles
 |texte=Dans la Wikip&#233;dia en fran&#231;ais, j'ai cr&#233;&#233; plus de '''{{unit&#233;|2700|articles}}''' (en tant que &lt;span class="plainlinks"&gt;[http://wikiscan.org/utilisateur/Cantons-de-l%27Est Cantons-de-l'Est]&lt;/span&gt; et &lt;span class="plainlinks"&gt;[http://wikiscan.org/utilisateur/Sherbrooke Sherbrooke]&lt;/span&gt;).
 |cat&#233;gorie=Utilisateur Wikifr
 }}


|----
| {{BUtilisateur
 |couleur=#D0E9FF
 |img=Wikipedia-logo-en.png
 |titre=[[:en:|English Wikipedia]]
 |texte=[[:w:en:Special:Contributions/{{{1|{{PAGENAMEE}}}}}|Je contribue]] &#233;galement &#224; la Wikip&#233;dia en anglais, o&#249; je cumule plus de '''{{unit&#233;|1400|contributions}}''' (en tant que [[:w:en:Special:Contributions/Cantons-de-l%27Est|Cantons-de-l'Est]] et [[:w:en:Special:Contributions/Sherbrooke|Sherbrooke]]).
 |cat&#233;gorie=Utilisateur Wikien
 }}

|----
|{{BUtilisateur
 |couleur=#D0E9FF
 |img=Wikisource-logo.svg
 |titre=[[:s:en:|English Wikisource]]
 |texte=[[:s:en:Special:Contributions/{{PAGENAME}}|Je contribue]] &#233;galement &#224; la Wikisource en anglais.
 |cat&#233;gorie=Utilisateur Wikisource
 }}

|----
|{{BUtilisateur
 |couleur=#D0E9FF
 |img=Wikisource-logo.svg
 |titre=[[:s:|Wikisource en fran&#231;ais]]
 |texte=[[:s:Special:Contributions/{{PAGENAME}}|Je contribue]] &#233;galement &#224; la Wikisource en fran&#231;ais, o&#249; je cumule plus de '''{{unit&#233;|670|contributions}}'''.
 |cat&#233;gorie=Utilisateur Wikisource
 }}

|----
|{{BUtilisateur
 |couleur=#D0E9FF
 |img=Wiktprintable without text.svg
 |titre=[[:wikt:|Wiktionary en fran&#231;ais]]
 |texte=[[:wikt:Special:Contributions/{{PAGENAME}}|Je contribue]] &#233;galement au Wiktionary en fran&#231;ais.
 |cat&#233;gorie=Utilisateur Wiktionnaire
 }}
|}



|valign=top|



{|align="right" style="width:240px; border:solid 1px #99B3FF; background-color:#BBDEFD; border-radius: 1em; -moz-border-radius: 1em; -webkit-border-radius: 1em;"
|----
|{{BUbreak|texte=Performances}}
|----
| {{Utilisateur Wikiconcours septembre 2010}}
|----
| {{Utilisateur Jury wikiconcours septembre 2011}}
|----
| {{Utilisateur Wikiconcours mars 2013}}
|----
| {{Utilisateur Articles de qualit&#233;|7}}
|----
| {{Utilisateur Bons articles|15}}
|}

{{clr}}


{|align="right" style="width:240px; border:solid 1px #99B3FF; background-color:#BBDEFD; border-radius: 1em; -moz-border-radius: 1em; -webkit-border-radius: 1em;"
|{{BUbreak|texte=Sur ma personne}}
|----
| {{Utilisateur homme}}
|----
| {{Utilisateur habite Canada}}
|----
| {{Utilisateur enseignant}}
|----
| {{Utilisateur ing&#233;nieur}}
|----
| {{Utilisateur Wikim&#233;dia Canada}}
|}

{{clr}}


{|align="right" style="width:240px; border:solid 1px #99B3FF; background-color:#BBDEFD; border-radius: 1em; -moz-border-radius: 1em; -webkit-border-radius: 1em;"
|----
|{{BUbreak|texte=Mes lectures}}
|----
| {{Utilisateur Lecteur Regards sur la Wikimedia}}
|----
| {{Utilisateur Lecteur Wikimag}}
|----
| {{Utilisateur Lecteur Signpost}}
|----
| {{Utilisateur Lecteur Nouvelles du Wikilab}}
|}

{{clr}}


{|align="right" style="width:240px; border:solid 1px #99B3FF; background-color:#BBDEFD; border-radius: 1em; -moz-border-radius: 1em; -webkit-border-radius: 1em;"
|----
|{{BUbreak|texte=Info-folies}}

|----
| {{BUtilisateur
 | couleur = #FFEC8B
 | img     = Money Coin Icon.svg
 | titre   = [[Salaire minimum interprofessionnel de croissance|SMIC]]
 | texte   = Si j'avais &#233;t&#233; pay&#233; au [[Salaire minimum interprofessionnel de croissance|SMIC]] pour mon travail sur la Wikip&#233;dia en fran&#231;ais, la [[Wikimedia Foundation|WMF]] m'aurait vers&#233; environ {{nombre|{{#expr:9.43 * 5500}}|&#8364;}}&lt;small&gt;&lt;br&gt;(calcul bas&#233; sur l'estimation de [http://wikiscan.org/utilisateur/Cantons-de-l%27Est Wikiscan])&lt;/small&gt;.
 | lien    = SMIC
}}

|----
| {{Utilisateur cr&#233;ateur d'article 3|2700}}

|}

|valign=top|



{|align="right" style="width:240px; border:solid 1px #99B3FF; background-color:#BBDEFD; border-radius: 1em; -moz-border-radius: 1em; -webkit-border-radius: 1em;"
|----
|{{BUbreak|texte=Centres d'int&#233;r&#234;ts}}
|----
|{{Utilisateur Super &#201;clectique}}
|----
| {{Utilisateur Touche-&#224;-tout}}
|----
| {{Utilisateur Traduction/en}}
|----
| {{Utilisateur relecture}}
|----
| {{Utilisateur sciences}}
|----
| {{Utilisateur math&#233;matiques}}
|----
| {{Utilisateur informatique}}
|}

{{clr}}


{|align="right" style="width:240px; border:solid 1px #99B3FF; background-color:#BBDEFD; border-radius: 1em; -moz-border-radius: 1em; -webkit-border-radius: 1em;"
|----
|{{BUbreak|texte=Mes outils}}
|----
| |{{BUtilisateur
 |couleur=#D0E9FF
 |img=WikiCode.png
 |titre=Comprends [[Wikitexte|Wikitexte]]
 |texte=Je comprends [[Wikitexte]], [[Hypertext Markup Language|HTML]] et [[Cascading Style Sheets|CSS]]. Bref, je parle wiki !
 |cat&#233;gorie=
 }}
|----
| {{Utilisateur Thunderbird}}
|----
| {{Utilisateur Notepad++}}
|----
| {{Utilisateur Filezilla}}
|----
| {{Utilisateur Winamp}}
|----
| {{Utilisateur Firefox}}
|----
| {{Utilisateur Google Chrome}}
|----
| {{Utilisateur Opera}}
|----
| {{Utilisateur Safari}}
|----
| {{Utilisateur SeaMonkey}}
|----
| {{Utilisateur Internet Explorer}}
|}
|}

&lt;!-- Emprunt de https://en.wikipedia.org/w/index.php?title=User:The_ed17&amp;oldid=588028959 --&gt;&lt;div class="plainlinks" style="clear: right; padding-left: 5em; padding-right: 5em; text-align: center; color: gray; font-family: Gill Sans MT; font-size: 85%;" &gt;&lt;div style="padding-left: 15em; padding-right: 15em;"&gt;&lt;br/&gt;&lt;hr/&gt;&lt;br/&gt;&lt;/div&gt;Vous &#234;tes sur la page personnelle d'un utilisateur de la [[Wikip&#233;dia en fran&#231;ais]] ; elle ne fait pas partie de l'espace encyclop&#233;dique de la Wikip&#233;dia.&lt;br&gt;Si vous avez acc&#233;d&#233; &#224; cette page sur un autre site que celui de la Wikip&#233;dia en fran&#231;ais, c&#8217;est que vous &#234;tes sur un site miroir ou un site qui fait de la r&#233;utilisation de contenu. Cette page n&#8217;est peut-&#234;tre pas &#224; jour et l&#8217;utilisateur identifi&#233; n&#8217;a probablement aucune affiliation avec le site sur lequel vous vous trouvez. L'original de cette page se trouve &#224; &lt;span style="white-space: nowrap"&gt;[https://fr.wiki&lt;!-- faux ! --&gt;pedia.org/wiki/{{NAMESPACE}}:{{PAGENAMEE}} &lt;span&gt;https://fr.wiki&lt;/span&gt;&lt;!-- ++ --&gt;&lt;span&gt;pedia.org/wi&lt;/span&gt;&lt;span&gt;ki/Utilisateur:Cantons-de-l'Est&lt;/span&gt;].&lt;/span&gt;&lt;/div&gt;&lt;/div&gt;

&lt;div style="margin-top:10px; padding-left: 4em; padding-right: 4em;"&gt;
{{Bo&#238;te d&#233;roulante
|titre=Notes et r&#233;f&#233;rences
|arrondi=0.6em|margeHaut=1em|couleurFondB=#eee|couleurFondT=#fff|couleurFond=#fff
|contenu=
;Citations originales
&lt;references group=trad/&gt;

; R&#233;f&#233;rences
{{R&#233;f&#233;rences|colonnes=1}}
}}
&lt;/div&gt;</text>
      <sha1>sm63ggrbmrjnfgxg0s4sci3fnfdj7z4</sha1>
      <model>wikitext</model>
      <format>text/x-wiki</format>
    </revision>
  </page>
