<page xmlns="http://www.mediawiki.org/xml/export-0.8/" xmlns:xsi="http://www.w3.org/2001/XMLSchema-instance">
    <title>Utilisateur:MIRROR</title>
    <ns>2</ns>
    <id>3436449</id>
    <revision>
      <id>78459269</id>
      <parentid>72823382</parentid>
      <timestamp>2012-05-08T03:33:41Z</timestamp>
      <contributor>
        <username>MIRROR</username>
        <id>173450</id>
      </contributor>
      <minor/>
      <comment>/* &#8230; et en plus je gueule */</comment>
      <text xml:space="preserve">{{titre mis en forme|Utilisateur : mIRROR}}
&lt;div style="text-align:left;background:-moz-linear-gradient(0,#c2dfff,rgba(255,255,255,0),rgba(255,255,255,0));-moz-border-radius:10px;padding:50px;position:relative;"&gt;[[File:718smiley.svg|200px]]
&lt;div style="position:absolute;top:115px;left:300px;font-size:50px"&gt;Je suis '''pas''' sympa&#8230;&lt;/div&gt;
&lt;/div&gt;
== &#8230; et en plus je gueule ==
booh

{| style="float:right;"
| {{Utilisateur accromusic}}
|-
| {{Utilisateur aimerienfoutre}}
|-
| {{Utilisateur biologie}}
|-
| {{Utilisateur entomologie}}
|-
| {{Utilisateur relecture}}
|-
| {{Utilisateur Commons}}
|-
| {{Utilisateur Wiktionnaire}}
|}</text>
      <sha1>js7mqn5asiqkvbvvdghgp4l4glk3u7c</sha1>
      <model>wikitext</model>
      <format>text/x-wiki</format>
    </revision>
  </page>
