<page xmlns="http://www.mediawiki.org/xml/export-0.8/" xmlns:xsi="http://www.w3.org/2001/XMLSchema-instance">
    <title>Utilisateur:Buddho</title>
    <ns>2</ns>
    <id>313961</id>
    <revision>
      <id>57353632</id>
      <parentid>33514690</parentid>
      <timestamp>2010-09-22T12:52:11Z</timestamp>
      <contributor>
        <username>Buddho</username>
        <id>29236</id>
      </contributor>
      <comment>R&#233;sum&#233; automatique : contenu remplac&#233; par &#171; Un bout d'eau boue. Un mort sceau de boue &#224; bon dos. &#187;.</comment>
      <text xml:space="preserve">Un bout d'eau boue. Un mort sceau de boue &#224; bon dos.</text>
      <sha1>jqgjin97yl075xcrwirq159yuj2k6oj</sha1>
      <model>wikitext</model>
      <format>text/x-wiki</format>
    </revision>
  </page>
