<page xmlns="http://www.mediawiki.org/xml/export-0.8/" xmlns:xsi="http://www.w3.org/2001/XMLSchema-instance">
    <title>Utilisateur:Boschetto</title>
    <ns>2</ns>
    <id>2770011</id>
    <revision>
      <id>26053916</id>
      <timestamp>2008-02-11T16:01:28Z</timestamp>
      <contributor>
        <username>Boschetto</username>
        <id>355165</id>
      </contributor>
      <comment>Nouvelle page : Vous &#234;tes sur la page "utilisateur" de Boschetto.</comment>
      <text xml:space="preserve">Vous &#234;tes sur la page "utilisateur" de Boschetto.</text>
      <sha1>2bb86xejmkv5aimyn3o98dtueaul51p</sha1>
      <model>wikitext</model>
      <format>text/x-wiki</format>
    </revision>
  </page>
