<page xmlns="http://www.mediawiki.org/xml/export-0.8/" xmlns:xsi="http://www.w3.org/2001/XMLSchema-instance">
    <title>Utilisateur:Inisheer</title>
    <ns>2</ns>
    <id>300152</id>
    <revision>
      <id>66689359</id>
      <parentid>65187226</parentid>
      <timestamp>2011-06-23T07:10:46Z</timestamp>
      <contributor>
        <username>Inisheer</username>
        <id>27972</id>
      </contributor>
      <comment>..</comment>
      <text xml:space="preserve">&lt;!--
      **************************************
      ***                                ***
      ***     MERDE &#192; CELUI QUI LIRA     ***
      ***                                ***
      **************************************

Plus s&#233;rieusement, si vous lisez ceci c'est que vous &#234;tes sur le point de modifier une page utilisateur qui n'est pas la v&#244;tre. Soit c'est pour y faire une menue correction de maintenance, et je vous en remercie, soit c'est pour y &#233;crire des insanit&#233;s parce que j'ai fait un truc qui ne vous a pas plu. Dans ce cas, je ne saurais trop vous sugg&#233;rer de me laisser plut&#244;t un message poli sur ma page de discussion (http://fr.wikipedia.org/wiki/Discussion_Utilisateur:Inisheer), vous augmenterez infiniment vos chances d'obtenir ce que vous voulez, dans les limites de ce que je peux faire pour vous. 
--&gt;

&lt;div style="margin:auto; width: 500px; padding: 5px; border-width: 1px 2px 2px 1px; border-style:solid; border-color: grey"&gt;[[File:Godwin Loi Shop.jpg|center|500px]]

&lt;div&gt;</text>
      <sha1>e4bhvpuzbon8wm7n7jfgfsknmzvqjlg</sha1>
      <model>wikitext</model>
      <format>text/x-wiki</format>
    </revision>
  </page>
