<page xmlns="http://www.mediawiki.org/xml/export-0.8/" xmlns:xsi="http://www.w3.org/2001/XMLSchema-instance">
    <title>Utilisateur:Perky</title>
    <ns>2</ns>
    <id>938941</id>
    <revision>
      <id>74364850</id>
      <parentid>74201812</parentid>
      <timestamp>2012-01-15T12:17:27Z</timestamp>
      <contributor>
        <username>Perky</username>
        <id>71065</id>
      </contributor>
      <comment>+ thermom&#232;tre / Rating-machine</comment>
      <text xml:space="preserve">__NOTOC__

__NOINDEX__
{{Titre|Utilisatrice:Perky}}
{{Tigre &#224; dents de sabre mop}} 
{{Ic&#244;ne de titre|Lien=Portail:Anarchisme|Image=Ane-archie.svg |Taille=25|Texte=Wikip&#233;dia ressemble &#224; une exp&#233;rience anarchiste !}}

[[Fichier:Xynthia animated small.gif|center]] 
[[File:Clapping music pattern.png|center|650px]]

== Citations ==

{{citation bloc|La parole humaine est comme un chaudron f&#234;l&#233; o&#249; nous battons des m&#233;lodies &#224; faire danser les ours, quand on voudrait attendrir les &#233;toiles.|Gustave Flaubert}}

{{citation bloc|Si les policiers n'&#233;taient pas b&#234;tes, il ne seraient pas policiers.|Charles de Gaulle}}

{{citation bloc|La science infuse est difficilement conciliable avec le travail communautaire.&#8482;|Perky}}


== Test ==
&lt;div style="float: right; text-align: center; width: 150px; border: 2px solid black; background-color:#f7f8ff; padding: 5px; font-size: 95%"&gt;'''&lt;div style="margin: 0.5em 0; font-size: 1.5em;"&gt;Humeur wikip&#233;dienne&lt;/div&gt;'''
[[File:LT-Defcon2 Total 1.png]]&lt;div style="margin: 0.5em 0;"&gt;'''Tr&#232;s bonne humeur'''&lt;/div&gt;
[[File:Exquisite-k3b.png]]
&lt;/div&gt;

[http://www.politicalcompass.org/printablegraph?ec=-6.25&amp;soc=-6.00 Mes biais politiques] ([http://www.politicalcompass.org/ Political compass])[[File:Walkingongravel.ogg]]


{{Utilisateur Wikip&#233;dia:DateF|ann&#233;e=2006|mois=2|jour=6}}

{{BUtilisateur|align=left
 |bordure=#000000
 |couleur=#00FFFF
 |texte-couleur=#0000FF
 |img=Synthese+.svg
 |img-couleur=#FF00FF
 |texte=Je n'ai aucun go&#251;t pour choisir les '''couleurs''' de ma page perso, mais j'assume.
}}

{{BUtilisateur|align=right
 |bordure=
 |couleur=#ccccff
 |texte-couleur=
 |img='Mumbai Doll-faced Persian kitten'6 weeks old..jpg
 |img-couleur=
 |texte=J'aime les '''chats''', surtout avec une bonne sauce aux champignons.
}}
{| width="100%" align="center" style="clear:both; text-align:center; border:1px solid #aaaaaa; background-color:#FEFEFE;"
|[[Image:Wikipedia-logo.png|60px|none|Wikipedia]] 
|- padding:1em;padding-top:0.5em;"
|style="font-size: 85%"|'''Vous &#234;tes ici sur la page personnelle d&#8217;une utilisatrice de [{{fullurl:Wikip&#233;dia:Accueil_principal}} Wikip&#233;dia en fran&#231;ais]&lt;br /&gt;Cette page ne fait pas partie de l&#8217;espace encyclop&#233;dique de Wikip&#233;dia.'
''Si vous avez acc&#233;d&#233; &#224; cette page sur un autre site que celui de Wikip&#233;dia en fran&#231;ais'', c&#8217;est que vous &#234;tes sur un site miroir ou un site qui fait de la r&#233;utilisation de contenu et dont je ne suis ni membre ni contributrice. Dans ce cas, la page que vous lisez donne tr&#232;s vraisemblablement des informations obsol&#232;tes ou incompl&#232;tes car elle n&#8217;est aucunement l&#8217;originale. Ne vous y fiez donc pas !
|}
&lt;noinclude&gt;
&lt;br clear="all"&gt;</text>
      <sha1>ibemwy7av93d506yne38aimzxat6c07</sha1>
      <model>wikitext</model>
      <format>text/x-wiki</format>
    </revision>
  </page>
