<page xmlns="http://www.mediawiki.org/xml/export-0.8/" xmlns:xsi="http://www.w3.org/2001/XMLSchema-instance">
    <title>Utilisateur:Sixsous</title>
    <ns>2</ns>
    <id>349981</id>
    <revision>
      <id>46626366</id>
      <parentid>22582398</parentid>
      <timestamp>2009-11-09T13:55:34Z</timestamp>
      <contributor>
        <username>Ludo29</username>
        <id>24709</id>
      </contributor>
      <comment>D&#233;sol&#233; Sixsous. J'esp&#232;re quand m&#234;me te voir passer de tps en tps</comment>
      <text xml:space="preserve">&lt;table style="text-align: left; width: 100%; height: 32px;"
 border="0" cellpadding="2" cellspacing="2"&gt;
    &lt;tr&gt;
      &lt;td valign="top"&gt;
      &lt;table style="text-align: left;"
 border="0" cellpadding="2" cellspacing="1"&gt;
          &lt;tr&gt;
            &lt;td align="center"&gt;'''Situation'''&lt;/td&gt;
          &lt;/tr&gt;
          &lt;tr&gt;
            &lt;td&gt;{{/th&#233;sard}}&lt;/td&gt;
          &lt;/tr&gt;
          &lt;tr&gt;
            &lt;td&gt;{{Utilisateur ing&#233;nieur}}&lt;/td&gt;
          &lt;/tr&gt;
          &lt;tr&gt;
            &lt;td&gt;{{Utilisateur habite &#201;cosse}}&lt;/td&gt;
          &lt;/tr&gt;
          &lt;tr&gt;
            &lt;td align="center"&gt;'''Langues'''&lt;/td&gt;
          &lt;/tr&gt;
          &lt;tr&gt;
            &lt;td&gt;{{Utilisateur fr}}&lt;/td&gt;
          &lt;/tr&gt;
          &lt;tr&gt;
            &lt;td&gt;{{Utilisateur en}}&lt;/td&gt;
          &lt;/tr&gt;
          &lt;tr&gt;
            &lt;td&gt;{{Utilisateur es-3}}&lt;/td&gt;
          &lt;/tr&gt;
          &lt;tr&gt;
            &lt;td&gt;{{Utilisateur ja-2}}&lt;/td&gt;
          &lt;/tr&gt;
          &lt;tr&gt;
            &lt;td&gt;{{Utilisateur de-1}}&lt;/td&gt;
          &lt;/tr&gt;
          &lt;tr&gt;
            &lt;td&gt;{{Utilisateur zh-1}}&lt;/td&gt;
          &lt;/tr&gt;
          &lt;tr&gt;
            &lt;td&gt;{{Babel field 1|letter code size=1.5em|text size=1em|letter code=ar
|text=&lt;div dir="rtl"&gt;{{Lang|rtl|ar|&#1607;&#1584;&#1575; &#1575;&#1604;&#1605;&#1587;&#1578;&#1582;&#1583;&#1605; &#1610;&#1578;&#1581;&#1583;&#1579;}}'''[[:Cat&#233;gorie:Utilisateur ar|{{Lang|rtl|ar|&#1575;&#1604;&#1604;&#1594;&#1577; &#1575;&#1604;&#1593;&#1585;&#1576;&#1610;&#1577;}}]]''' '''[[:Cat&#233;gorie:Utilisateur ar-1|{{Lang|rtl|ar|&#1576;&#1588;&#1603;&#1604; &#1576;&#1587;&#1610;&#1591;}}]].'''&lt;/div&gt;}}&lt;/td&gt;
          &lt;/tr&gt;
          &lt;tr&gt;
            &lt;td&gt;{{/FuckSMS}}&lt;/td&gt;
          &lt;/tr&gt;
          &lt;tr&gt;
            &lt;td align="center"&gt;'''Logiciels'''&lt;/td&gt;
          &lt;/tr&gt;
          &lt;tr&gt;
            &lt;td&gt;{{Utilisateur Gnu}}&lt;/td&gt;
          &lt;/tr&gt;
          &lt;tr&gt;
            &lt;td&gt;{{Utilisateur TeX}}&lt;/td&gt;
          &lt;/tr&gt;
          &lt;tr&gt;
            &lt;td&gt;{{Utilisateur OpenOffice.org}}&lt;/td&gt;
          &lt;/tr&gt;
          &lt;tr&gt;
            &lt;td&gt;{{Utilisateur Firefox}}&lt;/td&gt;
          &lt;/tr&gt;
          &lt;tr&gt;
            &lt;td&gt;{{Utilisateur Thunderbird}}&lt;/td&gt;
          &lt;/tr&gt;
          &lt;tr&gt;
            &lt;td&gt;{{Utilisateur Gimp}}&lt;/td&gt;
          &lt;/tr&gt;
          &lt;tr&gt;
            &lt;td&gt;{{Utilisateur Inkscape}}&lt;/td&gt;
          &lt;/tr&gt;
      &lt;/table&gt;
      &lt;/td&gt;
      &lt;td valign="top"&gt;
Salut &#224; vous visiteur,

Depuis le 20 avril 2007 je suis administrateur sur la Wikip&#233;dia francophone. C'est encore r&#233;cent et je ne suis pas encore habitu&#233; &#224; mes nouveaux outils donc si vous estimez que j'ai fait une erreur ou un abus, n'h&#233;sitez pas &#224; le signaler sur la page de discussion.

Mon dernier score au [[Wikip&#233;dia:Test : &#202;tes-vous wikip&#233;diholique ?|test officiel de wikip&#233;diholisme]] est actuellement de 93 (au jour du 11 septembre 2006) et en constante augmentation.

Je suis actuellement th&#233;sard en chimie &#224; l'universit&#233; de [[St Andrews]], ville &#233;cossaise autrement plus connue pour ses terrains de golf. &#192; part &#231;a, j'ai une formation fran&#231;aise d'ing&#233;nieur plut&#244;t orient&#233;e dans les mat&#233;riaux et les proc&#233;d&#233;s ainsi qu'un DEA en science des mat&#233;riaux.

Je suis un grand fan d'animation japonaise et de tout ce qui a trait &#224; la culture japonaise et chinoise. Suite &#224; de nombreux s&#233;jours et voyages &#224; travers l'Europe et l'Arabie (h&#233; oui, mes parents ont eu la bougeotte pendant ma jeunesse), je parle couramment fran&#231;ais, anglais et espagnol, j'ai de bonnes notions en japonais et des rudiments de chinois. Pour motif d'ordre professionnel, je viens de m'attaquer &#224; l'allemand avec pour objectif d'avoir un niveau potable d'ici trois ans. Je baragouine quelques autres langues avec plus ou moins de bonheur, mais pas &#224; un niveau suffisement &#233;lev&#233; pour que j'en fasse ici mention.

Je suis assez &#233;clectique dans mes loisirs, qui englobent de nombreux domaines, comme l'informatique, la lecture, les jeux de strat&#233;gie (j'ai un petit faible notamment pour le jeu de go), la linguistique, etc.

Je suis parfaitement ouvert &#224; la critique. Comme je ne suis ni parfait, ni aussi sp&#233;cialis&#233; dans les domaines auxquels je contribue autant que j'aimerais l'&#234;tre, il se peut que je fasse des erreurs. N'h&#233;sitez pas &#224; me contacter en cas de doute !


== Citations : ==

* '''&#23516;&#25945;&#25105;&#36000;&#22825;&#19979;&#20154;&#65292;&#20241;&#25945;&#22825;&#19979;&#20154;&#36000;&#25105;'''&lt;/br&gt;Plut&#244;t trahir le monde que d'&#234;tre trahi par le monde&lt;/br&gt;''Attribu&#233; &#224; '''[[Cao Cao]]''' (155&#8211;220) politicien et &#233;crivain chinois''
* '''To boldly go where no man has gone before'''&lt;br&gt;Avancer t&#233;m&#233;rairement, l&#224; o&#249; nul homme n'est all&#233;&lt;/br&gt;'''''[[Gene Roddenberry]]'''''
* '''I am always ready to learn, although I do not always like being taught'''&lt;/br&gt;Je suis toujours pr&#234;t &#224; apprendre bien que je n'appr&#233;cie pas toujours de me faire donner des le&#231;ons&lt;/br&gt;'''''[[Winston Churchill]]''' (1874&amp;nbsp;&#8211;&amp;nbsp;1965) Premier ministre britannique''
* '''&#30693;&#24049;&#30693;&#24444;&#65292;&#30334;&#25136;&#19981;&#36029;'''&lt;/br&gt;Connais-toi, connais ton adversaire, et tu gagneras cent batailles&lt;/br&gt;'''''[[Sun Zi]]''' ({{VIe si&#232;cle av. J.-C.}}), [[L'Art de la guerre|l'Art de la guerre]]''
* '''Jack of all trades, master of none, though ofttimes better than master of one'''&lt;br&gt;Dicton anglais intraduisible d'auteur inconnu :-P

&lt;/td&gt;
      &lt;td valign="top"&gt; &lt;table style="text-align: left; width: 100%; height: 32px;"
 border="0" cellpadding="2" cellspacing="2"&gt;
    &lt;tr&gt;
      &lt;td valign="top"&gt;
      &lt;table style="text-align: left;"
 border="0" cellpadding="2" cellspacing="1"&gt;
          &lt;tr&gt;
            &lt;td align="center"&gt;'''Sur Wikip&#233;dia'''&lt;/td&gt;
          &lt;/tr&gt;
          &lt;tr&gt;
            &lt;td&gt;{{Utilisateur Traduction/en}}&lt;/td&gt;
          &lt;/tr&gt;
          &lt;tr&gt;
            &lt;td&gt;{{Utilisateur Traduction/es}}&lt;/td&gt;
          &lt;/tr&gt;
          &lt;tr&gt;
            &lt;td&gt;{{Utilisateur TeXnicien}}&lt;/td&gt;
          &lt;/tr&gt;
          &lt;tr&gt;
            &lt;td&gt;{{Utilisateur Patrouilleur}}&lt;/td&gt;
          &lt;/tr&gt;
          &lt;tr&gt;
            &lt;td align="center"&gt;'''Religion et Philosophie'''&lt;/td&gt;
          &lt;/tr&gt;
          &lt;tr&gt;
            &lt;td&gt;{{Utilisateur Religion/Agnostique}}&lt;/td&gt;
          &lt;/tr&gt;
          &lt;tr&gt;
            &lt;td&gt;{{Utilisateur Religion/Humaniste}}&lt;/td&gt;
          &lt;/tr&gt;
          &lt;tr&gt;
            &lt;td&gt;{{/spiritualit&#233;}}&lt;/td&gt;
          &lt;/tr&gt;
          &lt;tr&gt;
            &lt;td align="center"&gt;'''Centres d'int&#233;r&#234;t'''&lt;/td&gt;
          &lt;/tr&gt;
          &lt;tr&gt;
            &lt;td&gt;{{Utilisateur sciences}}&lt;/td&gt;
          &lt;/tr&gt;
          &lt;tr&gt;
            &lt;td&gt;{{Utilisateur informatique}}&lt;/td&gt;
          &lt;/tr&gt;
          &lt;tr&gt;
            &lt;td&gt;{{Utilisateur jeu de r&#244;le}}&lt;/td&gt;
          &lt;/tr&gt;
          &lt;tr&gt;
            &lt;td&gt;{{Utilisateur histoire}}&lt;/td&gt;
          &lt;/tr&gt;
          &lt;tr&gt;
            &lt;td&gt;{{Utilisateur manga}}&lt;/td&gt;
          &lt;/tr&gt;
          &lt;tr&gt;
            &lt;td&gt;{{/fucklefoot}}&lt;/td&gt;
          &lt;/tr&gt;
      &lt;/table&gt;
      &lt;/td&gt;
      &lt;td valign="top"&gt; &lt;/td&gt;
    &lt;/tr&gt;
&lt;/table&gt;

[[Cat&#233;gorie:Utilisateur TeXnicien|Sixsous]]

[[de:Benutzer:Sixsous]]
[[en:User:Sixsous]]
[[ja:&#21033;&#29992;&#32773;:&#12501;&#12521;&#12531;&#12471;&#12473;]]
[[es:Usuario:Sixsous]]

== Pense-b&#234;te ==
*[http://tools.wikimedia.de/~interiot/cgi-bin/count_edits?user=Sixsous&amp;dbname=frwiki_p Edit-count]
* [http://tools.wikimedia.de/~interiot/cgi-bin/Tool1/wannabe_kate Edit count 2]
*[[:Cat&#233;gorie:Mod&#232;le pour page de discussion]]
*[[:Cat&#233;gorie:Mod&#232;le de vote]]
*[[:Cat&#233;gorie:Mod&#232;le d'&#233;motic&#244;ne]]
*[[Wikip%C3%A9dia:Le_Bistro/17_novembre_2006#En_parlant_de_chimie_et_de_LATEX|Chimie &amp; Latex]]
*[[Wikip&#233;dia:Liste des administrateurs]]
*[[Wikip&#233;dia:Mod&#232;les/Administrateurs]]
*[[Wikip&#233;dia:Le copyvio pour les nuls]]
*[http://fr.wikipedia.org/wiki/Utilisateur:Maloq/AdvancedContribs Suivi d'utilisateurs]
*[[Utilisateur:Sixsous/Code de conduite pour une discussion rationnelle efficace|Code de conduite pour une discussion rationnelle efficace]]

&lt;!--R&#233;cup&#233;r&#233; sur [[Utilisateur:Turb Paris]] :
== Troll ? ==

=== D&#233;tails r&#233;v&#233;lateurs ===

Comment rep&#233;rer un troll wikip&#233;dique ? Quelques indices peuvent vous mettre la puce &#224; l'oreille :

* le troll va voir votre page utilisateur et alimente ses arguments ''ad hominem'' avec ;
* le troll r&#233;agit mal au vu de la pr&#233;sente liste ;
* le troll utilise tr&#232;s vite des termes excessifs, comme &#171; vandalisme &#187; ;
* le troll identifie tout de suite une cabale ;
* le troll commente aggressivement tous les votes d&#233;favorables sur la page qui l'interesse ;
* le troll aime pondre des pav&#233;s de textes interminables et illisibles, que ses interlocuteurs ne liront jamais ;
* le troll utilise la [[m&#233;thode hypercritique]] ;
* le troll affirme que l'on a pas lu l'article en question ;
* le troll vous identifie tout de suite comme &#233;tant avec lui ou contre lui ;
* ''&#224; suivre''.

=== Dialogue m&#233;morable ===

 Don't feed the troll. Ces j&#233;r&#233;miades r&#233;p&#233;t&#233;es deviennent lassantes. N.
  ce que tu peux etre lassant! F.
   Toi aussi ! S.
    Toi pas moins et plutot plus. F.
--&gt;</text>
      <sha1>4b9jvv6uicrlp2s88fswsxlb1nxrmt8</sha1>
      <model>wikitext</model>
      <format>text/x-wiki</format>
    </revision>
  </page>
