<page xmlns="http://www.mediawiki.org/xml/export-0.8/" xmlns:xsi="http://www.w3.org/2001/XMLSchema-instance">
    <title>Utilisateur:Emmanuel</title>
    <ns>2</ns>
    <id>51467</id>
    <revision>
      <id>10175582</id>
      <parentid>10120448</parentid>
      <timestamp>2006-09-18T10:42:49Z</timestamp>
      <contributor>
        <username>Litlok</username>
        <id>38320</id>
      </contributor>
      <minor/>
      <comment>Correction d'homonymie vers [[&#201;conomie]]</comment>
      <text xml:space="preserve">Visiteur depuis septembre 2003.
Utilisateur enregistr&#233; depuis f&#233;vrier 2004.
Aucun champ de comp&#233;tence ou d'expertise particulier.

Quelques domaines auxquels je m'int&#233;resse plus particuli&#232;rement (et quelques articles auxquels j'ai particip&#233; de mani&#232;re significative - cr&#233;ation, traduction, ajout ou neutralisation) :

*[[Musique]]
**[[Blues]]
**[[Jazz]]
**[[Musique au cin&#233;ma]]
**[[Serge Gainsbourg]]

*[[Cin&#233;ma]]
**[[Cadre (art)]]
**[[Cin&#233;ma allemand]]
**[[Cin&#233;ma d'auteur]]
**[[Director's cut]]
**[[Film noir]]
**[[G&#233;n&#233;rique (cin&#233;ma)]]
**[[Intertitre]]
**[[Voix off]]

*[[Graphisme]]
**[[Typographie]]
**[[Fonte de caract&#232;re]]
**[[Saul Bass]]
**[[Cassandre (graphiste)]]
**[[Ukiyo-e]]
**[[XIII]]

*[[Architecture]]
**[[Architecture gothique]]
**[[Hagia Sophia]]
**[[Mosqu&#233;e bleue]]

*[[Automobile]]

*[[Sciences &#233;conomiques|&#201;conomie]]
**[[5 forces de Porter]]
**[[Marketing direct]]
**[[Marketing one-to-one]]
**[[Marketing relationnel]]

*[[Histoire]]
**[[Crit&#232;res de Copenhague]]
**[[Guerre d'Alg&#233;rie]]
**[[G&#233;nocide arm&#233;nien]]
**[[Traite des noirs]]
**[[Sinn F&#233;in]]
**[[Relations entre la Turquie et l'Union europ&#233;enne]]
**[[Salvador Allende]]

*[[Loisirs]]
**[[Billard]]
**[[Jeu d'&#233;checs]]
**[[Surf]]
**[[T&#233;l&#233; r&#233;alit&#233;]]
**[[Whisky]]

[[Seconde topique]]
[[Immigration]]

[http://kohl.wikimedia.org/~kate/cgi-bin/count_edits?user=Emmanuel&amp;dbname=frwiki Statistiques]
[http://tools.wikimedia.de/~interiot/cgi-bin/count_edits?user=emmanuel&amp;dbname=frwiki_p plus de stats]

Une tentative de neutralisation sur l'article [[Utilisateur:Emmanuel/traite des noirs|traite des noirs]]</text>
      <sha1>gfiyc8szmfck8h3gh3kid7uua67eql3</sha1>
      <model>wikitext</model>
      <format>text/x-wiki</format>
    </revision>
  </page>
