<page xmlns="http://www.mediawiki.org/xml/export-0.8/" xmlns:xsi="http://www.w3.org/2001/XMLSchema-instance">
    <title>Utilisateur:Vdrpatrice</title>
    <ns>2</ns>
    <id>1018584</id>
    <revision>
      <id>17153958</id>
      <parentid>17146707</parentid>
      <timestamp>2007-05-22T05:16:24Z</timestamp>
      <contributor>
        <username>Clem23</username>
        <id>131885</id>
      </contributor>
      <minor/>
      <comment>A prot&#233;g&#233; &#171; Utilisateur:Vdrpatrice &#187;: blocage de longue dur&#233;e, se sert de sa page comme une tribune [edit=sysop:move=sysop]</comment>
      <text xml:space="preserve"/>
      <sha1>phoiac9h4m842xq45sp7s6u21eteeq1</sha1>
      <model>wikitext</model>
      <format>text/x-wiki</format>
    </revision>
  </page>
