<page xmlns="http://www.mediawiki.org/xml/export-0.8/" xmlns:xsi="http://www.w3.org/2001/XMLSchema-instance">
    <title>Utilisateur:Sanao</title>
    <ns>2</ns>
    <id>76376</id>
    <revision>
      <id>99603070</id>
      <parentid>92158943</parentid>
      <timestamp>2013-12-27T01:21:49Z</timestamp>
      <contributor>
        <username>Sanao</username>
        <id>3079</id>
      </contributor>
      <comment>/* Autres */</comment>
      <text xml:space="preserve">&lt;div style="float:right;"&gt;{{Utilisateur Wikip&#233;dia:Date|ann&#233;e=2004|mois=4|jour=1}}&lt;/div&gt;{{Bo&#238;te Utilisateur|Wikip&#233;dia:Aurochs|administrateur|Wikim&#233;dia France|Projet/Histoire des sciences|Charte du contributeur en science|chat|sciences|libert&#233; de panorama en France|nosms|inutile|Ego|UEVatican|NoEvolution|guerre}}
Quelques citations &#224; m&#233;diter et d'autres pour d&#233;tendre l'atmosph&#232;re :
* {{citation|Les articles sont libres, pas vous!}} &lt;ref&gt;cette maxime n'est pas de moi, je l'ai prise sur la page personnelle de [[Utilisateur:Barraki|Barraki]]&lt;/ref&gt;
* {{citation|La [[Wikip&#233;dia:Neutralit&#233; de point de vue|NPOV]] ne nous demande pas non plus de faire semblant d'&#234;tre cons.}} &lt;ref&gt;elle n'est pas de moi &#233;galement et piqu&#233;e toujours au m&#234;me endroit&lt;/ref&gt;
* {{citation|La seule certitude que j'ai c'est d'&#234;tre dans le doute}} &lt;ref&gt;[[Pierre Desproges]]&lt;/ref&gt;
* {{citation|Un expert ne dit pas de connerie, il l'affirme}} &lt;ref&gt;[http://olivier.guerrier.org/blog/2007/04/12/408-dire-une-connerie sur un forum]&lt;/ref&gt;
* {{citation|Tout le monde savait que c'&#233;tait impossible. Il est venu un imb&#233;cile qui ne le savait pas et qui l'a fait.}} &lt;ref&gt;[[Francis Bacon (philosophe)|Francis Bacon]]&lt;/ref&gt;
* {{citation|En parcourant les divers avis des uns et des autres &#224; ce sujet, je m'&#233;tonne aujourd'hui que par l'usage de la rh&#233;torique &#224; des fins sophistes, beaucoup s'insurgent et crient &#224; l'absence de preuves. Mais que je sache, l'absence de preuve n'est preuve de l'absence.}} &lt;ref&gt;[http://www.rezoweb.com/forum/politique/afriqueparole/282.shtml sur un forum]&lt;/ref&gt;
* {{citation|&#201;videmment, tous ne sont pas dans le m&#234;me sac... Mais certains sacs sont bien plus gros que d'autres, notamment comme dans la vie, ceux qui contiennent des ordures.}} &lt;ref&gt;[http://linuxfr.org/comments/1066120.html#1066120 sur un forum]&lt;/ref&gt;
* {{citation|Il est impossible de faire comprendre quelque chose &#224; quelqu'un si son salaire d&#233;pend du fait qu'il ne le comprenne pas}} &lt;ref&gt;[http://linuxfr.org/comments/1071842.html#1071842 toujours sur un forum...]&lt;/ref&gt;
* {{citation|Par des citations on affiche son &#233;rudition, on sacrifie son originalit&#233;.}} &lt;ref&gt;[[Arthur Schopenhauer]], une bonne fin pour conclure une liste de citations&lt;/ref&gt;

== Sur Wikip&#233;dia ==
Je ne me souviens pas comment j'ai d&#233;couvert Wikip&#233;dia, mais c'est tr&#232;s vraisemblablement par hasard.

Mes contributions sont tr&#232;s &#233;clectiques et ont pour origines certaines de mes lectures, de films que j'ai regard&#233;s ou encore certaines conversations. Ma premi&#232;re contribution d'importance a &#233;t&#233; celle sur [[Robert Badinter]].

Mon gros d&#233;faut (comme nombre de wikip&#233;diens il semblerait), l'orthographe/grammaire. Bien que je t&#226;che de me relire, il y en a un certain nombre qui passent &#224; travers les mailles du filet. N'h&#233;sitez donc pas &#224; me corriger si vous en voyez une.

Alors qu'au d&#233;but de mes contributions le "[[Wikip&#233;dia:Citez vos sources|sour&#231;age]]" &#233;tait loin d'&#234;tre une de mes priorit&#233;s (honte &#224; moi!), je t&#226;che de r&#233;parer cette faute de comportement en sour&#231;ant toutes les informations qui pourraient en avoir besoin. Faire cela exige d'avoir les sources sous les yeux et nous pousse donc &#224; &#234;tre plus pr&#233;cis dans nos &#233;crits. Cela am&#233;liore la fiabilit&#233;, le s&#233;rieux, ainsi que la qualit&#233; g&#233;n&#233;rale de Wikip&#233;dia. Faites de m&#234;me!

=== Son &#233;volution ===
Depuis avril 2004, date de mon arriv&#233;e, Wikip&#233;dia est devenu un projet assez cons&#233;quent. Des us et coutumes, des [[Wikip&#233;dia:R&#232;gles|r&#232;gles]] et autres [[Wikip&#233;dia:Recommandation|recommandations]] ont vu le jour. La pr&#233;sentation des articles s'am&#233;liore et s'uniformise. Faisant appara&#238;tre un tout plus ou moins coh&#233;rent.

Cette complexification de Wikip&#233;dia peut rebuter certaines personnes qui pourraient devenir contributeurs. La peur de l'inconnu ou/et de mal faire, mais &#233;galement la m&#233;connaissance de l'objectif de Wikip&#233;dia et de ses [[Wikip&#233;dia:Principes fondateurs|principes fondateurs]] sont autant d'obstacles que les futurs contributeurs doivent franchir. Mais cela ne doit pas les emp&#234;cher de faire des modifications. Le plus important selon moi est [[Wikip&#233;dia:N'h&#233;sitez pas !|de ne pas h&#233;siter]] &#224; modifier un article si on le juge n&#233;cessaire &#224; son am&#233;lioration. Tout en restant ouvert &#224; la discussion, comprendre ce que l'autre veut dire, se mettre &#224; sa place et de toujours &#224; avoir &#224; l'esprit ce que Wikip&#233;dia [[Wikip&#233;dia:Wikip&#233;dia est une encyclop&#233;die|est]] et [[Wikip&#233;dia:Ce que Wikip&#233;dia n'est pas|n'est pas]].

== Quelques une de mes contributions les plus significatives ==
Certains de ces articles ont depuis &#233;t&#233; remani&#233;s de mani&#232;re importante, comme celui sur [[George Orwell]].

{|
|valign="top" style="font-size:70%" width="33%" |
;Politique
* [[Guerre contre le terrorisme]], mais c'est un peu la foire...
* [[Soci&#233;t&#233; militaire priv&#233;e]]
* [[Conseil europ&#233;en]] et plusieurs autres articles sur les institutions europ&#233;ennes
* Plusieurs articles de la page [[Liste des organes des Nations unies|Les organes de l'ONU]], comme [[Union postale universelle]]. Mais il reste beaucoup de travail &#224;  faire...
* [[Abstention]], &#231;a a &#233;t&#233; aussi un peu n'importe quoi &#224; une &#233;poque, mais c'est acceptable aujourd'hui...
* [[Prison]] et [[Prison en France]], m&#234;me remarque que pour l'abstention
* [[Tol&#233;rance z&#233;ro]]
* [[Peine de mort]] et certains articles associ&#233;s
* [[D&#233;tention provisoire]]

;Biographie
* [[Robert Capa]], photographe am&#233;ricain
* [[Robert Badinter]], avocat et homme politique fran&#231;ais (ma premi&#232;re contribution d'envergure)
* [[Amadou Toumani Tour&#233;]], ancien militaire et homme politique malien
* [[Dalton Trumbo]], sc&#233;nariste, &#233;crivain et r&#233;alisateur am&#233;ricain
* [[Oscar Temaru]], homme politique fran&#231;ais
* [[Desmond Mpilo Tutu]], archev&#234;que sud-africain
* [[Heinrich von Stephan]], fonctionnaire allemand
* [[Mohamed ElBaradei]], fonctionnaire onusien &#233;gyptien
* [[George Orwell]], &#233;crivain anglais
* [[Janet Evanovich]], &#233;crivain am&#233;ricain
* [[Malcolm X]], homme politique am&#233;ricain
* [[Takeshi Kitano]], r&#233;alisateur, acteur et comique japonais
* [[Coluche]], comique fran&#231;ais
* [[C&#233;lestin Hennion]], pr&#233;fet de police fran&#231;ais

;Histoire
* [[Guerre civile de Sierra Leone]] et beaucoup d'articles associ&#233;s
* [[Scandale du Watergate]]
* [[Flagellant]]
* [[Peste noire]]
* [[Tribunal militaire international pour l'Extr&#234;me-Orient|Tribunal de Tokyo]]
* [[Cour p&#233;nale internationale]]
* [[Proc&#232;s de Moscou]]
* [[Code d'Hammourabi]], un des plus ancien texte de loi
* [[Femmes de r&#233;confort]], des femmes oblig&#233;es de se prostituer pour l'arm&#233;e imp&#233;riale japonaise durant la Seconde Guerre mondiale
* [[Loi du Talion]]
* [[Malgr&#233;-nous]]
* [[Massacre des Alg&#233;riens &#224; Paris]], un massacre d'alg&#233;riens par la police fran&#231;aise en 1961
* [[Ku Klux Klan]]
* [[Traite des noirs]]
* [[Billet drapeau]], une monnaie fran&#231;aise fabriqu&#233;e aux &#201;tats-Unis durant la Seconde Guerre mondiale
* [[Proc&#232;s de Riom]], une rocambolesque parodie de proc&#232;s organis&#233; par le [[R&#233;gime de Vichy]]

|valign="top" style="font-size:70%" width="33%" |
;Histoire des sciences
* [[Histoire des sciences]], encore beaucoup de travail, puis faire les articles d&#233;taill&#233;s pour chacune des sections
* [[Histoire de la mesure du temps]], ajouts et nettoyage
* [[Vitesse du son#Histoire|Vitesse du son]], section Histoire
* [[Odontologie#Histoire|Odontologie]], section Histoire
* [[Sismologie#Histoire|Sismologie]], section Histoire

;Biographie (histoire des sciences et techniques)
* [[Marie Curie]], scientifique fran&#231;aise
* [[Pierre Fauchard]], p&#232;re de l'odontologie moderne
* [[Maria Mitchell]], astronome am&#233;ricaine
* [[Yvonne Choquet-Bruhat]], math&#233;maticienne fran&#231;aise
* [[Horace Wells]], dentiste am&#233;ricain au tragique destin
* [[Jean-Daniel Colladon]], physicien suisse
* [[Madeleine Br&#232;s]], m&#233;decin fran&#231;aise
* [[Jean-&#201;tienne Montucla]], math&#233;maticien fran&#231;ais
* [[Jon Barwise]], logicien am&#233;ricain
* [[Johan August Brinell]], ing&#233;nieur su&#233;dois
* [[Robert Maillart]], ing&#233;nieur suisse
* [[George Sarton]], historien des sciences am&#233;ricain
* [[Carl Wilhelm Scheele]], chimiste su&#233;dois
* [[Edward Teller]], physicien am&#233;ricain
* [[Girolamo Fracastoro]], m&#233;decin italien
* [[Neil Campbell (biologiste)|Neil Campbell]], biologiste am&#233;ricain
* [[Otto Ruff]], chimiste allemand
* [[Hideo Itokawa]], ing&#233;nieur japonais

;Science et technique
* [[International Thermonuclear Experimental Reactor]] (ITER), un projet de prototype de r&#233;acteur &#224; [[fusion nucl&#233;aire]]
* [[Arme nucl&#233;aire]] et quelques articles associ&#233;s, comme :
** [[Essai nucl&#233;aire]]
** [[Force de dissuasion nucl&#233;aire fran&#231;aise]]
* [[Caulerpa taxifolia]], un plante invasive
* [[Emp&#233;docle (volcan)]], le plus grand volcan d'Italie
* [[Tapir]], un animal
* [[Diamant synth&#233;tique]]
* [[Clepsydre]], une horloge &#224; eau
* [[DARPA Grand Challenge]], une comp&#233;tition visant &#224; concevoir des v&#233;hicules terrestres sans pilote
* [[Pseudog&#232;ne]], des g&#232;nes inactifs
* [[Tevatron]], un acc&#233;l&#233;rateur de particules
* [[Pousse-pousse (Japon)|Pousse-pousse]]
* [[Organisation europ&#233;enne pour la recherche nucl&#233;aire]] (CERN)
* [[Virus de l'immunod&#233;ficience humaine]]
* [[Cellule &#224; enclumes de diamant]]
* [[Classification des m&#233;t&#233;orites]]

;&#201;conomie
* [[Jeudi noir]]
* [[Lundi noir]]
* [[Assignat]], une monnaie durant la [[R&#233;volution fran&#231;aise]]
* [[Blackwater USA]], une soci&#233;t&#233; militaire priv&#233;e
* [[Hyperinflation au Zimbabwe]]

|valign="top" style="font-size:70%" width="33%" |
;Informatique
* [[COCOMO]], un mod&#232;le d'estimation de d&#233;veloppement d'une application (en cours...)
* [[Amaya]], un navigateur et &#233;diteur Web
* [[BeOS file system]]
* [[Time protocol]]
* [[Ha&#239;ku (syst&#232;me d'exploitation)]], une version [[Logiciel libre|libre]] de [[BeOS]]
* [[Portabilit&#233; (informatique)]]
* [[Malloc]]

;Spatial
* [[Programme Viking]], des sondes martienne am&#233;ricaines
* [[Columbus Orbital Facility]], le laboratoire europ&#233;en de la [[Station spatiale internationale]] (ISS)
* [[Automated Transfer Vehicle]], le cargo spatial automatique europ&#233;en pour l'ISS
* [[Very large telescope]], le t&#233;lescope de l'[[Observatoire europ&#233;en austral]] (ESO)
* [[Galileo (syst&#232;me de positionnement)]], le syst&#232;me de positionnement par satellites europ&#233;en
* [[Programme Alsat]], un programme de satellites d'&#233;tudes de la Terre alg&#233;rien
* [[Agence spatiale alg&#233;rienne]], tout est dans le titre
* [[Cosmos 1]], un prototype qui a &#233;t&#233; d&#233;truit sur le d&#233;placement par voile solaire
* [[Venus Express]], une sonde spatiale v&#233;nusienne europ&#233;enne
* [[HD 188753 Ab]], une [[exoplan&#232;te]]
* [[Hayabusa (sonde spatiale)]], une sonde spatiale japonaise &#233;tudiant un ast&#233;ro&#239;de
* [[Cosmodrome de Plesetsk]]
* [[Cosmodrome de Kapustin Yar]]
* [[Plateforme San Marco]]
* [[Long Duration Exposure Facility]], une plate-forme de test qui est rest&#233; dans l'espace plus longtemps que pr&#233;vu
* [[Programme Mars]]
* [[National Space Science Data Center]]
* [[Shuttle Remote Manipulator System]], le bras de la navette spatiale
* [[Cosmos 954]], cause du premier incident spatial nucl&#233;aire.
* [[Interstellar Boundary Explorer]]
* [[Kurs]], un syst&#232;me russe pour les rendez-vous orbitaux automatiques

;Autres
* [[Manich&#233;isme]], une religion
* [[Flagellation]], tout est dans le titre
* [[Dickin Medal]], une m&#233;daille militaire britannique pour animaux
* [[Texas (groupe)]], un groupe de musique
* [[Profit (s&#233;rie t&#233;l&#233;vis&#233;e)]], une s&#233;rie t&#233;l&#233;vis&#233;e sur la famille et le capitalisme, qui a &#233;t&#233; annul&#233;e au cour de la premi&#232;re saison :-(
* [[Rome (s&#233;rie t&#233;l&#233;vis&#233;e)]], une s&#233;rie t&#233;l&#233;vis&#233;e sur la chute de la [[R&#233;publique romaine]]
* [[Attaque]], un film de [[Robert Aldrich]] sur l'arm&#233;e, mais au vitriol!
* [[Puteaux]], une ville fran&#231;aise (j'ai fait un temps la ''police'' sur cet article)
* [[Oz (s&#233;rie t&#233;l&#233;vis&#233;e)]], une fantastique s&#233;rie t&#233;l&#233;vis&#233;e sur le milieu carc&#233;ral, aujourd'hui termin&#233; apr&#232;s 6 saisons
* [[Enfant soldat]]
* [[Cor&#233;e du Nord]]
* [[John Adams (t&#233;l&#233;suite)]], une fantastique minis&#233;rie sur la vie du [[John Adams|second pr&#233;sident des &#201;tats-Unis]]
* [[The Devil's Whore]], une s&#233;rie anglaise sur l'&#233;poque o&#249; les anglais firent leur (premi&#232;re) r&#233;volution et coup&#232;rent (eux aussi) la t&#234;te de leur roi
|}

=== Illustration ===

==== Traductions ====
{{bo&#238;te d&#233;roulante|align=left|titre=Images traduites|contenu=
&lt;gallery&gt;
Image:Antarctic fr.svg|Carte de l'Antarctique
Image:Southeast asia fr.svg|Carte de l'Asie du sud-est
Image:Worldwide nuclear testing fr.png|Nombre d'essais nucl&#233;aires dans le monde
Image:Diagramme d'un ascenseur spatial.png|Diagramme d'un ascenseur spatial
Image:M&#233;thode de d&#233;tection par transit.jpg|M&#233;thode de d&#233;tection des [[exoplan&#232;te]]s par transit
Image:D&#233;penses militaires (2003-2005).png|D&#233;penses militaires (2003-2005)
&lt;/gallery&gt;
}}

==== Cr&#233;ations ====
{{bo&#238;te d&#233;roulante|align=left|titre=Images cr&#233;&#233;es|contenu=
&lt;gallery&gt;
Image:OPEC members.png|Membres de l'OPEC
Image:ECOWAS members.png|Membres de la CEDEAO
Image:Cr&#232;che de No&#235;l.jpg|Photo d'une cr&#232;che de No&#235;l

Image:Liste doublement cha&#238;n&#233;e.png|Repr&#233;sentation d'une liste doublement cha&#238;n&#233;e
Image:Tableau &#224; une dimension.png|Repr&#233;sentation d'un tableau &#224; une dimension
Image:Tableau &#224; deux dimensions.png|Repr&#233;sentation d'un tableau &#224; deux dimension
Image:La mairie de Puteaux le matin.jpg|La mairie de Puteaux
Image:Clepsydre fr.png|Principe de la [[clepsydre]] de [[Ct&#233;sibios]]
Image:Architecture NTP fr.png|Architecture des serveurs et clients NTP
&lt;/gallery&gt;
}}

Et plusieurs [[Commons:Category:French bills|anciens billets fran&#231;ais]] : [[Assignat]], [[Billet drapeau]], [[Billet aux arm&#233;es]], etc...

== Mon &#233;go et moi ==
Voil&#224; deux r&#233;compenses qui ont fait gonfler mes chevilles :
{| border="0" width="100%"
| align="center" width="50%" |
{{R&#233;compense|Wikipedia laurier papillon.png|Pour ton superbe travail sur le SIDA et le VIH&lt;br /&gt;[[Utilisateur:Bourbaki|Bourbaki]] 21 mai 2007 &#224; 21:30 (CEST)}}
| align="center" width="50%" |
{{R&#233;compense|Wikipedia laurier Panini.png|'''[[Panini (&#233;diteur)|R&#233;compense Panini]]'''&lt;br /&gt;Pour son travail et sa cordialit&#233;&lt;br /&gt;[[Utilisateur:Lilyu|Lilyu]] 7 mars 2008 &#224; 00:53 (CET)}}
|}

== Penses b&#234;tes ==
&lt;pre&gt;
&lt;ref&gt;{{Lien web
 | url = 
 | titre = 
 | id = 
 | s&#233;rie = 
 | auteur = 
 | lien auteur = 
 | coauteurs = 
 | date = 
 | ann&#233;e = 
 | mois = 
 | site = 
 | &#233;diteur = 
 | isbn = 
 | page = 
 | citation = 
 | en ligne le = 
 | consult&#233; le = 
}}&lt;/ref&gt;

http://books.google.com/books?id=yMIuk-q4hbcC&amp;printsec=frontcover&amp;output=text#PPA37,M1

{| class="wikitable sortable left"
! ch1 !! ch2 !! ch3 !! ch4
|-
| 1 || Allemand || Anglais || &#201;gyptien
|-
| 2 || German || English || Egyptian
|}

{{Infobox Personnalit&#233;
|nom=Martin Luther King
|image=Martin-Luther-King-1964-leaning-on-a-lectern.jpg
|imagesize=170px
|legende=A la [[Biblioth&#232;que du Congr&#232;s]], [[1964]]
|date_naissance=[[15 janvier]] [[1929]]
|lieu_naissance=[[Atlanta]]
|pays_naissance=[[USA]]
|date_deces=[[4 avril]] [[1968]]
|lieu_deces=[[Memphis]]
|pays_deces=[[USA]]
|fonction=[[Pasteur]] et [[Afro-Am&#233;ricain|militant afro-am&#233;ricain]]
}}

{| border="1"
| valign="top" width="50%" |
gauche
| valign="top" width="50%" |
droite
|}

{{loupe|lien{{!}}texte du lien}}

{{bo&#238;te d&#233;roulante|align=left|titre=Le texte peut &#234;tre ''embo&#238;t&#233;''|contenu=Contenu de la boite}}

{{L&#233;gifrance|base=CC|num&#233;ro=1116|texte=Le texte fondateur du dol en droit civil}}

[[:en:Wikipedia:How to edit a page|Cette page en anglais]]

[[s:fr:document wikisource fran&#231;aise|nom du lien]]

[[commons:Document sur commons|nom du lien]]

[[n:Article|nom de l'article sur WikiNews]]

{{r&#233;f&#233;rence n&#233;cessaire}}

{{Utilisateur:Sanao/R&#233;pondre ici}}

{{Coor up|lat=|long=|type:landmark_region:FR}}

&lt;div class="floatright"&gt;&lt;/div&gt;

&lt;div class="floatleft"&gt;&lt;/div&gt;
&lt;/pre&gt;

{{Palette Mod&#232;les principaux}}

=== Ligne du temps ===
* [[m:Help:EasyTimeline syntax|EasyTimeline syntax]]
* [[m:EasyTimeline|EasyTimeline]]
* [[/Ligne du temps]]

== Liens ==
* [[/&#192; faire]]

=== Wikip&#233;dia ===
* [[Wikip&#233;dia:Syntaxe wikip&#233;dia|Syntaxe Wikip&#233;dia]]
** [[Aide:Notes et r&#233;f&#233;rences]]
** [[Aide:Formules TeX|Formules TeX]]
** [[Aide:Les tableaux|Les tableaux]]
** [[Wikip&#233;dia:Mod&#232;les/Tableaux|Mod&#232;les des tableaux]]
** [[Wikip&#233;dia:Liste compl&#232;te des tableaux de donn&#233;es &#224; param&#232;tres (InfoBox)|Liste compl&#232;te des tableaux de donn&#233;es &#224; param&#232;tres (InfoBox)]]
** [[Mod&#232;le:Palette Mod&#232;les principaux|Mod&#232;les principaux]]
** [[Wikip&#233;dia:Cat&#233;gories d'&#233;bauches|Liste des &#233;bauches]]
** [[Mod&#232;le:Loupe]]
** [[Wikip&#233;dia:Mod&#232;les/Liste compl&#232;te]]
* [[Aide:Utilitaires|Utilitaires]]
* [[Wikip&#233;dia:Demande de suppression imm&#233;diate]]
* [[:Cat&#233;gorie:Mod&#232;le de licence d'image]]
* [[Wikip&#233;dia:Crit&#232;res d'admissibilit&#233; des articles]]

=== Ressources ===
* [http://commons.wikimedia.org/wiki/Map_resources Supports pour des cartes g&#233;ographiques]
* [http://lcweb2.loc.gov/frd/cs/cshome.html ''Library Of Congress - Country Studies'']
* [http://www.cnrtl.fr/definition/ Centre national de ressources textuelles et lexicales]
* [http://www.avancement-sciences.org/fichiers/2007_3_Sgard_Michalowski.pdf Int&#233;grit&#233; scienti&#64257;que : vers l&#8217;&#233;laboration de politiques coh&#233;rentes]

=== ''Good practices'' ===
* [[Wikip&#233;dia:Conventions typographiques|Conventions typographiques]]
* [[Wikip&#233;dia:Conventions de nommage|Conventions de nommage]]

=== Y faire un tour de temps &#224; autre ===
* [[Wikip&#233;dia:Pages &#224; supprimer]]
* [[Sp&#233;cial:Newpages|Nouvelles pages sur Wikip&#233;dia]]
* [[:Cat&#233;gorie:Wikip&#233;dia:&#233;bauche]]
* [[Wikip&#233;dia:Vandalisme en cours]]
* [[Wikip&#233;dia:Oracle]], certaines r&#233;ponses &#224; certaines questions sont tr&#232;s int&#233;ressantes
* [http://fr.wikipedia.org/w/index.php?title=Special:Recentchanges&amp;hideliu=1 Modifications r&#233;centes d'IP]
* [[Projet:Articles les plus demand&#233;s]]

=== Autres ===
* [http://openfacts.berlios.de/index-en.phtml?title=Wikipedia_Status Wikipedia status]
* [http://en.wikipedia.org/wikistats/FR/ Statistiques]
* [[Wikip&#233;dia:Wikim&#233;dia|Wikimedia]]
* [http://wiki.beyondunreal.com/cgi-bin/reverser.cgi List reverser]
* [https://tools.wmflabs.org/xtools/pcount/index.php?name=Sanao&amp;lang=fr&amp;wiki=wikipedia Statistiques sur mon nombre d'&#233;ditions]
* [[m:User:Sanao|Page perso Meta (elle est vide)]]
* [[commons:User:Sanao|Page perso sur Commons]]
* [http://tools.wikimedia.de/~magnus/commonshelper.php?interface=fr Assistant de transfert d'image vers Commons]
* [http://www.wikipediasearch.net/index.php?lang=fr Recherche dans les dump de Wikip&#233;dia]
* [http://tools.wikimedia.de/~gribeco/cgi-bin/top-revert.cgi/ Top r&#233;vocateur sur Wikip&#233;dia Fr]
* [http://toolserver.org/~leon/stats/wikicharts/index.php?wiki=frwiki&amp;mode=view/ Articles les plus consult&#233;s]
* [http://tools.wikimedia.de/~gribeco/cgi-bin/toprecent.cgi Contributeurs les plus actifs]
* [http://tools.wikimedia.de/~escaladix/larticles/ Pages cr&#233;&#233;es par un contributeur]
* Monobook : [[Utilisateur:Sanao/monobook.js|Javascript]] et [[Utilisateur:Sanao/monobook.css|CSS]]

== Note ==
&lt;references /&gt;

[[en:User:Sanao]]</text>
      <sha1>tco2ixuc2t8ctznycoozgvshksjpi8o</sha1>
      <model>wikitext</model>
      <format>text/x-wiki</format>
    </revision>
  </page>
