<page xmlns="http://www.mediawiki.org/xml/export-0.8/" xmlns:xsi="http://www.w3.org/2001/XMLSchema-instance">
    <title>Utilisateur:Bombastus</title>
    <ns>2</ns>
    <id>2459834</id>
    <revision>
      <id>85095694</id>
      <parentid>84986605</parentid>
      <timestamp>2012-11-08T22:57:34Z</timestamp>
      <contributor>
        <username>Botaurus</username>
        <id>479489</id>
      </contributor>
      <minor/>
      <text xml:space="preserve">{{Tigre &#224; dents de sabre mop}}&lt;p align="center" style="line-height: 140%"&gt;&lt;i&gt;&lt;font face="Garamond" size="4" color="#666666"&gt;[[Image:aquote1.png|30px]]   Tous nous serions transform&#233;s si nous avions le courage d'&#234;tre ce que nous sommes.   [[Image:aquote2.png|30px]]&lt;/font&gt;&lt;/i&gt;&lt;/p&gt; 
&lt;p align="right"&gt;&lt;span style="font-variant: small-caps"&gt;
&lt;font face="Garamond" size="2" color="000000"&gt;     [[Marguerite Yourcenar]]&lt;/font&gt;&lt;/span&gt;&lt;/p&gt;

{{wikibreak|message=Constatant que loin d'enrichir la connaissance, Wikip&#233;dia, dans sa version actuelle, tend au contraire &#224; l'appauvrir, je ralentis ma contribution au profit d'autres projets qui me tiennent plus &#224; c&#339;ur.}}

[[Image:Caspar David Friedrich - Der Wanderer &#252;ber dem Nebelmeer.jpg|200px|center]]&lt;br /&gt;

&lt;center&gt;[[Utilisateur:Bombastus/Contributions|Principales contributions]]&amp;nbsp;&#8226;&amp;nbsp;[[Utilisateur:Bombastus/Jaime|Petits et grands plaisirs]]&amp;nbsp;&#8226;&amp;nbsp;[[Utilisateur:Bombastus/Bloc-notes|Bloc-notes]]&amp;nbsp;&#8226;&amp;nbsp;[[Utilisateur:Bombastus/Biblioth&#232;que|Biblioth&#232;que]]&amp;nbsp;&#8226;&amp;nbsp;[[Utilisateur:Bombastus/Sympa|Messages sympas]]&lt;/center&gt;

Je contribue, parfois, sous une IP irlandaise d&#233;butant par 89.

Quelques remarques sur Wikip&#233;dia et les copyright :
* [http://lisforlexington.blogspot.com/2010/01/quand-luc-chatel-lit-wikiberal.html Quand Luc Chatel copie Wikib&#233;ral]
* [http://lisforlexington.blogspot.com/2009/01/wikipdia-laune-de-hayek.html Wikip&#233;dia &#224; l'aune de Hayek]
* [http://lisforlexington.blogspot.com/2009/01/le-dclin-de-wikipdia.html Le d&#233;clin de Wikip&#233;dia]
* [http://lisforlexington.blogspot.com/2009/05/wikipedia-bashing.html Wikip&#233;dia bashing]

== A v&#233;rifier ==
Tous les articles de L&#233;on Chaix

[[cs:Wikipedista:Bombastus]]
[[da:Bruger:Bombastus]]
[[de:Benutzer:Bombastus]]
[[el:&#935;&#961;&#942;&#963;&#964;&#951;&#962;:Bombastus]]
[[en:User:Bombastus]]
[[eo:Vikipediisto:Bombastus]]
[[es:Usuario:Bombastus]]
[[fi:K&#228;ytt&#228;j&#228;:Bombastus]]
[[he:&#1502;&#1513;&#1514;&#1502;&#1513;:Bombastus]]
[[it:Utente:Bombastus]]
[[ja:&#21033;&#29992;&#32773;:Bombastus]]
[[ku:Bikarh&#234;ner:Bombastus]]
[[lb:Benotzer:Bombastus]]
[[nl:Gebruiker:Bombastus]]
[[pl:Wikipedysta:Bombastus]]
[[pt:Usu&#225;rio:Bombastus]]
[[ro:Utilizator:Bombastus]]
[[ru:&#1059;&#1095;&#1072;&#1089;&#1090;&#1085;&#1080;&#1082;:Bombastus]]
[[sk:Redaktor:Bombastus]]
[[sr:&#1050;&#1086;&#1088;&#1080;&#1089;&#1085;&#1080;&#1082;:Bombastus]]
[[sv:Anv&#228;ndare:Bombastus]]
[[wa:Uzeu:Bombastus]]</text>
      <sha1>196gjgij78paodwv7snu1gpmmm3tvns</sha1>
      <model>wikitext</model>
      <format>text/x-wiki</format>
    </revision>
  </page>
