<page xmlns="http://www.mediawiki.org/xml/export-0.8/" xmlns:xsi="http://www.w3.org/2001/XMLSchema-instance">
    <title>Utilisateur:Daniel*D</title>
    <ns>2</ns>
    <id>812908</id>
    <revision>
      <id>100731002</id>
      <parentid>99515915</parentid>
      <timestamp>2014-01-30T01:35:44Z</timestamp>
      <contributor>
        <username>Daniel*D</username>
        <id>103148</id>
      </contributor>
      <comment>m&#224;j</comment>
      <text xml:space="preserve">__NOINDEX__
&lt;div style="background:lightblue; text-align: center;"&gt;'''Bonjour'''&lt;/div&gt;
{{/Contre le r&#233;f&#233;rencement des pages de discu sur Google}}
{{Mop|Tigre &#224; dents de sabre}}
{{Ic&#244;ne Wikificateur|nocat=1}}
{{Ic&#244;ne WikiOgre|nocat=1}}
{| align="center" width="100%" border="0" cellpadding="4" cellspacing="4" style="border: 3px solid #aaa;  background-color: lightblue; font-arial;font-size:90%"
|&lt;center&gt;{{Citation|'''''{{lang|la|Scribitur ad narrandum, non ad probandum}}'''''&lt;ref&gt;&lt;small&gt;{{Citation|On &#233;crit (sous-entendu : l'Histoire) pour raconter, non pour prouver}} &#8212; [[Quintilien]], ''[[Institution oratoire]]'', X, 1, 31. [http://fr.wiktionary.org/wiki/Annexe:Locutions_latines#S Autrement dit : la science historique ne doit pas &#234;tre le masque de la propagande].&lt;/small&gt;&lt;/ref&gt;}}&lt;/center&gt;
&lt;center&gt;{{Citation|'''''{{lang|la|Timeo hominem unius libri}}'''''&lt;ref&gt;&lt;small&gt;{{Citation|Je crains l&#8217;homme d'un seul livre.}} &#8212; [[Thomas d'Aquin|saint Thomas d'Aquin]] [http://tempsreel.nouvelobs.com/abc-lettres/proverbe-latin/timeo-hominem-unius-libri.html]&lt;/small&gt;&lt;/ref&gt;}}&lt;/center&gt;                          
&lt;center&gt;{{Citation|'''''{{lang|la|Testis unus, testis nullus}}'''''&lt;ref&gt;&lt;small&gt;{{Citation|T&#233;moin unique, t&#233;moin nul.}} [http://tempsreel.nouvelobs.com/abc-lettres/proverbe-latin/testis-unus-testis-nullus.html]&lt;/small&gt;&lt;/ref&gt;}}&lt;/center&gt;                                                                               
{{BUd&#233;but|}}
{{BUtilisateur
 | couleur = #FFDEAD
 | img = Wikipedia-logo-v2-fr.svg
 |texte = Je contribue &#224; '''[[Wikip&#233;dia:Accueil principal|Wikip&#233;dia]]''' depuis &lt;br /&gt;'''{{dur&#233;e|3|5|2006|{{CURRENTDAY}}|{{CURRENTMONTH}}|{{CURRENTYEAR}}}}'''&lt;br /&gt;soit '''{{unit&#233;|{{#expr: {{CURRENTJULIANDAY}}-{{JULIANDAY|2006|5|3}} round 0}}'''|jours}}.}}
{{BUtilisateur
 | img-texte = 46
 | img-couleur = #FFCC88
 | titre = 1946
 | couleur = #FFF8DC
 | texte = Je suis n&#233; en '''[[1946]]''' comme l&#8217;[[Fonds des Nations unies pour l'enfance|UNICEF]], la [[Quatri&#232;me R&#233;publique]], [[Jane Birkin]], [[Steven Spielberg]] et le jour m&#234;me de la nomination de [[L&#233;on Blum]] comme dernier pr&#233;sident du [[GPRF]]. &#192; cette &#233;poque lointaine, les tickets de [[rationnement]] &#233;taient encore en service et [[&#201;lisabeth Boselli]] devenait la premi&#232;re femme [[pilote de chasse]] de l'[[Arm&#233;e de l'air (France)|Arm&#233;e de l'air fran&#231;aise]].}}
{{BUtilisateur
 | couleur    = #CEEEEE
 | img        = Croissance &#233;conomie francaise.png
 | img-taille = 90px
 | titre      = Baby-Boomer
 | texte      = Je suis un [[Baby boom|Baby-Boomer]]&lt;br /&gt; et j'ai particip&#233; activement aux [[Trente Glorieuses]].}} 
{{BUtilisateur
 |couleur=#C0C0FF
 |img-couleur=#EEEEEE
 |img=Flag of France.svg{{!}}border
 |titre=[[Portail:France|France]]
 |texte=Je suis [[France|fran&#231;ais]].}}
{{BUtilisateur|
  couleur=#C0C0FF|
  img=Blason d&#233;partement fr Yvelines.svg|
  img-titre=Yvelines|
  titre=Yvelines|
  texte=J&#8217;habite dans les [[Yvelines]].}}
{{BUtilisateur|
  couleur=#C0C0FF|
  img-couleur=#EEEEEE|
  img=Blason duche fr Normandie.svg|
  img-titre=Blason duch&#233; Normandie|
  titre=Basse-Normandie|
  texte=Je s&#233;journe en [[Basse-Normandie]], dans le [[pays d'Auge]].}}
{{BUtilisateur
  |couleur=#DAD1DF
  |img=Nuvola apps kchart.svg
  |titre=Ing&#233;nieur
  |texte=Je suis '''[[ing&#233;nieur]]'''.}}
{{BUtilisateur
 |couleur=#DAD1DF
 |img=IGBT 2441.JPG
 |titre=[[Portail:&#201;lectricit&#233; et &#233;lectronique|&#201;lectronicien]]
 |texte=Je suis [[&#233;lectronicien]].&lt;br /&gt;Avec l&#8217;[[&#233;lectronique de puissance]],&lt;br /&gt; on se sent vivre. Surtout quand on en r&#233;chappe.}}
{{BUtilisateur
  |couleur=#DAD1DF
  |img=Chamonix 2007 100 0022.JPG
  |texte=Je suis '''[[Retraite (&#233;conomie)|retrait&#233;]]''' &#224; temps plein&lt;br /&gt; depuis le {{1er}} janvier 2008.&lt;br /&gt; Et j&#8217;en suis fort aise, surtout apr&#232;s tous ces trimestres de [[cotisations sociales]], dont seulement 86 % retenus et compte tenu du rendement du point de retraite compl&#233;mentaire [http://www.spac-actuaires.fr/glossaire/Point_de_retraite qui ne fait pas de ce &#171; placement &#187; obligatoire une source de profits mirifiques... pour le cotisant].}}
{{BUtilisateur
 |couleur=#FFF8DC
 |img=Red crown.png
 |titre=[[Portail:Histoire|Histoire]]
 |texte=J&#8217;aime l&#8217;[[histoire]] et les vrais [[historien]]s.&lt;br /&gt; En particulier pour la p&#233;riode de la [[Seconde Guerre mondiale]].}}
{{BUtilisateur
 |couleur=#FFF8DC
 |img=Books-aj.svg aj ashton 01.svg
 |titre=Lecture
 |texte=J&#8217;aime lire des '''[[Livre (document)|livres]]''' en papier, &#233;crits par de bons auteurs et que l&#8217;on peut feuilleter et annoter sans avoir recours &#224; des [[ordinateur|b&#233;quilles &#233;lectroniques]] [[obsolescence|p&#233;rissables]], consommatrices de [[Combustible MOX|MOx]] et quelquefois [[plantage|capricieuses]].}}
{{BUtilisateur
  |couleur=#D7FFC7
  |img=Wikignome.png
  |titre=WikiGnome
  |texte=J&#8217;essaie de me [[Aide:Wikification|comporter]]&lt;br /&gt;en '''[[Wikip&#233;dia:WikiGnome|WikiGnome]]'''.}}
{{BUtilisateur
  |couleur = #EEEEEE
  |img = WikEd logo39x40 animated.gif
  |img-taille=40px
  |titre = WikEd
  |texte = J&#8217;utilise aussi '''[[Utilisateur:Leag/wikEd|wikEd]]''' pour &#233;diter les pages wiki. Et je suis capable de donner des cours de ''[[Aide:Wikification|wikification]]'', [[sourire|contre remboursement]], bien entendu.}}
{{BUtilisateur
 |couleur={{{1|LightYellow}}}
 |img=Disambig azure Broom icon.svg
 |img-taille=45px
 |titre=Homonymies en couleur
 |texte=&lt;small&gt;Je vois les liens &#224; corriger dans les articles gr&#226;ce &#224;&lt;/small&gt; &lt;font style="background:#ffe8e8"&gt;[[Aide:Gadget-HomonymiesEnCouleur|Homonymies En Couleur]]&lt;/font&gt;.
 |lien = HomonymiesEnCouleur
}} 
{{BUtilisateur
  |couleur = #EEEEEE
  |img = Clavier 125 2530.JPG
  |titre = Typographie
  |texte = Je pratique couramment les corrections [[typographie|typographiques]], conform&#233;ment aux [[WP:CT|conventions en vigueur sur Wikip&#233;dia]] et aux recommandations, entre autres, du ''[[LRTUIN|Lexique]]'' qui ne s&#8217;adressent pas seulement aux ouvrages imprim&#233;s {{incise|contrairement aux id&#233;es re&#231;ues}}, exception faite pour l&#8217;[[apostrophe (typographie)|apostrophe]], qui, sur Wikip&#233;dia en fran&#231;ais (pourtant), provoque des [[Wikip&#233;dia:Blocage en &#233;criture|blocages]]&#8230; [[Image:Clavier TO7 2709.JPG|thumb|20px|center]]}}
{{BUtilisateur
  |couleur=#C0C0FF
  |img=Balance a fleau.jpg
  |titre=Non aux petits &#171; ayatollahs &#187;
  |texte=Les nombreux ayatollahs de tous poils ne font pas avancer Wikip&#233;dia d&#8217;un poil.&lt;br /&gt;&lt;small&gt;N.B. : &#171; ayatollah &#187;, selon le sens '''2.''' du ''Petit Larousse'' 2008, Paris, {{&#233;d.}} Larousse {{ISBN|978-2-03-582503-2}}, {{p.}}88.&lt;/small&gt; }}
{{BUtilisateur
  |couleur=#80FFFF
  |img=Logitech MX.JPG
  |texte=Cet utilisateur a franchi la barre des {{unit&#233;|49000|contributions}}. Ce qui n'est pas une raison suffisante pour le mordre, de toutes fa&#231;ons, il n&#8217;est plus tr&#232;s tendre.}}
{{BUtilisateur
 |couleur = #f6f6f6
 |img = Wikimedia logo family complete.svg
 |titre = Utilisateur SUL
 |texte = Cet utilisateur utilise un [[:m:Help:Unified login/fr|compte global]], et son compte principal est sur [[w:fr:User:Daniel*D|Wikip&#233;dia {{fr}}]].}}
{{BUfin}}&lt;br /&gt;&lt;br /&gt;
&lt;references /&gt;&lt;br /&gt;&lt;br /&gt;&lt;br /&gt;&lt;br /&gt;&lt;br /&gt;
[[s:Les Torts de l&#8217;histoire|Anatole France, &#171; Les Torts de l'histoire &#187; in ''La Vie litt&#233;raire'', 1888-1892]].&lt;br /&gt;
[http://www.crescenzo.nom.fr/kipling.html Rudyard Kipling, ''IF'', 1910].&lt;br /&gt;&lt;br /&gt;&lt;br /&gt;&lt;br /&gt;&lt;br /&gt;
[[/Utile|&#157;&#157;&#157;&amp;sum;]]&lt;br /&gt;
[[/Biblio|&amp;beta;]]&lt;br /&gt;
[[/Test|&amp;Omega;]]
{{page personnelle}}
|}
{{R&#233;compense|Recohist.gif|Un grand bravo pour le travail accompli sur la fresque consacr&#233;e &#224; l'[[Affaire Dreyfus]].&lt;br /&gt; Gr&#226;ce &#224; votre travail, l'article est pass&#233; AdQ&lt;br/&gt; --[[Utilisateur:Van nuytts|Van nuytts]] 11 juillet 2007 &#224; 11:12 }}
{{R&#233;compense|Wikicrown.png|Un grand merci pour cette aide pr&#233;cieuse, l'am&#233;lioration des articles.&lt;br /&gt;[[Utilisateur:Hetmanber|Hetmanber]] ([[Discussion utilisateur:Hetmanber|d]]) 6 mai 2009 &#224; 20:31 (CEST)}}
{{R&#233;compense|Recohist.gif|La nouvelle intro de Guy M&#244;quet, et tout le&lt;br /&gt;travail depuis le d&#233;but de l'affaire, valent bien &#231;a.&lt;br /&gt;[[Utilisateur:Barraki|Barraki]] &lt;small&gt;&lt;small&gt;''[[Discussion Utilisateur:Barraki|Retiens ton souffle!]]''&lt;/small&gt;&lt;/small&gt;}}
{{R&#233;compense|Wikicrown.png|Pour le vote de la communaut&#233; wikip&#233;dienne qui par 30 voix POUR et 0 CONTRE a d&#233;cern&#233; le label AdQ &#224; l'article [[Chamonix-Mont-Blanc]]. Je te remercie d'avoir apport&#233; ton vote POUR et d'avoir ainsi permis &#224; cet article d'&#234;tre remarqu&#233; pour sa qualit&#233;. J'avais contribu&#233; &#224; aider [[User:Wikialine|Wikialine]] qui y a beaucoup travaill&#233; et &#224; qui en revient le m&#233;rite. Amicalement. [[User:AntonyB|AntonyB]] ([[User talk:AntonyB|d]]) 26 mai 2008 &#224; 06:51 (CEST)}}
{{R&#233;compense|WikiProject Barnstar Hires.png|[[Wikip&#233;dia:Liste de Wikip&#233;diens par nombre d'&#233;ditions|Daniel*D est le 197{{e}} contributeur en nombre d'&#233;ditions sur Wikip&#233;dia en fran&#231;ais (d&#233;cembre 2012)]].&lt;br /&gt;Bonnes f&#234;tes de fin d'ann&#233;e et meilleurs v&#339;ux pour 2013 ! --[[Utilisateur:Copyleft|Copyleft]] ([[Discussion utilisateur:Copyleft|d]]) 21 d&#233;cembre 2012 &#224; 18:38 (CET)}}
{| align="center" width="18%" border="0" cellpadding="1" cellspacing="1" style="border: 2px solid #aaa;  background-color: ; font-arial;font-size:60%"
| &lt;Font color="#000000"&gt;&lt;center&gt;[http://fr.wikipedia.org/w/index.php?title=Wikip%C3%A9dia:Liste_de_Wikip%C3%A9diens_par_nombre_d%27%C3%A9ditions&amp;oldid=51780267 Il fut 134{{e}} le {{1er}} avril 2010...]&lt;/center&gt;&lt;/Font&gt;
|}
{{R&#233;compense|Wikipedia laurier typo.png|Permettez que je me d&#233;cerne ces modestes [[Wikip&#233;dia:D&#233;cernez les lauriers|lauriers]] de typographe pour ma participation &#224; l&#8217;am&#233;lioration de la lisibilit&#233; des articles {{mdr|50px}}.}}
{{R&#233;compense|Wikipedia laurier SF.png|[http://fr.wikipedia.org/wiki/Wikip%C3%A9dia:Comit%C3%A9_d%27arbitrage/Arbitrage/Thoipi-Daniel*D Cas d'&#233;cole.]}}
[[File:Fachi-Bilma-D&#252;nen.jpg|thumb|300px|center|[http://fr.wikipedia.org/w/index.php?title=Discussion_utilisateur:Daniel*D&amp;diff=41497222&amp;oldid=41493145 Sage conseil], [http://fr.wikipedia.org/w/index.php?title=Wikip%C3%A9dia:Bulletin_des_administrateurs/2009/Semaine_27&amp;diff=42564377&amp;oldid=42564343]&lt;br /&gt;[http://fr.wikipedia.org/w/index.php?title=Wikip%C3%A9dia:Principes_fondateurs&amp;oldid=41930673 Wikip&#233;dia] est une dune [http://fr.wikipedia.org/wiki/Wikip%C3%A9dia:Avertissements_g%C3%A9n%C3%A9raux instable] o&#249; l'[http://fr.wikipedia.org/wiki/Wikip%C3%A9dia:Liste_de_Wikip%C3%A9diens_par_nombre_d%27%C3%A9ditions on] &#233;crit sur le sable...]]
&lt;center&gt;&lt;span style="background-color: #f9f9f9; border: 1px solid #ccc; padding: 1px"&gt;[[/Pr&#233;sentation|Quelques bandeaux]]&lt;/span&gt;&lt;/center&gt;
&lt;center&gt;&lt;span style="background-color: #f9f9f9; border: 1px solid #ccc; padding: 1px"&gt;'''[https://fr.wikipedia.org/w/index.php?title=Le_Mesnil-Germain&amp;oldid=57470884 Avant]'''&lt;/span&gt; &#8594; &lt;span style="background-color: #bfffbf; border: 1px solid #ccc; padding: 1px"&gt;'''[[Le Mesnil-Germain|Apr&#232;s]]'''&lt;/span&gt;&lt;/center&gt;
{{clear}}


{| align="center" width="100%" border="0" cellpadding="4" cellspacing="4" style="border: 3px solid #aaa;  background-color: ; font-arial;font-size:90%"
| &lt;Font color="#000000"&gt;{{citation|Le [[code de la propri&#233;t&#233; intellectuelle]]{{refl|(1)}} n'autorisant, aux termes des paragraphes 2 et 3 de l'article {{nobr|L. 122-5}}, d'une part, que les &#171; copies ou reproductions r&#233;serv&#233;es &#224; l'usage strictement priv&#233; du copiste et non destin&#233;es &#224; une utilisation collective &#187;, et, d'autre part, sous r&#233;serve des mentions du nom de l'auteur et de la source, que les &#171; analyses et les courtes citations justifi&#233;es par un caract&#232;re critique, pol&#233;mique, p&#233;dagogique, scientifique ou d'information &#187;, toute repr&#233;sentation ou reproduction int&#233;grale ou partielle, faite sans le consentement de l'auteur ou des ses ayants droits ou ayants cause, est illicite (article {{nobr|L. 122-4}}). Cette repr&#233;sentation ou reproduction, '''par quelque proc&#233;d&#233; que ce soit''', constituerait donc une contrefa&#231;on sanctionn&#233;e par les articles {{nobr|L. 335-2}}{{refl|(2)}} et suivants du code de la propri&#233;t&#233; intellectuelle.}}&lt;br /&gt;&lt;small&gt;{{refa|(1)}} [http://www.legifrance.gouv.fr/affichCode.do?cidTexte=LEGITEXT000006069414&amp;dateTexte=20080129 Code de la propri&#233;t&#233; intellectuelle], sur legifrance.gouv.fr&lt;/small&gt;&lt;br /&gt;&lt;small&gt;{{refa|(2)}} [http://www.legifrance.gouv.fr/affichCodeArticle.do?cidTexte=LEGITEXT000006069414&amp;idArticle=LEGIARTI000006279172&amp;dateTexte=20100406 Code de la propri&#233;t&#233; intellectuelle &#8211; Article L335-2], sur legifrance.gouv.fr : {{Citation|La contrefa&#231;on en France d'ouvrages publi&#233;s en France ou &#224; l'&#233;tranger est punie de trois ans d'emprisonnement et de {{unit&#233;|300000|euros}} d'amende.}}&lt;/small&gt;&lt;/Font&gt;
|}


{{clear}}</text>
      <sha1>07fq85937mbaz2egx5nq2cirtvi9dtl</sha1>
      <model>wikitext</model>
      <format>text/x-wiki</format>
    </revision>
  </page>
