<page xmlns="http://www.mediawiki.org/xml/export-0.8/" xmlns:xsi="http://www.w3.org/2001/XMLSchema-instance">
    <title>Utilisateur:BonifaceFR</title>
    <ns>2</ns>
    <id>5869592</id>
    <revision>
      <id>99507140</id>
      <parentid>95494352</parentid>
      <timestamp>2013-12-23T17:51:49Z</timestamp>
      <contributor>
        <username>BonifaceFR</username>
        <id>1169410</id>
      </contributor>
      <minor/>
      <text xml:space="preserve">{{Dahu mop}}{{WPCleaner mop}}{{Wikignome mop}}
{{Mod&#232;le:Page personnelle}}
[[Image:R&#233;partition vraisemblable de la Wikip&#233;dia francophone.png|vignette|gauche|''Wikip&#233;dia en langue fran&#231;aise'', vue d'artiste, 2007, sign&#233;e {{u'|Gribeco}} (cat&#233;gorie ''{{Lang|en|French Wikipedia humor}}'').]]
Contributeur francophone.&lt;br/&gt;&lt;br/&gt;
[[Discussion utilisateur:BonifaceFR|&#8594; Lien vers ma page de discussion]].&lt;br/&gt;&lt;br/&gt;
Tout lecteur de passage consultera avec b&#233;n&#233;fice ces ''&#171;&#160;palettes&#160;&#187;'' :
{{Palette
 |R&#232;gles et recommandations
 |Aide aux contributeurs d&#233;butants
 |Mod&#232;les principaux 1
 |Exploration des espaces
 |Mod&#232;les de vote
}}
{{clr}}
&lt;br /&gt;
&lt;!--
{|align=left
|{{Bo&#238;te utilisateur|Wikip&#233;dia:Date|ann&#233;e=2011|mois=11|jour=18|Anciennet&#233;|ann&#233;e=2011|alt=g&#233;n&#233;ration|origine France|Wikifr|Gandhi citation}}
|}
&lt;!--
{|align=left
|{{Boite Utilisateur|Ing&#233;nieur|Informaticien|Windows|Ubuntu|html|CSS|JavaScript|C++|C#|sql|PHP|Python|Visual Basic|C|Java|}}
|}
--&gt;
&lt;!--
{|align=left
|{{Bo&#238;te utilisateur|zh|ja-2|fr-3|en-3}}
|}

{|align=left
|{{Boite Utilisateur|Ing&#233;nieur|Informaticien|Windows|Ubuntu|html|CSS|JavaScript|C++|C#|sql|PHP|Python|Visual Basic|C|Java|}}
|}

--&gt;
{{Mod&#232;le:Alerte vandalisme|align=right}}
{{Utilisateur Wikip&#233;dia:Date|ann&#233;e=2011|mois=11|jour=18}}
{{Utilisateur SUL|fr}}
{{Utilisateur WikiGnome}}
{{Utilisateur homme}}
{{BU Anciennet&#233;|ann&#233;e=2011|alt=g&#233;n&#233;ration}}
{{Utilisateur WPCleaner}}
{{Utilisateur faillible}}
{{Utilisateur reve ET}}
{{Utilisateur origine France}}
{{Utilisateur Free}}
{{Parrain&#233;|Antaya}}
{{Utilisateur Wikifr}}
{{Utilisateur orthographe}}
{{Utilisateur Universit&#233; Tours}}
{{Utilisateur Gandhi citation}}
{{Utilisateur fr}}
{{utilisateur P&#233;on}}
{{Utilisateur Wikipri&#232;re}}
{{Utilisateur Compteurs}}
{{clr}}


== [[Wikip&#233;dia:D&#233;cernez les lauriers|Lauriers]] ==
{{R&#233;compense|Wikipedia laurier W.png|Pour ton travail de maintenance sur le projet m&#233;decine (dont ce dernier a grand besoin). Merci de ton implication! --&lt;strong&gt;[[Utilisateur:Woozz|Woozz]] &lt;sup&gt;&lt;small&gt;[[Discussion Utilisateur:Woozz|un probl&#232;me?]]&lt;/small&gt;&lt;/sup&gt;&lt;/strong&gt; 29 mars 2013 &#224; 14:19 (CET)}}

== Crit&#232;res sur Wikip&#233;dia ==
{{WPrec}}

{{Mod&#232;le:Page personnelle}}
{{livret d'aide}}
*[[/Bazar|1{{er}} jet de page utilisateur]]
*[[/Zotero et Wikipedia|Zotero &amp; Wikipedia]]
*[http://wikiscan.org/utilisateur/BonifaceFR Wikiscan]
*[http://toolserver.org/~luxo/contributions/contributions.php?user=BonifaceFR Meta-contribs] (par ''toolserver.org'')
Message &#224; copier-coller &#233;ventuellement sur les pages de discussion d'autres projets :&lt;pre&gt;
{{#babel:fr|en-2|pt-0}}
If needed, please contact in french or easy english 
at [[:fr:Discussion_utilisateur:BonifaceFR|fr:user:BonifaceFR]]--~~~~&lt;/pre&gt;
{{Palette Navigation espace d&#233;tente}}
Accueil d'IP :&lt;pre&gt;
{{Bravo IP}}
Bienvenue sur Wikip&#233;dia en langue fran&#231;aise
{{Palette|Aide aux contributeurs d&#233;butants|Conventions|R&#232;gles et recommandations}}{{Faites-le}}
Si vous voulez poursuivre vos contributions et &#234;tes &#224; l'aise avec 
les outils num&#233;riques et informatiques, 
peut-&#234;tre
la lecture de l'article Wikip&#233;dia '''[[Zotero]]''', particuli&#232;rement 
'''[[Zotero#cite_note-7|de sa note de bas de page {{num&#233;ro}}8]]''' 
et de la page Internet qui lui est li&#233;e, vous int&#233;ressera-t-elle ? Bien cordialement--~~~~&lt;/pre&gt;
Accueil d'IP plus incisif :&lt;pre&gt;
Madame, Monsieur, bonjour &#224; vous qui contribuez &#224; Wikip&#233;dia en langue fran&#231;aise 
(particuli&#232;rement ) et avez le temps d'&#233;crire 
des messages personnels aux autres contributeurs. Avant de poursuivre plus 
avant vos apports &#224; l'encyclop&#233;die voudriez-vous sans 
doute en apprendre plus sur les us et coutumes de cette plate-forme num&#233;rique 
gratuitement mise &#224; votre disposition, qui 
n'est [[Wikip%C3%A9dia:TRIBUNE#TRIBUNE|cependant pas un blog]] : 
{{Palette|Aide aux contributeurs d&#233;butants|Conventions|R&#232;gles et recommandations}}{{Faites-le}}
Vos premi&#232;res contributions r&#233;v&#232;lent que vous ma&#238;trisez ''{{Lang|la|a minima}}'' 
l'outil informatique, souffrez que les autres contributeurs et lecteurs de Wikip&#233;dia 
vous demandent d'&#233;tayer vos propos par quelques arguments sourc&#233;s et r&#233;f&#233;renc&#233;s. Sinon, nous nous 
contenterons de lire votre blog ou [[Facebook|votre page Facebook]]. Remarquez aussi 
qu'[[Aide:Sommaire|une Aide en ligne]] est accessible &#224; chaque page de wikip&#233;dia, 
en cochant la rubrique [[Aide:Sommaire|Aide]] dans la colonne de gauche, sur votre &#233;cran. 
La (re)lecture de '''[[Wikip%C3%A9dia:Ce_que_Wikip%C3%A9dia_n%27est_pas|Ce que Wikip&#233;dia n'est pas]]''' 
pourrait &#233;galement vous sembler informative. Cordialement --~~~~
&lt;/pre&gt;
{{Mod&#232;le:Page personnelle}}
Accueil ''"normalis&#233;"'' mais Mod&#232;le non trouv&#233; :
&lt;pre&gt;
{|class="WSerieH plainlinks" title="{{((}}subst:Test :)
{{))}}" align="center" style="width:100%;margin-top:2em;border:1px solid #8888aa;
border-right-width:2px;border-bottom-width:2px;background-color:#f7f8ff;padding:5px;text-align:justify"
|-
|[[Image:Face-smile.svg|left|95px]]
|Bonjour, '''{{BASEPAGENAME}}''',

Merci pour votre contribution sur [[Wikip&#233;dia]].&lt;br /&gt;

Les modifications sur Wikip&#233;dia doivent respecter quelques [[WP:R&#232;gles|r&#232;gles]], parmi celles-ci :
*Les commentaires doivent se faire par l'onglet '''Discussion''' et non sur l'article
*Les articles doivent &#234;tre r&#233;dig&#233;s de mani&#232;re '''neutre et impersonnelle''', 
sans prendre parti pour un [[WP:NPOV|point de vue]] ni contenir de [[WP:signature|signature]]
*Wikip&#233;dia est une '''encyclop&#233;die''', [[WP:CQWNP|pas un h&#233;bergeur]] de pages personnelles, 
des [[WP:CAA|crit&#232;res]] doivent &#234;tre respect&#233;s et la [[WP:LE|publicit&#233;]] est interdite
*Rumeurs, diffamation, injures et suppression de contenu injustifi&#233;es ne sont 
[[WP:BE|pas tol&#233;r&#233;es]]
N'oubliez pas de prendre connaissance des autres [[WP:R&#232;gles|r&#232;gles]].

Sachez que les articles peuvent &#234;tre modifi&#233;s par tout le monde et qu'ils 
n'appartiennent &#224; personne. Tous les utilisateurs peuvent consulter 
vos [[Special:Contributions/{{PAGENAME}}|contributions]], les relire 
et les corriger ou les annuler si besoin. Ainsi, un contributeur a '''annul&#233;''' votre contribution.

Un [[Aide:Livret Bienvenue sur Wikip&#233;dia|livret d'aide]] est &#224; votre disposition 
ainsi que [[Wikip&#233;dia:bac &#224; sable|cette zone]] pour effectuer des tests.
|}
&lt;/pre&gt;
Accueil ''"de mon cru"'' :&lt;pre&gt;
Bonjour '''{{BASEPAGENAME}}'''. Peut-&#234;tre ne trouvez-vous pas facilement 
les aides, conventions et recommandations en cours sur [[Wikip&#233;dia|wp:fr]]. 
En voici quelques-unes r&#233;unies ci-dessous pour vous dans un tableau
{{Palette|Aide aux contributeurs d&#233;butants|Conventions|R&#232;gles et recommandations}}
&lt;br/&gt;J'esp&#232;re qu'elles vous seront utiles ainsi qu'aux proches et 
collaborateurs que vous pouvez amener &#224; contribuer &#224; Wikip&#233;dia. 
Je vous souhaite de bonnes futures contributions sur Wikip&#233;dia ! 
''Une question concernant le fonctionnement de Wikip&#233;dia ?'' 
''[[Wikip&#233;dia:Forum_des_nouveaux|Contactez le forum des nouveaux !]]''--~~~~
&lt;/pre&gt;

{{Mod&#232;le:Page personnelle}}
[[Aide:Page_utilisateur|Message de remerciement]] apr&#232;s contribution :
&lt;pre&gt;
== [[&lt;Article concern&#233;&gt;]] ==
Bonjour {{u|&lt;pseudonyme&gt;}}. Merci beaucoup pour 
[&lt;http_de_la_diff&gt; la contribution] &#224; l'article ! 
[[Wikip%C3%A9dia:N%27h%C3%A9sitez_pas_!]]--~~~~
&lt;/pre&gt;

{{Mod&#232;le:Page personnelle}}
Messages laiss&#233;s en page de discussion d'un article biographique de personne vivante :
&lt;pre&gt;
== Admissibilit&#233; de l'article ==
Avant de discuter de l'admissibilit&#233; de l'article, et de retirer 
un/des bandeau(x) merci de lire [[WP:CAA]], 
[[WP:REF]] voire [[WP:NSU]] et {{m|BPV &#224; sourcer}}.--~~~~

Pour les lecteurs peu au fait des liens internes au sein de Wikip&#233;dia, en substance :

=== [[WP:CAA]] = Crit&#232;res d'admissibilit&#233; des articles ===
Les crit&#232;res g&#233;n&#233;raux de notori&#233;t&#233; peuvent &#234;tre r&#233;sum&#233;s ainsi : 

Le sujet doit :
* avoir &#233;t&#233; ''l'objet principal'' d'un ouvrage 
publi&#233; &#224; compte d'&#233;diteur ou d'au moins deux articles ou &#233;missions 
espac&#233;s d'au moins deux ans dans des m&#233;dias d'envergure nationale ou internationale.
* ou &#234;tre mentionn&#233; dans une encyclop&#233;die de r&#233;f&#233;rence (''[[Encyclop&#230;dia Universalis]]'', 
''[[Encyclop&#230;dia Britannica]]''{{etc.}})

=== [[WP:NSU]] = Notori&#233;t&#233; des scientifiques, des universitaires ===
{{raccourci|WP:NSU}}
* Avoir re&#231;u un prix scientifique reconnu nationalement ou internationalement 
(par exemple : [[prix Nobel]], m&#233;daille du [[Centre national de la recherche scientifique|CNRS]]&#8230;).
* &#202;tre consid&#233;r&#233; comme un auteur de r&#233;f&#233;rence dans le domaine consid&#233;r&#233;.
* &#202;tre consid&#233;r&#233; comme l'auteur d'une th&#233;orie largement diffus&#233;e.

N.B. 1 : le travail d'un universitaire passant par la publication d'articles, 
le simple fait d'avoir publi&#233; ou non des articles dans des revues ou autres publications 
&#224; comit&#233; de lecture n'est pas un crit&#232;re suffisant.

N.B. 2 : l'admissibilit&#233; d'une personne ayant la fonction de pr&#233;sident d'universit&#233;, 
c'est-&#224;-dire une charge &#233;lective et administrative, ne doit pas &#234;tre confondue avec 
son admissibilit&#233; comme universitaire, c'est-&#224;-dire une activit&#233; de formation et 
de recherche. Ces deux fonctions sont distinctes, et on utilisera les crit&#232;res g&#233;n&#233;raux 
(ou [[Wikip&#233;dia:Notori&#233;t&#233; des personnalit&#233;s politiques|politiques]]) pour la fonction 
de pr&#233;sident d'universit&#233;&lt;!-- voir P&#224;S comme Discussion:Yannick Vall&#233;e/Suppression, et 
les discussions au sein du projet universit&#233;, et [[Discussion Wikip&#233;dia:Crit&#232;res 
d'admissibilit&#233; des articles#crit&#232;res scientifiques et universitaires]] --&gt;.

=== [[WP:REF]] = Wikip&#233;dia:Citez vos sources ===
'''En r&#233;sum&#233;''' : tout contenu, mis en doute ou susceptible d'&#234;tre mis en doute, 
doit &#234;tre &#233;tay&#233; par une annotation menant &#224; une ou plusieurs r&#233;f&#233;rences qui 
s'appuient sur des sources fiables et clairement identifi&#233;es. 
[[WP:REF|Cette page]] explique comment r&#233;clamer ou trouver des sources de qualit&#233;.

{{Palette|Aide aux contributeurs d&#233;butants|Conventions|R&#232;gles et recommandations}}
Toute source fiable et identifi&#233;e bienvenue pour &#233;tayer cet article.
--~~~~
&lt;/pre&gt;

{{Mod&#232;le:Page personnelle}}
*[[Sp%C3%A9cial:Index/User:BonifaceFR/|Index des sous-pages &#224; User:B...]]
*[[/&#192; faire|Bac &#224; sable {{num&#233;ro}}1]]
*[[/Bac &#224; Sable02|Bac &#224; sable {{num&#233;ro}}2]]
*[[/Bac &#224; Sable03|Bac &#224; sable {{num&#233;ro}}3]]
*[[/Bac &#224; Sable04|Bac &#224; sable {{num&#233;ro}}4]]
*[[/Bac &#224; Sable05|Bac &#224; sable {{num&#233;ro}}5]]

&lt;div style="text-align:center;"&gt;
{| style="margin:auto; background:#FFFFE0; font-size:140%;" cellpadding="8"
| style="background:#770000; color:#FFFFFF; font-size:xx-large;" | '''WIKIP&#201;DIA EST UNE ENCYCLOP&#201;DIE'''
|-
| style="background:#BBBBFF;" | ''Une [[encyclop&#233;die]] est un ouvrage de r&#233;f&#233;rence visant &#224; synth&#233;tiser des champs de connaissances''
|-
| style="background:#DDCCCC;" | ''Wikip&#233;dia est un projet qui vise &#224; cr&#233;er une encyclop&#233;die au [[&#339;uvre libre|contenu libre]]''
|-
| style="background:#FFEEAA;" | ''Elle comprend des informations tir&#233;es d'[[encyclop&#233;die]]s, d'[[almanach]]s ou de [[r&#233;pertoire]]s g&#233;n&#233;ralistes ou sp&#233;cialis&#233;s''
|-
| WIKIP&#201;DIA '''N'EST PAS''' LIMIT&#201;E [[Wikip&#233;dia:Ce_que_Wikip&#233;dia_n'est_pas#Une_encyclop.C3.A9die_sur_papier|EN TAILLE]]
|-
| WIKIP&#201;DIA '''N'EST PAS''' UN [[Wikip&#233;dia:Ce_que_Wikip&#233;dia_n'est_pas#Un_journal_intime|JOURNAL INTIME]]
|-
| WIKIP&#201;DIA '''NE CONTIENT PAS''' D'[[Wikip&#233;dia:V&#233;rifiabilit&#233;|INFORMATIONS NON V&#201;RIFI&#201;ES]]
|-
| WIKIP&#201;DIA '''N'EST PAS''' UNE [[Wikip&#233;dia:Ce_que_Wikip&#233;dia_n'est_pas#Une_tribune_de_propagande_ou_de_promotion|TRIBUNE]]
|-
| WIKIP&#201;DIA '''N'EST PAS''' UN [[Wikip&#233;dia:Ce_que_Wikip&#233;dia_n'est_pas#Un_moyen_commode_de_faire_de_la_publicit.C3.A9_gratuitement|SITE PUBLICITAIRE]]
|-
| WIKIP&#201;DIA '''N'EST PAS''' [[Wikip&#233;dia:Contenu choquant|CENSUR&#201;E]]
|-
| WIKIP&#201;DIA '''N'EST PAS''' UN [[Wikip&#233;dia:Ce_que_Wikip&#233;dia_n'est_pas#Un_annuaire_ou_une_base_de_donn.C3.A9es|ANNUAIRE]]
|-
| WIKIP&#201;DIA '''N'EST PAS''' UNE [[Wikip&#233;dia:Ce_que_Wikip&#233;dia_n'est_pas#Une_exp.C3.A9rience_politique|EXP&#201;RIENCE POLITIQUE]]
|-
| WIKIP&#201;DIA '''N'EST PAS''' UN [[WP:Spam|ESPACE POUR LE SPAM]]
|-
| WIKIP&#201;DIA '''N'ACCEPTE PAS''' VOS [[Wikip&#233;dia:Neutralit&#233; de point de vue|POINTS DE VUE]]
|-
| WIKIP&#201;DIA '''N'EST PAS''' UNE [[Wikip&#233;dia:Travaux in&#233;dits|REVUE SCIENTIFIQUE]]
|-
| &lt;font size="-3"&gt;WIKIP&#201;DIA '''[[Wikip&#233;dia:Ne mordez pas les nouveaux|NE VOUS DISPUTE PRESQUE JAMAIS]]'''.&lt;/font&gt;
|}
&lt;/div&gt;


Repris de  [[:w:en:Wikipedia:Wikipedia_is_an_encyclopedia|&#231;a]]. 

&#8212; [[user_talk:Cantons-de-l'Est|Cantons-de-l'Est]] 28 octobre 2012 &#224; 16:38 (CET)
{{Mod&#232;le:Page personnelle}}</text>
      <sha1>7trb8mbx19gs4094kvzd1fef2gbe0js</sha1>
      <model>wikitext</model>
      <format>text/x-wiki</format>
    </revision>
  </page>
