<page xmlns="http://www.mediawiki.org/xml/export-0.8/" xmlns:xsi="http://www.w3.org/2001/XMLSchema-instance">
    <title>Utilisateur:Moyg</title>
    <ns>2</ns>
    <id>1348033</id>
    <revision>
      <id>72614135</id>
      <parentid>72614131</parentid>
      <timestamp>2011-11-29T10:01:57Z</timestamp>
      <contributor>
        <username>Coyote du 86</username>
        <id>620962</id>
      </contributor>
      <minor/>
      <comment>[[WP:LRC|LiveRC]] : R&#233;vocation des modifications de [[Special:Contributions/Anthonyprendparti|Anthonyprendparti]] (retour &#224; la derni&#232;re version de [[User:Chaoborus|Chaoborus]])</comment>
      <text xml:space="preserve">__NOTOC__
{{Bo&#238;te Utilisateur| adminWikinews| fr | en-3 | es-2 | Projet/Sport |nocat = {{#ifeq:{{PAGENAME}}|{{BASEPAGENAME}}||oui}} }}

== Projets ==
* '''[[Projet:Sport]]''' : [[Projet:Sport/Caf&#233; des sports|Caf&#233; des sports]], [[Projet:Sport/Articles r&#233;cents|Articles r&#233;cents]]
* '''[[Projet:Football]]''' : [[Discussion Projet:Football|Discussion]], [[Projet:Football/Articles r&#233;cents|Articles r&#233;cents]]

== Autres projets ==
*'''[[:n:|Wikinews]]''' : [[:n:Sp&#233;cial:RecentChanges|RC]], [[:n:User talk:Moyg|PdD]]
*'''[[:commons:|Commons]]''' : [[:commons:Special:Watchlist|LdS]], [[:commons:User talk:Moyg|PdD]]
*'''[[:meta:|Meta]]''' : [[:meta:Special:Watchlist|LdS]], [[:meta:User talk:Moyg|PdD]]

== Outils ==
* [http://stats.grok.se/ Stats par article]
* [http://www.wikistats.fr/index.php Top 50]
* [http://toolserver.org/~luxo/contributions/contributions.php?user=Moyg&amp;lang=fr Contrib sur tous les projets]
* [http://toolserver.org/~soxred93/count/index.php?name=Moyg&amp;lang=fr&amp;wiki=wikipedia Editcount]

*Divers
**[http://toolserver.org/~bayo/includein.php IncludeIn]

== Liens externes ==
* [http://wikimoyg.blogspot.com/ Blog]
* [http://fr.planet.wikimedia.org/ Planet]

[[en:User:Moyg]]
[[es:Usuario:Moyg]]</text>
      <sha1>pc7fib1bbk7m7k30n1u5i6bt75glfk4</sha1>
      <model>wikitext</model>
      <format>text/x-wiki</format>
    </revision>
  </page>
