<page xmlns="http://www.mediawiki.org/xml/export-0.8/" xmlns:xsi="http://www.w3.org/2001/XMLSchema-instance">
    <title>Utilisateur:Ryo</title>
    <ns>2</ns>
    <id>8090</id>
    <revision>
      <id>46086056</id>
      <parentid>22379296</parentid>
      <timestamp>2009-10-24T06:56:26Z</timestamp>
      <contributor>
        <username>Ryo</username>
        <id>180</id>
      </contributor>
      <minor/>
      <comment>m&#224;j</comment>
      <text xml:space="preserve">==&gt; Merci d'aller sur [[Utilisateur:Nicolas Weeger|cette page]].

[[Cat&#233;gorie:Wikip&#233;dia:Dino|Ryo]]

[[en:User:Ryo]]
[[ja:&#21033;&#29992;&#32773;:Ryo]]</text>
      <sha1>9uofe3hybis0k344ufyi09hnq6sbw14</sha1>
      <model>wikitext</model>
      <format>text/x-wiki</format>
    </revision>
  </page>
