<page xmlns="http://www.mediawiki.org/xml/export-0.8/" xmlns:xsi="http://www.w3.org/2001/XMLSchema-instance">
    <title>Utilisateur:Jules78120</title>
    <ns>2</ns>
    <id>4944819</id>
    <revision>
      <id>99676976</id>
      <parentid>99376286</parentid>
      <timestamp>2013-12-29T13:39:11Z</timestamp>
      <contributor>
        <username>Gkml</username>
        <id>656376</id>
      </contributor>
      <minor/>
      <comment>Manquait une lettre</comment>
      <text xml:space="preserve">__NOINDEX__ __NOTOC__ __NOEDITSECTION__
{{Utilisateur:Jules78120/Navigation}}
{{Ic&#244;ne Administrateur}}
{{Ic&#244;ne Aide et accueil}}
{{Ic&#244;ne de titre|Image=Nuvola_apps_agent.png|Lien=Wikip&#233;dia:Patrouille RC|Texte=Jules78120 fait partie de la patrouille RC|Taille=40}}
{{clr}}
{{BUd&#233;but|Jules78120}}
{{BU Anciennet&#233;|ann&#233;e=2010}}
{{Utilisateur Wikip&#233;dia:Date|ann&#233;e=2010|mois=9|jour=14}}
{{Utilisateur administrateur|francophone}}
{{Utilisateur Patrouilleur}}
{{BUtilisateur|couleur=#50B0F0
 |img=Info non-talk.svg
 |img-titre=Plus d'infos !
 |texte='''Pour une pr&#233;sentation plus compl&#232;te, cliquez [[Utilisateur:Jules78120/Pr&#233;sentation|ici]]'''.
}}
{{Ex filleul|Rafspi72|SJ|Anton Dobrowsky|Almaterra|Ogier P.}}
{{Ex filleul|Vir cotto|Sombresprit}}
{{Ex parrain&#233;|Trizek}} 
{{BUfin}}




&lt;font style='font-family:Georgia'&gt;
{{Citation bloc|&lt;big&gt;Heureux soient les f&#234;l&#233;s, car ils laisseront passer la lumi&#232;re.&lt;/big&gt;|[[Michel Audiard]]}}



{{Citation bloc|&lt;big&gt;Ayez surtout le souci de s&#233;parer les choses du bruit qu'elles font.&lt;/big&gt;|[[S&#233;n&#232;que]]}}


&lt;div style="font-family:Georgia, Serif; width: 500px; margin-left:10px; border-color:#FFC919;float:right;"&gt;&lt;small&gt;''Source, &#224; lire et m&#233;diter : [[Utilisateur:Fm790/Citations]].''&lt;/small&gt;&lt;/div&gt;
&lt;br /&gt;&lt;br /&gt;

== Sur Wikip&#233;dia {{bonjour}} ==

&lt;font style='font-family:Georgia, serif'&gt;
Je me suis inscrit sur Wikip&#233;dia le 14 septembre 2010 &#224; 18:59 et suis [[Wikip&#233;dia:Administrateur|administrateur]] depuis le 15 septembre 2011.
J'ai 19 ans et suis &#233;tudiant en journalisme.

Mes principales activit&#233;s sur Wikip&#233;dia sont les suivantes :
* Maintenance (nouvelles pages, typographie &amp; orthographe, etc.) ;
* [[Wikip&#233;dia:Patrouille RC|Patrouilles sur LiveRC]] ;
* Administration ([[WP:Requ&#234;te aux administrateurs]], etc.) ;
* Accueil des nouveaux.

Je r&#233;dige peu &#224; proprement parler, mais ai pour but l'am&#233;lioration de la qualit&#233; des articles de Wikip&#233;dia. En tant qu'administrateur, j'essaye d'&#234;tre ''juste'' (facile &#224; dire, dur &#224; faire, donc j'ai de longues discussions avec moi-m&#234;me, parfois anim&#233;es, &#224; ce sujet).

Si j'ai fait une erreur, n'h&#233;sitez pas &#224; me le signaler, aimablement. Plus g&#233;n&#233;ralement, je suis ''&#224; l'&#233;coute''.


&lt;/font&gt;

== Gentillesses ==
{{R&#233;compense|Rc award.svg|Pour ton formidable travail de patrouilleur pas toujours gratifiant mais fort utile et aussi pour ta sympathie que j'appr&#233;cie beaucoup. [[Utilisateur:Fm790|Fm790]] &amp;#124; [[Discussion utilisateur:Fm790|&#9993;]] 28 juin 2011 &#224; 13:31 (CEST)}}

{{R&#233;compense|Wikicrown.png|Pour ton travail sur le forum des nouveaux: A peine ai-je consult&#233; ma liste de suivi en rentrant du boulot que je constate que tu as d&#233;j&#224; r&#233;pondu, et fort bien r&#233;pondu! F&#233;licitations et merci. Cordialement. --[[Utilisateur:Christophe Dioux|Christophe Dioux]] ([[Discussion utilisateur:Christophe Dioux|d]]) 14 octobre 2011 &#224; 00:34 (CEST)}}

{{R&#233;compense|[[Fichier:Tournesol.png|right|90px]]Permet-moi Jules de te d&#233;cerner ces lauriers pour l'ensemble de ton travail, ta sympathie envers les nouveaux et pour ton aide pr&#233;cieuse dans la maintenance. Et bon courage pour tes examens blancs &lt;small&gt;Si c'est bien &#231;a, mais comme c'est la saison et que pour moi aussi cela ne va pas tarder...&lt;/small&gt; [[Utilisateur:Superjuju10|Superjuju10]] &lt;sup&gt;[[Discussion utilisateur:Superjuju10|Auboisement &#224; votre &#233;coute]]&lt;/sup&gt; 10 novembre 2011 &#224; 20:42 (CET)

(MAJ : &#224; mon tour un petit tournesol pour te remercier de ton investissement sur le [[Projet:Aide et accueil/Bandeaux]], qui semble bien parti, et aussi parce que tu es toujours un des mes meilleurs wikip&#233;diens ! {{sourire}}) --[[Utilisateur:Superjuju10|Superjuju10]] &lt;sup&gt;&amp;#91;[[Discussion utilisateur:Superjuju10|'''''Contacter la Aubline''''']]&amp;#93;&lt;/sup&gt;, le 1 septembre 2012 &#224; 22:27 (CEST)}}

{{R&#233;compense|Working Man's Barnstar Hires.png|Je te remet l'&#233;toile [[Alekse&#239; Stakhanov]] pour le superbe travail que tu as accomplis [[NCIS : Enqu&#234;tes sp&#233;ciales|ici]]. Bonne continuation. [[Utilisateur:Fm790|&lt;span style="color:#008000"&gt;Petit&lt;/span&gt;&lt;span style="color:#ffff00"&gt;Citron&lt;/span&gt;]] [[File:Lemon.svg|21px|Discut'|link=Discussion utilisateur:Fm790]] 28 d&#233;cembre 2011 &#224; 10:25 (CET)}}

{{R&#233;compense|Wikipedia Administrator.svg|Pour ton excellent travail d&#8217;administrateur depuis ton &#233;lection. Sinc&#232;res congratulations !&lt;br /&gt;''[[wikt:Utilisateur:Morphypnos|Morphypnos]] ([[wikt:Discussion utilisateur:Morphypnos|d]]) le 5 mai 2012 &#224; 17h36''}}

{{R&#233;compense|Tournesol.png|La r&#233;compense est r&#233;ciproque : je te remercie &#233;galement pour ta gentillesse, ta bonne humeur, et l'immense travail que tu as apport&#233; au projet des bandeaux (qui semble en bonne voie {{clin}}), et celui que tu apportes en g&#233;n&#233;ral &#224; ce projet d'encyclop&#233;die. Bizoux wikip&#233;diens, [[user:Woozz|Woozz]] 1{{er}} septembre 2012 &#224; 22:06&#8206;}}

En souvenir de cette soir&#233;e IRC&#233;enne : 
{{R&#233;compense|Haha lauriers.png|&lt;center&gt; Bravo pour le fait de ne pas assumer &lt;small&gt;(la longueur de ton nez)&lt;/small&gt;, mais bon tu as un bon fond, dommage que Cousteau soit mort trop t&#244;t pour le d&#233;couvrir &lt;small&gt;(mais je t'aime, et tu sais ce que &#231;a implique {{CQFD}})&lt;/small&gt; [[Utilisateur:Asram|Asram]] ([[Discussion utilisateur:Asram|d]]) 7 septembre 2012 &#224; 02:59 (CEST)&lt;/center&gt;&lt;center&gt;[[File:Wikipedia_laurier_penguins.png|125px]]&lt;/center&gt;&lt;center&gt;Parce que toi, tu n'as aucune difficult&#233; &#224; &#233;crire mon pseudo,&lt;small&gt; mais aussi parce que tu as d'horribles fon&#233;s qui me ressemblent &#233;trangement qui se baladent sur ma PdD....&lt;/small&gt; {{mdr}} --&lt;strong&gt;[[Utilisateur:Woozz|Woozz]] &lt;sup&gt;&lt;small&gt;[[Discussion Utilisateur:Woozz|un probl&#232;me]]&lt;/small&gt;&lt;/sup&gt;&lt;/strong&gt; 7 septembre 2012 &#224; 02:43 (CEST) &lt;/center&gt;}}
{{R&#233;compense|Graduate award.svg|Pour tout le travail que tu as effectu&#233; dans le cadre du [[Projet:Aide et accueil]], notamment [[Projet:Aide et accueil/Bandeaux|ici]], et pour l'ensemble de ton travail sur Wikip&#233;dia, mais &#233;galement pour ta bonne humeur et ta sympathie ! {{sourire}} Amiti&#233;s, [[Utilisateur:Toto Az&#233;ro|Toto Az&#233;ro]] &lt;sup&gt;&lt;small&gt;[[Discussion Utilisateur:Toto Az&#233;ro|suivez le guide !]]&lt;/small&gt;&lt;/sup&gt; 16 septembre 2012 &#224; 16:31 (CEST)}}


----
&lt;center&gt;''Gentils messages l'occasion de mon wiki-break, fin novembre 2012.''&lt;/center&gt;
{| style="width:70%; margin:auto; margin-bottom:2px; background-color:transparent;"
| style="background-repeat:no-repeat; background-position:-40px -15px; width:100%; border:1px solid #a7d7f9; vertical-align:top; -moz-border-radius: 10px; -webkit-border-radius: 10px; border-radius:10px; background-color: white;" |
{|  style="width:100%; vertical-align:top; font-size:95%; background:transparent;"
|-
| [[Image:AztecLeopardWarriorv2byGeorgeSStuartt.jpg|200px|vignette|Des courageux guerriers comme Jules ont aussi le droit &#224; leur repos.]]
|Cher Jules de &lt;s&gt;[[Rambouillet]]&lt;/s&gt; [[Tours]] {{sourire}}

C'est, sans surprise, que je plussois tous les sympathiques wikip&#233;diens pr&#233;sents dans ce colis&#233;e. Pour ma part, je reprendrais tout simplement des sympathiques mots que j'ai pu recevoir de toi dans un mail priv&#233;.

Si tu devais penser &#224; tes qualit&#233;s ou tes traits de caract&#232;re, une grande majorit&#233; serait dans le positif, notamment ta gentillesse, ta patience, ton courage, ta motivation &#224; toujours en faire plus (m&#234;me &#224; 4 heures du matin {{lol}}), et j'en passe. {{sourire}}. En bref, tu as de grandes qualit&#233;s, humaines notamment, et c'est encore plus rare venant d'un &#233;tudiant de 18 ans.

Tous ces messages de soutien prouvent qu'une large majorit&#233; de la communaut&#233; Wikipedia a confiance en toi et &#224; ton magnifique travail. Donc, m&#234;me si tu &#171; persiste &#224; penser que tu as raison &#187;, cela ne veut pas dire que tu commences &#224; mal faire ton travail d'administrateur. Chacun &#224; son avis, apr&#232;s tout. {{clin}}. &lt;br&gt;
Donc de m&#234;me, creuse cette question. Profite de certains moments calmes pour r&#233;fl&#233;chir (&#224; moins que tu aies d&#233;j&#224; la r&#233;ponse) sur la question, et en tirer des cons&#233;quences.

Et surtout, '''tu te reposes &#224; fond les manettes'''. C'est comme si tu prenais des vacances, pour faire bref.

Quant &#224; ta PDD, j'en prendrais soin. Donc prend ton temps {{clin}}.

Bises tendres et amicales, et &#224; bient&#244;t sur Wikipedia.

Ton [[Utilisateur:Superjuju10|Superjuju10]] &lt;sup&gt;&amp;#91;[[Discussion utilisateur:Superjuju10|'''''Contacter la Aubline''''']]&amp;#93;&lt;/sup&gt;, le 27 novembre 2012 &#224; 22:28 (CET)
|}
|}

{{R&#233;compense|Original Barnstar Hires.png|L'&#233;toile du m&#233;rite, parce que tu es accueillant, diligent, parce que tu n'es pas seul, parce que tu es un bon admin, un bon contributeur, un bon patrouilleur. Parce que j'ai eu plaisir &#224; parler sur IRC avec tous les patrouilleurs, dont toi, parce que tu as toute ma confiance, parce que tu as d'autant plus mon respect que tu as choisit de faire un Wikibreak, ce qui montre que tu as la maturit&#233; n&#233;cessaire pour savoir quand faut y aller, et quand faut partir... et quand faut revenir ? Prends ton temps, le temps qu'il fautdra, on est l&#224; de toute fa&#231;on avec nos pom-pom, tous tes fans t'attendent {{rofl}}&lt;br /&gt;&#164; [[Utilisateur:Euterpia|'''E'''uterpia]] &#164; [[Discussion utilisateur:Euterpia|&lt;font color="#9975a1"&gt;Just ask&lt;/font&gt;]] &#164; 4 d&#233;cembre 2012 &#224; 22:47 (CET)}}

{{R&#233;compense|Rc award.svg|Je me joins &#224; Euterpia pour te f&#233;liciter de ton formidable travail sur Wikip&#233;dia, en particulier sur les RC (m&#234;me si tu me doubles tout le temps {{mdr}}) et l'accueil des nouveaux. En esp&#233;rant ton retour rapide.&lt;br /&gt;--[[Utilisateur:Mathis B|Mathis B.]]&lt;sup&gt;[[Discussion utilisateur:Mathis B|Discuter/r&#233;pondre]]&lt;/sup&gt;, le 6 d&#233;cembre 2012 &#224; 12:55 (CET)}}


----


{{R&#233;compense|Wikipedia laurier W.png|[[Wikip&#233;dia:Liste de Wikip&#233;diens par nombre d'&#233;ditions|Jules78120 est le 73{{e}} contributeur sur Wikip&#233;dia en fran&#231;ais en d&#233;cembre 2012]].&lt;br /&gt;Meilleurs v&#339;ux pour 2013 ! 

--[[Utilisateur:Copyleft|Copyleft]] ([[Discussion utilisateur:Copyleft|d]]) 21 d&#233;cembre 2012 &#224; 12:53 (CET)}}

{{R&#233;compense|'Plum Blossoms', ink and color on gold paper by Ogata K&#244;rin, Japanese fan, 1702, Honolulu Academy of Arts.jpg|Pour tes interventions administratives extr&#234;mement rigoureuses m&#234;me dans des contextes difficiles et ta bonne volont&#233; en g&#233;n&#233;rale. [[Utilisateur:Binabik155|Binabik]] ([[Discussion Utilisateur:Binabik155|d]]) 10 janvier 2013 &#224; 14:46 (CET)}}

{{R&#233;compense|Tournesol.png|Pour avoir veill&#233; sur la PU de ton filleul avec une telle vigilance ! ''[[Utilisateur:Sombresprit|Sombresprit]] ([[Discussion utilisateur:Sombresprit|d]]) 27 janvier 2013 &#224; 00:47 (CET)''}}

{{R&#233;compense|Graduate_award.svg|T'as vraiment &#233;t&#233; un super parrain, m&#234;me apr&#232;s que ce lien a &#233;t&#233; rompu {{bravo}} Merci, et gros bizzzzzoux wikip&#233;diens ! ''[[Utilisateur:Sombresprit|Sombresprit]] ([[Discussion utilisateur:Sombresprit|d]]) 3 f&#233;vrier 2013 &#224; 01:35 (CET)''}}

{{R&#233;compense|Laurier carotte.png|Pour tout le ''travail'' que tu as accompli pendant ces deux semaines de vacances, pour ton efficacit&#233; bienveillante et pertinente. Amicalement et avec admiration --[[Utilisateur:Mattho69|'''Mattho69''']] &lt;small&gt;&lt;sup&gt;&lt;strong&gt;[[Discussion utilisateur:Mattho69|''me joindre'']]&lt;/strong&gt;&lt;/sup&gt;&lt;/small&gt; 28 avril 2013 &#224; 03:22 (CEST)}}

&lt;center&gt;&#171; Juste Jules juste parmi les Jules justes &#187;&lt;/center&gt;
{{R&#233;compense|Barnstar_anime_manga_4.png|Pour l'incroyable compatibilit&#233; que tu arrives &#224; combiner entre le nombre de tes interventions, et leur pertinence ! &lt;br /&gt;[[Utilisateur:Asram|Asram]] ([[Discussion utilisateur:Asram|d]]) 6 mai 2013 &#224; 02:18 (CEST)}}

{{R&#233;compense|Pour son travail remarquable du c&#244;t&#233; de l'administration du wiki. [[Utilisateur:GLec|GLec]] ([[Discussion utilisateur:GLec|d]]) 9 ao&#251;t 2013 &#224; 13:50 (CEST)}}

{{R&#233;compense|1=Pour ton implication dans la conf&#233;rence sur Wikip&#233;dia &#224; [http://www.webschool-tours.fr/wst2-wikipedia-un-projet-encyclopedique-pour-vous-et-par-vous/ Webschool Tours]. [[Utilisateur:ManuD|ManuD]] ([[Discussion utilisateur:ManuD|discuter]]) 21 octobre 2013 &#224; 20:24 (CEST)}}

{{R&#233;compense|Civility Barnstar Hires.png|taille=80px|Pour ton souci constant de maintenir un environnement &#233;ditorial accueillant et coll&#233;gial.&lt;br/&gt;Cordialement, {{{signature|&lt;span style="padding-left: 5pt; font-size: 0.9em; letter-spacing: 0.1em"&gt;&amp;mdash;&amp;thinsp;'''[[User:Racconish|Racconish]]'''[[Discussion utilisateur:Racconish|&lt;sup&gt; &lt;small&gt; D &lt;/small&gt;&lt;/sup&gt;]]&lt;/span&gt; 19 d&#233;cembre 2013 &#224; 09:52 (CET)}}}}}

== Rencontres ==
Rencontres IRL (''In real life'') :
* 20 avril 2011 : {{u-|Trizek}}, au [[Ch&#226;teau de Versailles]] ;
* 18 ao&#251;t 2011 : {{u-|Leafar}}, dans les locaux de ''[[L'Express]]'' &#224; Paris ;
* 13 juillet 2012 : {{u-|Anton Dobrowsky}} &lt;small&gt;(a quitt&#233; Wikip&#233;dia)&lt;/small&gt;, &#224; Paris ;
* 14 octobre 2012 : {{u-|Fm790}}, &#224; Tours ;
* 24 novembre 2012 : {{u-|ManuD}} &lt;small&gt;([http://wiki.libre.cc/Cartographie_et_photographie_des_monuments_historiques association CLiCC])&lt;/small&gt;, &#224; [[Tours]] ;
* 23 mars 2013 : {{u-|Fm790}} et {{u-|Superjuju10}}, en haut de la Tour Eiffel, &#224; Paris ;
* 17 octobre 2013 : conf&#233;rence sur Wikip&#233;dia avec {{u-|ManuD}}, &#224; Tours ;
* 29 octobre 2013 : rencontre avec {{u-|ManuD}}, {{u-|Superjuju10}}, {{u-|BonifaceFR}}, &#224; Tours.

== Notes ==
{{R&#233;f&#233;rences|group=Note|colonnes=}}

== Attention {{clin}}==
&lt;div style="margin: auto; padding: 5px; margin-top: 10px; border: 10px solid black; font-family: Helvetiva, Arial; font-size: 20px; font-weight: bold; text-align: center"&gt;
Wikip&#233;dia cr&#233;e une forte d&#233;pendance,&lt;br /&gt; ne commencez pas.
&lt;/div&gt;


{{Page personnelle}}


[[en:UserJules78120]]
[[commons:User:Jules78120]]

[[Cat&#233;gorie:Utilisateur pr&#234;t &#224; aider|Jules78120]]
[[Cat&#233;gorie:Administrateur Wikip&#233;dia|Jules]]</text>
      <sha1>po0my8p8z5ht7bztip2m5w7bh5hi9oz</sha1>
      <model>wikitext</model>
      <format>text/x-wiki</format>
    </revision>
  </page>
