<page xmlns="http://www.mediawiki.org/xml/export-0.8/" xmlns:xsi="http://www.w3.org/2001/XMLSchema-instance">
    <title>Utilisateur:R</title>
    <ns>2</ns>
    <id>35795</id>
    <revision>
      <id>92236074</id>
      <parentid>70042538</parentid>
      <timestamp>2013-04-19T05:17:00Z</timestamp>
      <contributor>
        <ip>80.118.74.192</ip>
      </contributor>
      <text xml:space="preserve">{{Bo&#238;te Babel|fr|en-3|de-2|br-1}}
{{wikislow}}
== Moi ==

Je suis n&#233; en 1978 et je vis &#224; [[Bristol (Angleterre)|Bristol]]. Pour diverses raisons, je suis attach&#233; au principe de l'anonymat sur Wikip&#233;dia. Les domaines qui me tiennent le plus &#224; c&#339;ur sont la [[physique]], la [[Nautisme (voile)|voile]] et le [[golfe du Morbihan]], m&#234;me si &#231;a ne se refl&#232;te pas forc&#233;ment dans mes contributions. 

== Ma vision de Wikip&#233;dia/Wikip&#233;die ==

[[Wikip&#233;dia:N'h&#233;sitez pas &#224; modifier les articles|Je n'h&#233;site pas &#224; modifier les articles]] donc n'h&#233;sitez pas non plus &#224; me faire part de vos critiques, conseils, encouragements&amp;nbsp;...

==Sous-pages==
*[[/Bac &#224; sable]]
*[[/Statistiques AdQ]]
*[[/monobook.css]] [[/monobook.js]]
*[[/Arguments &#224; &#233;viter en P&#224;S]]
Bordel : [[/comit&#233; d'arbitrage]]
[[/r&#232;glement du CA]]
[[/Test mod&#232;le]]
[[/physique]]
[[/test1]] [[/test2]]
[[/cro]] [[/crf]]
[[/call]] [[/P&#224;S temporaire]]
[[/AdQ sans ref]]
[[/Accueil]]
[[/analyses/cat&#233;gories vides]]
[[/analyses/liens cat&#233;gorie rouges]]
[[/Articles fossiles|articles fossiles]]
[[/&#233;valuation des AdQ]]

==Liens==

*{{m|calendrier P&#224;S/semaine 40 2005}}

*[[Wikip&#233;dia:AccueilLumi&#232;reSur]]
*[[:Cat&#233;gorie:Portail:Physique/Articles li&#233;s|Articles physique]] - [[Sp&#233;cial:Suivi des liens/Cat&#233;gorie:Portail:Physique/Articles li&#233;s|modifs]]
*[http://fr.wikipedia.org/w/index.php?title=Special:Uncategorizedpages&amp;limit=500&amp;offset=700 Articles demandant relecture ?]
*[[:m:Help:Templates]]
*[[:en:User:Topbanana/Reports/Scripts/Create Link Analysis Database]]
*[http://tools.wikimedia.de/~interiot/cgi-bin/queries/stub_sense?dbname=frwiki StubSense]
*[http://tools.wikimedia.de/~kolossos/templatetiger/template-choice.php?lang=fr TemplateTiger]
*[http://tools.wikimedia.de/~dapete/catgraph/ CatGraph]


===To-do list===
*[[:Cat&#233;gorie:Optique]]
*[[Inf&#233;rence bay&#233;sienne]]
*[[D&#233;veloppement limit&#233;]]
*[[Supraconductivit&#233;]]
*[[Effet tunnel]]

[[br:User:R]]
[[de:Benutzer:R]]
[[en:User:Rorro]] 
[[es:Usuario:R]]
[[it:Utente:Rorro]]</text>
      <sha1>2aj2ho24hkmyjiqqa9ng7jm79wet8g2</sha1>
      <model>wikitext</model>
      <format>text/x-wiki</format>
    </revision>
  </page>
