<page xmlns="http://www.mediawiki.org/xml/export-0.8/" xmlns:xsi="http://www.w3.org/2001/XMLSchema-instance">
    <title>Utilisateur:Zzzoomorph</title>
    <ns>2</ns>
    <id>15073</id>
    <revision>
      <id>100297407</id>
      <parentid>88818865</parentid>
      <timestamp>2014-01-16T01:24:16Z</timestamp>
      <contributor>
        <username>Zzzoomorph</username>
        <id>342</id>
      </contributor>
      <minor/>
      <text xml:space="preserve">{{WikiFant&#244;me mop}}
{{P&#233;on mop}}
{{ic&#244;ne de titre|Lien=Wikip&#233;dia:Mammouth|Image=Mammouth.png|Texte=Cet utilisateur est un mammouth|Taille=60}}
{{D&#233;but des onglets
 | Onglet-1 = Pr&#233;sentation
 | URL-1 = Utilisateur:Zzzoomorph
 | Onglet-2 = Outils
 | URL-2 = Utilisateur:Zzzoomorph/Outils
 | Onglet-3 = Discussion
 | URL-3 = Discussion_utilisateur:Zzzoomorph
| bordure=1px solid #a7d7f9
| fond onglets=#ffffff
| arrondi=10px
}}
{{raccourci|WP:LB|WP:AV|WP:LANN|WP:RaC|WP:JARG|WP:LdM|}}{{Bistro du jour}}
{{Raccourci de mod&#232;le|ouvrage|article|lien web}}
&lt;center&gt;&#3064;{{Mort}}{{Purger le cache|&#3061;}}&lt;/center&gt;&lt;p&gt;
&lt;center&gt;{{grossir|&#171; ''Penser est commun &#224; tous ''&#187; ([[H&#233;raclite d'&#201;ph&#232;se|H&#233;raclite]])}}&lt;/center&gt;&lt;p /&gt;
&lt;!--info perso --&gt;
{{BUd&#233;but
| alignement = left
| marge = 2
| couleurfond = #d9d9ff
| couleurbordure = #a7d7f9
| extra-css =border-radius:10px; font-size:x-small; with=100%; opacity:0.8; transform:rotate({{Rand|1|10}}deg);
| couleurtexte = 
| texte = Zzzoomorph
}}
{{Utilisateur Wikip&#233;dia:Date|ann&#233;e=2003|mois=4|jour=27}}
{{BU Anciennet&#233;|ann&#233;e=2003|alt=g&#233;n&#233;ration}}
{{Utilisateur WikiFant&#244;me}}
{{BUbreak|texte=&#831;&#831; &#831;'&#831;'\&#821;&#839;&#831;&#831;\&#1079;=(&#65279; &#865;&#176; &#860;&#662; &#865;&#176;)=&#949;/&#821;&#839;&#831;&#831;/'&#831;'&#831; &#831; &#831;&#831; &#831;&#831; &#831;&#831;.}}
{{Utilisateur fr}}
{{Utilisateur 1966}}
{{Utilisateur Scorpion}}
{{BUbreak|texte=&#831;&#831; &#831;'&#831;'\&#821;&#839;&#831;&#831;\&#1079;=(&#65279; &#865;&#176; &#860;&#662; &#865;&#176;)=&#949;/&#821;&#839;&#831;&#831;/'&#831;'&#831; &#831; &#831;&#831; &#831;&#831; &#831;&#831;.}}
{{Utilisateur Un article au hasard}}
{{BUbreak|texte=&#831;&#831; &#831;'&#831;'\&#821;&#839;&#831;&#831;\&#1079;=(&#65279; &#865;&#176; &#860;&#662; &#865;&#176;)=&#949;/&#821;&#839;&#831;&#831;/'&#831;'&#831; &#831; &#831;&#831; &#831;&#831; &#831;&#831;.}}
{{Utilisateur site web|http://zoomorph.free.fr}}
{{BUfin}}
&lt;!--info perso fin --&gt;
&lt;p&gt;
&lt;!--actu --&gt;
{{BUd&#233;but
| alignement = left
| marge = 2
| couleurfond = #d9d9ff
| couleurbordure = #a7d7f9
| extra-css =border-radius:10px; font-size:x-small; with=100%; opacity:0.8; transform:rotate({{Rand|2|45}}deg);
| couleurtexte = 
| texte = Actu
}}
{{WP:AACTU}}
{{BUfin}}
&lt;!--actu fin --&gt;

&lt;!-- photo au hasard --&gt;
{{BUd&#233;but
| alignement = left
| marge = 2
| couleurfond = #d9d9ff
| couleurbordure = #a7d7f9
| extra-css =border-radius:10px; font-size:x-small; width=100%; overflow: hidden; opacity:0.8; transform:rotate({{Rand|2|360}}deg); -ms-transform:rotate({{Rand|2|360}}deg);
| couleurtexte = 
| texte = Images au hasard
}}
{{Wikip&#233;dia:Image du jour/{{#expr:{{Rand|1|27}}+1}} {{CURRENTMONTHNAME}} {{#expr:{{CURRENTYEAR}}-{{Rand|1|5}}}}}}
{{BUbreak| couleurbordure = #a7d7f9}}
{{Wikip&#233;dia:Image du jour/{{#expr:{{Rand|1|27}}+1}} {{CURRENTMONTHNAME}} {{#expr:{{CURRENTYEAR}}-{{Rand|2|5}}}}}}
{{BUfin}}
&lt;!-- photo au hasard fin --&gt;

&lt;!-- photo2 au hasard --
{{BUd&#233;but
| alignement = left
| marge = 2
| couleurfond = #d9d9ff
| couleurbordure = #a7d7f9
| extra-css =border-radius:10px; font-size:x-small; width=100%; overflow: hidden; opacity:0.8; transform:rotate({{Rand|3|360}}deg); -ms-transform:rotate({{Rand|3|360}}deg);
| couleurtexte = 
| texte = Images au hasard
}}
{{Wikip&#233;dia:Image du jour/{{Rand|1|28}} {{CURRENTMONTHNAME}} {{#expr:{{CURRENTYEAR}}-{{Rand|1|5}}}}}}
{{BUbreak| couleurbordure = #a7d7f9}}
{{Wikip&#233;dia:Image du jour/{{Rand|1|28}} {{CURRENTMONTHNAME}} {{#expr:{{CURRENTYEAR}}-{{Rand|2|5}}}}}}
{{BUfin}}
&lt;!-- photo2 au hasard fin --&gt; 

&lt;!--info anar --&gt;
{{BUd&#233;but
| alignement = left
| marge = 2
| couleurfond = #ffd9d9
| couleurbordure = #a7d7f9
| extra-css =border-radius:10px; font-size:x-large; width=600px; height=600px; opacity:0.8; transform:rotate({{Rand|1|360}}deg); -ms-transform:rotate({{Rand|1|360}}deg); 
| couleurtexte = 
| texte = 
}}
{| style="";
|-
! [[File:RedPillar.svg|47px|alt=Fifth pillar|]] WP's '''5th pillar'''
|-
|
&lt;center&gt;{{citation|Wikipedia does not have firm rules.}}&lt;p&gt; 
{{citation|If a rule prevents you from improving or maintaining Wikipedia, '''ignore it'''.}}&lt;p&gt; 
    
[[File:Circle A red.svg|250px|Wikipedia:Ignore all rules]]
{{citation|Ignore all rules}}&lt;/center&gt;&lt;p&gt;
|-
| 
|-
| align="center" bgcolor="#d9d9ff" |
--[[Utilisateur:Zzzoomorph|Zzzoomorph]]
|}
{{BUfin}}
&lt;!--info anar fin --&gt;

&lt;!--barre --&gt;
&lt;div style="width:100%;float:center;margin-left:1em;"&gt;
{| style="margin-top:10px; background:none;" align="center"
| style="width:800px; border:1px solid #a7d7f9; vertical-align:top; color:#000; padding: 0px 10px 10px 0px; -moz-border-radius: 10px; -webkit-border-radius: 10px; border-radius:10px;" |
{| cellpadding="2" cellspacing="5" style="width:100%; vertical-align:top; background:transparent;" 
|-
! scope=col bgcolor="#d9d9ff" align="center" width="75%"| {{non neutre|&#171; Une pomme est un fruit &#187;}}
! scope=col bgcolor="#d9d9ff" align="center" width="25%"| {{Mort}}
|-
| bgcolor="#ffd9d9"|
* Mieux vaut une '''source primaire''' ''v&#233;ridique'', qu'une '''source secondaire''' ''erron&#233;e'' ! [http://rionsavecwikipedia.over-blog.com/article-l-arnaque-des-sources-secondaires-112911695.html][[Discussion_Wikip&#233;dia:Travaux_in&#233;dits#Un_exemple_concret|[2]]]
* Les '''sources secondaires''' ne sont pas l&#224; pour ''occulter'' les '''sources primaires''' : &lt;br /&gt;elles sont l&#224; pour les &#233;clairer !
* Mieux vaut un ''Travail Personnel'' bas&#233; sur des '''sources primaires'''&lt;br&gt; que le "paraphrasage" &#233;hont&#233; des '''sources secondaires'''
* Tout article est, qu'on le veuille ou non, un ''Travail Personnel'' (recherche, &#233;criture, ...) 
* Mieux vaut un '''Travail In&#233;dit''' que ''pas de travail du tout'' !  &lt; [[WP:TI]]
* Proc&#233;durier &#224; l&#8217;extr&#234;me, les ''pov-pushers'' se cachent derri&#232;re les r&#232;gles qu'ils utilises ''&#224; la lettre'' :
** [[Discussion_Wikip&#233;dia:Interpr&#233;tation_cr&#233;ative_des_r&#232;gles#Pourquoi_le_5e_Principe_est_important_.28contre_la_sacralisation_des_r.C3.A8gles.29|Voil&#224; pourquoi le 5e Principe est important (contre la sacralisation des r&#232;gles)]]
* [[Discussion:Michel_Onfray#Michel_Onfray_.C3.A0_toutes_les_sauces_sur_Wikip.C3.A9dia|Michel Onfray est devenu le Chuck Norris de la philosophie wikip&#233;dienne]]
| align="center" bgcolor="#d9d9ff" width="200px"|

[[Image:Wikisource-logo.svg|30px|link=s:Accueil|Wikisource]] . [[Image:Wikibooks-logo.svg|35px|link=b:Accueil|Wikibooks]] . [[Image:Wikiquote-logo.svg|30px|link=q:Accueil|Wikiquote]] . [[Image:Wikinews-logo.svg|35px|link=n:Accueil|Wikinews]] . [[Image:Wikiversity-logo.svg|35px|link=v:Accueil|Wikiversit&#233;]] . [[Image:Commons-logo.svg|30px|link=commons:Accueil|Commons]] .  [[Image:Template-info.svg|35px|link=Mod&#232;le:Outils_utilisateur]]
|}
&lt;/div&gt;
&lt;!--barre fin --&gt;



{{fin des onglets}}</text>
      <sha1>h8mdkc2lk04iafpu484fy7ox0k89l6y</sha1>
      <model>wikitext</model>
      <format>text/x-wiki</format>
    </revision>
  </page>
