<page xmlns="http://www.mediawiki.org/xml/export-0.8/" xmlns:xsi="http://www.w3.org/2001/XMLSchema-instance">
    <title>Utilisateur:Lanredec</title>
    <ns>2</ns>
    <id>582467</id>
    <revision>
      <id>85384339</id>
      <parentid>75989990</parentid>
      <timestamp>2012-11-16T09:03:55Z</timestamp>
      <contributor>
        <username>Lanredec</username>
        <id>65087</id>
      </contributor>
      <minor/>
      <comment>stat</comment>
      <text xml:space="preserve">{{Breton mop}}
{{Bo&#238;te Utilisateur|&#233;bauche|1957|con|faillible|Insociable|Pinailleur|AB|bazar|nosmokebut|schtroumpf|fr-4|en-3|br-1|eo-1|er-1|de-0|kw-0|gal-0|it-0|la-0|nn-0|pt-0|Stopbo&#238;te|fro-0||Copyleft|Super &#201;clectique|Wikip&#233;dia:Tigre &#224; dents de sabre|WikiGnoll|WikiTarentule|Commons|D&#233;truire plan&#232;te}}
{{Laisser un message}}
{{BUd&#233;but|texte=Lanredec}}
{{Utilisateur nom|Michel Roudot}}
{{Utilisateur Contributions|4000|distinct=1400|total=yes}}
{{Utilisateur site web|http://lanredec.free.fr/polis/}}
{{Utilisateur Ing&#233;nieur des mines}}
{{BUfin}}
Mari&#233;, trois filles, une petite fille

==Articles cr&#233;&#233;s==
:[[Leopold Kohr]]
:[[Prospection &#233;lectrique]]
:[[Magn&#233;totellurique]]
:[[Prospection &#233;lectromagn&#233;tique]]
:[[Courants telluriques]]
:[[Alexandre Pierre Givry]]
:[[Talus (cl&#244;ture)]]
:[[D&#233;finition du terrorisme]] (traduction)
:[[Effondrement. Comment les soci&#233;t&#233;s d&#233;cident de leur disparition ou de leur survie]]
:[[Chose publique]]
:[[Ernst Friedrich Schumacher]]
:[[&#201;conomie bouddhiste]]
:[[Small is beautiful]]
:[[Technologie interm&#233;diaire]]
:[[Resurgence]]
:[[Saint-Marc (Finist&#232;re)]]
:[[Dialectes norv&#233;giens]] (traduction)
:[[Dyngjufj&#246;ll]]
:[[&#211;d&#225;&#240;ahraun]]
:[[Fl&#251;te sismique]]/[[Fl&#251;te sonar]]
:[[R&#233;gion volcanique d'Islande]]
:[[Fremrin&#225;mur]]
:[[&#222;eistareykir]]
:[[Edward Conor Marshall O'Brien]]

==Articles refondus==
:[[Emsav]]
:[[Frankenstein ou le Prom&#233;th&#233;e moderne]]
:[[Climat du Finist&#232;re]]
:[[Godille]]
:[[Coracle]]
:[[Mille marin]]
:[[Histoire du Groenland]]
:[[Union de la Bretagne &#224; la France]]
:[[Krafla]]
:[[Pseudo-crat&#232;re]]
:[[Perturbation du Gulf Stream]] (traduction)

==Modifications significatives==
:[[Biniou]]
:[[Pierre P&#233;ron]]
:[[Camp de Conlie]]
:[[Nomino&#235;]]
:[[Brest]]
:[[Rail d'Ouessant]]
:[[Reinhard Gehlen]]
:[[Guerre froide]]
:[[Mary Shelley]]
:[[Rock fran&#231;ais]]
:[[Loi du Talion]]
:[[P&#232;re Joseph]]
:[[Balai]]
:[[Pierre Laffitte]]
:[[Erispo&#235;]]
:[[F&#233;odalit&#233;]]
:[[Bagad]]
:[[Gulf Stream]]
:[[Vassalit&#233;]]
:[[Joseph Martray]]
:[[Anguilla]]
:[[Micro-&#201;tat]]
:[[Clovis Ier]]
:[[Gododdin]]
:[[Harald III de Norv&#232;ge]]
:[[France]]
:[[Bataille de Stiklestad]]
:[[Boule bretonne]]
:[[Royaut&#233;]]
:[[Go&#233;monier]]
:[[Varech]]
:[[Algue]]
:[[Terrorisme]]
:[[Crime de guerre]]
:[[Catastrophe malthusienne]]
:[[G&#233;nocide au Rwanda : les causes profondes du g&#233;nocide]]
:[[Furtivit&#233;]]
:[[Chanterelle (musique)]]
:[[Effet Allais]]
:[[Bois &#233;nergie]]
:[[St&#232;re]]
:[[&#201;tambot]]

et aussi [[Special:Contributions/Lanredec]]

==[[Novlangue]]==
Quelques z&#233;lateurs de l'angsoc s&#233;vissent sur Wikipedia et on voit r&#233;guli&#232;rement &#233;crit dans des pages de discussion que l'existence d'une ''nationalit&#233;'' X n&#233;cessite l'existence pr&#233;alable d'une ''entit&#233; politique ind&#233;pendante'' X. Bel exemple de double-pens&#233;e, puisque cette affirmation, pr&#233;sent&#233;e comme une v&#233;rit&#233; que seuls des coupables de crime-pens&#233;e pourraient imaginer discuter quand X est un constituant de la Nation Fran&#231;aise, serait consid&#233;r&#233;e comme le comble de l'imp&#233;rialisme quand X est un peuple opprim&#233; d'un autre continent. 

''Petit Robert'' :

'''[[wikt:nationalit&#233;|NATIONALITE]]'''
*1&#176; Existence ou volont&#233; d'existence en tant que nation d'un groupe d'hommes unis par une communaut&#233; de territoire, de langue, de traditions, d'aspirations; ce groupe dans la mesure o&#249; il maintient ou revendique cette existence. 
*''Principe des nationalit&#233;s'', au nom duquel ces groupes ont le droit de se constituer en Etat politiquement autonome.
*2&#176; Etat d'une personne qui est membre d'une nation d&#233;termin&#233;e.

'''[[wikt:nation|NATION]]'''
*1&#176; ''Vx'' Groupe d'hommes auxquels on suppose une origine commune.
*2&#176; Groupe humain, g&#233;n&#233;ralement assez vaste, qui se caract&#233;rise par la conscience de son unit&#233; et la volont&#233; de vivre en commun.
*3&#176; Groupe humain constituant une communaut&#233; politique, &#233;tablie sur un territoire d&#233;fini ou un ensemble de territoires d&#233;finis, et personnifi&#233;e par une autorit&#233; souveraine.
*4&#176; Ensemble des individus qui composent ce groupe.

''La d&#233;finition 2&#176; correspond &#224; l'expression "nation sans &#233;tat" de l'ONU, la d&#233;finition 3&#176; recouvre les "&#233;tats-nations", o&#249; le regroupement des deux termes ne signifie pas que l'&#233;tat s'est calqu&#233; sur la nation, mais que la communaut&#233; (nation) n'est fond&#233;e que sur la soumission au m&#234;me &#233;tat''.

'''[[wikt:nationalisme|NATIONALISME]]'''
*1&#176; Exaltation du sentiment national, attachement passionn&#233; &#224; la nation &#224; laquelle on appartient, accompagn&#233; parfois de x&#233;nophobie et d'une volont&#233; d'isolement.
*2&#176; Doctrine fond&#233;e sur ce sentiment, subordonnant toute la politique int&#233;rieure au d&#233;veloppement de la puissance nationale et revendiquant le droit d'affirmer &#224; l'est&#233;rieur cette puissance sans limitation de souverainet&#233;.
*3&#176; Doctrine, mouvement politique qui revendique pour une nationalit&#233; le droit de former une nation.

''Ces trois d&#233;finitions utilisent apparemment l'acception 3&#176; de Nation, et utilisent Nationalit&#233; dans son sens synonyme de l'acception 2&#176; de Nation''.

'''[[wikt:nationaliste|NATIONALISTE]]'''
* Qui concerne le nationalisme ou qui l'inspire.
* ''Les nationalistes'', ceux qui poussent le sentiment national jusqu'au nationalisme; les partisans du nationalisme politique
== Biblioth&#232;que ==
* {{Paris Bonnefoux}}
* {{Schr&#246;dinger1992}}
* {{Bilbo le hobbit}}

{{Page personnelle}}</text>
      <sha1>boymep76mwlbmv34glayugp450kncso</sha1>
      <model>wikitext</model>
      <format>text/x-wiki</format>
    </revision>
  </page>
