<page xmlns="http://www.mediawiki.org/xml/export-0.8/" xmlns:xsi="http://www.w3.org/2001/XMLSchema-instance">
    <title>Utilisateur:El Comandante</title>
    <ns>2</ns>
    <id>2929757</id>
    <revision>
      <id>91937248</id>
      <parentid>90186955</parentid>
      <timestamp>2013-04-10T15:27:19Z</timestamp>
      <contributor>
        <username>El Comandante</username>
        <id>19574</id>
      </contributor>
      <comment>-taille image</comment>
      <text xml:space="preserve">{{Rhino mop}}
{{D&#233;but des onglets
|Onglet-1=Pr&#233;sentation
|URL-1=Utilisateur:El Comandante
|Onglet-2=&#192; faire
|URL-2=Utilisateur:El Comandante/Todo
|Onglet-3=Bo&#238;te &#224; outils
|URL-3=Utilisateur:El Comandante/Outils
|Onglet-4=Discussion
|URL-4=Discussion Utilisateur:El Comandante
|bordure=1px solid #dddddd
|fond onglets=#eeeeee
|alignement onglet=center
}}

[[Image:GuerrilleroHeroico.jpg|thumb|left|[[Che Guevara|Ernesto Rafael Guevara de la Serna, dit "Che" Guevara]]]]
{{BUd&#233;but}}
{{Utilisateur Anniversaire|date=[[7 mars|7]] [[mars (mois)|mars]]}}
{{Utilisateur:El Comandante/Utilisateur 1976}}{{Utilisateur:El Comandante/Pr&#233;sentation/BUsoleil}}
{{BUfin}}
{{Attention|Avec_fond = oui|couleurFond = yellow|'''Avertissement'''&lt;br/&gt;Si j'ai choisi comme nom d'utilisateur le surnom humoristique et tr&#232;s orient&#233; que m'avaient donn&#233; des coll&#232;gues de travail dans un contexte pr&#233;cis (gr&#232;ves de 2003 contre la r&#233;forme des retraites), c'est pour cultiver la transparence vis-&#224;-vis des autres utilisateurs de Wikip&#233;dia (j'ai une pens&#233;e politique orient&#233;e &#224; gauche, m&#234;me si mon pragmatisme me fait parfois traiter de conservateur voire de lib&#233;ral par certains) et me pousser &#224; &#233;viter d'&#234;tre subjectif. Mais certainement pas pour me faire insulter de sectariste dictatorial stalinien &#339;uvrant pour maintenir l'humanit&#233; dans l'ignorance. Merci donc d'&#233;viter ce genre d'attaque personnelle pour ne pas r&#233;veiller le satiriste misanthrope qui sommeille en moi : je n'aime ni tendre l'autre joue ni fuir l'opposition, m&#234;me virulente. Par d&#233;formation professionnelle, peut-&#234;tre ?}}

'''Profession''' : Enseignant (espagnol).
&lt;br&gt;
'''Wikip&#233;dien depuis''' : le [http://fr.wikipedia.org/w/index.php?title=Guernica&amp;diff=next&amp;oldid=1660774 25 mars 2005].
&lt;br&gt;
'''Principal centre d'int&#233;r&#234;t''' : l'[[Histoire]] des [[Hispanit&#233;|pays hispanophones]] et plus particuli&#232;rement de la [[M&#233;soam&#233;rique]] (cf. [[Utilisateur:El Comandante/Biblioth&#232;que|ma biblioth&#232;que]]).
&lt;br&gt;
&lt;br&gt;
&lt;br&gt;
{{WikiSchtroumpf}}
&lt;br style="clear:both;"&gt;
{|
| valign="top" rowspan="2"|
    {| style="border:1px dotted; color:#0000FF;"
    |&lt;font color="#000000"&gt;&lt;center&gt;&lt;B&gt;Wikiprofil&lt;/B&gt;&lt;/center&gt;&lt;/font&gt;
    |---------------------------
    |
        {|
        |{{Utilisateur Identifiant unique}}
        |---------------------------
        |{{Utilisateur Wikip&#233;dia:Date|ann&#233;e=2005|mois=3|jour=30}}
        |---------------------------
        |{{Mod&#232;le:Utilisateur Projet/Am&#233;rique pr&#233;colombienne}}
        |---------------------------
        |{{Mod&#232;le:Utilisateur Wikies}}
        |---------------------------
        |{{Mod&#232;le:Utilisateur Wikien}}
        |---------------------------
        |{{Mod&#232;le:Utilisateur Commons}}
        |---------------------------
        |{{Utilisateur wikEd}}
        |---------------------------
        |{{Utilisateur Wikipen}}
        |}
    |}
| valign="top" rowspan="2"|
    {|style="border:1px dotted; color:#0000FF;"
    |&lt;font color="#000000"&gt;&lt;center&gt;&lt;B&gt;Comp&#233;tences&lt;/B&gt;&lt;/center&gt;&lt;/font&gt;
    |---------------------------
    |
        {|
        |---------------------------
        |{{Mod&#232;le:Utilisateur fr}}
        |---------------------------
        |{{Mod&#232;le:Utilisateur es-3}}
        |---------------------------
        |{{Mod&#232;le:Utilisateur en-2}}
        |---------------------------
        |{{Mod&#232;le:Utilisateur it-1}}
        |---------------------------
        |{{Mod&#232;le:Utilisateur la-1}}
        |---------------------------
        |{{Mod&#232;le:Utilisateur enseignant}}
        |---------------------------
        |{{Mod&#232;le:Utilisateur D&#233;truire plan&#232;te}}
        |}
    |}
| valign="top" rowspan="2"|
    {|style="border:1px dotted; color:#0000FF;"
    |&lt;font color="#000000"&gt;&lt;center&gt;&lt;B&gt;Go&#251;ts&lt;/B&gt;&lt;/center&gt;&lt;/font&gt;
    |---------------------------
    |
        {|
        |{{Mod&#232;le:Utilisateur M&#233;soam&#233;rique}}
        |---------------------------
        |{{Mod&#232;le:Utilisateur histoire}}
        |---------------------------
        |{{Mod&#232;le:Utilisateur vin}}
        |---------------------------
        |{{Mod&#232;le:Utilisateur accromusic}}
        |---------------------------
        |{{Mod&#232;le:Utilisateur chorale}}
        |---------------------------
        |{{Mod&#232;le:Utilisateur science-fiction}}

        |---------------------------
        |{{Mod&#232;le:Utilisateur BD}}
        |---------------------------
        |{{Mod&#232;le:Utilisateur &#233;checs}}
        |---------------------------
        |{{Mod&#232;le:Utilisateur The Big Bang Theory}}
        |}
    |}
| valign="top"|
    {|style="border:1px dotted; color:#0000FF;"
    |&lt;font color="#000000"&gt;&lt;center&gt;&lt;B&gt;Convictions&lt;/B&gt;&lt;/center&gt;&lt;/font&gt;
    |---------------------------
    |
        {|
        |{{Mod&#232;le:Utilisateur Terre}}
        |---------------------------
        |{{Mod&#232;le:Utilisateur Environnement}}
        |---------------------------
        |{{Mod&#232;le:Utilisateur v&#233;lo}}
        |---------------------------
        |{{Mod&#232;le:Utilisateur OGM5}}
        |---------------------------
        |{{Mod&#232;le:Utilisateur Religion/Ath&#233;e}}
        |---------------------------
        |{{Mod&#232;le:Utilisateur Religion/Bright}}
        |---------------------------
        |{{Mod&#232;le:Utilisateur Religion/Wikip&#233;dia}}
        |---------------------------
        |{{Mod&#232;le:Utilisateur Copyleft}}
        |---------------------------
        |{{Mod&#232;le:Utilisateur r&#234;ve non commerce}}
        |---------------------------
        |{{Mod&#232;le:Utilisateur Antipub}}
        |---------------------------
        |{{Mod&#232;le:Utilisateur d&#233;croissant}}
        |---------------------------
        |{{Mod&#232;le:Utilisateur anti-CPE}}
        |}
    |}
|}

[[en:User:El Comandante]]
[[es:Usuario:El Comandante]]</text>
      <sha1>a1pwhooehg2vtuztz423zztu1qwhofa</sha1>
      <model>wikitext</model>
      <format>text/x-wiki</format>
    </revision>
  </page>
