<page xmlns="http://www.mediawiki.org/xml/export-0.8/" xmlns:xsi="http://www.w3.org/2001/XMLSchema-instance">
    <title>Utilisateur:Florentbsept</title>
    <ns>2</ns>
    <id>6763037</id>
    <revision>
      <id>87962703</id>
      <parentid>87962409</parentid>
      <timestamp>2013-01-23T10:56:13Z</timestamp>
      <contributor>
        <username>Florentbsept</username>
        <id>1432383</id>
      </contributor>
      <text xml:space="preserve">{{BUtilisateur|
  |couleur=#ADDEFF
  |img=Mars symbol.svg
  |titre=Homme
  |texte=Je suis un '''[[homme]]'''.
  |cat&#233;gorie= utilisateur homme
}}
{{BUtilisateur
 |img=Advokat, Fransk advokatdr&#228;kt, Nordisk familjebok.png
 |couleur=#DAD1DF
 |titre=[[Portail:Droit|Avocat]]
 |texte=Je suis [[Avocat (m&#233;tier)|avocat]]{{Genre utilisateur|f&#233;minin=e}}.
 |lien = profession avocat
}}</text>
      <sha1>a2iq0vqhseyn9ge1906jftz6qlv851f</sha1>
      <model>wikitext</model>
      <format>text/x-wiki</format>
    </revision>
  </page>
