<page xmlns="http://www.mediawiki.org/xml/export-0.8/" xmlns:xsi="http://www.w3.org/2001/XMLSchema-instance">
    <title>Utilisateur:VincentPalmieri</title>
    <ns>2</ns>
    <id>877534</id>
    <revision>
      <id>49078802</id>
      <parentid>49053082</parentid>
      <timestamp>2010-01-21T15:36:08Z</timestamp>
      <contributor>
        <username>VincentPalmieri</username>
        <id>119613</id>
      </contributor>
      <minor/>
      <comment>/* Bricolages et brouillons */</comment>
      <text xml:space="preserve">{{Boite Utilisateur | fr | en-3 | de-1 | CC}}


Apr&#232;s avoir particip&#233; au [[portail:&#233;checs|portail des &#233;checs]], o&#249; j'ai essentiellement traduit des articles de l'anglais, je contribue maintenant &#224; l'encyclop&#233;die sur des th&#232;mes compl&#232;tement al&#233;atoires. Il m'arrive parfois aussi de contribuer sur [http://fr.wikisource.org/wiki/Utilisateur:VincentPalmieri Wikisource].

Si vous avez besoin de comp&#233;tences en informatique, en particulier th&#233;orique, n'h&#233;sitez pas &#224; m'en faire part !

Mes principales contributions au portail des &#233;checs :
*[[Mats c&#233;l&#232;bres]]
*[[Pierre St. Amant]]
*[[Alexandre Deschapelles]]
*[[Efim Bogoljubov]]
*[[Siegbert Tarrasch]]
*[[Joseph Henry Blackburne]]
*[[Jules Arnous de Rivi&#232;re]]
*[[Bernhard Horwitz]]
*[[Luis Ramirez Lucena]]
*[[Gioacchino Greco]]
*[[Legall de Kermeur]]
*[[Ernst Falkbeer]]
*[[Samuel Boden ]]


Les relecteurs sont les bienvenus !

[[Special:Contributions/VincentPalmieri|Voir toutes mes contributions]]

==Bricolages et brouillons==
*[[Utilisateur:VincentPalmieri/topologie]] (&#224; supprimer)
*[[Utilisateur:VincentPalmieri/TestBot]]
*[[Utilisateur:VincentPalmieri/monobook.js]]
*[[Utilisateur:VincentPalmieri/Mod&#232;le:Intro commune]] (&#224; supprimer)
*[[Utilisateur:VincentPalmieri/Intro commune]] (&#224; supprimer)
*[[Utilisateur:VincentPalmieri/Test du mod&#232;le d'intro commune]] (&#224; supprimer)
*[[Utilisateur:VincentPalmieri/osm]]</text>
      <sha1>mlccnugcxaetv5v3mlrx5hgk7qhbvp9</sha1>
      <model>wikitext</model>
      <format>text/x-wiki</format>
    </revision>
  </page>
