<page xmlns="http://www.mediawiki.org/xml/export-0.8/" xmlns:xsi="http://www.w3.org/2001/XMLSchema-instance">
    <title>Utilisateur:Gem</title>
    <ns>2</ns>
    <id>37414</id>
    <revision>
      <id>100532112</id>
      <parentid>100532109</parentid>
      <timestamp>2014-01-23T17:01:55Z</timestamp>
      <contributor>
        <username>Salebot</username>
        <id>173239</id>
      </contributor>
      <comment>bot : r&#233;vocation de [[Special:Contributions/2A01:E35:2E0C:ACD0:DE3:292:B046:4448|2A01:E35:2E0C:ACD0:DE3:292:B046:4448]] (modification suspecte : -21), retour &#224; la version 30057582 de Gem</comment>
      <text xml:space="preserve">ceci est la page personnelle de Gem

Pour la discussion c'est [[Discussion Utilisateur:Gem| ici]], c'est &#224; dire ailleurs :-)

{{Utilisateur WikiGnoll}}

{{Bo&#238;te Babel|fr|en-3|de-1}}

{{BUtilisateur
  |bordure=#999999
  |couleur=#E8F6FC
  |img-taille=70px
  |img=Triceratops3.jpg
  |texte-couleur=#000000
  |titre=[[Special:Contributions/gem|{{#expr: {{CURRENTJULIANDAY}}-{{JULIANDAY|2003|12|09}} round 0}} jours]]
  |texte=Je suis un utilisateur exp&#233;riment&#233;... quoique toujours en apprentissage.}}











j'aime 
* la connaissance
* la pens&#233;e, la vraie, la [[raret&#233; | rare]], pas le pr&#234;t-&#224;-penser servi chez [[le Monde diplomatique| Macdiplo]] et autres [[Pravda]], m&#234;me si ce sont de bons faiseurs. 
* Le [[rasoir d'Ockham]], et ce qui y passe ce test fondamental
** le principe de [[relativit&#233;]], et en particulier [[relativit&#233; d'&#233;chelle| l'extension]] de [[Laurent Nottale]]
** la [[mim&#233;tisme|th&#233;orie mim&#233;tique]] de [[Ren&#233; Girard]]
** etc.

je n'aime pas 
* les petites cases
* les [[Procuste]]s qui veulent mettre les gens en case
* la b&#234;tise, et tout particuli&#232;rement la b&#234;tise crasse et fi&#232;re de l'ignorant qui refuse d'apprendre (h&#233;las commune, m&#234;me ici !)
* la pub, et pire encore les anti-pub violents
* la [[propri&#233;t&#233;]] intellectuelle
* le mensonge
* les communautarisme, y compris ici
* le pouvoir politique, (y compris ici, bis, ter, je ne sais plus) 
* tout ce qui rate le test du [[rasoir d'Ockham]]
** th&#233;orie des cordes supercorde
** th&#233;orie de la "mati&#232;re noire"
** m&#233;canique quantique (quoique &#231;a a, au moins, le m&#233;rite de faire faire des calculs justes, ce qui n'est d&#233;j&#224; pas si mal !)
** marxisme
** psychanalyse
** etc.</text>
      <sha1>ft516ux6avjxjop8mdrfw3hjjjqwc4x</sha1>
      <model>wikitext</model>
      <format>text/x-wiki</format>
    </revision>
  </page>
