<page xmlns="http://www.mediawiki.org/xml/export-0.8/" xmlns:xsi="http://www.w3.org/2001/XMLSchema-instance">
    <title>Utilisateur:Skippy le Grand Gourou</title>
    <ns>2</ns>
    <id>2769757</id>
    <revision>
      <id>81724106</id>
      <parentid>77722131</parentid>
      <timestamp>2012-08-09T11:18:16Z</timestamp>
      <contributor>
        <username>Orlodrim</username>
        <id>628189</id>
      </contributor>
      <minor/>
      <comment>renommage de cat&#233;gorie</comment>
      <text xml:space="preserve">{{Citation bloc|Toi qui te pr&#233;pares &#224; contribuer &#224; Wikipedia, abandonne orgueil et susceptibilit&#233;.|style=center}}

{{Infobox/D&#233;but}}
{{Infobox/Titre
 | {{PAGENAME}}|ff9966|entete defaut|ffffff
}}
{{Infobox/Image
 | White Kangaroo-Caversham Wildlife Park.jpg|Skippy manifestant sa totale libert&#233; de penser vers un &#226;ge cosmique r&#233;miniscent.|200
}}
{{Infobox/S&#233;parateur
 | ff9966
}}
{{Infobox/Ligne mixte optionnelle
 | Diminutif|Skippy
}}
{{Infobox/Ligne mixte optionnelle
 | Statut|Divinit&#233; contemporaine vivante
}}
{{Infobox/Ligne mixte optionnelle
 | Culte|Assur&#233;ment
}}
{{Infobox/Ligne mixte optionnelle
 | Attributs|Virils
}}
{{Infobox/Ligne mixte optionnelle
 | Signes particuliers|Humour douteux
}}
{{Infobox/Ligne mixte optionnelle
 | Offrandes|Paypal, CB, ch&#232;ques, esp&#232;ces, nature
}}
{{Infobox/Ligne mixte optionnelle
 | Autres noms|{{u|La carotte et le b&#226;ton}}
}}
{{Infobox/S&#233;parateur
 | ff9966
}}
{{Infobox/Fin}}


'''Skippy le Grand Gourou''' (ou son [[WP:Faux-nez|avatar]] '''{{u|la carotte et le b&#226;ton}}'''), n&#233; en [[1980]] &#224; {{censur&#233;|balibalo}}, est un [[wikip&#233;dien]] [[Double_nationalit&#233;|franco-{{censur&#233;|bidulien}}]], bien que se d&#233;finissant lui-m&#234;me plus volontiers comme [[citoyen du monde]]. [[/todo|&#160;&#160;&#160;&#160;&#160;&#160;]]

== Pseudonyme ==

Le pseudonyme '''Skippy le Grand Gourou''' reprend un jeu de mot du groupe d'[[humoriste]]s [[les Inconnus]], utilis&#233; dans le sketch ''[http://tinyogg.com/watch/e2Kn3/ les Sectes]'', d&#233;riv&#233; du titre de la s&#233;rie t&#233;l&#233;vis&#233;e [[Skippy le kangourou]]. Aussi l'appellation &#171;&#160;Grand Gourou&#160;&#187; n'a aucun sens, il est pr&#233;f&#233;rable d'utiliser simplement &#171;&#160;Skippy&#160;&#187;.

Bien que Skippy utilise ce pseudonyme sur plusieurs sites internet, d'autres personnes distinctes utilisent &#233;galement ce pseudonyme sur d'autres sites. Par cons&#233;quent, il convient d'&#234;tre prudent avant toute tentative d'identification h&#226;tive.

== Biographie ==

[[File:Mathurin Moreau Oceanie Paris.jpg|thumb|right|Statue &#224; la gloire de Skippy, accompagn&#233; de l'une de ses innombrables amazones.]]

Fils d'un {{censur&#233;|tacaticati caticatac}} et d'une {{censur&#233;|blabelibelibla}}, Skippy d&#233;croche un [[bac S|baccalaur&#233;at S]] en 1999, apr&#232;s une enfance tranquille dans un petit village du {{censur&#233;|baloumba}}. Il suit ensuite des &#233;tudes de [[physique]] &#224; l'[[Universit&#233;]] de {{censur&#233;|ketiketiketo}}. Les premi&#232;res ann&#233;es sont assez chaotiques, plus marqu&#233;es par les festivit&#233;s et l'abus de [[Drogue#Drogue_r&#233;cr&#233;ative|substances licites ou non]] que par les &#233;tudes, d'autant que son assiduit&#233; est limit&#233;e par un emploi de [[surveillant]] en coll&#232;ge puis lyc&#233;e.

L'ann&#233;e 2003 marque &#224; la fois la rencontre avec celle qui deviendra sa femme et sa d&#233;cision de passer aux choses s&#233;rieuses. Il obtient une [[licence (France)|licence]] de [[physique]], puis suit un [[Master (France)|Master]] en [[physique des particules]] &#224; {{censur&#233;|ZoBuGaZo}}. En 2010, il soutient dans la m&#234;me discipline, &#224; l'universit&#233; de {{censur&#233;|Triffouyis}}, un [[doctorat]] qu'il qualifie lui-m&#234;me de {{citation|m&#233;diocre}}, avant d'&#234;tre engag&#233; au [[CNRS]] comme [[post-doctorat|chercheur pr&#233;caire]] &#224; {{censur&#233;|NomdunCr&#233;vendiou}}.

== Politique ==

Bien que sans &#233;tiquette politique, Skippy est particuli&#232;rement sensible aux id&#233;aux traditionnellement ancr&#233;s profond&#233;ment &#224; gauche&#160;: [[libert&#233; individuelle]], [[&#233;quit&#233;]], [[fraternit&#233;]] et [[entraide]], [[justice]], [[antiracisme]], [[&#233;ducation]], lutte contre la [[d&#233;sinformation]]&#8230; Il ex&#232;cre &#233;galement toutes les [[religion]]s, consid&#233;rant leurs [[secte|adeptes]] comme des victimes de [[manipulation]]. Enfin, sans &#234;tre [[technophobe]], il se consid&#232;re comme assez proche des mouvements [[&#233;cologiste]]s sur de nombreux sujets concernant l'[[environnement]]. Si ces convictions peuvent influencer sa mani&#232;re de comprendre le monde, Skippy s'efforce constamment de faire honneur au [[WP:NPOV|second principe fondateur de Wikip&#233;dia]] en y contribuant de la mani&#232;re la plus objective possible.

&#201;t&#233; 2008, il profite de l'[[Affaire Sin&#233;]] pour mettre en ligne son premier [[site internet]], dans lequel il dresse le portrait d'une soci&#233;t&#233; fran&#231;aise en d&#233;clin&lt;ref&gt;[http://monpaysvamal.org/ Mon pays va mal&#8230;]&lt;/ref&gt;.

== Informatique ==

S&#233;duit depuis fin 2005 par [[GNU/Linux]], Skippy est un farouche d&#233;fenseur des [[logiciels libres]], d'autant plus qu'il a d&#233;velopp&#233; une profonde aversion contre l'entreprise [[Microsoft]], plus en raison de ses m&#233;thodes commerciales qu'il consid&#232;re anti-[[&#233;thique]]s qu'&#224; cause de ses logiciels.

Sensible &#224; son propre confort, il a adopt&#233; une [[disposition de clavier]] optimisant le mouvement des mains, inspir&#233;e de la [[m&#233;thode Dvorak]]&#160;: la disposition &#171;&#160;[[b&#233;po]]&#160;&#187;, dont la philosophie et le d&#233;veloppement suivent &#233;galement les pr&#233;ceptes des logiciels libres&lt;ref&gt;[http://bepo.fr/wiki/Accueil Page d'accueil] et [http://forum.bepo.fr/ forum] du projet b&#233;po.&lt;/ref&gt;. 

Enfin, sans &#234;tre tr&#232;s [[&#233;rudition|&#233;rudit]] dans ce domaine, il s'int&#233;resse aussi &#224; tout ce qui touche &#224; la [[s&#233;curit&#233; informatique]].

== Notes et r&#233;f&#233;rences ==

{{Contenu de Wikip&#233;dia}}

{{r&#233;f&#233;rences}}

== Voir aussi ==

=== Liens internes (ou assimil&#233;s) ===

==== G&#233;n&#233;ralit&#233;s ====

* [[/utile|Trucs utiles]] pour WP.
* [[Aide:FAQ|&#192; lire absolument&#160;!]]
* [[Wikip&#233;dia:Avertissements g&#233;n&#233;raux|&#192; lire absolument (bis)&#160;!]]
* [[Wikip&#233;dia:PF|&#192; lire absolument (ter) !]]
* [http://stats.grok.se Statistiques de WP] &lt;small&gt;[lien externe]&lt;/small&gt;.
* [http://toolserver.org/~vvv/adminstats.php?wiki=frwiki_p&amp;tlimit=2628000 Statistiques admins] &lt;small&gt;[lien externe]&lt;/small&gt;.

==== Sp&#233;cificit&#233;s ====

* Casseroles personnelles&#160;:
** [[Wikip&#233;dia:Administrateur/Skippy le Grand Gourou|entrisme rat&#233;]] suivi d'[[Wikip&#233;dia:Le_Bistro/10_juillet_2010#Merci_pour_le_coup_de_balai|&#233;panchements obsc&#232;nes en public]]&#160;;
** [[Discussion_Wikip&#233;dia:Sondage/Administration#Par_Skippy_le_Grand_Gourou.C2.A0.28d.C2.A0.C2.B7.C2.A0c.C2.A0.C2.B7.C2.A0b.29|mise en &#233;vidence du clash admins/p&#233;ons]].
* Chantiers d'int&#233;r&#234;t g&#233;n&#233;ral en cours&#160;: 
** [[Utilisateur:Skippy le Grand Gourou/Discussions pr&#233;liminaires &#224; des propositions de r&#233;vision du contour du mandat d'administrateur|Discussions pr&#233;liminaires &#224; des propositions de r&#233;vision du contour du mandat d'administrateur]]&#160;;
** [[Projet:Remplissage des pages d'homonymie]] ;
** [[Projet:Fusion des pages d'homonymie]]&#160;;
** [[Projet:Scission]]&#160;;
** [[m:SourceIt|SourceIt]] (proposition de projet Wikimedia pour aider &#224; sourcer Wikip&#233;dia).
* [[WP:Faux-nez|Faux-nez]]&#160;:
** {{u|La carotte et le b&#226;ton}}, faux-nez destin&#233; &#224; la chasse au [[WP:Vandalisme|vandalisme]] et au [[Wikip&#233;dia:Accueil des nouveaux arrivants|bienvenutage des IPs]], activit&#233;s qui devenaient pr&#233;pond&#233;rantes au point d'envahir l'historique des contributions de Skippy.

=== Liens externes ===

* [http://monpaysvamal.org Mon pays va mal&#8230;]
** Et vous, [http://monpaysvamal.org/textes/actus/CH.html &#234;tes-vous antis&#233;mite ?] (Ou quand la [[LICRA]] nourrit la [[B&#234;te immonde]]&#8230;)
** [http://monpaysvamal.org/textes/immig/fatoumata.html Le &#171;&#160;voyage&#160;&#187; en France de Fatoumata &#8212; l'Africaine] (t&#233;moignage de [[Laurent Chevallier]])
** [http://monpaysvamal.org/textes/actus/ind&#233;cence.html Mais quand vont-ils tous se taire&#160;??] &#8212; De l'ind&#233;cence m&#233;diatique et de sa justification des crimes violents.
* La banquise fond, adoptez un pingouin !
** http://www.ecrans.fr/Linux-Le-journal-d-un-novice-4,4710.html
** http://www.whylinuxisbetter.net/index_fr.php
** http://doc.ubuntu-fr.org/
* Prenez soin de vos mains libres&#160;! Projet b&#233;po (disposition de clavier ergonomique et libre)&#160;:
**[http://bepo.fr/wiki/Accueil Page d'accueil]
**[http://forum.bepo.fr/ Forum]
* Une interrogation scientifique&#160;? [http://forums.futura-sciences.com Posez votre question] sur le [[forum internet|forum]] de [[Futura Sciences]]&#160;!


[[en:User:Skippy_le_Grand_Gourou]]


[[Cat&#233;gorie:Wikip&#233;dien parrain ou marraine]]</text>
      <sha1>funxjy41gbk6gf1x0a0qglczwh0dtnh</sha1>
      <model>wikitext</model>
      <format>text/x-wiki</format>
    </revision>
  </page>
