<page xmlns="http://www.mediawiki.org/xml/export-0.8/" xmlns:xsi="http://www.w3.org/2001/XMLSchema-instance">
    <title>Utilisateur:Herman</title>
    <ns>2</ns>
    <id>31282</id>
    <revision>
      <id>85871119</id>
      <parentid>82404829</parentid>
      <timestamp>2012-11-28T18:41:04Z</timestamp>
      <contributor>
        <username>HerculeBot</username>
        <id>346772</id>
      </contributor>
      <minor/>
      <comment>R&#233;solution de redirection; changement de type cosm&#233;tique</comment>
      <text xml:space="preserve">{{Bo&#238;te Utilisateur|Ecologie|escalade|Secouriste travail|perfectionniste|Antipub|Religion/LRI|WikiLover|Wikibooks|Traduction/en|Stopbo&#238;te}}

=== TBD ===
* [[b:Guide de survie|Guide de survie]]
* [[Discussion:Consultative Committee for Space Data Systems/Traduction]]
* * Tranferer les images sur Commons en qualit&#233; max
* neutraliser [[Cin&#233;sc&#233;nie]]
* am&#233;liorer [[Huile de lin]]
* compl&#233;ter [[Zoop]] avec ''La Zooop de Coqueline Courreges'' et http://www.dailymotion.com/video/x3det0_vehicule-electrique-zoop-courreges_auto
* traduire [[w:Carbon monoxide detector]] en [[D&#233;tecteur de monoxyde de carbone]]

=== A voir ===
Voir [[Utilisateur:Herman/A Voir]]

=== Liens utiles ===
==== Config Perso ====
* '''[[Utilisateur:Herman/monobook.css]]'''
* '''[[Utilisateur:Herman/monobook.js]]'''

==== Autres ====
* [[Wikip&#233;dia:Articles &#224; approfondir|Articles &#224; approfondir]]
* [[Wikip&#233;dia:Article bien sourc&#233;|Article bien sourc&#233;]]
* [[Wikip&#233;dia:Articles les plus consult&#233;s|Articles les plus consult&#233;s]]
* [[Projet:Articles les plus demand&#233;s|Articles les plus demand&#233;s]]
* [[Wikip&#233;dia:Articles oubli&#233;s|Articles oubli&#233;s]]
* [[Wikip&#233;dia:Controverse de neutralit&#233;|Controverse de neutralit&#233;]]
* [[Wikip&#233;dia:Cultivons notre jardin|Cultivons notre jardin]]
* [[Wikip&#233;dia:Demander une illustration|Demander une illustration]]
* [[Wikip&#233;dia:Demander un article|Demander un article]]
* [[Wikip&#233;dia:&#201;bauches &#224; compl&#233;ter|&#201;bauches &#224; compl&#233;ter]]
* [[Wikip&#233;dia:Liens aux pages d'homonymie|Liens aux pages d'homonymie]]
* [[Aide:Lien interwiki|Lien interwiki]]
* [[Sp&#233;cial:categories|Cat&#233;gories]]
* [[Wikip&#233;dia:Liste de fautes d'orthographe courantes|Liste de fautes d'orthographe courantes]]
* [[Sp&#233;cial:Newpages|Nouveaux articles]]
* [[Wikip&#233;dia:Pages &#224; fusionner|Pages &#224; fusionner]]
* [[Wikip&#233;dia:Pages &#224; mettre &#224; jour|Pages &#224; mettre &#224; jour]]
* [[Wikip&#233;dia:Pages &#224; modifier|Pages &#224; modifier]]
* [[Wikip&#233;dia:Pages &#224; supprimer|Pages &#224; supprimer]]
* [[Sp&#233;cial:Lonelypages|Pages orphelines]]
* [[Wikip&#233;dia:Pages soup&#231;onn&#233;es de violation de copyright|Pages soup&#231;onn&#233;es de copyright]]
* [[Wikip&#233;dia:Oracle|L'Oracle]]
* [[Projet:Traduction|Traductions en cours]]
* [[Aide:Trucs et astuces|Trucs et astuces]]

=== Pages initialis&#233;es ===
Voir [[Utilisateur:Herman/Pages initialis&#233;es]]

=== Images ===
* [[:Image:Compost_en_bac_ouvert.jpg]] utilis&#233;e dans [[Compostage]]
* [[:Image:BarqueCanalDuMidi.jpg]]
* [[:Image:Maquette_Ariane_5_-_Cit&#233;_de_l'Espace_-_Toulouse.jpg]]
* [[:Image:Feuilles_d'&#233;rable_en_automne.jpg]]

=== [[Aide:Syntaxe wikip&#233;dia]] ===
[[Wikip&#233;dia:Mod&#232;les/D&#233;saccords et probl&#232;mes]]

* &lt;nowiki&gt;{{...}}&lt;/nowiki&gt;
* &lt;nowiki&gt;{{XIVe si&#232;cle}}&lt;/nowiki&gt;
* &lt;nowiki&gt;{{&#224; illustrer}}&lt;/nowiki&gt;
* &lt;nowiki&gt;{{Article d&#233;taill&#233;|BepiColombo}}&lt;/nowiki&gt;
* &lt;nowiki&gt;[[cat&#233;gorie:nom cat&#233;gorie]] ex : [[cat&#233;gorie:personne c&#233;l&#232;bre]]
[[cat&#233;gorie:nom cat&#233;gorie|nom de l'article pour le tri]] ex : [[cat&#233;gorie:personne c&#233;l&#232;bre|Einstein, Albert]]&lt;/nowiki&gt;
* &lt;nowiki&gt;Correction des [[Wikip&#233;dia:Projet/Liens vers les pages d'homonymie|liens vers les pages d'homonymie]]&lt;/nowiki&gt;
* &lt;nowiki&gt;{{Date|14|octobre|2001}}&lt;/nowiki&gt;
* &lt;nowiki&gt;{{DuBistro}}&lt;/nowiki&gt;
* &lt;nowiki&gt;{{&#233;bauche}}&lt;/nowiki&gt;
* &lt;nowiki&gt;{{GFDL}}&lt;/nowiki&gt;
* &lt;nowiki&gt;{{guil|toto}}&lt;/nowiki&gt;
* &lt;nowiki&gt;[[image:truc.jpg]] affiche l'image elle-m&#234;me&lt;/nowiki&gt;
* &lt;nowiki&gt;[[:image:truc.jpg]] cr&#233;e un lien vers la page description de l'image (utile pour les discussions, pas vraiment pour les articles)&lt;/nowiki&gt;
* &lt;nowiki&gt;[[media:truc.jpg]] cr&#233;e un lien vers l'image&lt;/nowiki&gt;
* &lt;nowiki&gt;{{R&#233;f&#233;rences}}&lt;/nowiki&gt;
* &lt;nowiki&gt;{{Sommaire compact}} ou __NOTOC__&lt;/nowiki&gt;
* &lt;nowiki&gt;#REDIRECT [[France]]&lt;/nowiki&gt;
* &lt;nowiki&gt;{{transf&#233;r&#233; Wikibooks}}&lt;/nowiki&gt;
* &lt;nowiki&gt;[[wikt:frimas]]&lt;/nowiki&gt; ou &lt;nowiki&gt;[[wikt:circumnavigation|]]&lt;/nowiki&gt;</text>
      <sha1>fjgzhd5onzxphsjotd93c2wgzhqwzsf</sha1>
      <model>wikitext</model>
      <format>text/x-wiki</format>
    </revision>
  </page>
