<page xmlns="http://www.mediawiki.org/xml/export-0.8/" xmlns:xsi="http://www.w3.org/2001/XMLSchema-instance">
    <title>Utilisateur:Apollofox</title>
    <ns>2</ns>
    <id>739815</id>
    <revision>
      <id>86856059</id>
      <parentid>79489595</parentid>
      <timestamp>2012-12-23T17:09:42Z</timestamp>
      <contributor>
        <username>Apollofox</username>
        <id>95205</id>
      </contributor>
      <comment>/* Bourlingage */ yo</comment>
      <text xml:space="preserve">[[Image:Raphael School of Athens GNR.jpg|thumb|right|170px|[[Connaissance]], [[Raphael|art]] et [[Use Your Illusion II|rock n'roll]]...]]
{{Bo&#238;te Utilisateur|fr|en-3|es-3|Religion/Humaniste|r&#234;ve nofronti&#232;re|Environnement|antisinistrose}}
{{Bo&#238;te Utilisateur|musique|astronomie|histoire|jeu|science-fiction|g&#233;opolitique|Super &#201;clectique}}
[[Image:Polar bears near north pole.jpg|thumb|right|200px|Rencontre du troisi&#232;me type...]]
[[Image:LH 95.jpg|thumb|right|200px|[[2001, l'Odyss&#233;e de l'espace|"Mon Dieu, c'est plein d'&#233;toiles !"]]]]
[[Image:NTS Barrage Balloon.jpg|thumb|right|200px|''[[Led Zeppelin|Nuclear Led Zeppelin]]'']]
[[Image:Photomontage (Forggensee Panorama) -2.jpg|thumb|upright=1.5|right|Un p'tit cocktail onirique des merveilles de notre plan&#232;te...]]
[[Image:Newtons cradle animation book.gif|thumb|right|200px|Au lieu de regarder cette page d'utilisateur, va travailler !-)]]

Hello, j'utilisais Wiki fr&#233;quemment et je me suis mis &#224; l'ouvrage le 13/4/2006.

J'ai d'abord traduit des articles  qui n'existaient pas en fran&#231;ais (je parle anglais et espagnol) pour me faire la main, j'ai ensuite commenc&#233; &#224; &#233;toffer et sourcer les articles. Y'a du boulot, beaucoup d'articles manquent encore en fran&#231;ais. Plusieurs centaines de traductions depuis le d&#233;but, surtout des dinosaures, des &#233;toiles et des syst&#232;mes plan&#233;taires...
Tout m'int&#233;resse ! (voir ci-contre)

Ce qui est g&#233;nial avec Wiki, c'est que plus on participe et plus on apprend, plus on apprend et plus on participe, etc, etc, etc :-)

===Travaux principaux (parce qu'on est ce que l'on fait...)===
====Contributeur principal (ordre chrono)====
&lt;gallery widths="160" heights="160"&gt;
Image:Gandhi smiling 1942.jpg|[[Mohandas Karamchand Gandhi|Gandhi]] [[Image:Fairytale bookmark gold.png|15px]] P&#232;re de la nation et artisan de la non-violence indien.
Image:GuerrilleroHeroico.jpg|[[Che Guevara]] [[Image:Fairytale bookmark gold.png|15px]] R&#233;volutionnaire, th&#233;oricien marxiste et internationaliste argentin.
Image:Martin-Luther-King-1964-leaning-on-a-lectern.jpg|[[Martin Luther King]] [[Image:Fairytale bookmark gold.png|15px]] Pasteur am&#233;ricain militant pour les droits civiques, la [[non-violence]] et la paix.&lt;/gallery&gt;

&lt;gallery widths="160" heights="160"&gt;Image:Spacecolony1.jpg|[[Colonisation de l'espace]] [[Image:Fairytale bookmark silver.png|15px]] Le futur (lointain) de l'humanit&#233; ? 
Image:Uzbin3b-fr.png|[[Embuscade d'Uzbin]] [[Image:Fairytale bookmark gold.png|15px]] Affrontement le plus meurtrier pour l'arm&#233;e fran&#231;aise depuis 1983, qui illustre bien la complexit&#233; du conflit en Afghanistan. 
Image:Nelson Mandela-2008 (edit).jpg|[[Nelson Mandela]] [[Image:Fairytale bookmark silver.png|15px]] leader de la lutte contre le r&#233;gime raciste de l'[[apartheid]], premier pr&#233;sident noir et p&#232;re de l'Afrique du sud "arc en ciel".
&lt;/gallery&gt;

===Petites cr&#233;ations pr&#233;f&#233;r&#233;es===
&lt;gallery widths="160" heights="160"&gt;
Image:PaleBlueDot.jpg|[[Un point bleu p&#226;le]]. Permet de relativiser beaucoup de choses. Tout en fait... Et de prendre conscience de la fragilit&#233; de notre plan&#232;te.
Image:Rembrandt Harmensz. van Rijn 033.jpg|[[&#201;thique de r&#233;ciprocit&#233;]]. Si nous la respections tous celle-l&#224;, les choses iraient beaucoup mieux pour tout le monde...
Image:The Earth seen from Apollo 17.jpg|[[La Bille bleue]]. Voir un point bleu p&#226;le.
&lt;/gallery&gt;

====Participations importantes====
&lt;gallery widths="160" heights="160"&gt;
Image:Leonardo self.jpg|[[L&#233;onard de Vinci]] [[Image:Fairytale bookmark gold.png|15px]] Polymathe toscan, homme d'esprit universel...
Image:Cyclone Catarina 2004.jpg|[[R&#233;chauffement climatique]] [[Image:Fairytale bookmark silver.png|15px]] Agir maintenant pour ne pas le regretter plus tard.
Image:Gagarin in Sweden-2.jpg|[[Youri Gagarine]] 1er homme dans l'espaaaaace.
&lt;/gallery&gt;

==En cours de travaux pour longtemps==
*[[Wikip&#233;dia:Articles insolites]]: Je viens de d&#233;couvrir sur wiki:en, du beau boulot, on d&#233;couvre un tas d'article remarquables et d&#233;cal&#233;s
*[[Liste de sondes spatiales]] : des 10aines d'articles &#224; traduire
*[[Liste d'exoplan&#232;tes]] : des 50aines d'articles &#224; traduire
*[[Liste des dinosaures]]: des 100aines d'articles &#224; traduire
*[[Liste de jeux Amiga]], [[Liste d'&#233;toiles proches]]: des milliers d'articles &#224; traduire

==Liens int&#233;ressants==
*[http://commons.wikimedia.org/wiki/Commons:Picture_of_the_Year Amazing pictures on commons]
*[http://fr.wikipedia.org/wiki/Projet:Wikip%C3%A9dia_1.0/Les_plus_consult%C3%A9s/liste 1000 articles les + consult&#233;s]

==Bourlingage==
{| style="border:1px; border: thin solid grey;
|align="right"|Pays habit&#233;s:
|align="left"|[[Image:Flag of the People's Republic of China.svg|35px]][[Image:Flag of Spain.svg|35px]][[Image:Flag of the United States.svg|40px]][[Image:Flag of France.svg|34px]][[Image:Flag of the United Kingdom.svg|40px]]
|}
{| style="border:1px; border: thin solid grey;
|align="right"|Pays visit&#233;s:
|align="left"|[[Image:Flag of Australia.svg|40px]][[Image:Flag of Belgium.svg|30px]][[Image:Flag of Bolivia.svg|37px]][[Image:Flag of Cambodia.svg|40px]][[Image:Flag of Chile.svg|40px]][[Image:Flag of Denmark.svg|35px]][[Image:Flag of Egypt.svg|40px]][[Image:Flag of the United Arab Emirates.svg|44px]][[Image:Flag of Fiji.svg|44px]][[Image:Flag of Germany.svg|40px]][[Image:Flag of India.svg|40px]][[Image:Flag of Indonesia.svg|40px]][[Image:Flag of Italy.svg|40px]][[Image:Flag of Madagascar.svg|40px]][[Image:Flag of Malaysia.svg|40px]][[Image:Flag of Mauritius.svg|40px]][[Image:Flag of Mexico.svg|40px]][[Image:Flag of Nepal.svg|40px]][[Image:Flag of New Zealand.svg|40px]][[Image:Flag of Peru.svg|35px]][[Image:Flag of the Philippines.svg|40px]][[Image:Flag of Singapore.svg|40px]][[Image:Flag of Sweden.svg|40px]][[Image:Flag of Switzerland.svg|30px]][[Image:Flag of Thailand.svg|40px]][[Image:Flag of Tunisia.svg|40px]][[Image:Flag of Turkey.svg|40px]][[Image:Flag of Vietnam.svg|38px]]
|}

==Et Maintenant ?==
Aujourd'hui {{CURRENTDAYNAME}} {{CURRENTDAY}} {{CURRENTMONTHNAME}} {{CURRENTYEAR}} - &lt;b&gt;{{CURRENTTIME}}&lt;/b&gt; (GMT) -  La Wikip&#233;dia francophone compte &lt;font color=red&gt;&lt;b&gt;{{NUMBEROFARTICLES}}&lt;/b&gt;&lt;/font&gt; articles cr&#233;&#233;s par &lt;font color=blue&gt;&lt;b&gt;{{NUMBEROFUSERS}}&lt;/b&gt;&lt;/font&gt; wikip&#233;diens.&lt;br&gt;</text>
      <sha1>nmzvymczzelk0t9ztfvz7eh6t7jvsse</sha1>
      <model>wikitext</model>
      <format>text/x-wiki</format>
    </revision>
  </page>
