<page xmlns="http://www.mediawiki.org/xml/export-0.8/" xmlns:xsi="http://www.w3.org/2001/XMLSchema-instance">
    <title>Utilisateur:Hcrepin</title>
    <ns>2</ns>
    <id>2860828</id>
    <revision>
      <id>99628221</id>
      <parentid>93531193</parentid>
      <timestamp>2013-12-27T22:56:20Z</timestamp>
      <contributor>
        <username>Hcrepin</username>
        <id>268421</id>
      </contributor>
      <comment>d&#233;tail ironique</comment>
      <text xml:space="preserve">Nom:       CR&#201;PIN

Pr&#233;nom:    Hugues

Pays:      Belgique

Dipl&#244;me:   Candidat architecte &amp; Enseignant

M&#233;tier:    Telecom, IT &amp; WEB engineer

Langues:   Fran&#231;ais, N&#233;erlandais, Anglais + debutant Malagasy

Loisirs:   Marche, Lecture, Po&#233;sie, Jardinage, Forum WEB et Aquariophilie


Site Internet:  [http://users.skynet.be/dimoba  Hug's World]

Mes d&#233;funts Knols:      [http://users.skynet.be/sky51736/knol.htm Table des mati&#232;res de mes articles]

Site professionnel: [http://www.imagerie-centre.be Imagerie du Centre]

Wikiprojet sur l'imagerie infrarouge: [http://www.thethermograpiclibrary.org La librairie de thermographie]


[[de:utilisateur:hcrepin]]
[[en:utilisateur:hcrepin]]
[[nl:utilisateur:hcrepin]]</text>
      <sha1>q0553ivj7af2tbx9s1bwmtx86clbe3o</sha1>
      <model>wikitext</model>
      <format>text/x-wiki</format>
    </revision>
  </page>
