<page xmlns="http://www.mediawiki.org/xml/export-0.8/" xmlns:xsi="http://www.w3.org/2001/XMLSchema-instance">
    <title>Utilisateur:Esprit Fugace</title>
    <ns>2</ns>
    <id>3183381</id>
    <revision>
      <id>97906049</id>
      <parentid>97845067</parentid>
      <timestamp>2013-10-31T13:18:24Z</timestamp>
      <contributor>
        <username>Esprit Fugace</username>
        <id>66875</id>
      </contributor>
      <minor/>
      <comment>remplacement de l'image</comment>
      <text xml:space="preserve">{{Op&#233;rateur mop|fille}}
[[Fichier:Polarlicht 2.jpg|thumb|left|alt=Une aurore bor&#233;ale|Quelque part entre cette latitude...]]

J'ai [[&#201;quanimit&#233;|30 ans]] et un chat. Je suis titulaire de deux masters (physique fondamentale/chimie appliqu&#233;e), ce qui ne veut pas dire grand'chose sinon que vous pouvez me causer science en sautant les sous-titres. Outre le fran&#231;ais, je lis couramment l'[[Lois McMaster Bujold|anglais]] et &#224; peine moins couramment l'[[Andreas Eschbach|allemand]]. J'apprends (lentement) le [[Hiromu Arakawa|japonais]].

[[Fichier:Fryxellsee Opt.jpg|thumb|right|alt=Le glacier Fryxell, sur l'Antarctique.|...Et celle-l&#224;]]

[[Wikip&#233;dia:Administratrice|Balayeuse]] et [[Wikip&#233;dia:Wikip&#233;diholisme|addict]] sur ce site depuis juin 2006, [[Wikip&#233;dia:Comit&#233; d'arbitrage|arbitre]] pendant six mois, puis [[Wikip&#233;dia:Bureaucrate|bureaucrate]] depuis ao&#251;t 2007 (avec un hiatus de quelques mois en 2010), je suis &#233;galement membre de [[Wikip&#233;dia:Wikim&#233;dia France|Wikim&#233;dia France]]. Je place mes contributions dans le domaine public / sous licence [[WTFPL]].

En d&#233;pit d'un caract&#232;re assez [[Bulldozer|direct]] pouvant &#234;tre ressenti comme tranchant, je ne mords pas &lt;small&gt;(tr&#232;s fort)&lt;/small&gt;. J'appr&#233;cie que l'on soit aussi direct envers moi, du moment que les critiques sont [[Argumentation|argument&#233;es]] et dirig&#233;es contre une action ou un comportement pr&#233;cis, je m'efforce de les prendre en compte.


{{clr}}
''We see the world not as it is, but as we are.'' &lt;small&gt;(Nous voyons le monde, non tel qu'il est, mais tel que nous sommes.)&lt;/small&gt;

----
[[/R&#233;flexions|R&#233;flexions]] | [[/Sous-page|Sous-page]] | [[m:user:Blinking Spirit|Meta]]

{{DEFAULTSORT:Esprit Fugace}}

[[de:Benutzer:Flimmergeist]]
[[en:User:Blinking Spirit]]</text>
      <sha1>7ztqhvrms0n1vsfotr7glrgsgu5014x</sha1>
      <model>wikitext</model>
      <format>text/x-wiki</format>
    </revision>
  </page>
