<page xmlns="http://www.mediawiki.org/xml/export-0.8/" xmlns:xsi="http://www.w3.org/2001/XMLSchema-instance">
    <title>Utilisateur:Papillus</title>
    <ns>2</ns>
    <id>98805</id>
    <revision>
      <id>81873321</id>
      <parentid>54919702</parentid>
      <timestamp>2012-08-13T16:39:58Z</timestamp>
      <contributor>
        <username>Papillus</username>
        <id>5102</id>
      </contributor>
      <text xml:space="preserve">Bonjour et bienvenue !
&lt;div style="position:absolute; z-index:100; right:10px; top:10px;" class="metadata" id="objet flottant"&gt;
&lt;div style="position: relative; width: {{{Taille|25}}}px; height: {{{Taille|25}}}px; overflow: hidden"&gt;
&lt;div style="position: absolute; top: 0px; left: 0px; font-size: 100px; overflow: hidden; line-height: 100px; z-index: 3; font-size:150pt;"&gt;[[{{{Lien|Wikip&#233;dia:Administrateur}}}|&lt;span title="Cet utilisateur est administrateur sur fr:Wikip&#233;dia"&gt;&amp;nbsp;&amp;nbsp;&amp;nbsp;&lt;/span&gt;]]&lt;/div&gt;
&lt;div style="position: absolute; top: 0px; left: 0px; z-index: 2"&gt;[[Image:Admin mop.PNG|{{{Taille|25}}}px|{{{Texte|Cet utilisateur est administrateur sur fr:Wikip&#233;dia}}}]]&lt;/div&gt;
&lt;/div&gt;
&lt;/div&gt;
{{Babel-1|fr}}

Pour me parler, [[Discussion Utilisateur:Papillus|allez l&#224;-bas]]

{{clr}}
{{Bo&#238;te Utilisateur|admin|France|F&#233;ministe|Religion/Ath&#233;e|Anti HADOPI2|NoAstrologie|NoBourse|nocorrida|antinucl&#233;aire|noOGM|Antipub|notabac|pro-IVG|r&#234;ve non commerce|jfk|Imp&#244;ts justes|Peine de mort|anti-CPE2|anti-LRU|Sympathisant Union syndicale Solidaires|firefox|Ubuntu|Projet/Syndicalisme|Projet/Universit&#233;|WikiSchtroumpf|sceptique envers les m&#233;decines douces}}


{{Mod&#232;le:Page personnelle}}

[[Cat&#233;gorie:Administrateur Wikip&#233;dia|Papillus]]</text>
      <sha1>6arhzxsgel99e5gpgby4h6now1sdpah</sha1>
      <model>wikitext</model>
      <format>text/x-wiki</format>
    </revision>
  </page>
