<page xmlns="http://www.mediawiki.org/xml/export-0.8/" xmlns:xsi="http://www.w3.org/2001/XMLSchema-instance">
    <title>Utilisateur:Tizeff</title>
    <ns>2</ns>
    <id>1820481</id>
    <revision>
      <id>98265882</id>
      <parentid>91711203</parentid>
      <timestamp>2013-11-11T17:02:58Z</timestamp>
      <contributor>
        <username>Tizeff</username>
        <id>273783</id>
      </contributor>
      <comment>wikibreak</comment>
      <text xml:space="preserve">
{{Wikibreak|message = Un '''wikibreak''' s'impose. Amusez-vous bien. Je reviens dans le temps qu'il faut habituellement au f&#251;t du canon pour refroidir.}}

&lt;!-- 

{{Utilisateur:Tizeff/Onglets}}

{{BUd&#233;but|texte=[[Wikip&#233;dia:Babel|Babel]]}}
{{Utilisateur fr}}
{{Utilisateur en-3}}
{{Utilisateur de-3}}
{{Utilisateur cs-1}}
{{BUbreak|texte=Et zaussi...}}
{{Utilisateur Wikip&#233;dia:Glyptodon}}
{{Parrain volontaire}}
{{Ex parrain&#233;|DocteurCosmos}}
{{Ex filleul|Burakumin}}
{{Parrain|Tryonisos}}
{{BUfin}}

Bonjour, 

On dit qu'un long discours vaut au moins autant qu'un long discours (surtout si c'est le m&#234;me). Voici donc en guise de pr&#233;sentation :

* un [http://pagesperso-orange.fr/alain.liscoet/barbara.htm texte] qui me parle, 
* un [http://www.marmiton.org/recettes/recette.cfm?num_recette=23797 dessert] qui me met l'eau &#224; la bouche et
* un [http://www.katzenbacherhof.de/ endroit] qui me manque un peu parfois.

Pour le reste, je dispose de relativement peu de temps en ce moment. Je me limite &#224; un peu de surveillance agr&#233;ment&#233;e d'ajouts ponctuels sur quelques articles &#224; droite et &#224; gauche... 

-------------------------

Allons voir ailleurs si j'y suis : [[:en:User:Tizeff|en]] - [[:de:Benutzer:Tizeff|de]] - [[:commons:User:Tizeff|commons]] - [[b:Utilisateur:Tizeff|Wikilivres]] - [[v:Utilisateur:Tizeff|Wikiversit&#233;]] - [[s:Utilisateur:Tizeff|Wikisource]]

-------------------------

"Ceux qui ne savent rien en savent toujours autant que ceux qui n'en savent pas plus qu'eux." (Pierre Dac)

{{clr}}
--&gt;</text>
      <sha1>1v4b61sva0fkdeub1m7u5ng1dpv7bmk</sha1>
      <model>wikitext</model>
      <format>text/x-wiki</format>
    </revision>
  </page>
