<page xmlns="http://www.mediawiki.org/xml/export-0.8/" xmlns:xsi="http://www.w3.org/2001/XMLSchema-instance">
    <title>Utilisateur:Emmanuel legrand</title>
    <ns>2</ns>
    <id>49277</id>
    <revision>
      <id>87716759</id>
      <parentid>80549350</parentid>
      <timestamp>2013-01-16T20:23:23Z</timestamp>
      <contributor>
        <username>Emmanuel legrand</username>
        <id>2034</id>
      </contributor>
      <minor/>
      <comment>de retour</comment>
      <text xml:space="preserve">{{Utilisateur Wikip&#233;dia:Date|ann&#233;e=2004|mois=1|jour=29|}}
{{clear}}{{Bo&#238;te Utilisateur|Wikip&#233;dia:Aurochs|Terre|habite France|fran&#231;ais soft|fr|en-1|es-1|ja-0|homme|1975|Informaticien|firefox|Ubuntu|Windows|Free|logiciels libres|pron&#233;taire|volleyball|tourisme|GO|manga|Wikipen|Wikitravel|WikiSchtroumpf|wikEd}}

==Moi==
* 37 ans
* [[paris]]ien depuis 14 ans
* [[physique|physicien]] de formation
* [[informaticien]] de profession
* initiateur &#8212; sans succ&#232;s &#8212; des [[wikipedia:wiki-club|wiki-club]]s

==En r&#233;sum&#233;==
[[terre|Terrien]], [[informaticien]], [[musicien]] (un peu &#8212; pourquoi c'est si dur le [[piano]] ?), [[scientifique]] (beaucoup), [[manga]]fan, [[BD]]vore, lanceur de [[boomerang]], [[volley| volleyeur]], [[course &#224; pied|coureur]], [[natation|nageur]], joueur de [[jeu de go|go]], [[parisien]] de naissance, [[amiens | ami&#233;nois]] de coeur, [[Sarthe (d&#233;partement)| sarthois]] d'affection.

==Sujets favoris==
les [[science]]s, les [[manga]]s, la vie en soci&#233;t&#233;...

==En cours==
===Relecture===
* [[Wikip&#233;dia:Atelier d'&#233;criture]]
* en cours : -
* termin&#233;es (plus r&#233;cent en premier) : [[Eau potable et assainissement au Maroc]], [[Vincent van Gogh]], [[Syndrome d'apn&#233;es du sommeil]], [[Incendie de l'H&#244;tel du Parlement &#224; Montr&#233;al]], [[Ljubljana]], [[cyclone tropical]], [[covoiturage]], [[IMac_aluminium]], [[Le Bal du rat mort]], [[r&#233;chauffement climatique]], [[Abbaye de C&#238;teaux]], [[Martin Luther King]], [[Battlestar Galactica (s&#233;rie t&#233;l&#233;vis&#233;e)]], [[Grambois]], [[Aborig&#232;nes de Ta&#239;wan]]

==Raccourcis==
*[[Wikip&#233;dia:Formules TeX]]
*[[utilisateur:emmanuel legrand/monobook.css|page de style monobook]]
*[[utilisateur:emmanuel legrand/monobook.js|script de style monobook]]
*[[utilisateur:emmanuel legrand/modern.css|page de style modern]]
*[[utilisateur:emmanuel legrand/modern.js|script de style modern]]
*[[Wikip&#233;dia:Mod&#232;les/Aides &#224; la r&#233;daction]]
*[[:Mod&#232;le:Citation bloc]]
*[[:Mod&#232;le:Nombre avec unit&#233;/Documentation]]
*[http://tools.wikimedia.de/~dab/jservlets/editcounter/ compteur d'&#233;ditions]
*[[Wikip&#233;dia:Conventions typographiques]]
*[[Wikip&#233;dia:Recommandations_sur_la_mise_en_forme_des_images]]
*[[:Mod&#232;le:Lien web]]</text>
      <sha1>8hwg4kctuj73mi9liu86it2elo7onqt</sha1>
      <model>wikitext</model>
      <format>text/x-wiki</format>
    </revision>
  </page>
