<page xmlns="http://www.mediawiki.org/xml/export-0.8/" xmlns:xsi="http://www.w3.org/2001/XMLSchema-instance">
    <title>Utilisateur:Patrick.charpiat</title>
    <ns>2</ns>
    <id>892458</id>
    <revision>
      <id>77401577</id>
      <parentid>75246632</parentid>
      <timestamp>2012-04-06T21:50:45Z</timestamp>
      <contributor>
        <username>Patrick.charpiat</username>
        <id>124864</id>
      </contributor>
      <comment>/* Toolbox */</comment>
      <text xml:space="preserve">&lt;br/&gt; 
{|align="right"
|[[Image:Assouste3.JPG|right|upright=1|thumb|'''[[Vall&#233;e d'Ossau]]''']]
|{{BoiteUtilisateur|Commons |habite France|Paris|}}{{babel-3|fr|en-3|es-1}}
|}
Bonjour et bienvenue sur ma page personnelle, je suis originaire du B&#233;arn et je r&#233;side &#224; Paris.

Contributeur &#233;go&#239;ste, je n'interviens pas beaucoup sur les sujets que je connais bien. Par contre, lorsque je ne trouve pas d'informations sur un th&#232;me qui me pr&#233;occupe, je me documente sur diverses sources, et quand j'ai fait mon petit tour, je r&#233;dige une synth&#232;se illustr&#233;e sur Wikip&#233;dia. &lt;br/&gt;
Pas de r&#232;gle fixe, ce peut &#234;tre un article assez complet ([[C&#233;ramique Mochica]], [[C&#233;ramique Chim&#250;]], [[Jardin d'Islam]]) ou bien une &#233;bauche &#224; compl&#232;ter dans le temps.

==Articles==
* Je suis attentif &#224; la formation des villes et du paysage avec un inter&#234;t particulier pour les sujets m&#233;connus ou peu document&#233;s ([[Plessage]], [[National Trust for Places of Historic Interest or Natural Beauty|National Trust]], [[Lina Bo Bardi]]).
* J'interviens dans les articles sur les [[Jardin public|jardins]], l'architecture, le paysage et le [[patrimoine industriel]] (plus particuli&#232;rement les sujets touchant &#224; la [[Ferronnerie|m&#233;tallurgie]]).
[[Fichier:Portc&#233;ram2.jpg|thumb|upright=1.2|'''[[Image:Portal.svg|20px]][[Portail:c&#233;ramique]]''']]
[[Fichier:Hortiportal.jpg|thumb|upright=1.2|'''[[Image:Portal.svg|20px]][[Portail:Hortip&#233;dia]]''']]
[[Fichier:portalpyr.jpg|thumb|upright=1.2|'''[[Image:Portal.svg|20px]][[Portail:Pyr&#233;n&#233;es-Atlantiques]]''']]
[[Fichier:portalpolar.jpg|thumb|upright=1.2|'''[[Image:Portal.svg|20px]][[Portail:Polar]]''']]
[[Fichier:Irishportal.jpg|thumb|upright=1.2|'''[[Image:Portal.svg|20px]][[Portail:Irlande]]''']]
[[Fichier:Madagascarportal.jpg|thumb|upright=1.2|'''[[Image:Portal.svg|20px]][[Portail:Madagascar]]''']]
* Je contribue &#224; divers articles concernant les Pyr&#233;n&#233;es Atlantiques et l'histoire de l'art du Moyen age. 
* J'ai mis en oeuvre le [[Image:Portal.svg|20px]] '''[[Portail:c&#233;ramique]]''' pour combler un vide (ce portail n'existe dans aucune autre langue !!). Vous &#234;tes cordialement invit&#233;s &#224; y participer.
* J'&#233;vite enfin comme la peste les articles pol&#233;miques qui attirent les fanatiques, vandales et pr&#233;dicateurs du wiki.

==Les images==
* J'alimente [[Commons]] en images pour les articles qui m'int&#233;ressent. [http://toolserver.org/~daniel/WikiSense/Gallery.php?wikifam=commons.wikimedia.org&amp;img_user_text=Patrick.charpiat En voici des &#233;chantillons.] &gt;&gt;&gt;&gt;&gt; [[Utilisateur:Patrick.charpiat/m&#233;diath&#232;que]]
* Un article non illustr&#233; ne "respire" pas. Pr&#233;sentation, mise en page et agr&#233;ment de lecture sont aussi importants que le contenu des articles (vaste d&#233;bat!) et j'essaye donc de trouver les illustrations les plus pertinentes, en les corrigeant si n&#233;cessaire.
* Quelques bandeaux de portails, quand &#231;a me prend et que je les trouve trop tristes. &gt;&gt;&gt;&gt;&gt;&gt;&gt;

==Quelques contributions==
* [[Image:Portal.svg|20px]][[Portail:C&#233;ramique]]
** [[Porcelaine Noritake]], [[Poterie d'accolay]], [[Fours &#224; bois (c&#233;ramique)|Fours &#224; bois]], [[Majolique]], [[C&#233;ramique Fat Lava]]
** [[C&#233;ramique mochica]], [[C&#233;ramique chim&#250;]], [[C&#233;ramique cupisnique]]
** [[C&#233;ramique d'Afrique subsaharienne]]
** [[Louis Lourioux]], [[Francine Del Pierre]], [[Fa&#239;ence de Choisy-le-Roi]], [[Fa&#239;ence de Creil-Montereau]]

* [[patrimoine industriel]] 
** [[Ferronnerie]]
** [[Forges de Pesmes]], [[Forges de Rans]]
** [[Centrale hydro-&#233;olienne]], [[Micropieux]]

* [[Jardin public]]
** [[Bois de Vincennes]], [[Jardin tropical de Paris]], [[Parc floral de Paris]]
** [[Parc]], [[Jardin anglais]], [[Jardin fran&#231;ais]], [[Jardin d'Islam]] 
** [[Plessage]], [[Murs &#224; p&#234;ches]]
** [[National Trust for Places of Historic Interest or Natural Beauty|National Trust]], [[Eden Project]]

* [[Maison b&#233;arnaise]]
** [[Eaux-Bonnes]] et les villages de cette commune ([[Aas]], [[Assouste]], [[Gourette]])
** [[La Fert&#233;-Loupi&#232;re]], [[&#201;glise de Saint-Lothain|Saint-Lothain]], [[Mutigney]]

* [[Danse macabre]]
* [[Diorama]]

* [[Maisons industrialis&#233;es &#224; Meudon]]
* [[Maison carr&#233;e d'Arlac]]

==Toolbox==
* [[/brouillon]]
* [[/brouillon2]]
* [[Wikip&#233;dia:Requ&#234;te aux administrateurs]]
* Creation de graphiques avec Timeline: [[Aide:Frise chronologique]]
* [http://ploticus.sourceforge.net/doc/color.html Carte des noms de couleurs] - [http://eepc.fr/idees/couleur.htm codage couleur hexa]
* [[Wikip&#233;dia:Prise de d&#233;cision/Exceptions &#224; l'interdiction du fair-use]]
* [[Wikip&#233;dia:Pages &#224; supprimer]]
* [[Pr&#233;histoire de Malte]] sommaire &#224; droite
* [http://tools.wikimedia.de/~magnus/commonshelper.php Move-to-commons assistant]
* [http://stats.grok.se/fr/200905/Pal%C3%A9oanthropologie Statistiques article]
* [http://ceramic-signatures.com/index.php?id_page=1441 Collection c&#233;ramiques]
* [[Utilisateur:N@ldo]] Tous les drapeaux!
* [http://www.google.fr/imgres?imgurl=http://lh6.ggpht.com/-UjbmRtD_fQc/TId9OoKMhNI/AAAAAAAAC5E/YQtMf6VR9FA/MetenierGilbert.jpg&amp;imgrefurl=http://picasaweb.google.com/114503285167013986801/BackstampsNamesFamilyOrGeographic&amp;usg=__bioPLacyVBZ0Kgc2f_k8B2Tq2Es=&amp;h=400&amp;w=400&amp;sz=32&amp;hl=fr&amp;start=129&amp;zoom=1&amp;tbnid=EtB7BnxACz4fqM:&amp;tbnh=124&amp;tbnw=124&amp;ei=ZZRiTrysPLT44QSB9KmhCg&amp;prev=/search%3Fq%3Dgilbert%2Bmetenier%26start%3D126%26hl%3Dfr%26client%3Dsafari%26sa%3DN%26rls%3Den%26tbm%3Disch%26prmd%3Divnso&amp;itbs=1 signatures c&#233;ramiques]
* Liste des sites de stockage de d&#233;chets radioactifs
[[Fichier:Bouncywikilogo.gif|right]]
* mise en page images
** '''Taille de r&#233;f&#233;rence du Thumb standard = (r&#233;solution d'&#233;cran-250 ) divis&#233; par 4.'''&lt;br/&gt;
Il faut r&#233;gler cette valeur dans les ''pr&#233;f&#233;rences'' de chaque utilisateur, onglet ''fichier''.&lt;br/&gt; 
On obtient ainsi pour un &#233;cran de 1280 pixels une valeur de 250px, pour un &#233;cran de 1600 pixels une valeur de 300px et de 150 pour un &#233;cran de 800 points. etc...&lt;br/&gt;
En respectant ces valeurs, les mises en pages restent constantes quelles que soient les r&#233;solutions d'&#233;crans.

{|align="center"
|[[File:Moche portrait ceramic Quai Branly 71.1930.19.162 n2.jpg |thumb|upright=.3| ]]
|[[Image:Generalife4.JPG |thumb|upright=.5| ]]
|[[Image:arlac4.JPG|thumb|upright=.7| ]]
|[[Image:Moulinspantin1.JPG |thumb|upright=.9| ]]
|}
{{clear}}</text>
      <sha1>argl0in4wp809smkvvifxxawy7310hk</sha1>
      <model>wikitext</model>
      <format>text/x-wiki</format>
    </revision>
  </page>
