<page xmlns="http://www.mediawiki.org/xml/export-0.8/" xmlns:xsi="http://www.w3.org/2001/XMLSchema-instance">
    <title>Utilisateur:Akeron</title>
    <ns>2</ns>
    <id>1207581</id>
    <revision>
      <id>100805898</id>
      <parentid>99742790</parentid>
      <timestamp>2014-02-01T13:31:12Z</timestamp>
      <contributor>
        <username>Akeron</username>
        <id>177792</id>
      </contributor>
      <comment>/* Maintenance */</comment>
      <text xml:space="preserve">&lt;div style="float:right;text-align:center;border:#80b0e0 1px solid;background-color:#fff"&gt;
 &lt;div style="background-color:#80B0E0;color:white;font-size:200%;padding:2px"&gt;Ak&#233;ron&lt;/div&gt;
 &lt;div style="padding:2px"&gt;[[Fichier:Ach&#233;ron.JPG|300px]]&lt;/div&gt;
 &lt;div style="font-size:75%"&gt;L'[[Ach&#233;ron]] en [[&#201;pire]].&lt;/div&gt;
&lt;/div&gt;
{{Admin mop}}
==Maintenance==

* {{u|Blockbot}} : blocage de [[WP:PROXY|proxys ouverts]].
* {{u|FBot}}, comparaison des historiques sur [[Wikip&#233;dia:Demande de fusion d'historiques|Demande de fusion d'historiques]] et [[Wikip&#233;dia:Pages &#224; fusionner|Pages &#224; fusionner]].
* {{u|AkeronBot}}, mise &#224; jour de pages de maintenance, t&#226;ches ponctuelles.
** [[Wikip&#233;dia:AbuseFilter/Modifications bloqu&#233;es]]
** [[Wikip&#233;dia:AbuseFilter/Conditions utilis&#233;es]]
** [[Wikip&#233;dia:AbuseFilter/Activit&#233;]]
** [[Projet:Articles courts]] - [[WP:AC|AC]]
** [[Wikip&#233;dia:Liste grise]]
** [[Wikip&#233;dia:Liste de Wikip&#233;diens par nombre d'&#233;ditions|Liste de Wikip&#233;diens par nombre d'&#233;ditions]] - [[WP:WNE|WNE]]
** [[Utilisateur:AkeronBot/Suivi exemple|Suivi des exemples]], bac &#224; sable (B&#224;S)
* [[Wikip&#233;dia:R&#233;partition des adresses IP par pays|R&#233;partition des adresses IP par pays]]
* &lt;small&gt;[[Utilisateur:Akeron/Liste des raccourcis par pages li&#233;es|Liste des raccourcis par pages li&#233;es]]&lt;/small&gt;

==Liens utiles==
* [http://wikiscan.org Wikiscan]
* [[Wikip&#233;dia:Le Bistro|Le Bistro]] - [[WP:LB|LB]]
* [[Wikip&#233;dia:Bulletin des administrateurs|Bulletin des administrateurs]] - [[WP:BA|BA]]
* [[Wikip&#233;dia:Annonces|Annonces]] - [[WP:A|A]]
* [[Wikip&#233;dia:Pages &#224; supprimer|Pages &#224; supprimer]] - [[WP:P&#224;S|P&#224;S]]
* [[Wikip&#233;dia:Accueil de la communaut&#233;|Accueil de la communaut&#233;]]
* [[Aide:Sommaire|Sommaire de l'aide]] - [[WP:AIDE|AIDE]]
* [[Wikip&#233;dia:Requ&#234;te aux administrateurs|Requ&#234;tes aux administrateurs]] - [[WP:RA|RA]]
** [[Wikip&#233;dia:Demande de suppression imm&#233;diate|Demande de suppression imm&#233;diate]] - [[WP:SI|SI]]
** [[Wikip&#233;dia:Vandalisme en cours|Vandalisme en cours]] - [[WP:VC|VC]]
** [[Wikip&#233;dia:Demande de renommage|Demande de renommage]] - [[WP:DR|DR]]
** [[Wikip&#233;dia:Demande de restauration de page|Demande de restauration de page]] - [[WP:DRP|DRP]]
** [[Wikip&#233;dia:Demande d'intervention sur une page prot&#233;g&#233;e|Demande d'intervention sur une page prot&#233;g&#233;e]] - [[WP:DIPP|DIPP]]
* [[Wikip&#233;dia:Candidature au statut d'administrateur|Candidatures au statut d'administrateur]] - [[WP:RfA|RfA]]
* [[Wikip&#233;dia:Comit&#233;_d'arbitrage/Arbitrage|Arbitrages]] - [[WP:CAr|CAr]]
* [[:Cat&#233;gorie:Espace Mod&#232;le|Mod&#232;les]]
* [[mw:|MediaWiki]]
* [//fr.wikipedia.org/w/api.php api.php]
;Mod&#232;les
* [[mod&#232;le:RCcopyvio|&lt;nowiki&gt;{{subst:RCcopyvio||}}~~~~&lt;/nowiki&gt;]]
* [[mod&#232;le:Cr&#233;ation supprim&#233;e|&#8206;&lt;nowiki&gt;{{subst:Cr&#233;ation supprim&#233;e|&#8206;}}~~~~&lt;/nowiki&gt;]]


* [[Utilisateur:Akeron/Test|Brouillon perso]]

==R&#232;gles==

Quelques r&#232;gles, recommandations et pages utiles.

*[[Aide:Tout l'indispensable|Tout l'indispensable]]

*[[Wikip&#233;dia:Principes fondateurs|Principes fondateurs]] - [[WP:PF|PF]]

* [[Wikip&#233;dia:V&#233;rifiabilit&#233;|V&#233;rifiabilit&#233;]] - [[WP:V|V]]
* [[Wikip&#233;dia:Pertinence|Pertinence]] - [[WP:P|P]]
* [[Wikip&#233;dia:Travaux in&#233;dits|Travaux in&#233;dits]] - [[WP:TI|TI]]
* [[Wikip&#233;dia:Neutralit&#233; de point de vue|Neutralit&#233; de point de vue]] - [[WP:NPOV|NPOV]]
* [[Wikip&#233;dia:Esprit de non-violence|Esprit de non-violence]] - [[WP:EdNV|EdNV]]

* {{en}} [[:en:Wikipedia:Identifying reliable sources|Identifying reliable sources]] - [[:en:WP:RS|RS]]
* {{en}} [[:en:WP:UNDUE|Due and undue weight]] - [[:en:WP:UNDUE|UNDUE]]
* {{en}} [[:en:Wikipedia:Fringe theories|Fringe theories]] - [[:en:WP:FRINGE|FRINGE]]
* {{en}} [[:en:Wikipedia:Conflict of interest|Conflict of interest]] - [[:en:WP:COI|COI]]
* {{en}} [[:en:Wikipedia:Identifying reliable sources (medicine-related articles)|Identifying reliable sources (medicine-related articles)]] - [[:en:WP:MEDRS|MEDRS]]
* {{en}} [[:en:Wikipedia:Gaming the system|Gaming the system]] - [[:en:WP:GAME|GAME]]
* {{en}} [[:en:Wikipedia:Neutral point of view/FAQ|Neutral point of view/FAQ]]

* [[Wikip&#233;dia:Ce que Wikip&#233;dia n'est pas|Ce que Wikip&#233;dia n'est pas]] - [[WP:NOT|NOT]]
* [[Wikip&#233;dia:N'h&#233;sitez pas !|N'h&#233;sitez pas !]] - [[WP:BOLD|BOLD]]
* [[Wikip&#233;dia:Citez vos sources|Citez vos sources]] - [[WP:CITE|CITE]]
* [[Wikip&#233;dia:Article bien sourc&#233;|Article bien sourc&#233;]] - [[WP:ABS]]
* [[Wikip&#233;dia:Pas d'attaque personnelle|Pas d'attaque personnelle]] - [[WP:PAP]]
* [[Wikip&#233;dia:Conventions sur les titres|Conventions sur les titres]] - [[WP:TITRE|TITRE]]
* [[Wikip&#233;dia:Contenu &#233;vasif|Contenu &#233;vasif]] - [[WP:CE|CE]]
* [[Wikip&#233;dia:Ne pas d&#233;sorganiser Wikip&#233;dia pour une argumentation personnelle|Ne pas d&#233;sorganiser Wikip&#233;dia pour une argumentation personnelle]] - [[WP:POINT|POINT]]
* [[Wikip&#233;dia:Crit&#232;res d'admissibilit&#233; des articles|Crit&#232;res d'admissibilit&#233; des articles]] - [[WP:CAA|CAA]]
* [[Wikipedia:Liens externes|Liens externes]] - [[WP:LE|LE]]
* [[Wikip&#233;dia:Style encyclop&#233;dique|Style encyclop&#233;dique]] - [[WP:STYLE|STYLE]]
* [[Wikip&#233;dia:R&#233;sum&#233; introductif|R&#233;sum&#233; introductif]] - [[WP:INTRO]]

* [[Aide:Faux-pas les plus courants]]
* [[Aide:FAQ]]
* [[Aide:Jargon]]
* [[Wikip&#233;dia:R&#233;ponses aux objections habituelles]]
* [[Utilisateur:David.Monniaux/Wikipedia n'est pas USENET|Wikipedia n'est pas USENET]]
* {{en}} [[:en:User:Antandrus/observations on Wikipedia behavior|Observations on Wikipedia behavior]] - [[:en:WP:OWB|OWB]] ([[Utilisateur:RamaR/Observations d'Antandrus sur la conduite wikip&#233;dienne|traduction fran&#231;aise]])

* [[Wikip&#233;dia:R&#232;gles]]
* [[:Cat&#233;gorie:R&#232;gle officielle de Wikip&#233;dia]]
* [[:Cat&#233;gorie:Recommandation sur Wikip&#233;dia]]

&lt;!-- ID md5 pour confirmation en cas d'usurpation : 2e456bc00ebb3cba999acdbe28d332f2 --&gt;

[[Cat&#233;gorie:Administrateur Wikip&#233;dia]]

[[en:User:Akeron]]</text>
      <sha1>s7jbnvm5kgf989nfieapj1qcr4bjory</sha1>
      <model>wikitext</model>
      <format>text/x-wiki</format>
    </revision>
  </page>
