<page xmlns="http://www.mediawiki.org/xml/export-0.8/" xmlns:xsi="http://www.w3.org/2001/XMLSchema-instance">
    <title>Utilisateur:Dujo</title>
    <ns>2</ns>
    <id>6660031</id>
    <revision>
      <id>84411521</id>
      <parentid>84411464</parentid>
      <timestamp>2012-10-21T20:25:07Z</timestamp>
      <contributor>
        <username>Dujo</username>
        <id>3100</id>
      </contributor>
      <comment>R&#233;sum&#233; automatique : blanchiment.</comment>
      <text xml:space="preserve"/>
      <sha1>phoiac9h4m842xq45sp7s6u21eteeq1</sha1>
      <model>wikitext</model>
      <format>text/x-wiki</format>
    </revision>
  </page>
