<page xmlns="http://www.mediawiki.org/xml/export-0.8/" xmlns:xsi="http://www.w3.org/2001/XMLSchema-instance">
    <title>Utilisateur:Salebot</title>
    <ns>2</ns>
    <id>1143168</id>
    <revision>
      <id>101040594</id>
      <parentid>101040588</parentid>
      <timestamp>2014-02-08T16:38:24Z</timestamp>
      <contributor>
        <username>Salebot</username>
        <id>173239</id>
      </contributor>
      <comment>bot : r&#233;vocation de [[Special:Contributions/82.255.77.180|82.255.77.180]] (modification suspecte : -101), retour &#224; la version 100919015 de Salebot</comment>
      <text xml:space="preserve">{{bo&#238;te utilisateur|bot|Projet/Maintenance|vandalisme}}{{Bot|Gribeco|masqu&#233;=1|autoris&#233;=8 novembre 2007}}
&lt;div style="width:50%; text-align:center;padding:1em;background-color:#FFF0F0;border-color:#FF0000;border:solid red 1px;"&gt;
&lt;center&gt;'''ATTENTION : BOT M&#201;CHANT'''&lt;br/&gt;
[[File:Salebot.png|120px]]&lt;br /&gt;
Ce bot ne respecte pas les [[trois lois de la robotique]].&lt;br/&gt;Vandales : passez votre chemin et ne touchez pas &#224; cette page !
&lt;/div&gt;


'''Salebot''' est un [[Wikip&#233;dia:Bot|bot]] construit pour nettoyer le [[WP:VAND|vandalisme]] sur les pages de [http://www.wikipedia.org Wikipedia]. Il est en service depuis le 21 octobre 2007, et r&#233;voque environ 200 modifications par jour (soit environ {{unit&#233;|6000|}} par mois).

Son dresseur est [[Utilisateur:Gribeco|Gribeco]].

== Fonctionnement ==
Salebot suit les modifications r&#233;centes (via [[Internet Relay Chat|IRC]]). Lorsqu'il voit une modification faite par une IP ou un participant r&#233;cemment inscrit, il regarde ce qui a chang&#233; (le [[diff]]), et le compare &#224; un dictionnaire d'expressions (mots, phrases, [[expression rationnelle|expressions rationnelles]]), chacune &#233;tant accompagn&#233;e d'un score. Si le total d&#233;passe un certain seuil, le bot r&#233;voque automatiquement la modification.

Le bot poss&#232;de une fonction d'apprentissage qui fait varier le seuil de r&#233;vocation en fonction des modifications pass&#233;es de l'utilisateur, et des r&#233;vocations faites par d'autres personnes.

Le bot est conforme &#224; la &#8220;1RR&#8221; (''1-revert rule'' ou &#171; r&#232;gle de l'unique r&#233;vocation &#187;) des bots de Wikip&#233;dia en anglais : il ne r&#233;voque pas le m&#234;me participant sur le m&#234;me article deux fois. Le bot peut ignorer cette r&#232;gle si:
*Un utilisateur exp&#233;riment&#233; a lui aussi r&#233;voqu&#233; ce participant r&#233;cemment. 
*Pour quelques pages sensibles, comme celle-ci.  

On ne doit pas oublier que tout robot informatique qui est dot&#233; d'une intelligence artificielle peut &#234;tre programm&#233; et reprogramm&#233; par un humain.  Ceci dit, l'humain est, en fait, la personne qui r&#233;voque les modifications. 
 
Salebot a obtenu son statut de bot le 8 novembre 2007. Il tourne avec le ''bot flag'' depuis le 21 mars 2009, mais n'utilise pas ce ''flag'' pour ses r&#233;vocations/blanchiments, ce qui permet de les voir dans la liste des modifications r&#233;centes.

Salebot est h&#233;berg&#233; sur [https://labsconsole.wikimedia.org/wiki/Main_Page Wikimedia Labs] depuis le 3 octobre 2012.

Salebot est &#233;galement actif sur [[:pt:Usu&#225;rio:Salebot|Wikip&#233;dia en portugais]].

== Statut ==
* [http://icinga.wmflabs.org/cgi-bin/icinga/extinfo.cgi?type=1&amp;host=bots-salebot.pmtpa.wmflabs &#201;tat de l'instance]
* [http://icinga.wmflabs.org/cgi-bin/icinga/status.cgi?hostgroup=bots&amp;style=detail &#201;tat des serveurs]

== Arr&#234;t d'urgence ==
{{Arr&#234;t d'urgence pour bot}}

== Sous-pages ==
* [[User:Salebot/Commandes IRC]]
* [[User:Salebot/Bandeau vandalisme]]
* [[User:Salebot/Bandeau erreur]]
* [[Utilisateur:Salebot/Bandeau suppression]]
* [[Utilisateur:Salebot/Bandeau re-cr&#233;ation]]
* [[User:Salebot/Config]]
* [[User:Salebot/Journal]]
* [[User:Salebot/Journal/Modifications suspectes]]
* [[User:Salebot/Test]]
* [[User:Salebot/Test accentu&#233;]]
* [[User:Salebot/Blanchiment]]
* [[User:Salebot/&#192; faire]]

== Voir aussi ==
* [http://toolserver.org/~gribeco/stats-vandalism.php Statistiques du vandalisme sur Wikip&#233;dia] (contient un graphe montrant l'activit&#233; de Salebot mois-par-mois)
* [[:en:Wikipedia:WikiProject Vandalism studies]]
* Autres bots:
** [[:en:User:AntiVandalBot]] (ancien)
** [[:en:User:ClueBot]]
** [[:en:User:VoABot II]] (en service)
** [[:en:User:MartinBot]] (hors service)
** [[:en:User:AntiAbuseBot]] (adminbot)
** [[:es:Usuario:AVBOT]]
* [http://tools.wikimedia.de/~gribeco/cgi-bin/top-revert.cgi?count=10 Les dix r&#233;vocateurs les plus actifs de Wikip&#233;dia]
* [http://fisheye.toolserver.org/browse/gribeco/salebot2 Code source]
** [[:meta:User:Pathoschild/RC feed]] explique comment analyser le feed RC sur irc.wikimedia.org

== Salebot dans les m&#233;dias ==
* ''Inside Wikip&#233;dia #5 : Sous haute surveillance'' sur ecrans.fr (Lib&#233;ration.) : http://www.ecrans.fr/Inside-Wikipedia-5-Sous-haute,4770.html
* '&#171;Chez Wikip&#233;dia, tout est autor&#233;gul&#233;&#187;  sur 'La Tribune de Gen&#232;ve'' : http://www.tdg.ch/actu/hi-tech/wikipedia-autoregule-2009-03-18
* Agoravox : http://www.agoravox.fr/actualites/technologies/article/wikipedia-dans-le-hyper-texte-59466
* lemonde.fr : http://bugbrother.blog.lemonde.fr/2009/08/13/lelysee-et-linterieur-caviardent-wikipedia/
* Webmarketing-com.com : http://www.webmarketing-com.com/2009/08/27/4893-wikipedia-ou-la-nouvelle-propagande
* ''Wikip&#233;dia, bulle de savants'' sur ecrans.fr (Lib&#233;ration) : http://www.ecrans.fr/Wikipedia-bulle-de-savants,11767.html
* ''Wikip&#233;dia a dix ans'', 20minutes.fr : http://www.20minutes.fr/article/652810/web-wikipedia-dix-ans
* ''Uma enciclop&#233;dia sem &#250;ltima p&#225;gina'' sur ''Di&#225;rio de Not&#237;cias'' : http://www.dn.pt/gente/interior.aspx?content_id=1757938&amp;page=2

== T&#233;moignages ==
 
Merci [[user:Salebot|Salebot]], parce que sans toi....

Merci beaucoup [[user:Salebot|Salebot]] pour ta vigilance et ton intervention quasi-instantan&#233;e suite au vandalisme sur l'article M&#232;re T&#233;r&#233;sa !  J'ai remarqu&#233; que le site anglais de Mother Teresa &#233;tait tr&#232;s souvent vandalis&#233;.  
La plupart du temps le vandalisme est anonyme. Ne peut-on pas sur cet article, r&#233;server les modifications seulement aux inscrits &#224; Wikipedia. Cela limiterait le vandalisme.
Salutations de [[user:Calysto|Calysto]] 

Merci pour ta r&#233;paration quasi-instantan&#233;e ! [[user:Yohann|Yohann]] 15 mars 2008 &#224; 22:19

Tr&#232;s beau travail de nettoyage, chaque fois rapide, efficace et pertinent, aussi bien pour les articles que pour les pages de pr&#233;sentation personnelle. ([[Utilisateur:jlt69006|jlt69006]] 24 janvier 2008 &#224; 20:59 (CET))

Je voulais juste te f&#233;liciter : Cela fait trois fois que je me fais griller sur le fil des RC par ta cr&#233;ature. $

D&#233;finitivement, [[user:Salebot|Salebot]] est plus efficace que [[user:Inisheer|Inisheer]] et [[user:Esprit Fugace|Esprit Fugace]] r&#233;unies, bravo ! [[Utilisateur:Nicolas Ray|Nicolas Ray]] 5 novembre 2007 &#224; 19:48 (CET)

Son &#233;quivalent sur :en est pas mal non plus : [[:en:User:AntiVandalBot]].[[Utilisateur:Barraki|Barraki]] &lt;small&gt;&lt;small&gt;''[[Discussion Utilisateur:Barraki|Retiens ton souffle!]]''&lt;/small&gt;&lt;/small&gt; 8 novembre 2007 &#224; 16:38 (CET)

+1, f&#233;licitations, ce bot est vraiment efficace en RC. [[Utilisateur:Punx|GyPSy]] 21 novembre 2007 &#224; 19:43 (CET)

En trois syllabes : Re-dou-table ! Bravo pour cet auxiliaire inesp&#233;r&#233; et efficace ! [[Utilisateur:C&#233;r&#233;ales Killer|&#169;&#233;r&#233;ales Kille&#174;]] &amp;#124; [[Discussion Utilisateur:C&#233;r&#233;ales Killer/novembre 2007|&lt;small&gt;''Speak to me''&lt;/small&gt;]][[The Dark Side of the Moon|*]] &amp;#124; en ce 22 novembre 2007 &#224; 19:28 (CET)


Toutes mes f&#233;licitations &#224; Salebot (et aussi &#224; son dresseur) qui a revert&#233; dans la minute le vandalisme de ma page perso. Je suis moins efficace, il m&#8217;a fallu plus d&#8217;une journ&#233;e pour m&#8217;en rendre compte--[[Utilisateur:Hamelin de Guettelet| &#8226; '''''Hamelin''''' ]] &lt;sup&gt;&lt;small&gt; &amp;#91;[[Discussion Utilisateur:Hamelin de Guettelet|de Guettelet]]&amp;#93;&lt;/small&gt;&lt;/sup&gt; &#8226; 29 novembre 2007 &#224; 00:00 (CET)

Tiens, Salebot, 2 litres d'huile &#224; ta sant&#233; ;D [[Utilisateur:Alvaro|Alvar&lt;small&gt;&#9774;&lt;/small&gt;]]  [[Discussion Utilisateur:Alvaro|&#9997;]] 29 novembre 2007 &#224; 16:59 (CET)

Bravo pour ton absence de scrupules ! [[Utilisateur:DocteurCosmos|DocteurCosmos]] - [[Discussion Utilisateur:DocteurCosmos|&#9993;]] 29 novembre 2007 &#224; 18:09 (CET)

Bravo et merci pour le temps qu'on y gagne sur LiveRC, notamment par un "marquage" plus rapide de certains vandales (souvent d&#232;s le 1er vandalisme). [[Utilisateur:Wanderer999|Wanderer999]] &lt;sup&gt;&lt;small&gt;&amp;#91;[[Discussion Utilisateur:Wanderer999|Me parler]]&amp;#93;&lt;/small&gt;&lt;/sup&gt; 5 d&#233;cembre 2007 &#224; 04:53 (CET)

J'en ais marre de me faire grill&#233;e sur RC depuis des semaines, et je te pr&#233;viens salebot, si tu ne change pas de comportement d'ici l&#224;, attends toi &#224; conna&#238;tre le m&#234;me destin que les radars automatiques sur les routes fran&#231;aises. Nous savons o&#249; tu habites, o&#249; tes enfants vont se faire programmer, o&#249; ta femme-bot ach&#232;te son huile. La vie est courte.[[User:Lilyu|Lilyu]] ([[User talk:Lilyu|d]]) 29 d&#233;cembre 2007 &#224; 16:47 (CET)

Moins d'une minute pour rep&#233;rer et reverter &#171; trou du cul du monde dont tout le monde s'en fout &#187; dans [[Nombre d'or]], &#231;a m&#233;rite le respect ! Je ne sais pas comment &#231;a marche mais c'est dr&#244;lement efficace. --[[User:Yelkrokoyade|Yelkrokoyade]] ([[User talk:Yelkrokoyade|d]]) 29 janvier 2008 &#224; 20:50 (CET)

Bravo bravo. Il est vrai que les vandales cassent vraiment les pieds. Vivent les bots et salebot!--[[User:Ivanoff|Ivanoff]] ([[User talk:Ivanoff|d]]) 21 f&#233;vrier 2008 &#224; 20:01 (CET)

{{R&#233;compense|Robot laurier.svg|Pour te remercier de la cr&#233;ation de [[Utilisateur:Salebot|Salebot]], devenu indispensable dans la lutte contre le vandalisme d&#232;s son premier mois de vie.&lt;br&gt;&lt;small&gt; --[[Utilisateur:Grook_Da_Oger|Grook]] [[Utilisateur:Grook_Da_Oger/Mes contributions|Da]] [[Discussion utilisateur:Grook_Da_Oger|&lt;small&gt;&lt;sup&gt;Oger&lt;/sup&gt;&lt;/small&gt;]] 6 d&#233;cembre 2007 &#224; 19:57 (CET)&lt;/small&gt; }}


super! dommage qu'on ne voit pas les dates en secondes, car c'est dans la minute ou le vandale frappe que le bot contre frappe!!--[[User:Michco|Michco]] ([[User talk:Michco|d]]) 25 f&#233;vrier 2008 &#224; 19:28 (CET)

Salebot, j'ai pu de maintes fois observer ton travail et tes interventions sont vitales pour Wikip&#233;dia ! Merci l'auteur ; un grand bravo. [[User:Bobcloclimar|bobcloclimar]] ([[User talk:Bobcloclimar|d]]) 9 mars 2008 &#224; 20:41 (CET)

Merci pour la cr&#233;ation de Salebot, il fait gagner du temps aux Wikip&#233;diens. [[Utilisateur:Vi..Cult...|Vi..Cult...]] ([[Discussion Utilisateur:Vi..Cult...|discuter]]) 11 mars 2008 &#224; 18:47 (CET)

Je viens de d&#233;couvrir ton travail, sur une page que je suis plus ou moins. Bravo !! --[[Utilisateur:Tchai|Tchai]] 29 avril 2008 &#224; 17:01 (CEST)

Salebot, t'es vraiment un sale robot pour les vandales, et de plus tu laisse que des miettes aux patrouilleurs, on pourrait presque prendre des vacances avec toi {{clin}} --[[Utilisateur:Garfieldairlines|Garfieldairlines]][[User Talk:Garfieldairlines|&lt;sup style="color:darkorange"&gt;M'&#233;crire&lt;/sup&gt;]] 14 juin 2008 &#224; 19:33 (CEST)

Si tu savais comment tu nous es utile... c'est vrai que parfois tu me fais rager quand tu d&#233;fais une modification avant moi... ... mais c'est la vie! Bref, on t'aime! {{clin}} &lt;font face="Kristen ITC"&gt;[[User:Felixggenest|&lt;font color="#000000"&gt;F&#233;lix&lt;/font&gt;]][[Special:Contributions/Felixggenest|&lt;font color="#259952"&gt;g&lt;/font&gt;]][[Discussion Utilisateur:Felixggenest|&lt;font color="#000000"&gt;genest&lt;/font&gt;]]&lt;/font&gt; 15 juin 2008 &#224; 22:42 (CEST)

F&#233;licitations pour ta rapidit&#233; d'action sur l'article [[Kurt Cobain]]--[[Utilisateur:Scarthumb|Scarthumb]] ([[Discussion_Utilisateur:Scarthumb|SAV&#9993;]]) 31 juillet 2008 &#224; 21:01 (CEST)

{{R&#233;compense|Robot laurier.svg|Parce qu'apr&#232;s le pain grill&#233;, salebot est l'une des meilleures inventions que l'humanit&#233; ait connue.&lt;br&gt; Bon, j'exag&#232;re un peu.  Probablement avant le pain grill&#233;.&lt;br&gt;&lt;small&gt;- [[Utilisateur:Bor&#233;al|Bor&#233;al]]  [[Discussion utilisateur:Bor&#233;al| (:-D) ]] 8 ao&#251;t 2008 &#224; 17:31 (CEST)&lt;/small&gt; }}

Bon, j'ai pos&#233; tellement de questions &#224; Gribeco, sur l'[[irc:vandalism-fr-wp|IRC]], donc &#231;a y est, f&#233;licitations pour ton robot tr&#232;s int&#233;ressant qui fait un superbe boulot. &#192; + --[[Utilisateur:ELFIX|E&lt;span style="font-size: 75%;"&gt;LFIX&lt;/span&gt;]] ([[User Talk:Elfix|Discuter]]) 28 ao&#251;t 2008 &#224; 15:44 (CEST)

M'a l'air sacr&#233;ment efficace ce bot. Proficiat ! [[User:FvdP|FvdP]] ([[User talk:FvdP|d]]) 16 septembre 2008 &#224; 20:26 (CEST)

Super !!! Tr&#232;s efficace et rapide !!! D&#8217;une grande utilit&#233; pour le site.--[[User:Fm790|Fm790]] ([[User talk:Fm790|d]]) 28 septembre 2008 &#224; 18:53 (CEST)

Merci. [[Utilisateur:Fred.marchalon | Fred.marchalon]] &lt;small&gt;[[Discussion_Utilisateur:Fred.marchalon |(PdD)]]&lt;/small&gt; 3 octobre 2008 &#224; 20:50 (CEST)

Un grand merci, Salebot ! Moins d'une minute pour r&#233;parer le vandalisme commis sur l'article iPod Touch ! [[User:Manutaust|Manutaust]] ([[User talk:Manutaust|d]]) 11 octobre 2008 &#224; 11:16 (CEST)
----
{{Bon anniversaire|Salebot}}
Bon anniversaire, sale machine ! --[[Utilisateur:Lilyu|Lilyu]] ([[Discussion Utilisateur:Lilyu|R&#233;pondre]]) 22 octobre 2008 &#224; 06:47 (CEST)

Du grand art [http://fr.wikipedia.org/w/index.php?title=Philippe_P%C3%A9tain&amp;diff=35734055&amp;oldid=35699474] ! En plus c'est tr&#232;s reposant de voir faire la petite merveille. Qu'est-ce qui lui ferait plaisir pour No&#235;l ? [[user:Daniel*D|Daniel*D]] 30 novembre 2008 &#224; 19:55 (CET)

Tr&#232;s impressionn&#233;e par la r&#233;vocation de vandalisme sur biomasse[http://fr.wikipedia.org/w/index.php?title=Biomasse&amp;curid=1481496&amp;diff=36995443&amp;oldid=34522143] ! Faudrait que je relise ton code source pour voir comment tu fais &#231;a. [[User:L&#233;na|L&#233;na]] ([[User talk:L&#233;na|d]]) 12 janvier 2009 &#224; 17:17 (CET)

Salebot, tu fais des merveilles sur [[Georg Friedrich Haendel]]. Un grand merci. Les vandales n'ont qu'&#224; bien se tenir. [[User:Ratigan|G&#233;rard]] ([[User talk:Ratigan|d]]) 13 janvier 2009 &#224; 09:39 (CET)

[[pt:user:Salebot]]
----
&lt;br&gt;
Et encore une...
{{R&#233;compense|Robot laurier.svg|Et oui, encore une... Il fallait bien que je fasse &#231;a &#224; cette satan&#233;e machine qui me coupe l'herbe&lt;br&gt; sous le pied chaque fois que j'aper&#231;ois un vandale..{{Clin}}.&lt;br /&gt;[[Utilisateur:Gugus15|Gugus15]] &lt;sup&gt;&lt;small&gt;&amp;#91;[[Discussion Utilisateur:Gugus15|blabla?]]&amp;#93;&lt;/small&gt;&lt;/sup&gt; 14 janvier 2009 &#224; 15:31 (CET)}}
&lt;br&gt;
Merci pour ton ''cleaning express'' sur ma page. --[[Utilisateur:Seawind|Seawind]] &lt;sup&gt;&lt;small&gt;[[Discussion Utilisateur:Seawind|Parloir]]  [[Utilisateur:Seawind/Biblioth&#232;que|Biblioth&#232;que]]&lt;/small&gt;&lt;/sup&gt; 27 janvier 2009 &#224; 04:19 (CET)

----
{{r&#233;compense|Aigle-mud_022.jpg|Pour te tenir compagnie, en remerciement des nombreux services rendus &#224; la nation Wikip&#233;dienne,&lt;br /&gt;
voil&#224; '''deux''' sales bottes ! ''Enjoy!'' [[Utilisateur:Alchemica|Alchemica]] - &lt;small&gt;[[Discussion Utilisateur:Alchemica|discuter]]&lt;/small&gt; 27 janvier 2009 &#224; 11:29 (CET)}}
----
{{r&#233;compense|Robot laurier.svg|Pfff, faire bosser les robots sur Wikip&#233;dia. Et puis quoi encore ! Allez, pour cette fois, on peut l'applaudir, il me soulage d'un travail ingrat ! [[Utilisateur:C&#233;r&#233;ales Killer|Bender from Futurama]] &lt;small&gt;[[Discussion Utilisateur:C&#233;r&#233;ales Killer/mars 2009|[''Speak to me'']]][[The Dark Side of the Moon|*]]&lt;/small&gt; en ce mercredi 18 mars 2009 &#224; 15:03 (CET)}}
----
{{R&#233;compense|Robot laurier happy.svg| Merci Salebot, de tout ce que tu fais chaque jour, inlassablement. Et merci &#224; son dresseur!  [[Utilisateur:Ei2ko|Ei2ko]] [[Discussion Utilisateur:Ei2ko|&lt;sup&gt;&amp;#9709;spikmi&amp;#9709;&lt;/sup&gt;]] 21 mars 2009 &#224; 15:18 (CET)}}
----
Bravo SaleBot pour tes pouvoirs anti vandalisme!! Non, tu n'est pas sale, mais tu es propre! Continue d'attaquer les vandales!! (Ps: ne m'attaque pas! Je ne suis pas un vandale!) Et merci Gribeco pour la cr&#233;ation de ce cher robot! Des fleurs pour Gribeco, des l'huile et du courant pour SaleBot! [[Utilisateur:Byrd|Byrd]] ([[Discussion utilisateur:Byrd|d]]) 17 avril 2009 &#224; 12:08 (CEST)
----
Foudroyant, Salebot! Un grand merci.[[Image:Bullet green.png]][[Utilisateur:Marceal|Marceal]] [[Discussion Utilisateur:Marceal|&lt;small&gt;&lt;sup&gt;''bla bla''&lt;/sup&gt;&lt;/small&gt;]] 29 mai 2009 &#224; 09:49 (CEST)
----
Salebot, mon h&#233;ros, je t'aime! --[[Utilisateur:Sitron|Sitron]] ([[Discussion utilisateur:Sitron|d]]) 4 juin 2009 &#224; 01:09 (CEST)
----
[[Sp%C3%A9cial:Contributions/83.192.29.220|Un vandale passe sur Wikip&#233;dia]], et Salebot r&#233;voque toutes les exactions dans la m&#234;me minute ! Merci d'exister, aucun humain ne saurait &#234;tre aussi efficace ! -- [[Utilisateur:Erkethan|Erkethan]] ([[Discussion utilisateur:Erkethan|d]]) 26 juin 2009 &#224; 11:44 (CEST)

----
Salebot je ne te remercie pas! Tu veux savoir pourquoi? Eh ben non! Mais non je d&#233;connais! :) &#224; +++   PS: Je pense que tu t'entendrais bien avec [[Bender]] et [[Flexo]] de [[Futurama]]. [[Utilisateur:Om56860]] ([[Discussion Utilisateur:Om56860]]) 29 juin 2009 &#224; 14:50 (CEST)

----

Merci &#224; toi Salebot, la mascotte officieuse de Wikip&#233;dia.fr ; je me demande encore comment une machine peut d&#233;tecter le vandalisme sans erreurs...Sign&#233; : une personne de plus que tu mets au ch&#244;mage {{lol}} [[Utilisateur:Chrysostomus|Chrysostomus]] &lt;sup&gt;&lt;small&gt;&amp;#91;[[Discussion Utilisateur:Chrysostomus|Viens par l&#224;...]]&amp;#93;&lt;/small&gt;&lt;/sup&gt; 6 juillet 2009 &#224; 18:58 (CEST)

----
Il est temps de le dire haut et fort, pour tout  [http://fr.wikipedia.org/w/index.php?title=Robe_(cheval)&amp;diff=40596441&amp;oldid=40596436|tout &#231;a], ou [http://fr.wikipedia.org/w/index.php?title=Pur-sang_arabe&amp;diff=39604757&amp;oldid=39604754|encore &#231;a] ... Salebot, je t'aime !--[[Image:Egyszarv&#250;fej (heraldika,) fr -- t&#234;te de licorne.PNG|18px]] &lt;font face="Mistral" color="bleu" size="4"&gt;[[Utilisateur:Tsaag Valren|Tsaag Valren]]&lt;/font&gt; ([[Discussion Utilisateur:Tsaag Valren|&#9993;]]) 19 juillet 2009 &#224; 17:39 (CEST)

----
Je veux un Salebot pour faire le m&#233;nage chez moi :p --[[Utilisateur:Mikaa|Mikaa]] ([[Discussion utilisateur:Mikaa|d]]) 13 ao&#251;t 2009 &#224; 17:57 (CEST)

----

Omnipr&#233;sent tu es parfait Salebot ! [[Utilisateur:Sil&#233;sie19|Sil&#233;sie19]] ([[Discussion utilisateur:Sil&#233;sie19|d]]) 20 octobre 2009 &#224; 20:24 (CEST)

----

Salebot, &#244; g&#233;nie &#224; la t&#226;che bien ingrate|
Toi qui pourfend ardemment les modifications sc&#233;l&#233;rates|
Accepte cet &#233;loge d'un modeste wikip&#233;dien|
Au royaume du vandalisme, implacable et serein|
Tu poursuis ta qu&#234;te aux mille dangers|
D&#233;fenseur &#233;ternel de l'article non semi-prot&#233;g&#233;.
[[Utilisateur:Martins007|Martins007]] ([[Discussion utilisateur:Martins007|d]]) 5 novembre 2009 &#224; 02:03 (CET)

----

Tu m&#8217;&#233;nerves, mais qu&#8217;est ce que tu peux m&#8217;&#233;nerver &#224; me battre sur le poteau lors d&#8217;un blanchiment d&#8217;un article, pourquoi tu arrives toujours un milli&#232;me de seconde avant moi !!! Prends piti&#233; de la race humaine, et laisse lui de temps en temps des miettes. Enfin sans rancune, tu fais un super boulot --[[Utilisateur:Lomita|Lomita]] ([[Discussion utilisateur:Lomita|d]]) 5 novembre 2009 &#224; 14:40 (CET)

----

Bon, je commence &#224; avoir l'habitude avec toi, mais [http://fr.wikipedia.org/w/index.php?title=Liste_des_associations_fran%C3%A7aises_reconnues_d%27utilit%C3%A9_publique&amp;diff=46789576&amp;oldid=46789575 l&#224;], bravo, je suis &#233;pat&#233; parce que &#231;a n'est pas si &#233;vident (un ou deux mots suspects seulement, pas de majuscule ni de langage SMS...) [[Utilisateur:Seudo|Seudo]] ([[Discussion utilisateur:Seudo|d]]) 15 novembre 2009 &#224; 17:36 (CET) &amp;mdash; En revanche, tu n'as pas vu [http://fr.wikipedia.org/w/index.php?title=N%C3%AEmes_Olympique&amp;diff=46786422&amp;oldid=46422949 ceci] du m&#234;me auteur ! Tout va bien, tu n'es pas parfait. Excellent boulot tout de m&#234;me... [[Utilisateur:Seudo|Seudo]] ([[Discussion utilisateur:Seudo|d]]) 15 novembre 2009 &#224; 17:39 (CET)

----
Tu dois faire souffrir les malheureux logiciels qui font le d&#233;compte des modifications (editcount et les autres). Merci pour ton travail. Tu dois avoir complot&#233; pour d&#233;tourner le moteur de Wikip&#233;dia : bien que tu sois un bot, tes ''reverts'' apparaissent dans ma liste de suivi. Il y en a qui parle de &#171; musique &#224; mes oreilles &#187;, pour moi c'est &#171; du r&#233;gal pour mes yeux &#187;. Bonne continuation. [[:w:fr:user_talk:Cantons-de-l'Est|Cantons-de-l'Est]] 20 novembre 2009 &#224; 12:55 (CET)

----

Bravo pour la protection de la page SURDOUE. --[[Utilisateur:Th&#233;s&#233;e|Th&#233;s&#233;e]] ([[Discussion utilisateur:Th&#233;s&#233;e|d]]) 22 janvier 2010 &#224; 06:17 (CET)

----
Merci Salebot, tr&#232;s impressionnant d'avoir vu  :[http://fr.wikipedia.org/w/index.php?title=Grands-parents&amp;diff=next&amp;oldid=39896788 &#231;a]. --[[Utilisateur:Nicochar|Nicochar]] ([[Discussion utilisateur:Nicochar|d]]) 2 mars 2010 &#224; 10:19 (CET)

----

Merci Salebot JTM

----

Les vandales aboient. Salebot passe... &#8212;&#8212;&#8212;&#8212;&#8212;&#8212;&amp;nbsp;[[Discussion utilisateur:Pic-Sou|Pic]][[Utilisateur:Pic-Sou|-]][[Special:Contributions/Pic-Sou|Sou]],&amp;nbsp;le&amp;nbsp;mardi&amp;nbsp;13&amp;nbsp;avril&amp;nbsp;2010&amp;nbsp;&#224;&amp;nbsp;13:52&amp;nbsp;'''(UTC)'''

Il est quand m&#234;me super pratique, hein. &#192; la r&#233;flexion. [[Utilisateur:Esprit Fugace|Esprit Fugace]] ([[Discussion utilisateur:Esprit Fugace|d]]) 19 avril 2010 &#224; 15:11 (CEST)

----

En effet, les paroles de chan&#231;on sur Wikip&#233;dia sont interdites. Mais j'ai re&#231;u un message indicant que des paroles de chansons sont interdites. Je retire ce que j'ai dit... --[[Utilisateur:AlexNintendo|AlexNintendo]] ([[Discussion utilisateur:AlexNintendo|d]]) 15 ao&#251;t 2010 &#224; 11:56 (CEST)

----

Dresseur de bot, sache que ton &#338;uvre fait de toi un h&#233;ros silencieux de la Toile. Comme Spiderman, en fait, et peut-&#234;tre en mieux. [[Utilisateur:Mianreg|Mianreg]] ([[Discussion utilisateur:Mianreg|d]]) 21 ao&#251;t 2010 &#224; 16:44 (CEST)

----

Toujours un Salebot dans les parages pour r&#233;voquer une action de vandalisme avant moi... Beau travail!! --[[Utilisateur:Uh-rond|Uh-rond]] ([[Discussion utilisateur:Uh-rond|d]]) 23 novembre 2010 &#224; 17:03 (CET)

----

Merci d'avoir sauv&#233; ma page, Salebot! [[Utilisateur:Titanicophile|Titanicophile]] ([[Discussion utilisateur:Titanicophile|d]]) 22 d&#233;cembre 2010 &#224; 09:51 (CET)

----

D&#233;sol&#233; de t'avoir donner du travail avec mes pages, tu es vraiment un bot remarquable ! Continue de nettoyer Wikip&#233;dia ! [[user:Valentin-11|Valentin-11]] 17 f&#233;vrier 2011 &#224; 12:05

----
Extraordinaire! Salebot a corrig&#233; un acte de vandalisme sur l'article de [[Cristiano Ronaldo]] seulement une minute apr&#232;s. Toutes mes f&#233;licitations &#224; un bot tr&#232;s performant. [[Utilisateur:Mat314|Mat314]] ([[Discussion utilisateur:Mat314|d]]) 03 avril 2011 &#224; 15:41

----
{{R&#233;compense|Robot laurier.svg|Bravo pour tes 793 267 contributions sur wiki {{Clin}}. Ont en aurais besoin dans la vraie vie, pour enlever tout le [[vandalisme]], comme les [[Graffiti]]s. Ah oui, bravo pour ne pas avoir sali Wikip&#233;dia avec tes [[bottes]] sales. '''''  STOP. De:'''''  [[Utilisateur:Sapindnoel|Sapindnoel]]&lt;sup&gt;[[Discussion Utilisateur:Sapindnoel|Parler &#224; un sapin (et avoir l'air fou)]]&lt;small&gt;[[Sp&#233;cial:Contributions/Sapindnoel| Qu'est ce que j'ai fait?]]&lt;/small&gt;&lt;/sup&gt; 17 avril 2011 &#224; 16:42 (UTC-4) ou 17 avril 2011 &#224; 22:42 (CEST)}}
----
Salebot est tr&#232;s sympa {{non sign&#233;|90.61.240.128|ip=oui}}.
----
Un vrai nettoyage de vandalisme dans Wikip&#233;dia. Un super-bot !!! [[Utilisateur:Fandecaisses|Fandecaisses]] ([[Discussion utilisateur:Fandecaisses|d]]) 17 septembre 2011 &#224; 13:51 (CEST)
----
Trop rapide. tu est trop rapide Salebot pas possible de retirer le Vandalisme avant toi. je rend les armes et reconnais ta place de champion du nettoyage de vandale. Bravo a toi continue comme &#231;a. Une goute d'huile ? un lavage de diode ? que faire pour te remercier ? {{Clin}} &lt;small&gt;(on est quand m&#234;me grave atteint pour parler a un programme quand m&#234;me. Ha non merci au programmeur {{clin}})&lt;/small&gt; --[[Utilisateur:EoWinn|EoWinn]] ([[Discussion utilisateur:EoWinn|d]]) 17 d&#233;cembre 2011 &#224; 07:53 (CET)
----
Cela fonctionne tr&#232;s bien. Salebot fait un tr&#232;s bon nettoyage du vandalisme et est meilleur que plusieurs autres...
----
Un concentr&#233; de g&#233;nie ce p'tit robot !  [[Utilisateur:Automatik|Automatik]] ([[Discussion utilisateur:Automatik|d]]) 22 novembre 2012 &#224; 02:53 (CET)

--------------
{{R&#233;compense|Robot laurier.svg|Pour plus d'un million de contributions d'une efficacit&#233; redoutable, qui m'ont &#233;ceur&#233; d&#232;s le d&#233;but de continuer &#224; suivre les RC... Il faut savoir reconna&#238;tre son ma&#238;tre ! [[Utilisateur:Michelet|Michelet-&#23494;&#26159;&#21147;]] ([[Discussion utilisateur:Michelet|d]]) 6 mai 2013 &#224; 15:15 (CEST)}}

==Hello Salebot==
I'm very confused as to why the second version of [[Zut Alors!]] was removed... I understand the first version, it was a joke. But the second was legit. Why did you remove it? Thanks, [[Utilisateur:Cotevertu|Cotevertu]] ([[Discussion utilisateur:Cotevertu|discuter]]) 28 janvier 2014 &#224; 19:51 (CET)</text>
      <sha1>suc3asilisyv4a1fbfp95trbd9ne0zz</sha1>
      <model>wikitext</model>
      <format>text/x-wiki</format>
    </revision>
  </page>
