<page xmlns="http://www.mediawiki.org/xml/export-0.8/" xmlns:xsi="http://www.w3.org/2001/XMLSchema-instance">
    <title>Utilisateur:Skiff</title>
    <ns>2</ns>
    <id>1567913</id>
    <revision>
      <id>98893063</id>
      <parentid>93872195</parentid>
      <timestamp>2013-12-03T20:02:35Z</timestamp>
      <contributor>
        <username>Skiff</username>
        <id>242536</id>
      </contributor>
      <text xml:space="preserve">{{Utilisateur:Skiff/Palette}}

[[File:Female officer saluting.jpg|thumb|Une belle photo pleine d'&#233;motion et une belle femme]]



* [http://fr.wikichecker.com/user/?t=Skiff&amp;l=51000 WikiChecker]
* [http://toolserver.org/~tparis/pages/index.php?name=Skiff&amp;lang=fr&amp;wiki=wikipedia&amp;namespace=0&amp;redirects=noredirects Articles cr&#233;&#233;s]
* [http://wikiscan.org/utilisateur/Skiff Mon compteur d'&#233;ditions Wikiscan]
* [http://toolserver.org/~escaladix/larticles/larticles.php?user=Skiff&amp;lang=fr Liste d'articles cr&#233;&#233;s]
* [http://toolserver.org/~myst/cil2/ Pour remplir une cat&#233;gorie]

*[[Wikip&#233;dia:Oracle/semaine {{CURRENTWEEK}} {{CURRENTYEAR}}|Oracle de la semaine]]
*[[Wikip&#233;dia:Le Bistro/{{CURRENTDAY}} {{CURRENTMONTHNAME}} {{CURRENTYEAR}}|Bistro du jour]]




Transf&#233;rer une image sous commons:
[http://toolserver.org/~magnus/commonshelper.php Outil Commonshelper] 


Pages potentiellement int&#233;ressantes:

[[Aide:Comment cr&#233;er un article|Cr&#233;er un article]]

[[Wikip&#233;dia:Demande de suppression imm&#233;diate|Suppression imm&#233;diate]]

[[Projet:Infobox/Demande cr&#233;ation infobox|Demande de cr&#233;ation d'infobox]]

[[Projet:Mod&#232;le/Demandes|Demande d'am&#233;lioration de mod&#232;le]]

[[Wikip&#233;dia:Demande de protection de page|Demande de protection de page]]

[[Wikip&#233;dia:Atelier typographique|Atelier typographique]]

[[Wikip&#233;dia:Vandalisme en cours|Signaler un vandale]]

[[Wikip&#233;dia:Bot/Requ&#234;tes|Requ&#234;te pour un bot]]

[[Wikip&#233;dia:Atelier de lecture|Atelier de lecture]]

 
[http://toolserver.org/~joanjoc/sugart.php Suggest articles from interwikis]

Codes couleur:
[[Couleurs du Web]]

'''{{Wikip&#233;dia:Requ&#234;te aux administrateurs/Menu}}'''

Projet traduction:
[[Projet:Traduction]]

Bistro anglais: [http://en.wikipedia.org/wiki/Wikipedia:Village_pump]

Bistro des traducteurs: [http://fr.wikipedia.org/wiki/Projet:Traduction/Bistro#D.C3.A9corations_militaires_des_.C3.89tats-Unis]

Bistro des militaires: [http://fr.wikipedia.org/wiki/Discussion_Projet:Histoire_militaire]

==Sites internet==
*[http://www.nato.int/docu/stanag/aap006/aap-6-2010.pdf Glossaire francais anglais de l'OTAN]

== Suivi ==
{{Palette
|Suivi th&#233;matique/Culture
|Suivi th&#233;matique/G&#233;ographie
|Suivi th&#233;matique/Histoire
|Suivi th&#233;matique/Science
|Suivi th&#233;matique/Soci&#233;t&#233;
|Suivi th&#233;matique/Spiritualit&#233;
|Suivi th&#233;matique/Sport
|Suivi th&#233;matique/Technique
|Suivi th&#233;matique/Vie quotidienne
}}

[[en:User:Skiff]]</text>
      <sha1>m8wzetyayzklxte9tuqatyf9ed8md7o</sha1>
      <model>wikitext</model>
      <format>text/x-wiki</format>
    </revision>
  </page>
