<page xmlns="http://www.mediawiki.org/xml/export-0.8/" xmlns:xsi="http://www.w3.org/2001/XMLSchema-instance">
    <title>Utilisateur:Patchwork</title>
    <ns>2</ns>
    <id>586255</id>
    <revision>
      <id>30162423</id>
      <parentid>30162403</parentid>
      <timestamp>2008-05-30T22:57:34Z</timestamp>
      <contributor>
        <username>Patchwork</username>
        <id>65679</id>
      </contributor>
      <comment>/* Mes apports */</comment>
      <text xml:space="preserve">Bienvenue. Ceci est ta [[Wikip&#233;dia:Pages personnelles|page personnelle]], '''{{PAGENAME}}'''.&lt;br /&gt;
N'h&#233;site pas &#224; la modifier et &#224; t'y pr&#233;senter !&lt;br /&gt;[[Utilisateur:C&#233;r&#233;ales Killer|&#169;&#233;r&#233;ales Kille&#174;]] [mailto:cerkil(at)free.fr |] | [[Discussion Utilisateur:C&#233;r&#233;ales Killer|&#9786;]] | en ce 17 janvier 2006 &#224; 20:11 (CET)

----


=Br&#234;ve pr&#233;sentation=


Enseignant en philosophie.
Egalement licenci&#233; en Lettres modernes.

=Mes contributions=

==A des articles d&#233;j&#224; existants==

*[[Psychanalyse]]
*[[Rationalisme]] refonte quasi totale de l'article

==Cr&#233;ation d'articles==

=Suivi=
*[[Wikip&#233;dia:Pages_&#224;_supprimer]]
*[[Jean-Jacques_Rousseau]]
*[[rationalisme]]

=Trucs=

==Insertion photo==
Pour ins&#233;rer une photo, il faut : 
*une photo libre de droit
*une codification pour ins&#233;rer l'image :

[[image:NOM_IMAGE.jpg|left|thumb|300 px|L&#233;gende de l'image]]




dans laquelle :

* NOM_IMAGE.jpg est le nom de l'image que tu as copi&#233;e
* left est le mode d'affichage sur la page (left, right, center, float...)
* thumb permet d'encadrer la photo et d'ins&#233;rer une l&#233;gende
* 300 px est la largeur de la photo en pixels
* L&#233;gende de l'image. est la l&#233;gende &#224; adjoindre &#224; l'image !



{{page personnelle}}</text>
      <sha1>8lamt6qzlgnd0nvlflm6ashibaoxv9c</sha1>
      <model>wikitext</model>
      <format>text/x-wiki</format>
    </revision>
  </page>
