<page xmlns="http://www.mediawiki.org/xml/export-0.8/" xmlns:xsi="http://www.w3.org/2001/XMLSchema-instance">
    <title>Utilisateur:Serein</title>
    <ns>2</ns>
    <id>2995264</id>
    <revision>
      <id>93231333</id>
      <parentid>93178293</parentid>
      <timestamp>2013-05-18T23:56:31Z</timestamp>
      <contributor>
        <username>Serein</username>
        <id>68025</id>
      </contributor>
      <text xml:space="preserve">{{Wikibreak|type=long}}




{{Bo&#238;te d&#233;roulante|titre=[[Jans&#233;nisme|Jans&#233;nistreries]]|contenu=

*La bo&#238;te &#171; jans&#233;niste &#187; m'a &#233;t&#233; g&#233;n&#233;reusement offerte par {{u|Remi Mathis}}.
{{colonnes|nombre=3|
*[[Port-Royal-des-Champs]] [[Image:Fairytale bookmark gold.png|nothumb|12px|AdQ !]]
*[[Jans&#233;nisme]] [[Image:Fairytale bookmark gold.png|nothumb|12px|AdQ !]]
*[[Convulsionnaires]] [[Image:Fairytale bookmark gold.png|nothumb|12px|AdQ !]]
*[[Soci&#233;t&#233; de philosophie chr&#233;tienne]]
*[[Ambroise Rendu]]
*[[Nouvelles eccl&#233;siastiques]] 
*[[Boite &#224; Perrette]]
*[[Wladimir Guett&#233;e]]
*[[Henri Gr&#233;goire]]
*[[Ultramontanisme]]
*[[Ang&#233;lique Arnauld]]
*[[Annales de la religion]]
*[[Marie-Jos&#233; Michel]], historienne du [[jans&#233;nisme]]
*[[Catherine de Vertus]]
*[[Augustin Gazier]]
*[[Fr&#233;d&#233;ric Fuzet]]
*[[Nicolas Pavillon]] (toute petite &#233;bauche)
*[[Petites &#233;coles de Port-Royal]]
*[[Mathilde de Garlande]]
*[[Augustinus]], &#224; compl&#233;ter d'urgence
*[[Philippe Sellier]]
*[[Le Nain de Tillemont]]
*[[Soci&#233;t&#233; de Port-Royal]]
*[[Antoine Singlin]]
*[[Journ&#233;e du Guichet]]
*[[Eustache Degola]]
*[[Louis Silvy]]
*[[Madeleine de Boullongne]]
*[[Port-Royal (Sainte-Beuve)]]
*[[Abbaye de Port-Royal de Paris]]
*[[Solitaires (Port-Royal)]]
*[[Formulaire d'Alexandre VII]]
*[[Jean Soanen]]
*[[Pierre de Langle]]
*[[L'Observateur catholique]]
*[[Revue eccl&#233;siastique]]
*[[Chronique religieuse]]
*[[Pierre Jean Agier]]
*[[Jean-Baptiste Le Sesne de M&#233;nilles d'&#201;temare]]
*[[Louis Basile Carr&#233; de Montgeron]]
*[[Fran&#231;ois Jacquemont]]
*[[Philibert Gu&#233;neau de Mussy]]
*[[Jacques Jub&#233;]][[Image:Fairytale bookmark gold.png|nothumb|12px|AdQ !]]
*[[Marius Duc]]
*[[S&#233;minaire Saint-Magloire]]}}
}}
{{Bo&#238;te d&#233;roulante|titre=Autres articles sur la [[religion]]|contenu=
{{colonnes|nombre=2|
*[[secte des Shakers]]
*[[Jos&#233;phisme]] en collaboration avec [[Utilisateur:Gustave Graetzlin|Gustave Graetzlin]]
*[[Th&#233;ophilanthropie]]
* la [[:cat&#233;gorie:Religion pendant la R&#233;volution fran&#231;aise]]
*[[&#201;glise constitutionnelle]]
*[[Claude Debertier]]
*[[Hyacinthe Loyson]]
*[[Thomas Martin]]
*[[Louis Charrier de la Roche]]
*[[Martin de Gallardon]]
*[[Odon de Sully]]
*[[Robert de Luzarches]]
*[[Michel Lagr&#233;e]]
*[[Petite &#201;glise de Vend&#233;e]]
*[[Georges de Nantes]]
*[[Notre-Dame de Pontmain]]
*[[Thomas Cartwright]]
*[[Bernardo Tolomei]]
*[[Maurice Deslandres]], acteur du [[christianisme social]]
*[[Temple du Salin]]
*[[Psautier de Gen&#232;ve]]
*[[&#201;glise San Bernardino alle Ossa]]
*[[Peigne liturgique]]
*[[Jean Dubois (&#233;v&#234;que)]]
*[[Joseph-Mathieu d&#8217;Agoult]]}}
}}
{{Bo&#238;te d&#233;roulante|titre=[[Russie]]|contenu=
{{colonnes|nombre=2|
*[[Cath&#233;drale saint Alexandre Nevsky]]
*[[Cyrille de Smolensk]]
*[[Vladimir Soloviev]]
*[[Raskol]]
*[[Feofan Prokopovitch]]
*[[Pierre Pascal]]
*[[Iouri Droujnikov]]
*[[Pavel Chesnokov]]
*[[Alexandre Abramski]]
*[[Revol Bounine]]
*[[Mus&#233;e Russe]]
*[[Alexei Antropov]]}}
}}
{{Bo&#238;te d&#233;roulante|titre=[[Histoire]] en g&#233;n&#233;ral|contenu=
*[[Pauline de Beaumont]], ma&#238;tresse de Chateaubriand et muse romantique
*[[Giovine Europa]]
*[[Giuseppe Mazzini]]
*[[Paul Thureau-Dangin]]
*[[Essart]]
*[[David Feuerwerker]], historien sp&#233;cialiste des juifs en France
*[[Sebastian Haffner]], historien et journaliste allemand
*[[Pierre d'Allarde]], r&#233;volutionnaire
*[[Cercle social (club r&#233;volutionnaire)]]... club r&#233;volutionnaire {{clin}}
*[[Mistophorie]]
*[[D&#232;mos]]
*[[Jean-No&#235;l Luc]]
*[[Alexandre Parent-Duch&#226;telet]], m&#233;decin hygi&#233;niste (et probablement jans&#233;niste)
*[[Nicholas Bacon]], homme politique anglais du XVI{{e}} si&#232;cle
*[[Georges Barazer de Lannurien]]
}}

{{Bo&#238;te d&#233;roulante|titre=[[Bourgogne]]|contenu=
*Les treize communes du [[canton de L'Isle-sur-Serein]] :
*[[L'Isle-sur-Serein]] ''(ce qui donne une explication de mon pseudo...)''
*[[Annoux]]
*[[Blacy]]
*[[Talcy]]
*[[Massangis]]
*[[Pr&#233;cy-le-Sec]]
*[[Athie]]
*[[Provency]]
*[[Angely (Yonne)|Angely]]
*[[Dissangis]], [[Coutarnoux]]
*[[Sainte-Colombe (Yonne)|Sainte-Colombe]]
*[[Joux-la-Ville]]
*[[Chartreuse de Champmol]]
*[[Semur-en-Auxois]]
*[[Montr&#233;al (Yonne)]]
*[[Victor Petit]]
*[[Apollinaire Bouchardat]]}}

{{Bo&#238;te d&#233;roulante|titre=[[Litt&#233;rature]]|contenu=
*[[Sylvain Tesson]] ''&#233;bauche''
*La [[:cat&#233;gorie:&#233;crivain voyageur]] ''pour suppl&#233;er &#224; un manque et &#171; ranger &#187; le monsieur ci-dessus avec ses pairs''.
*[[Jean-Baptiste Adamsberg]], enqu&#234;teur &#171; f&#233;tiche &#187; de [[Fred Vargas]]
*[[Peter Tremayne]]
*[[Romantisme]] (''paragraphe Italie'')
*[[Henri Vincenot]]
*[[Lee Child]]
*[[Olivier Maulin]]
*[[Jean-Claude Pertuz&#233;]], auteur toulousain de bandes dessin&#233;es, con...
*[[Andr&#233; Hallays]]
*[[Jean-Louis Foncine]]
*[[Domitille de Pressens&#233;]], auteur des ''&#201;milie'' de mon enfance...
*[[Christian Jolibois]]
}}

{{Bo&#238;te d&#233;roulante|titre=Photographes-Explorateurs|contenu=
*[[Charles-&#201;douard Hocquard]]
*[[&#201;mile Gsell]]
*[[Antoine L&#233;ch&#232;res]]
}}

{{Bo&#238;te d&#233;roulante|titre=Musique baroque|contenu=
*[[Il Seminario Musicale]]
*[[Jean Tub&#233;ry]]
}}

{{Bo&#238;te d&#233;roulante|titre=Divers|contenu=
*[[Willem van Hasselt]], peintre
*[[Mini Transat 6.50]]
*[[Henri Charlier]]
*[[Philippe Tesson]]
*[[Pierre Joseph C&#233;lestin Fran&#231;ois]] peintre belge dont on ne sait o&#249; finit le pr&#233;nom et o&#249; commence le nom... {{clin}}
*[[Kito de Pavant]]
*[[Gilles Chiorri]]
*[[Chaise perc&#233;e]] on ne dirait pas, mais il y a plein de choses &#224; dire ! 
*[[Cuill&#232;re de mariage]]
*[[Saadie Goukouni Weddeye]]
*[[Bromoil]]
Plus tous ceux que j'ai oubli&#233;s...
}}



[[de:Benutzer:Serein]]
[[en:User:Serein]]
[[it:Utente:Serein]]
[[ru:&#1059;&#1095;&#1072;&#1089;&#1090;&#1085;&#1080;&#1082;:Serein]]</text>
      <sha1>enbk53x4vq5t0vvxesjhcx7o7hb9gxm</sha1>
      <model>wikitext</model>
      <format>text/x-wiki</format>
    </revision>
  </page>
