<page xmlns="http://www.mediawiki.org/xml/export-0.8/" xmlns:xsi="http://www.w3.org/2001/XMLSchema-instance">
    <title>Utilisateur:Jorj McKie</title>
    <ns>2</ns>
    <id>1310340</id>
    <revision>
      <id>97194567</id>
      <parentid>97007570</parentid>
      <timestamp>2013-10-03T16:11:35Z</timestamp>
      <contributor>
        <username>Jorj McKie</username>
        <id>206420</id>
      </contributor>
      <minor/>
      <comment>Rheto --&gt; Jorj</comment>
      <text xml:space="preserve">&lt;!--{{wikibreak| message=Pas vraiment un Wikibreak, mais je suis d&#233;bord&#233;, submerg&#233;, surcharg&#233;, charrette, &#224; la bourre... Bref, pour le moment un temps tr&#233;s, tr&#233;s r&#233;duit &#224; consacrer &#224; Wikip&#233;dia}} --&gt;

&lt;s&gt;A part le cul et la bouffe, j'aim&lt;/s&gt; En plus des [[&#201;ditions Pauvert|rapports humains]] et de [[cochon|la Gastronomie]] un peu tout m'int&#233;resse. J'aime bien [[:Cat&#233;gorie:Technique_cin&#233;matographique|regarder le Monde]] et [[Esp&#232;ce humaine|mes cong&#233;n&#232;res]] qui n'en finissent pas de me [[Arme nucl&#233;aire|laisser dubitatif]]. Ce doit &#234;tre pour &#231;a que les [[M&#233;decine|sciences me touchent]]; qu'elles soient [[Pierre-Gilles de Gennes|exactes]] ou [[&#338;nologie|humaines]]. &lt;br /&gt;
Quand j'ai deux minutes de libre, j'adore partir &#224; la chasse aux [[sophismes]], et autres [[tautologie]]s, [[pl&#233;onasme]]s, [[litote]]s, [[verbiage]]s...[http://www.e-dito.com/essais.asp?id_fichier=58 &#8226;]. &lt;br /&gt;
Ce qui fait de Wikipedia un formidable terrain de jeu, surtout [[:Cat&#233;gorie:M&#233;decine non conventionnelle|ici]] ou [[:Cat&#233;gorie:Pseudo-science|l&#224;]]. &lt;br /&gt;
Mais que [[Fanatisme|les paranos]] de [[Propagande|tous poils]] n'y voient [[Publicit&#233;|aucune malignit&#233;]], c'est [[Plaisir|juste une addiction]]. Mais [[Humour noir|elle est incurable]].&lt;br /&gt;
{{Sourire}} Jorj McKie.

&lt;Gallery perrow="5"&gt;
Image:Origin-of-the-World.jpg|L'origine du monde
Image:Ape_skeletons.png|Nous
Image:Tori_Amos_piano.jpg | L'ou&#239;e
Image:Sow and five piglets.jpg | Le go&#251;t
Image:Female artistic nude.jpg | Le toucher
Image:Port wine.jpg | Le nez
Image:Guggenheim-bilbao-jan05.jpg | La vue
Image:Drinking Bacchus WGAREG001.jpg | La vie
Image:Buenos Aires-Plaza Congreso-Pensador de Rodin.jpg | C'est pas tout &#231;a...
Image:Rodin Porte enfer.jpg| ...Il faut y aller
&lt;/Gallery&gt;
&lt;small&gt;Sur WP depuis {{#expr:  {{CURRENTJULIANDAY}}-{{JULIANDAY|2007|02|01}} round 0}} jours. (Sous le pseudo de Rheto jusqu'en septembre 2013)&lt;/small&gt;



== Pens&#233;es de l'instant ==
[[Image:Lightmatter chimp.jpg|thumb|left|200px|Je veux bien &#234;tre class&#233; comme cousin de l'homme &#224; condition que je ne sois pas oblig&#233; d'assister &#224; vos r&#233;unions de famille &#224; la con. &lt;br /&gt;[http://www.biologie-integrative.com C]]]

::''Si vous voulez &#234;tre reconnu, donc critiqu&#233; intelligemment et &#233;quitablement,'' 
::''il ne faut pas commencer par d&#233;cr&#233;ter a priori que toutes les critiques'' 
::''ne peuvent se reposer que sur l'incompr&#233;hension, la malveillance et la haine.''
::&lt;small&gt;''[[Jacques Bouveresse|Bouveresse]]''&lt;/small&gt;

















== Liens ==
* [[Discussion Projet:M&#233;decine|Salle de garde]] - [[:Cat&#233;gorie:M&#233;decine|Salle d'Op]] - [[Sp&#233;cial:Recentchangeslinked/Liste_des_articles_de_m&#233;decine|Dans le couloir]] - [[Projet:M&#233;decine/R&#233;organisation|Pas de doute, il faut le faire]]
* [[:Cat&#233;gorie:Technique cin&#233;matographique|Sur l'&#233;cran noir de mes nuits blanches...]]
* [[:Cat&#233;gorie:M&#233;decine parall&#232;le|Un terrain de Jeu]] - [[:Cat&#233;gorie:Pseudo-science|Un autre terrain de Jeu]] - [[:Cat&#233;gorie:Rh&#233;torique|Mes joujous]]
** &lt;small&gt;[[Utilisateur:Rheto/Terrain_DC|Terrain d'essais]]&lt;/small&gt;
** &lt;small&gt;[[Utilisateur:Rheto/Un_verre%2C_une_cloppe|Un verre, une cloppe et au boulot]]&lt;/small&gt;
* [[Utilisateur:Rheto/Bestiaire|Mais que sont-ils devenus...]]
* &lt;small&gt;[[Utilisateur:Rheto/monobook.js]] - [[Utilisateur:Rheto/monobook.css]]&lt;/small&gt;
* [[Portail:Sciences/Charte_du_contributeur_en_science_sur_Wikip&#233;dia|Charte du contributeur en science]]


== En cours ==
* [[Projet:M&#233;decine/R&#233;organisation/Nomenclature_anatomique]]
* [[Nomenclature anatomique (termes modernes et anciens)]] r&#233;f&#233;rences [http://www.groupetraduction.ca/documents/Vol16no12005.pdf] et [http://www.medtrad.org/panacea/IndiceGeneral/n12_tribuna_Rouleau.pdf]
* [[Posem&#232;tre]]


== La pile de dossiers poussi&#233;reux ==
{{Projet:M&#233;decine/R&#233;organisation/Liens rapides}}
* [[D&#233;pression (m&#233;decine)]] -- c'est du lourd red&#233;finir le plan, revoir les d&#233;finitions, sources DSM, CIM-10, stat etc
* [[Internat des h&#244;pitaux de Paris]] -- &#201;crire l'article, il n'y a rien
* [[Pseudo-science]] -- c'est du lourd,revoir la d&#233;finition et le plan
* [[Verbiage]] -- Compl&#233;ter et sourcer
* [[Voyage astral]] -- r&#233;diger la partie scientifique et source





== Mod&#232;les ==
* [[Wikip&#233;dia:Conventions typographiques]]
* [[Wikip&#233;dia:Conventions bibliographiques]]
* [[Wikip&#233;dia:Mod&#232;les/Liste_compl&#232;te]]
* [[Wikip&#233;dia:Mod&#232;les/Aides_&#224;_la_r&#233;daction]]
* [[Aide:Syntaxe]]
* [[Aide:Tableau]]
* [[Aide:Couleurs/table d&#233;taill&#233;e]]
* [[Aide:Trucs_et_astuces]]
* [[Aide:Note]]
* [[Aide:Notes_et_r&#233;f&#233;rences]]
* [[:Cat&#233;gorie:Wikip&#233;dia:aide technique]]
* [[:Aide:Formules_TeX]]
* [[Wikip&#233;dia:Style_encyclop&#233;dique|Style encyclop&#233;dique]]
* [[Wikip&#233;dia:Travaux_in&#233;dits|Travaux in&#233;dits]]

Articles
* {{m|Article g&#233;n&#233;ral}}
* {{m|Article d&#233;taill&#233;}}
* {{m|Article principal}}
* {{m|Article connexe}}


{{Palette Mod&#232;les}}

{{Principales couleurs}}

{{Bo&#238;te Utilisateur|Charte du contributeur en science}}</text>
      <sha1>28miy560uszovtl3pmj5stuhfnqp9au</sha1>
      <model>wikitext</model>
      <format>text/x-wiki</format>
    </revision>
  </page>
