<page xmlns="http://www.mediawiki.org/xml/export-0.8/" xmlns:xsi="http://www.w3.org/2001/XMLSchema-instance">
    <title>Utilisateur:Guillom</title>
    <ns>2</ns>
    <id>925377</id>
    <revision>
      <id>94676511</id>
      <parentid>94614061</parentid>
      <timestamp>2013-07-04T06:32:03Z</timestamp>
      <contributor>
        <username>Guillom</username>
        <id>35266</id>
      </contributor>
      <minor/>
      <comment>testing VE</comment>
      <text xml:space="preserve">{{minuscule}}__NOTOC__ __NOEDITSECTION__
&lt;div class="plainlinks"&gt;
{{/header}}

[[Image:Turner, J. M. W. - The Fighting T&#233;m&#233;raire tugged to her last Berth to be broken.jpg|thumb|500px|''[[Le Dernier Voyage du T&#233;m&#233;raire|The Fighting T&#233;m&#233;raire tugged to her last Berth to be broken up]]'', [[Joseph Mallord William Turner]].]]


Je suis '''[[Utilisateur:Guillom/Pr&#233;sentation|Guillaume Paumier]]''', un wikim&#233;dien fran&#231;ais participant &#224; Wikip&#233;dia en fran&#231;ais et [[commons:Accueil|Wikimedia Commons]]. Je travaille actuellement pour la [[:foundation:Accueil|Wikimedia Foundation]] comme  [[:foundation:Job openings/Technical Communications Manager|Responsable des communications techniques]].

Vous pouvez me contacter par e-mail &#224; l'adresse gpaumier[[File:At sign.svg|15px|replace this]]wikimedia.org.


En novembre 2008, j&#8217;ai obtenu un doctorat dans le domaine des [[laboratoires sur puce]] et de la [[microfluidique]] pour la chimie analytique. J&#8217;aime particuli&#232;rement la communication scientifique et la photographie ; vous avez probablement d&#233;j&#224; crois&#233; certaines de mes [[:commons:user:guillom/gallery|photos]].

J&#8217;ai r&#233;dig&#233; un [http://www.gpaumier.fr/blog/263_guide-pratique-de-wikipedia/ livre d&#8217;initiation &#224; Wikipedia], publi&#233; en janvier 2009 sous licence libre Creative Commons et accessible sur [[:b:Wikip&#233;dia|Wikibooks]]. Mes activit&#233;s b&#233;n&#233;voles li&#233;es &#224; Wikimedia se concentrent sur la cr&#233;ation de documents, notamment dans le cadre de la ''[[m:Wikimedia documents initiative|Wikimedia documents initiative]]''. Si vous avez besoin d&#8217;aide ou de conseils pour r&#233;aliser des documents ou des brochures li&#233;es aux projets Wikimedia, je serai heureux de vous aider.

Vous pouvez me faire plaisir et m&#8217;aider &#224; r&#233;diger des articles en m&#8217;[http://www.amazon.com/registry/wishlist/3E6NBVOAHWU0K?reveal=unpurchased&amp;filter=all&amp;sort=priority&amp;layout=standard&amp;x=12&amp;y=16 offrant un appareil photo]. 

&lt;br clear="all"&gt;

&lt;div style="width:23%;display:block;float:right;align:center;"&gt;
{{User:Guillom/Compteur|141}}


&lt;/div&gt;
&lt;/div&gt;
&lt;br clear="all"&gt;

{{DEFAULTSORT:Guillom}}
[[Cat&#233;gorie:Utilisateur TeXnicien]]
[[Cat&#233;gorie:Utilisateur amateur de pain grill&#233;]]
[[Cat&#233;gorie:Administrateur Commons]]
{{admin mop}}

[[de:User:Guillom]]
[[en:User:Guillom]]</text>
      <sha1>dkycqtdyip7odhn1w7ipwcwv3th9bss</sha1>
      <model>wikitext</model>
      <format>text/x-wiki</format>
    </revision>
  </page>
