<page xmlns="http://www.mediawiki.org/xml/export-0.8/" xmlns:xsi="http://www.w3.org/2001/XMLSchema-instance">
    <title>Utilisateur:Godix</title>
    <ns>2</ns>
    <id>2384229</id>
    <revision>
      <id>33422722</id>
      <parentid>31886932</parentid>
      <timestamp>2008-09-14T12:57:44Z</timestamp>
      <contributor>
        <username>Godix</username>
        <id>215379</id>
      </contributor>
      <text xml:space="preserve">{{boite utilisateur|Projet/Neutralit&#233;}}

[[Wikip&#233;dia:Liste des articles non neutres]]

*Liens pour le suivi:
[http://fr.wikipedia.org/wiki/Special:Recentchangeslinked/Cat%C3%A9gorie:Wikip%C3%A9dia:Archives_Articles_non_neutres Lien pour suivre les changements dans les pages de justification]

[http://fr.wikipedia.org/w/index.php?namespace=&amp;target=Cat%C3%A9gorie%3AArticle+soup%C3%A7onn%C3%A9+de+partialit%C3%A9&amp;hideminor=0&amp;title=Special%3ASuivi+des+liens lien pour suivre les changements dans les pages en cours]

[http://fr.wikipedia.org/wiki/Special:Suivi_des_liens/Wikip%C3%A9dia:Liste_des_articles_non_neutres/Articles_%C3%A0_surveiller/Suivi_des_liens lien pour suivre les changements dans les articles &#224; surveiller]

*Bandeaux :
* {{m|subst:Retrait neutralit&#233;|NomPage}}:bandeau &#224; substituer {{m|Retrait neutralit&#233;}}
* {{m|subst:Relance neutralit&#233;|NomPage}}:bandeau &#224; substituer {{m|Relance neutralit&#233;}}
* {{m|subst:Justification neutralit&#233;|NomPage}}: bandeau &#224; substituer {{m|Justification neutralit&#233;}}
* {{m|D&#233;saccord de neutralit&#233;}} : bandeau est &#224; apposer.
* {{m|Promotionnel}} : bandeau est &#224; apposer.
* {{m|Passage non neutre}} : mise en &#233;vidence de passages Non Neutres.&lt;br/&gt;Voir aussi: {{m|R&#233;f&#233;rence n&#233;cessaire}} : mise en &#233;vidence de passages sujets &#224; caution par manque de sources.
* {{m|Instructions LANN}} : cartouche d'introduction.</text>
      <sha1>8v0o38x9w0ghfex874x6w7yokyrmf6a</sha1>
      <model>wikitext</model>
      <format>text/x-wiki</format>
    </revision>
  </page>
