<page xmlns="http://www.mediawiki.org/xml/export-0.8/" xmlns:xsi="http://www.w3.org/2001/XMLSchema-instance">
    <title>Utilisateur:PetitSchtroumpf</title>
    <ns>2</ns>
    <id>7006818</id>
    <revision>
      <id>94306215</id>
      <parentid>92147454</parentid>
      <timestamp>2013-06-22T15:17:15Z</timestamp>
      <contributor>
        <username>H&#233;g&#233;sippe Cormier</username>
        <id>6155</id>
      </contributor>
      <minor/>
      <comment>A prot&#233;g&#233; &#171; [[Utilisateur:PetitSchtroumpf]] &#187;&#160;: bloqu&#233; ind&#233;finiment ([Modifier=Autoriser uniquement les administrateurs] (infini) [Renommer=Autoriser uniquement les administrateurs] (infini))</comment>
      <text xml:space="preserve"/>
      <sha1>phoiac9h4m842xq45sp7s6u21eteeq1</sha1>
      <model>wikitext</model>
      <format>text/x-wiki</format>
    </revision>
  </page>
