<page xmlns="http://www.mediawiki.org/xml/export-0.8/" xmlns:xsi="http://www.w3.org/2001/XMLSchema-instance">
    <title>Utilisateur:Cerhab</title>
    <ns>2</ns>
    <id>3203219</id>
    <revision>
      <id>69932098</id>
      <parentid>48300556</parentid>
      <timestamp>2011-09-19T13:41:10Z</timestamp>
      <contributor>
        <username>Cerhab</username>
        <id>431962</id>
      </contributor>
      <text xml:space="preserve">" '''En revenant sur un pass&#233; d'erreurs, on trouve la v&#233;rit&#233; en un v&#233;ritable repentir intellectuel. En fait, on conna&#238;t contre une connaissance ant&#233;rieure, en d&#233;truisant des connaissances mal faites'''." G. Bachelard.

Je suis docteur en M&#233;decine et en Sciences Cognitives, HDR.</text>
      <sha1>j2781qm5yzobdjy9utdp0eluec01wcc</sha1>
      <model>wikitext</model>
      <format>text/x-wiki</format>
    </revision>
  </page>
