<page xmlns="http://www.mediawiki.org/xml/export-0.8/" xmlns:xsi="http://www.w3.org/2001/XMLSchema-instance">
    <title>Utilisateur:Yves Bleuler</title>
    <ns>2</ns>
    <id>6392058</id>
    <revision>
      <id>92410883</id>
      <parentid>92410826</parentid>
      <timestamp>2013-04-24T03:03:43Z</timestamp>
      <contributor>
        <username>Yves Bleuler</username>
        <id>1315688</id>
      </contributor>
      <text xml:space="preserve">
'''Partis pris id&#233;ologiques:'''

1) Gauche mod&#233;r&#233;e:
- Militant syndical
- Militant des sceptiques du Qu&#233;bec
- Partisan de l'approche m&#233;dicale
- Partisan de l'approche communautaire (en sant&#233;)

2) Souverainiste qu&#233;b&#233;cois

== Articles cr&#233;&#233;s ==


*[[Biais de confusion]]
*[[&#201;chelles des tactiques de conflit]]
*[[Andr&#233; Lussier (psychanalyste)]]


{{Utilisateur fr}}
{{Utilisateur habite Qu&#233;bec}}
{{Utilisateur Mast&#232;re Dipl&#244;me}}
{{Utilisateur Projet/Politique qu&#233;b&#233;coise}}
{{Utilisateur Psychologue}}
{{Utilisateur WikiGnome}} 
{{Utilisateur anti-lobby}}
{{Utilisateur sceptique envers les m&#233;decines douces }}
{{Utilisateur anti X&#233;nophobie }}
{{Utilisateur &#233;gyptologue }}
{{Utilisateur chercheurfou}}
{{Utilisateur f&#244;te}}
{{Utilisateur Histoire}}
{{Utilisateur philosophie}}
{{Utilisateur sciences cognitives}}
{{Utilisateur Z&#233;t&#233;tique}}
{{Utilisateur th&#233;ologie}}
{{Utilisateur Evolution}}
{{Utilisateur Domaine Public}}</text>
      <sha1>7jxtl44btubswp3cqcbb6heud4ptlae</sha1>
      <model>wikitext</model>
      <format>text/x-wiki</format>
    </revision>
  </page>
