<page xmlns="http://www.mediawiki.org/xml/export-0.8/" xmlns:xsi="http://www.w3.org/2001/XMLSchema-instance">
    <title>Utilisateur:Manuguf</title>
    <ns>2</ns>
    <id>944067</id>
    <revision>
      <id>95470114</id>
      <parentid>93322337</parentid>
      <timestamp>2013-08-01T16:32:37Z</timestamp>
      <contributor>
        <username>Manuguf</username>
        <id>133062</id>
      </contributor>
      <comment>GLecien = 0</comment>
      <text xml:space="preserve">&lt;!-- {{wikibreak|message='''{{BASEPAGENAME}}''' a d&#233;cid&#233; de cesser de contribuer &#224; Wikipedia. Quelques interventions sur le saut &#224; ski f&#233;minin restent possibles, ainsi qu'une l&#233;g&#232;re pr&#233;sence sur Commons|image=Signal B0.svg}} --&gt;
{{wikislow}}
{{Babel field 0
 |letter code size=1.2em
 |text size=0.83em
 |letter code=GLec
 |lien langue = Utilisateur:GLec
 |text=Je ne parle pas du tout '''[[Utilisateur:GLec|GLecien]]''', ou avec d'&#233;norme difficult&#233;s, mais j'&#233;vite car &#231;a me fait souffrir de mobiliser mon esprit &#224; des t&#226;ches inutiles
 |nocat=oui
}}
{{Utilisateur Station hertzienne militaire de Pierre-sur-Haute}}
[[de:user:Manuguf]]</text>
      <sha1>jint24vzossfo09mh9fnzkwvatn0i7f</sha1>
      <model>wikitext</model>
      <format>text/x-wiki</format>
    </revision>
  </page>
