<page xmlns="http://www.mediawiki.org/xml/export-0.8/" xmlns:xsi="http://www.w3.org/2001/XMLSchema-instance">
    <title>Utilisateur:Ouicoude</title>
    <ns>2</ns>
    <id>974740</id>
    <revision>
      <id>91619155</id>
      <parentid>70018420</parentid>
      <timestamp>2013-04-02T19:45:00Z</timestamp>
      <contributor>
        <username>HerculeBot</username>
        <id>346772</id>
      </contributor>
      <minor/>
      <comment>Correction de lien vers redirect : Jorge Semprun - Modifications du (des) lien(s) vers [[Jorge Sempr&#250;n]]; changements de type cosm&#233;tique</comment>
      <text xml:space="preserve">{{titre|Ouicoude}}
{{ic&#244;ne de titre|Lien=Wikip&#233;dia:Comit&#233; d'arbitrage|Image=US Department of Justice Scales Of Justice.svg|Texte=Je suis arbitre sur fr:Wikip&#233;dia|Taille=25}} 

&lt;p style="padding: 6px; text-align: left; background: #eeeeee; border: 1px solid black;"&gt;[[Wikip&#233;dia:Le Bistro|Bistro]] - [[Projet:Maintenance/Analyse des cr&#233;ations sous IP|Maintenance IP]] - [[Wikip&#233;dia:Proposition articles de qualit&#233;|AdQ]] - [[Wikip&#233;dia:Liste des articles non neutres|LANN]] - [[Wikip&#233;dia:Pages &#224; supprimer|P&#224;S]] - [[Wikip&#233;dia:BA|BA]] - [[Projet:Psychologie|Projet psychologie]] - [[Projet:M&#233;decine|Projet M&#233;decine]]&lt;/p&gt;

== Bonjour, bienvenue &#224; toi qui passe ! ==
[[Image:Egon Schiele 059.jpg|thumb|right|300px|Hop, et sans les mains !]]
Je suis un [[Le Concombre masqu&#233;|contributeur anonyme]] et qui le restera. J'essaie de contribuer dans la mesure de mon temps disponible (limit&#233;) et sur des sujets vari&#233;s. Je n'ai jamais contribu&#233; &#224; aucun article de qualit&#233;, et n'ai aucune ambition de devenir un jour [[Wikip&#233;dia:Administrateur|administrateur]]. En revanche, je suis [[Wikip&#233;dia:Comit&#233; d'arbitrage |arbitre]] depuis septembre 2007, et - c'est humain - sensible aux [[Utilisateur:Ouicoude/lauriers|encouragements]]. Voil&#224;. 

Mais sinon, je suis poli, propre, et j'essaie d'&#234;tre zen et sympa.

== C'est pas moi qui l'ai dit ==
* ''Enjoy yourself, it's later than you think !'' &lt;small&gt;Feu le grand-p&#232;re dans'' [[Tout le monde dit I love you]]'' de [[Woody Allen]]&lt;/small&gt;.
* ''O&#249; avez-vous vu qu'elle &#233;tait respectable l'esp&#232;ce humaine ? Vous n'avez jamais entendu chanter [[Francis Lalanne]] ?'' &lt;small&gt;[[Pierre Desproges]]&lt;/small&gt;.
* ''Beaucoup de choses sont inqui&#233;tantes, mais rien n'est plus inqui&#233;tant que l'homme lui-m&#234;me'' &lt;small&gt;[[Antigone (Sophocle)|Sophocle, ''Antigone'']], v. 332-333)&lt;/small&gt;.

== Trucs utiles (merci, les gens!) ==
{|| width=250px
|{{Bo&#238;te d&#233;roulante
|titre=Table des couleurs
|arrondi=0.6em
|couleurFondB=#eee
|couleurFondT=#fff
|couleurFond=#fff
|contenu={{Table des couleurs}}}}
|}

&lt;div style="padding:5px; background-color:#D2B48C"&gt;
* [[Portail:M&#233;decine]] et [[Discussion Portail:M&#233;decine]]
* [[Projet:M&#233;decine]] et [[Discussion Projet:M&#233;decine]]
* Liste des 14 derniers [[Projet:M&#233;decine/Articles r&#233;cents| ''articles r&#233;cents'' de m&#233;decine]] et liste des 20 &#224; 500 derniers [[Sp&#233;cial:Whatlinkshere/Mod&#232;le:Portail_m&#233;decine| ''articles r&#233;cents'' de m&#233;decine]]
* Voir la [http://fr.wikipedia.org/wiki/Projet:M%C3%A9decine/Index liste ''compl&#232;te'' de tous les ''articles'' de m&#233;decine] ; 
* Voir toutes les [[:Cat&#233;gorie:Wikip&#233;dia:&#233;bauche m&#233;decine|&#233;bauches de m&#233;decine]]. 
* Voir toutes les [[:Cat&#233;gorie:M&#233;decine|cat&#233;gories de m&#233;decine]].
&lt;/div&gt;

&lt;div style="padding:5px; background-color:#D2B48C"&gt;
* [[Portail:Psychologie]] et [[Discussion Portail:Psychologie]]
* [[Projet:Psychologie]] et [[Discussion Projet:Psychologie]]
* [[Sp&#233;cial:Whatlinkshere/Mod&#232;le:Portail_Psychologie| ''articles r&#233;cents'' de Psychologie]]
* Voir toutes les [[:Cat&#233;gorie:Psychologie|cat&#233;gories de Psychologie]].
&lt;/div&gt;

== Lovelist (en changement perp&#233;tuel) ==
&lt;small&gt;[[Air (groupe)|Air]] - [[Woody Allen]] - [[Laurie Anderson]] - [[Asian dub foundation]] -[[Ba&#241;os]] - [[Bela Bartok]] - [[Biyouna]] - [[Eric Chevillard]] - [[Cinematic Orchestra]] - [[H&#233;l&#232;ne Cixous]] - [[Cris et chuchotements]] - [[Daniel Darc]] - [[Charlotte Delbo]] - [[Diego-Suarez]] - [[Jonathan Safran Foer]] - [[Gisti]] - [[Philip Glass]] - [[Guerre et amour]] - [[Haendel]] - [[Joy Division]] - [[Kraftwerk]] - [[Kronos Quartet]] - [[LCD Soundsystem]] - [[Doris Lessing]] - [[Groucho Marx]] - [[Mattafix]] - [[Wim Mertens]] - [[Minimal Compact]] - [[Mirwais]] - [[Moby]] - [[Morcheeba]] - [[Jeanne Moreau]] - [[Mulholland Drive (film)|Mulholland Drive]] - [[Nias]] - [[Nusrat Fateh Ali Khan]] - [[Joyce Carol Oates]] - [[Paris]] - [[Georges Perec]] - [[PJ Harvey]] - [[Purcell]] - [[Radiohead]] - [[S&#233;oul]] - [[Steve Reich]] - [[Royksopp]] - [[Egon Schiele]] - [[Arthur Schnitzler]] - [[Hubert Selby|Hubert Selby Jr]] - [[Jorge Sempr&#250;n]] - [[Six pieds sous terre (s&#233;rie t&#233;l&#233;vis&#233;e)|Six feet under]] - [[Sonic Youth]] - [[Sufjan Stevens]] - [[Suites pour violoncelle seul (Bach)|Les Suites pour violoncelle seul de Bach]] - [[Syd Matters]] - [[Talking Heads]] - [[Taraf de Ha&#239;douks]] - [[Myst&#232;res &#224; Twin Peaks|Twin Peaks]] - [[Ullapool]] - [[Vitalic]] - [[The White Stripes]] - [[Yi Yi]]... to be continued... &lt;/small&gt;

{{Parrain|Barham}}
{{Ex filleul|Zenman}}</text>
      <sha1>fsmvo264hf0dq3hectbokumakyk9kl0</sha1>
      <model>wikitext</model>
      <format>text/x-wiki</format>
    </revision>
  </page>
