<page xmlns="http://www.mediawiki.org/xml/export-0.8/" xmlns:xsi="http://www.w3.org/2001/XMLSchema-instance">
    <title>Utilisateur:Yugiz</title>
    <ns>2</ns>
    <id>519993</id>
    <revision>
      <id>71635956</id>
      <parentid>55888136</parentid>
      <timestamp>2011-10-31T16:27:09Z</timestamp>
      <contributor>
        <username>HerculeBot</username>
        <id>346772</id>
      </contributor>
      <minor/>
      <comment>R&#233;solution de redirection; changement de type cosm&#233;tique</comment>
      <text xml:space="preserve">{{Wikislow|yugiz}}
&lt;center&gt;Wikip&#233;dia a actuellement {{NUMBEROFARTICLES}} articles, &lt;br /&gt;dont {{Nombre d'articles de qualit&#233;}} articles de qualit&#233;s&lt;/center&gt;
&lt;center&gt;&lt;span style="color:#4C6099; font-size: 200%; border: "&gt;Bienvenue sur ma page personnelle&lt;/span&gt;&lt;/center&gt;

&lt;center&gt;&lt;span style="color:#4C6099; font-size: 90%; border: "&gt;[http://fr.wikipedia.org/wiki/Special:Emailuser/Yugiz M'envoyer un courriel]&lt;/span&gt;&lt;/center&gt;

&lt;center&gt;
{| style="width: 100px; background-color:#f9f9f9; border: #dddddd solid 1px;margin-bottom:1ex;padding:2px 10px;"
| style="text-align:left;" |
&lt;div style="border:solid #ccc; background: #fff; border-width: 1px 3px 3px 1px; text-align: center; padding-top:3px; float:left; font-size: smaller; line-height: 1.3; margin-right: 4px; width: 7em"&gt;
[[{{CURRENTDAY}} {{CURRENTMONTHNAME}}|&lt;span style="display: block;"&gt;{{CURRENTDAYNAME}}&lt;/span&gt;
&lt;span style="font-size: x-large; width: 100%; display: block; padding:6px 0px"&gt;{{CURRENTDAY}}&lt;/span&gt;
&lt;span style="display: block;"&gt; {{CURRENTMONTHNAME}}&lt;/span&gt;]]
&lt;span style="background: #aaa; color: #000; display: block;"&gt;'''[[{{CURRENTYEAR}}]]'''&lt;/span&gt;
&lt;/div&gt;
|}
&lt;/center&gt;
{|width="100%" cellspacing="0" cellpadding="0"
|width="33%" valign="top"|
&lt;!----------------------------------------------------------&gt;
{{d&#233;but cadre|bleufonc&#233;}}
&lt;p&gt;&lt;center&gt;'''C'est qui Yugiz?'''&lt;/center&gt;&lt;/p&gt;
[[Image:Crystal xeyes.png|left|45px]]
Salut, vous &#234;tes sur la page de Yugiz, 27 ans et psychologue clinicien. Ancien &#233;tudiant en psycho &#224; l'universit&#233; de [[Nice]] (Master2 de psychologie clinique et g&#233;rontologique), je m'int&#233;resse &#233;videmment &#224; la clinique de la personne &#226;g&#233;e, mais aussi &#224; celle du travail.
&lt;/br&gt;
Je suis papa d'une magnifique petite fille, et j'en suis tr&#232;s fier.
&lt;div align="right" style="font-size:xx-small"&gt;[[Utilisateur:Yugiz/Pr&#233;sentation|Pour voir la suite]]&lt;/div&gt;
{{fin cadre}}
|width="34%" valign="top"|
&lt;!----------------------------------------------------------&gt;
{{d&#233;but cadre|bleufonc&#233;}}
&lt;p&gt;&lt;center&gt;'''Ma position th&#233;orique et centres d'int&#233;r&#234;ts en psycho'''&lt;/center&gt;&lt;/p&gt;
[[Image:JusticePsy.jpg|left|50px]]
J'utilise cette page pour d&#233;finir ma position th&#233;orique personnelle sur la [[psychologie]]. En effet, &#233;tant donn&#233; l'importance du choix th&#233;orique pour les contributions sur l'[[Wikip&#233;dia|encyclop&#233;die]], et les interpr&#233;tations trop faciles qui peuvent &#234;tre faites dans ce domaine, je pr&#233;f&#232;re clarifier une bonne fois pour toute ma position.
&lt;div align="right" style="font-size:xx-small"&gt;[[Utilisateur:Yugiz/Psychologie|Pour voir la suite]]&lt;/div&gt;
{{fin cadre}}
|width="33%" valign="top"|
&lt;!----------------------------------------------------------&gt;
{{d&#233;but cadre|bleufonc&#233;}}
&lt;p&gt;&lt;center&gt;'''Mes contributions'''&lt;/center&gt;&lt;/p&gt;
[[Image:P_literature.png|80px|right|left|50px]]
Depuis mon arriv&#233;e sur Wikip&#233;dia le [[11 d&#233;cembre]] [[2005]].
J'ai contribu&#233; significativement &#224; trois [[Wikip&#233;dia:Articles de qualit&#233;|articles de qualit&#233;]]:
&lt;br /&gt;

* [[Motivation]]
* [[Sardaigne]]
* [[Histoire de la Sardaigne]]
&lt;br /&gt;
{{&#201;dit|Yugiz}} 
&lt;div align="right" style="font-size:xx-small"&gt;[[Utilisateur:Yugiz/contributions|Voir mes contributions]]&lt;/div&gt;
{{fin cadre}}
|}

== . ==
{|width="100%" cellspacing="0" cellpadding="0"
|width="33%" valign="top"|
&lt;!----------------------------------------------------------&gt;
{{d&#233;but cadre|bleu}}
&lt;p&gt;&lt;center&gt;'''A faire'''&lt;/center&gt;&lt;/p&gt;
[[Image:Crystal_Clear_app_calendars.png|left|50px]]
&lt;center&gt;[[Projet:Maintenance|Projet maintenance]]&lt;/center&gt;
::* [[Projet:Psychologie/&#201;valuation|Evaluer]] les articles de psychologie ([http://tools.wikimedia.de/~bayo/intercat.php?formCat1=Article%20de%20psychologie%20d%27avancement%20inconnu&amp;formCat2=Article%20de%20psychologie%20d%27importance%20inconnue liste ici]).
:::* Voir [[Utilisateur:Alecs.bot/2007092002|ajout/ retrait du bandeau &#233;bauche /rapport &#224; l'&#233;val.]]
::* Aller &#224; Cannes pour photographier la tombe de [[Lily Pons]] (Alice Jos&#233;phine Pons).
::* Acceuillir les nouveaux [http://fr.wikipedia.org/wiki/Special:Log/newusers ici]
&lt;/br&gt;
&lt;div align="right" style="font-size:xx-small"&gt;[[Mod&#232;le:Que faire|Pour savoir quoi faire d'autre]]&lt;/div&gt;
{{fin cadre}}
|width="34%" valign="top"|
&lt;!----------------------------------------------------------&gt;
{{d&#233;but cadre|bleu}}
&lt;p&gt;&lt;center&gt;'''Projet'''&lt;/center&gt;&lt;/p&gt;
[[Image:Gartoon-Administration.png|left|50px]]
Je participe essenciellemnt aux projets:
::* [[Projet:psychologie|Psychologie]]
::* [[Projet:Italie|Italie]], et en particulier sur la Sardaigne.
::* [[Wikip&#233;dia:Demande de relecture]]... Expert es-tu l&#224;?

&lt;/br&gt;
&lt;div align="right" style="font-size:xx-small"&gt;[[:Cat&#233;gorie:Projet th&#233;matique|Pour voir tout les projets]]&lt;/div&gt;
{{fin cadre}}

|width="33%" valign="top"|
&lt;!----------------------------------------------------------&gt;
{{d&#233;but cadre|bleu}}
&lt;p&gt;&lt;center&gt;'''Mes portails pr&#233;f&#233;r&#233;s'''&lt;/center&gt;&lt;/p&gt;&lt;/br&gt;
[[Image:Colloquy-irc-icon.png|left|50px]]
::* [[Portail:Psychop&#233;dia]]
::* [[Portail:Italie]]
::* [[Portail:Savoir-faire]]
::* [[Portail:Environnement]]
::* [[Portail:Quiz]]
&lt;/br&gt;

&lt;div align="right" style="font-size:xx-small"&gt;[[Portail:Accueil|Voir tous les autres portails]]&lt;/div&gt;
{{fin cadre}}
|}

== . ==
{|width="100%" cellspacing="0" cellpadding="0"
|width="30%" valign="top"|
&lt;!----------------------------------------------------------&gt;
{{d&#233;but cadre|vert}}
&lt;p&gt;&lt;center&gt;'''Cat&#233;gories utiles'''&lt;/center&gt;&lt;/p&gt;
[[Image:Wiki rules.png|left|50px]]

::*''Recherche:''
::: [http://tools.wikimedia.de/%7Edaniel/WikiSense/CategoryTree.php Arborescence des cat&#233;go]

::* ''[[:cat&#233;gorie:Sardaigne]]''
::: -&gt; [http://fr.wikipedia.org/wiki/Special:Recentchangeslinked/Cat%C3%A9gorie:Sardaigne Suivi de la cat&#233;go]

::*Article li&#233; au portail de psychologie
:::''[http://fr.wikipedia.org/wiki/Special:Suivi_des_liens/Cat%C3%A9gorie:Portail:Psychologie/Articles_li%C3%A9s Suivi portail psycho]''
::* ''[[:Cat&#233;gorie:Psychologie]]''
::: -&gt; [http://fr.wikipedia.org/wiki/Special:Recentchangeslinked/Cat%C3%A9gorie:Psychologie Suivi de la cat&#233;go]
&lt;small&gt;
::::[http://fr.wikipedia.org/w/index.php?title=Special:Recentchangeslinked&amp;target=Cat%C3%A9gorie%3APsychologue Suivi de la cat. psychologue]
::::[http://fr.wikipedia.org/w/index.php?title=Special:Recentchangeslinked&amp;target=Cat%C3%A9gorie%3APsychologie_clinique Suivi psycho clinique]
::::[http://fr.wikipedia.org/w/index.php?title=Special:Recentchangeslinked&amp;target=Cat%C3%A9gorie%3APsychologie_sociale Suivi psycho social]
::::[http://fr.wikipedia.org/w/index.php?title=Special:Recentchangeslinked&amp;target=Cat%C3%A9gorie%3APsychoth&#233;rapie Suivi de la cat. psychoth&#233;rapie]
&lt;/small&gt;

::*''Images'':
::: -&gt; [[:Cat&#233;gorie:Image de psychologie]]
::: -&gt; [[:Cat&#233;gorie:Ic&#244;ne]] | et [http://commons.wikimedia.org/wiki/Category:Icons ici]

{{fin cadre}}

|width="30%" valign="top"|
&lt;!----------------------------------------------------------&gt;
{{d&#233;but cadre|vert}}
&lt;p&gt;&lt;center&gt;'''Liens internes utiles'''&lt;/center&gt;&lt;/p&gt;
[[Image:Book template.gif|left|50px]]

::*''Recherche:''
[[Sp&#233;cial:Prefixindex|Recherche par pr&#233;fixe]]

::*''Licence:''
::: [[Wikip&#233;dia:Liste des bandeaux de licence]]
::: [[Wikip&#233;dia:Message standard de violation de la GFDL]]

::*''Projet Wikip&#233;dia:''
::: [[Wikip&#233;dia:Prise de d&#233;cision]]
::: [[Wikip&#233;dia:Proposition articles de qualit&#233;]]
::: [[Wikip&#233;dia:D&#233;cernez les lauriers]]

::* ''Article'':
::: [http://fr.wikipedia.org/w/index.php?title=D%C3%A9sir_mim%C3%A9tique&amp;oldid=9570624 D&#233;sir mim&#233;tique]


{{fin cadre}}

|width="30%" valign="top"|
&lt;!----------------------------------------------------------&gt;
{{d&#233;but cadre|vert}}
&lt;p&gt;&lt;center&gt;'''Mes sous pages'''&lt;/center&gt;&lt;/p&gt;
[[Image:Book template.gif|left|50px]]

::* [[Utilisateur:Yugiz/Psychologie]]
:::* [[Discussion utilisateur:Yugiz/Psychologie]]
::* [[Utilisateur:Yugiz/Italie-Sardaigne]]
:::* [[Discussion utilisateur:Yugiz/Italie-Sardaigne]]
::* [[Utilisateur:Yugiz/page supprim&#233;|Mon cahier de brouillon]]
::* [[Utilisateur:Yugiz/contributions]]
::* [[Utilisateur:Yugiz/Pr&#233;sentation]]
:::* [[Discussion utilisateur:Yugiz/Pr&#233;sentation|Accueil des nouveaux]]
::* [[Utilisateur:Yugiz/Livres/d&#233;tour]]
::* [[Utilisateur:Yugiz/Aide perso]]
::* [[Utilisateur:Yugiz/monobook.js]]
::* [[Utilisateur:Yugiz/monobook.css]]
::* [[Discussion utilisateur:Yugiz/archiveWerdnabot|Pages d'archives]]

{{fin cadre}}
|}

{{Palette Aide}}

{{Rhino mop}}

== . ==

{{R&#233;compense|Pour le travail remarquable effectu&#233; sur le projet [[Wikip&#233;dia:Demande de relecture]]&lt;br /&gt; [[Utilisateur:Ceedjee|Ceedjee]] [[Discussion utilisateur:Ceedjee|&lt;sup&gt;''contact''&lt;/sup&gt;]] 11 janvier 2008 &#224; 00:01 (CET)}}

== . ==
{{bo&#238;te d&#233;roulante|titre=Crit&#232;res d'admissibilit&#233;|largeur=30%|arrondi=0.6em|contenu=
&lt;div style="width:90%;float:center;margin-left:1em;"&gt;

{{Rappel des crit&#232;res d'admissibilit&#233;}} {{Contenu de Wikip&#233;dia}}&lt;/div&gt; }}

&lt;div style="width:20%;float:right;margin-left:1em;"&gt;
{{Cadre utilisateur
|image=Gaim.svg
|titre=Annonce du projet psychologie
|lien=Projet:psychologie/Annonces
}}&lt;/div&gt;

{| border="0" align="center" rules="all" cellpadding="3px" style="border: 1px solid #999; background-color:#FFF8FF; "
|-align="center" bgcolor="#E4E4C9"
! Voir cette page
! Dans ce cas
|-----
| '''[[Wikip&#233;dia:Oracle|L&#8217;Oracle]]'''
| Pour r&#233;pondre &#224; votre curiosit&#233; sur un point scientifique ou artistique
|-bgcolor="#FFF0FF"
| '''[[Wikip&#233;dia:Questions techniques|La Questions techniques]]'''
| Pour r&#233;pondre &#224; vos difficult&#233;s ou interrogations lors de votre participation
|-----
| '''[[Wikip&#233;dia:Legifer|Legifer]]'''
| Pour r&#233;pondre &#224; vos questions d'ordre juridique concernant Wikip&#233;dia (licences,...)
|-bgcolor="#FFF0FF"
| '''[[Wikip&#233;dia:Probl&#232;mes avec la nouvelle version du logiciel#mediawiki 1.9|Probl&#232;mes avec la nouvelle version du logiciel]]'''
| Pour consulter ou signaler les probl&#232;mes rencontr&#233;s avec mediawiki 1.9, logiciel faisant fonctionner Wikip&#233;dia
|-----
| '''[[Wikip&#233;dia:livre d'or|Le livre d&#8217;or]]'''
| Pour exprimer votre appr&#233;ciation ou r&#233;probation g&#233;n&#233;rale
|-bgcolor="#FFF0FF"
| '''[[Wikip&#233;dia:rapport d'erreurs|Le rapport d&#8217;erreurs]]'''
| Pour signaler un dysfonctionnement informatique
|-----
| '''[[Wikip&#233;dia:Annonces|Les annonces]]''' ou [[Wikip&#233;dia:agenda|l&#8217;agenda]]
| Pour les annonces
|-bgcolor="#FFF0FF"
| '''[[Wikip&#233;dia:D&#233;tente|L'espace d&#233;tente]]'''
| Pour se d&#233;lasser l'esprit
|}</text>
      <sha1>n5n40vhb0cytf0ug732dc40k0dgqhka</sha1>
      <model>wikitext</model>
      <format>text/x-wiki</format>
    </revision>
  </page>
