<page xmlns="http://www.mediawiki.org/xml/export-0.8/" xmlns:xsi="http://www.w3.org/2001/XMLSchema-instance">
    <title>Utilisateur:Foudebassans</title>
    <ns>2</ns>
    <id>7257773</id>
    <revision>
      <id>96816391</id>
      <parentid>96816327</parentid>
      <timestamp>2013-09-20T09:17:53Z</timestamp>
      <contributor>
        <username>Foudebassans</username>
        <id>1591710</id>
      </contributor>
      <minor/>
      <text xml:space="preserve">{{wikibreak|message='''{{{1|{{BASEPAGENAME}}}}}''' est actuellement en &#171; [[Wikipedia:Wikislow|wikislow]] &#187; et ne contribue qu'&#233;pisodiquement.|image=Zeichen_274.1.svg}}

{{Boutons|cadre=oui|bordure cadre=solid 3px #A0E090|fond boutons=#A0E090|fond cadre=#F8EABA|arrondi=14px|bouton-1=Sources|url-1=Utilisateur:Foudebassans/Sources|image-1=|bouton-2=Brouillon|url-2=Utilisateur:Foudebassans/brouillon 3|image-2=crystal_Clear_app_knotes.png|bouton-3=Mod&#232;les|url-3=Utilisateur:Foudebassans/Mod&#232;les R|image-3=|bouton-4=Photographies|url-4=Utilisateur:Foudebassans/Galerie Photo|image-4=|bouton-5=Discussion|url-5=Discussion utilisateur:Foudebassans|image-5=Crystal 128 mail.png}}

&lt;center&gt;{{Cadre utilisateur|width=80%|couleur=#A0E090|fond=white|bordure=#F8EABA|image=|titre =[[Beg Meil]]:|bas=[[q:Mod&#232;le:Citation_du_jour/20_septembre_2013|wikiquote, citation du 20/09/2013]]|contenu=[[File:Beg-meil.jpg|thumb|center|upright=3|[[Mouillage]], face &#224; [[Concarneau]], sentier cotier, &#233;t&#233; 2012.]]&lt;center&gt;{{citation bloc|
''Connais ton adversaire, connais-toi, et tu ne mettras pas ta victoire en danger. Connais le ciel et connais la terre, et ta victoire sera totale.''
|[[Sun Zi]]|'''''L&#8217;Art de la guerre'''''
}}&lt;/center&gt;}}&lt;/center&gt;

&lt;center&gt;{{Cadre utilisateur|width=80%|couleur=#A0E090|fond=white|bordure=#F8EABA|image=|titre =[[&#206;le Verte (La Ciotat)|&#206;le Verte]]:|bas=&lt;small&gt;&lt;/small&gt;|contenu=[[Image:&#206;le Verte (La Ciotat).jpg|thumb|upright=3|center]]&lt;center&gt;{{citation bloc|Les math&#233;maticiens ont toujours &#233;t&#233; persuad&#233;s qu&#8217;ils d&#233;montrent des &#171; v&#233;rit&#233;s &#187; ou des &#171; propositions vraies &#187;, une telle conviction ne peut &#233;videment &#234;tre que sentimentale ou m&#233;taphysique, et ce n&#8217;est pas en se pla&#231;ant sur le terrain de la math&#233;matique qu&#8217;on peut la justifier, ni m&#234;me lui donner un sens qui n&#8217;en fasse pas une tautologie. L&#8217;histoire du concept de v&#233;rit&#233; en math&#233;matique rel&#232;ve donc de l'histoire de la philosophie et non de celle des math&#233;matiques ; Mais l'&#233;volution de ce concept a eu une influence ind&#233;niable sur celle des math&#233;matiques, et &#224; ce titre nous ne pouvons pas la passer sous silence.|[[Nicolas Bourbaki]]|[[&#201;l&#233;ments d&#8217;histoire des math&#233;matiques]]&lt;ref&gt;{{Ouvrage|titre=&#201;lements d&#8217;histoire des math&#233;matiques|&#233;diteur=Springer|ann&#233;e=2007|passage=21.|url=http://books.google.fr/books?id=csgswR8TlQ8C&amp;pg=PA21}}&lt;/ref&gt;}}
&lt;/center&gt;}}&lt;/center&gt;
{{Boite d&#233;roulante d&#233;but|titre=}}
&lt;center&gt;{{M&#233;ta cadre|width=80%|couleur=|fond=white|bordure=#F8EABA|image=crystal_Clear_app_knotes.png|titre ='''Citation :'''|bas=&lt;small&gt;&lt;/small&gt;|contenu=&lt;center&gt;{{citation bloc|We can only see a short distance ahead, but we can see plenty there that needs to be done&lt;ref&gt;{{article|pr&#233;nom1=Alan|nom1=Turing|lien auteur=Alan Turing|langue=en|&#233;diteur=Oxford University Press|p&#233;riodique={{lien|Mind|trad=Mind_(journal)}}|titre=Computing machinery and intelligence|volume=59|num&#233;ro=236|lire en ligne =http://mind.oxfordjournals.org/content/LIX/236/433.full.pdf|mois=octobre|ann&#233;e=1950|passage=460}}&lt;/ref&gt;{{,}}{{#tag:ref|{{citation|Nous ne savons pas o&#249; nous allons, mais du moins il nous reste bien des choses &#224; faire&lt;ref&gt;{{ouvrage|pr&#233;nom1=Alan Ross|nom1=Anderson|directeur1=Alan Ross Anderson|titre=Pens&#233;e et machine|&#233;diteur=Champ Vallon|ann&#233;e=1983|ISBN=2-903528-28-4|titre chapitre=Les ordinateurs de l&#8217;intelligence|passage=67|lire en ligne =http://books.google.fr/books?id=Aab_kiv_DwMC&amp;hl=fr&amp;pg=PA67}}.&lt;/ref&gt;.}}|group=N}}.|Alan turing}}&lt;/center&gt;}}&lt;/center&gt;
{{Palette|IAM|Marseille}}

{{Palette|Logique|Philosophie}}{{Palette|Pr&#233;socratiques}}{{Palette|Socratiques}}{{Palette|Dialogues de Platon}}{{Palette|Aristote}}{{Palette|&#338;uvres de Cic&#233;ron}}{{Palette|Friedrich Nietzsche}}{{Palette|Bloomsbury Group}}
{{Palette|Psychanalyse|Sociologie}}
{{Boite d&#233;roulante fin}}
{{Palette|Culture}}

&lt;center&gt;{{Cadre utilisateur|width=80%|couleur=|fond=#F1E2AE|bordure=|image=|bas=&lt;small&gt;&lt;/small&gt;|titre=|contenu={{citation bloc|''A&#8230; comme Alg&#233;rie'' :&lt;br&gt;
''Le retour au pays a toujours &#233;t&#233; un probl&#232;me, la joie indicible se m&#234;lant presque instinctivement &#224; la crainte de ne plus se sentir chez soi, d&#8217;&#234;tre devenu un &#233;tranger.''|[[Malek Chebel]], [[Dictionnaire amoureux]] de l&#8217;[[Alg&#233;rie]]&lt;ref name="Dictionnaire1"&gt;{{Ouvrage|titre=Dictionnaire amoureux de l&#8217;Alg&#233;rie|auteur=Malek Chebel|&#233;diteur=Plon|pages totales=501|ISBN=2-259-21236-0|passage=10}}.&lt;/ref&gt;}}
[[File:Blackleopard.JPG|thumb|upright=2|center]]
{{citation bloc|L&#8217;id&#233;e selon laquelle le hasard serait ''toujours'' un [[artefact]] dont les limitations de notre pouvoir de connaissance seraient responsable est la contrepartie de la popularit&#233; du &#171; d&#233;mon de Laplace &#187;.&lt;br&gt;
&#8230;pour le [[d&#233;mon de Laplace]], le d&#233;terminisme qui r&#232;gne sur le monde est sans faille.|[[Raymond Boudon]], [[Alexis de Tocqueville|Tocqueville]] aujourd'hui&lt;ref&gt;{{Ouvrage|titre=Tocqueville aujourd&#8217;hui|auteur=Raymond Boudon|&#233;diteur=Odile Jacob|ann&#233;e=2005|isbn=2-7381-1549-7|passage=21.|url=http://books.google.fr/books?id=klQLwu-ybUgC&amp;pg=PA21}}, consult&#233; le 27 juin 2013.&lt;/ref&gt;}}}}&lt;/center&gt;

== En bo&#238;tes ==

&lt;!-- Premi&#232;re colonne --&gt;
{| border="0" align="center"
| valign="top"| 
{{BUd&#233;but
| alignement = center
| couleurfond = #777777
| couleurbordure = #FFFFFF
}}
{{BUtilisateur
  |couleur = #FFEBAF
  |img = Rubik's cube.svg
  |img-taille = 38px
  |titre = [[Rubik&#8217;s Cube]]
  |texte = Je sais r&#233;soudre diff&#233;rents mod&#232;les de Rubik&#8217;s Cube.&lt;small&gt;&lt;br&gt;assez vite, cela dit juste en passant&#8230;, et vous ? &lt;/br&gt;{{clin}}&lt;/small&gt;
}}
{{BUtilisateur
 | couleur     = #FFEBAF
 | img         = Question mark alternate.svg
 |img-taille = 38px 
 | titre       = [[Ludwig Wittgenstein]], [[Tractatus logico-philosophicus]]
 | texte       = {{citation|Sur ce dont on ne peut parler, '''il''' '''faut''' '''garder'''  '''le'''  '''silence'''}}}}

{{BUtilisateur
 |couleur = #FFEBAF
 |img = Hw-caesar.png
 |img-taille = 38px  
 |texte = [[Jules C&#233;sar]] a dit: ''[[Alea jacta est]]!'' et j'adore !}}
{{BUfin}}
&lt;!-- Deuxi&#232;me colonne --&gt;
| valign="top"|
{{BUd&#233;but
| alignement = center
| couleurfond = #777777
| couleurbordure = #FFFFFF
}}
{{BUtilisateur
 | couleur     = #FFEBAF
 | img         = DesprogesCropped.png
 | img-couleur = transparent
 | titre       = [[Pierre Desproges]]
 | texte       = ''{{Citation|On peut rire de tout,&lt;br /&gt;mais pas avec tout le monde.}}''}}
{{BUtilisateur
 |couleur = #FFEBAF
 |img = Albert_Einstein_%28Nobel%29.png
 |img-taille = 38px
 |titre = Einstein
 |texte = Je suis un grand fan d'[[Albert Einstein]] !}}
{{BUtilisateur
 |couleur = #FFEBAF
 |img = AlexanderTheGreat Bust.jpg
 |img-taille = 38px 
 |titre = Citation
 |texte = [[Alexandre le Grand]] a dit : &lt;br/&gt;''Ce qui ne me tue pas me rend plus fort''&lt;br /&gt;&lt;small&gt;&lt;small&gt;&#8230;ou alors c'est [[Friedrich Nietzsche|Nietzsche]]&lt;/small&gt;&lt;/small&gt; {{clin|12}}.}}
{{BUfin}}
&lt;!-- Troisi&#232;me colonne --&gt;

| valign="top"| 
{{BUd&#233;but
| alignement = center
| couleurfond = #777777
| couleurbordure = #FFFFFF
}}

{{BUtilisateur
 |couleur = #FFEBAF
 |img = Licence Publique RAB.jpg
 |img-taille = 60px
 |titre = '''Rien &#224; Braire'''
 |texte = Je place &lt;big&gt;mes contributions&lt;/big&gt; sous la '''Licence Publique Rien &#192; Braire'''.&lt;br/&gt;&lt;small&gt;Je ne sais pas si d&#8217;autres contributeurs le font aussi, '''j&#8217;en ai vraiment rien &#224; braire.'''&lt;/small&gt;}}
{{BUfin}}
|}

== Notes et r&#233;f&#233;rences ==
=== Notes ===
{{R&#233;f&#233;rences|groupe=N|colonnes=1}}

=== R&#233;f&#233;rences ===
{{R&#233;f&#233;rences|colonnes=1}}

{|style="align: center; width: 100%; background: #FFFFFF; border:2px solid #000000; -moz-border-radius: 15px;"
| colspan="3" align="center" |Contributions sur les autres sites de Wikimedia:
|-
| align="center" |[[Image:Commons-logo-en.svg|50px|Commons]]
| align="center" |[[Image:Wikisource-logo.png|50px|Wikisource]]
| align="center" |[[Image:Wikiquote-logo.svg|50px|WikiQuote]]
| align="center" |[[Image:Wikidata-logo.svg|50px|WikiData]]

|-
| align="center" |[[commons:Special:Contributions/13Malik88|Commons]]
| align="center" |[[s:fr:Sp&#233;cial:Contributions/13Malik88|Wikisource]]
| align="center" |[[q:fr:Sp&#233;cial:Contributions/13Malik88|Wikiquote]]
| align="center" |[[d:Special:Contributions/Foudebassans|Wikidata]]
|}
{{page personnelle}}</text>
      <sha1>h4f0umwm707rkyv0shhe2hfeovaxpdt</sha1>
      <model>wikitext</model>
      <format>text/x-wiki</format>
    </revision>
  </page>
