<page xmlns="http://www.mediawiki.org/xml/export-0.8/" xmlns:xsi="http://www.w3.org/2001/XMLSchema-instance">
    <title>Utilisateur:Dheillyx</title>
    <ns>2</ns>
    <id>4535492</id>
    <revision>
      <id>59083616</id>
      <parentid>56840571</parentid>
      <timestamp>2010-11-11T12:47:44Z</timestamp>
      <contributor>
        <username>Dheillyx</username>
        <id>783725</id>
      </contributor>
      <text xml:space="preserve">{{Bo&#238;te Babel|fr|en-3|es-1}}


Bonjour,

Je suis contributeur pour les pages de mon domaine de comp&#233;tence: l'agriculture, l'agro-alimentaire, la p&#234;che, le commerce international de ces produits. Sujets que je pratique depuis longtemps

Toujours en me basant sur des faits et des chiffres, et en cherchant une analyse non conventionnelle, non biais&#233;e et non franco-fran&#231;aise.

Quelques contributions:

* Politique Agricole Commune
* OGM
* Colza
* Sirop d'Erable
* Lait de vache
* Homard
* Hu&#238;tre

Dheillyx</text>
      <sha1>45ioqu2rh4d065a8fyhycyngvn09g5y</sha1>
      <model>wikitext</model>
      <format>text/x-wiki</format>
    </revision>
  </page>
