<page xmlns="http://www.mediawiki.org/xml/export-0.8/" xmlns:xsi="http://www.w3.org/2001/XMLSchema-instance">
    <title>Utilisateur:Flop</title>
    <ns>2</ns>
    <id>1385453</id>
    <revision>
      <id>45369640</id>
      <parentid>37364155</parentid>
      <timestamp>2009-10-02T08:04:06Z</timestamp>
      <contributor>
        <username>Flop</username>
        <id>150465</id>
      </contributor>
      <comment>bon, j'arrive pas &#224; ce que je veux, mais j'arr&#234;te : il faut hierarchiser les priorit&#233;e :-)</comment>
      <text xml:space="preserve"> {{Tigre &#224; dents de sabre mop}}
 


 [[Image:LOGO_FLOP.jpg|thumb|right|37ko|Pointer ses cornes]]
{{Utilisateur WikiGnome}}













:::'''en cours''' : 
:::[[Organisme g&#233;n&#233;tiquement modifi&#233;]]
:::[[D&#233;bat autour des OGM]]
:::[[Flop/D&#233;bats autour des OGM/brouillon]]
:::[[Discuter:Organisme g&#233;n&#233;tiquement modifi&#233;/recyclage]]
:::[[Discuter:Organisme g&#233;n&#233;tiquement modifi&#233;/brouillon2]]                                     &lt;div class="usermessage plainlinks"&gt;'''[{{fullurl:Discussion              Utilisateur:Flop|action=edit&amp;section=new}} Pour me laisser un nouveau message...]''' [[Image:Nuvola apps email.png|25 px|]]&lt;/div&gt;</text>
      <sha1>gpb9o9eg9sasudo8u9f667plm9cahbt</sha1>
      <model>wikitext</model>
      <format>text/x-wiki</format>
    </revision>
  </page>
