<page xmlns="http://www.mediawiki.org/xml/export-0.8/" xmlns:xsi="http://www.w3.org/2001/XMLSchema-instance">
    <title>Utilisateur:Copyleft</title>
    <ns>2</ns>
    <id>7434781</id>
    <revision>
      <id>97254703</id>
      <parentid>97136168</parentid>
      <timestamp>2013-10-06T07:46:06Z</timestamp>
      <contributor>
        <username>Copyleft</username>
        <id>491944</id>
      </contributor>
      <comment>Merci pour l'historique</comment>
      <text xml:space="preserve">{{Utilisateur interwikis}}</text>
      <sha1>rxq8mh7l8agarj1wrm34fjh9ywg11am</sha1>
      <model>wikitext</model>
      <format>text/x-wiki</format>
    </revision>
  </page>
