<page xmlns="http://www.mediawiki.org/xml/export-0.8/" xmlns:xsi="http://www.w3.org/2001/XMLSchema-instance">
    <title>Utilisateur:ABACA</title>
    <ns>2</ns>
    <id>5233223</id>
    <revision>
      <id>100636426</id>
      <parentid>98768795</parentid>
      <timestamp>2014-01-26T23:12:57Z</timestamp>
      <contributor>
        <username>ABACA</username>
        <id>430328</id>
      </contributor>
      <comment>retouches</comment>
      <text xml:space="preserve">{{Page personnelle}}
{| border="0"  width=100%
|-
| align="center"  bgcolor="#CCFF99" | Aujourd'hui, nous sommes le '''{{LOCALDAYNAME}} {{LOCALDAY}} {{LOCALMONTHNAME}} {{LOCALYEAR}}''', il est '''{{LOCALTIME}}'''. Wikip&#233;dia compte '''{{NUMBEROFARTICLES}}''' articles r&#233;dig&#233;s par '''{{NUMBEROFUSERS}}''' utilisateurs.&lt;br /&gt;
|-
|}

Bonjour,

Je m'int&#233;resse aux sciences, aux th&#232;mes li&#233;s &#224; l'&#233;nergie, &#224; la nature, aux v&#233;hicules propres et aux transports en commun : notamment les tramways et plus particuli&#232;rement les plus anciens ([[Tramway#Premi&#232;res_lignes|XIX{{e}} si&#232;cle]]) et ceux sans foyer (&#224; [[V&#233;hicule &#224; air comprim&#233;#Historique|air comprim&#233;]] et &#224; [[L&#233;on Francq|eau surchauff&#233;e]]) et professionnellement &#224; l'informatique et aux T&#233;l&#233;coms.

J'habite la r&#233;gion parisienne et j'ai d&#233;couvert Wikip&#233;dia vers 2005 avant de m'inscrire sur Wikip&#233;dia.fr, &#224; l'&#233;t&#233; 2008 ; je contribue r&#233;guli&#232;rement depuis l'&#233;t&#233; 2010 au gr&#233; de mon temps libre. Je scanne et t&#233;l&#233;charge occasionnellement quelques photos et cartes postales anciennes (tramways) sur Wikimedia Commons.

Abaca

&lt;center&gt;[[Image:Animated_dove_holding_an_olive_branch.gif|250px]]&lt;/center&gt;
&lt;center&gt;&lt;font color="gold"&gt;'''Pax Vobiscum'''&lt;/font&gt;&lt;/center&gt;
&lt;table style="float: right; margin-left: 1em; margin-bottom: 0.5em; width: 242px; border: #99B3FF solid 1px"&gt;


{{BUd&#233;but|texte=Langues}}
{{Utilisateur fr}}
{{Utilisateur en-3}}
{{Utilisateur Environnement}}
{{Utilisateur Projet/Transports en &#206;le-de-France}}
{{Utilisateur Projet/&#201;nergie}}
{{Utilisateur Projet/T&#233;l&#233;communication}}
{{Utilisateur Outil de retour des lecteurs}}

{{Palette Ancien tramway de France}}</text>
      <sha1>1j2p673n5dp9zh9jwt54f71lsv493w4</sha1>
      <model>wikitext</model>
      <format>text/x-wiki</format>
    </revision>
  </page>
