<page xmlns="http://www.mediawiki.org/xml/export-0.8/" xmlns:xsi="http://www.w3.org/2001/XMLSchema-instance">
    <title>Utilisateur:Christophe Dioux</title>
    <ns>2</ns>
    <id>1031066</id>
    <revision>
      <id>95538640</id>
      <parentid>95530216</parentid>
      <timestamp>2013-08-04T09:00:34Z</timestamp>
      <contributor>
        <username>Christophe Dioux</username>
        <id>144425</id>
      </contributor>
      <comment>Annulation des modifications 95530216 de [[Sp&#233;cial:Contributions/109.13.34.127|109.13.34.127]] ([[User talk:109.13.34.127|d]]) Vandalisme</comment>
      <text xml:space="preserve">{{Tigre &#224; dents de sabre mop}} 

{{wikislow}}

{{BUd&#233;but}}
{{Utilisateur habite France}}
{{Utilisateur fr}}
{{Utilisateur en-3}}
{{Utilisateur Linux}}
{{Utilisateur philosophie}}
{{Utilisateur sciences }}
{{Utilisateur sieste}}
{{Utilisateur Zen}}
{{Utilisateur Projet/Franc-ma&#231;onnerie}}
{{Utilisateur Projet/Sources }}
{{Utilisateur Wikiconcours mars 2009 }}
{{BUfin}}

Bonjour, je me pr&#233;sente:


* Je suis moi, je viens de chez moi et j'y retourne. ([[Pierre Dac]])


* Tr&#232;s souvent, dans les sondages et les votes, j'ai plus envie de r&#233;pondre: &lt;br/&gt;'''[[Mu (zen)|&lt;big&gt;&#28961;&lt;/big&gt;Mu?!?]]''' que {{neutre}}.


* Je suis le d&#233;couvreur de la c&#233;l&#232;bre [[Utilisateur:Christophe Dioux/Formule de Dioux|Formule de Dioux]]:

:::&lt;math&gt;\mathrm{QI(Assembl\acute ee)}=\tfrac{\mathrm{QI(PlusIntelligent)}+\mathrm{QI(Plus\acute Enerv\acute e)}}{\mathrm{NombreDeParticipants}}&lt;/math&gt;


* J'ai aussi travaill&#233; &#224; g&#233;n&#233;raliser cette formule aux assembl&#233;es virtuelles, ce qui a abouti &#224; la non moins c&#233;l&#232;bre &#171; Conjecture de Dioux &#187; qui s'&#233;nonce ainsi:

{{d&#233;but citation}}''Une assembl&#233;e virtuelle compos&#233;e d'un nombre nul, n&#233;gatif, fractionnaire, irrationnel ou complexe de personnes a tendance &#224; se comporter de mani&#232;re respectivement nulle, n&#233;gative, fractionnaire, irrationnelle ou complexe.''{{fin citation}}</text>
      <sha1>qo1rpslty7250wjhz3sllq1dgp7f8vk</sha1>
      <model>wikitext</model>
      <format>text/x-wiki</format>
    </revision>
  </page>
