<page xmlns="http://www.mediawiki.org/xml/export-0.8/" xmlns:xsi="http://www.w3.org/2001/XMLSchema-instance">
    <title>Utilisateur:K&#245;an</title>
    <ns>2</ns>
    <id>1992432</id>
    <revision>
      <id>100869713</id>
      <parentid>99820304</parentid>
      <timestamp>2014-02-03T14:57:14Z</timestamp>
      <contributor>
        <username>K&#245;an</username>
        <id>6148</id>
      </contributor>
      <comment>+</comment>
      <text xml:space="preserve">__NOTOC__ 
[[Fichier:Enso circle.jpg|thumb|center|upright=2|{{Color&#233;|darkred|'''Le cercle Enso''' : Cercle non ferm&#233; produit en un seul coup de pinceau par l'artiste. Le moment, tr&#232;s bref, du coup de pinceau jaillit seulement quand l'intention/inspiration est claire en lui. Ce qui demande un temps pr&#233;alable de r&#233;flexivit&#233; et de distanciation qui donne toute sa force au geste. Voir aussi [[Fabienne Verdier|&#19968;&#30011;]] }} ]]
{{bo&#238;te d&#233;roulante d&#233;but|couleurTexteT=darkred|titre=La neutralit&#233; de point de vue}}
[[Pierre Bourdieu]] proposait une &#171; ''vigilance &#233;pist&#233;mologique'' &#187; comme moyen de renforcer les chances d'approcher l'objectivit&#233; en &#233;tant attentif aux  &#171; ''facteurs propres &#224; biaiser la recherche'' &#187;. Il incitait &#224; pratiquer une &#171; ''surveillance intellectuelle de soi'' &#187; (formule de [[Gaston Bachelard]]) afin de rester conscient des possibles interf&#233;rences et de l&#8217;[[Pierre_Bourdieu#L.27habitus|habitus social]] sur une authentique [[R&#233;flexivit&#233; (sociologie)|r&#233;flexivit&#233;]]. Une telle d&#233;marche pr&#233;suppose &#233;videmment que la motivation de l'utilisateur soit de participer &#224; l'&#233;dification d'une [[encyclop&#233;die]] et pas seulement &#224; mener une croisade militante.

Voir &#233;galement [[S&#233;mantique_g&#233;n&#233;rale#Observations_et_inf&#233;rences|"observation et inf&#233;rence"]] en [[s&#233;mantique g&#233;n&#233;rale]]

{{Color&#233;|darkred|&lt;center&gt;Selon [[Schopenhauer]] : &#171; ''Tout homme prend les limites de son champ de vision pour les limites du monde'' &#187;. Quelles sont les limites de Wikip&#233;dia ?&lt;/center&gt;
&lt;center&gt; ''' Voudriez-vous tester les limites de votre propre champ de vision ?'''[[Utilisateur:Ataraxie/Test de vision|cliquez ici]] &lt;/center&gt;}}
{{bo&#238;te d&#233;roulante fin}}
{{bo&#238;te d&#233;roulante d&#233;but|couleurTexteT=darkred|titre=Cr&#233;ations}}
[http://toolserver.org/~soxred93/pages/index.php?name=K%C3%B5an&amp;lang=fr&amp;wiki=wikipedia&amp;namespace=0&amp;redirects=noredirects&amp;getall=1 Tous les articles que j'ai cr&#233;&#233;s] (286) La grande majorit&#233; &#233;tant &#224; 90% des traductions du wiki anglais, agr&#233;ment&#233;es de sources francophones ou de compl&#233;ments sur des d&#233;veloppements qui me semblaient manquer
*'''Soci&#233;t&#233;:'''
[[Discours de haine]] &#8226; [[Deprogramming]] &#8226; [[Soumission librement consentie]] &#8226; [[Mutance]] &#8226; [[Conscience collective]] &#8226; [[Post-humanit&#233;]] &#8226; [[Rupture &#233;pist&#233;mologique]] &#8226; [[Syllogomanie]] &#8226; [[Le choc amoureux]] &#8226; [[Projet Megiddo]] &#8226; [[Cabale de la dorsale]] &#8226; [[Deep Space Climate Observatory]] &#8226; [[Exception de v&#233;rit&#233;]] &#8226; [[Conditions de d&#233;tention dans les &#233;tablissements p&#233;nitentiaires]] &#8226;  [[Syndrome de l'accent &#233;tranger]] &#8226; [[Chirurgie de r&#233;attribution sexuelle]] &#8226;  [[Controverse sur la vaccination&#8206;]] &#8226; [[Groupe de parole]] &#8226;  [[Piergiorgio Welby]] &#8226; [[Maurice Duval]] &#8226;  [[Violence psychologique]] &#8226; [[Technique d&#8217;interrogatoire renforc&#233;e]] &#8226; [[Martin Seligman]] &#8226; [[Louis Theroux&#8206;]] &#8226; [[Controverses sur le gaz de schiste&#8206;]] &#8226; [[R&#233;gis Dericquebourg]] &#8226;  [[Wendy Kaminer]] &#8226; [[Dominant-domin&#233;]] &#8226; [[Ingrid Newkirk]]
----
*'''Religion:'''
[[Notions de dieu et de divinit&#233; dans le bouddhisme]] &#8226; [[Pleine conscience]] &#8226; [[Oraison silencieuse]] &#8226; [[Praktik&#233;]] &#8226; [[Anthony de Mello]] &#8226; [[Apatheia]] &#8226; [[Th&#233;osis]] &#8226; [[Thomas Keating]]  &#8226; [[Mystique rh&#233;nane]] &#8226; [[Chirurgie psychique]] &#8226; [[Observatoire du religieux]] &#8226; [[John Gordon Melton]] &#8226; [[Eileen Barker]] &#8226; [[Colloque international sur les origines du gnosticisme]] &#8226; [[International Association for the History of Religions]] &#8226; [[Cet incroyable besoin de croire]] &#8226; [[Mireille N&#232;gre]]  &#8226; [[Jean-Paul Willaime]] &#8226; [[&#201;conomie de la religion]] &#8226; [[Casque de dieu]] &#8226; [[Neuroth&#233;ologie]]
----
*'''Spiritualit&#233;s - New Age :'''
[[Psychologie int&#233;grale]] &#8226; [[Ken Wilber]] &#8226; [[Yvan Amar]] &#8226; [[Andrew Cohen]] &#8226; [[Le Proph&#232;te|Le Proph&#232;te de Khalil Gibran]] &#8226; [[Waking Life]] &#8226; [[Jo&#227;o Teixeira de Faria]] &#8226; [[Amina de Zaria]] &#8226;  [[Troisi&#232;me &#339;il (&#233;sot&#233;risme)]] &#8226; [[Mouraqaba]] &#8226; [[Nambassa]] &#8226; [[Wouter Hanegraaff]] &#8226; [[Controverse religieuse sur la s&#233;rie Harry Potter]] &#8226; [[Franklin Albert Jones]] &#8226; [[Sauver la plan&#232;te Terre]] &#8226; [[Le centi&#232;me singe]] &#8226; [[Convergence harmonique]] &#8226; [[Marlo Morgan]] &#8226; [[Rainbow Gathering]] &#8226; [[Th&#233;rapie de groupe]] &#8226; [[Augustus Le Plongeon]] &#8226; [[Mayanisme]] &#8226; [[&#194;me soeur]] &#8226; [[Instant pr&#233;sent]] &#8226; [[Benjamin Creme]] &#8226; [[Folle sagesse]]
----
*'''Hindouisme:'''
[[Divinit&#233;s du Sanatana Dharma]] &#8226; [[Gopi]] &#8226; [[Vishvakarma]] &#8226; [[Ramanuja]] &#8226; [[Rudraksha]] &#8226; [[Artha]] &#8226; [[Mitra]] &#8226; [[Ashvins]] &#8226; [[Brihat Parashara Hora Shastra|Hora Shastra]] &#8226; [[Condition des femmes en Inde&#8206;]] &#8226; [[Sarvodaya]] &#8226; [[Radha]]
----
*'''Am&#233;rindiens:'''
[[Divinit&#233;s nord-am&#233;rindiennes]] &#8226; [[Osceola]] &#8226; [[Victorio]] &#8226; [[Lozen (am&#233;rindienne)|Lozen]] &#8226; [[Nana (am&#233;rindien)|Nana]] &#8226; [[Mangas Coloradas]] &#8226; [[Yaqui]] &#8226; [[Massacre de Bear River]] &#8226; [[Sans Arc]] &#8226; [[Two Kettles]] &#8226; [[Nuxalk]]
----
*'''Contreculture :''' 
[[Oz (magazine)]] &#8226; [[Lebensreform]] &#8226; [[Cheveux longs]] &#8226; [[Hipster]] &#8226;  [[Adolf Just]]  
----
*'''Peintres orientalistes (traductions) :''' 
[[&#201;mile Eisman Semenowsky&#8206;]] &#8226;  [[Edwin Long&#8206;]] &#8226; [[Gustav Bauernfeind&#8206;]] &#8226; [[Ernest Normand&#8206;]] &#8226; [[Henrietta Rae&#8206;]] &#8226; [[Carl Haag&#8206;]] &#8226; [[Nicola Forcella]] &#8226; [[Antonio Fabr&#233;s]] &#8226; [[Albert Aublet]] &#8226; [[Jules-Robert Auguste]] &#8226; [[Pedro Am&#233;rico]]  &#8226;  [[Oscar Pereira da Silva&#8206;]] &#8226;  [[Rudolf Swoboda]]  &#8226; [[Francisco Lameyer y Berenguer]]  &#8226;  [[Edouard Frederic Wilhelm Richter]] &#8226;  [[Thomas Seddon]] &#8226; [[Ferdinand Max Bredt]]  
----
*'''&#201;difices religieux du patrimoine mondial (traductions) :''' 
[[Monast&#232;re de Maulbronn|Maulbronn]] &#8226; [[&#201;glises de Chilo&#233;|Chilo&#233;]] &#8226; [[&#201;glises en bois de Petite-Pologne|Pologne]] &#8226; [[Couvent Santa Catalina|Santa Catalina]] &#8226; [[Monast&#232;re royal de Santa Maria de Guadalupe|Santa Maria de Guadalupe]] &#8226; [[Abbaye de Pannonhalma|Pannonhalma&#8206;&#8206;]] &#8226; [[Premiers monast&#232;res du XVIe si&#232;cle sur les versants du Popocat&#233;petl|Popocat&#233;petl]] &#8226; [[Monast&#232;re d'Alcoba&#231;a|Alcoba&#231;a]] &#8226; [[Monast&#232;re de Daphni|Daphni]] &#8226; [[Monast&#232;re Nea Moni de Chios|Chios]] &#8226; [[Cath&#233;drale de Sedlec|Sedlec]] [[Monast&#232;re Shwenandaw|Shwenandaw]] &#8226; [[&#201;glises peintes de Troodos|Troodos]] &#8226; [[Abbaye Saint-Augustin de Cantorb&#233;ry|Cantorb&#233;ry]] [[Abbaye et Altenm&#252;nster de Lorsch|Lorsch]] &#8226; [[Cath&#233;drale de Mod&#232;ne|Mod&#232;ne]] &#8226; [[Parc arch&#233;ologique de San Agust&#237;n|San Agust&#237;n]] [[Tombeaux des rois du Buganda &#224; Kasubi|Kasubi]] &#8226; [[Missions j&#233;suites des Guaranis]] &#8226; [[Temple de Preah Vihear]] &#8226;
*'''Autres sites non religieux (traductions) :''' 
[[N&#233;cropole pal&#233;ochr&#233;tienne de P&#233;cs|P&#233;cs]] &#8226; [[Rives de la Seine &#224; Paris|Paris]] &#8226; [[R&#233;serve de gibier de S&#233;lous|Afrique du Sud]] &#8226; [[Complexe de conservation de l'Amazonie centrale|Amazonie]] &#8226; [[Ensemble arch&#233;ologique de la vall&#233;e de la Boyne|vall&#233;e de la Boyne en Irlande]] &#8226; [[Ghadam&#232;s]] &#8226; [[For&#234;ts humides de l&#8217;Atsinanana|Atsinanana]] &#8226; [[Paysage culturel de Sukur|Sukur]] &#8226; [[Parc national Sangay|Sangay]] &#8226; [[Paysage culturel de Mapungubwe|Mapungubwe]] &#8226; [[Paysage culturel et botanique du Richtersveld|Richtersveld]] &#8226; [[Haru Oms]] &#8226; [[Peintures rupestres de la Sierra de San Francisco|Baja California]] &#8226; [[Parc national de Man&#250;|Man&#250;]] &#8226; [[Forts et ch&#226;teaux de Volta, d'Accra et ses environs et des r&#233;gions centrale et ouest|Forts du Ghana]] &#8226; [[Vall&#233;e de Los Ingenios]] &#8226; [[Parc national de Mana Pools|Mana Pools]] &#8226; [[Saryarka, steppe et lacs du Kazakhstan septentrional|Saryarka]] &#8226; [[Hauts plateaux du centre de Sri Lanka|Sri Lanka]]
---- 
*'''Pastiches:'''
[[Utilisateur:Ataraxie/Congr&#233;gation des Wikip&#233;diens|La congr&#233;gation des Wikip&#233;diens]] &#8226; [[Utilisateur:Ataraxie/Service apr&#232;s vente de Dieu|Le Service apr&#232;s vente de Dieu]] 
{{bo&#238;te d&#233;roulante fin}}
{{bo&#238;te d&#233;roulante d&#233;but|couleurTexteT=darkred|titre=Contributions significatives sur articles existants}}
[[Portail:Spiritualit&#233;|Portail spiritualit&#233;]] (''neutralisation'', ''r&#233;&#233;criture'' articles connexes souvent &#224; l'abandon ou en tr&#232;s mauvais &#233;tat (Depuis fin 2008, reprise progressive des articles associ&#233;s au [[New Age]] pour les &#233;lever aux standards de Wikip&#233;dia).''Je suis favorable &#224; ne pas glisser certains articles sous le tapis par peur d'un contenu fumeux. Il me semble qu'il vaut mieux avoir l'article dans sa liste de suivi avec un contenu r&#233;duit &#224; l'essentiel que de le laisser ressurgir cycliquement dans des r&#233;dactions imbitales et/ou promotionnelles (voir, par exemple, mon commentaire sur l'exemple de la [[Discuter:Process communication/Suppression|P&#224;S de Process Communication]]).''

Une citation de {{u|Mogador}} : &#171; ''Il s'agit de discerner pour tous et chacun la diff&#233;rence entre l'expos&#233; des dogmes et le pros&#233;lytisme. Tous les dogmes peuvent &#234;tre expos&#233;s, tous les pros&#233;lytismes doivent &#234;tre &#233;limin&#233;s. C'est &#233;videmment un voeu pieux. Attribuer les points de vue est une bonne m&#233;thode : on est toujours l'h&#233;r&#233;tique de quelqu'un d'autre et l'on a pour h&#233;r&#233;tique souvent beaucoup de monde. Sur wikip&#233;dia, c'est affaire de nuance, pas d'&#233;radication. Du moins je veux croire qu'il en sera ainsi''&#187; [http://fr.wikipedia.org/w/index.php?title=Discussion:J%C3%A9sus-Christ&amp;diff=31931014&amp;oldid=31919641 Source].
----
[[New Age]] &#8226; [[Spiritualit&#233;]]  &#8226;  [[Channeling]] &#8226; [[&#201;veil spirituel]] &#8226; [[Carlos Castaneda]] &#8226; [[Lobsang Rampa]] &#8226; [[Relation d'aide]] &#8226; [[Constellation familiale]] &#8226; [[Grande D&#233;esse]] &#8226; [[Jiddu Krishnamurti]]  &#8226;  [[Rainbow Family]]  &#8226;  [[Mysticisme]] &#8226; [[Foi et raison]]  &#8226;  [[Disciple]] &#8226;  [[Initiation]] &#8226;  [[Soi (spiritualit&#233;)]] &#8226;   [[Exp&#233;rience de mort imminente|EMI]] &#8226; [[R&#233;cit originel]] &#8226;   [[Pens&#233;e magique]]  &#8226;  [[Spiritisme]] &#8226; [[Sens de la vie]] &#8226; [[Voyance]] &#8226; [[Sophrologie cayc&#233;dienne]]
----
[[Manipulation mentale]] &#8226;  [[Ordre du temple solaire]] &#8226; [[Secte]] &#8226;   [[Faux souvenirs induits&#8206;]] &#8226; [[Endoctrinement]] &#8226;  [[Lavage de cerveau]] &#8226; [[Libre pens&#233;e]] &#8226;  [[Suicide collectif]] &#8226;  [[Point de vue religieux sur le suicide]] &#8226;  [[Affaire de Roswell]] &#8226;  [[R&#233;pression du Falun Gong]] &#8226;  
----
[[Hippie]]  &#8226;  [[V&#233;g&#233;tarisme]] &#8226;  [[V&#233;ganisme]] &#8226;  [[Freeganisme]] &#8226; [[Haka]]  &#8226;  [[Chaman]] &#8226;  [[Temps du r&#234;ve]] &#8226; 
----
Articles li&#233;s &#224; l'Hindouisme, au Bouddhisme :
[[Hindouisme]]  &#8226; [[Bouddhisme]] &#8226;  [[Gourou]] &#8226; [[Ayurveda]] &#8226; [[M&#233;ditation]] &#8226; [[K&#226;ma S&#251;tra]] &#8226; [[R&#226;kshasa]] &#8226; [[Bodhi]] &#8226; [[Astrologie Jyotish]] &#8226; [[Bhagavad-G&#238;t&#226;]] &#8226; 
{{bo&#238;te d&#233;roulante fin}}
{{bo&#238;te d&#233;roulante d&#233;but|couleurTexteT=darkred|titre=Quelques traductions d'articles complets (anglais &gt; fran&#231;ais)}}
[[Oz (magazine)]] &#8226;  [[Controverse religieuse sur la s&#233;rie Harry Potter]] &#8226; [[Technique d&#8217;interrogatoire renforc&#233;e]] &#8226; [[Si&#232;ge de Waco]] &#8226; [[L'&#201;cologiste sceptique]] &#8226; [[Paradoxe de la toute-puissance]] &#8226; [[Wikip&#233;dia:Scission de contenu]] &#8226; [[Franklin Albert Jones]] &#8226; [[Jim Jones]] &#8226; [[Controverse religieuse sur la s&#233;rie Harry Potter&#8206;]] &#8226; [[Discours de haine]] &#8226; [[Piergiorgio Welby]] &#8226; [[Conditions de d&#233;tention dans les &#233;tablissements p&#233;nitentiaires]] &#8226;  [[Chirurgie de r&#233;attribution sexuelle]] &#8226; [[Wikip&#233;dia:Conflit d'int&#233;r&#234;ts]] &#8226; [[Wikip&#233;dia:Exactitude et v&#233;rit&#233;]] &#8226; [[Superstition en Inde]]
{{bo&#238;te d&#233;roulante fin}}
{{bo&#238;te d&#233;roulante d&#233;but|couleurTexteT=darkred|titre=Quelques informations compl&#233;mentaires}}
{| align="center"
| {{Utilisateur Wikip&#233;dia:Date|ann&#233;e=2007|mois=9|jour=26}} 
| {{Utilisateur Traduction/en}}
|-
| {{utilisateur en-4}}
| {{utilisateur sa-1}}
|-
|{{Utilisateur Projet/Spiritualit&#233;}}
|{{Utilisateur Projet/Neutralit&#233;}}
|-
|{{Utilisateur Projet/Sectes}} 
|{{BUtilisateur
 | couleur   = #FAFAD2
 | img       = ChineseMedecine.JPG
 | titre     = Projet m&#233;decine non conventionnelle
 | texte     = Je participe au [[Projet:M&#233;decine non conventionnelle]]
 | cat&#233;gorie = 
}}

|}
{{bo&#238;te d&#233;roulante fin}}
{{bo&#238;te d&#233;roulante d&#233;but|couleurTexteT=darkred|titre=Un obstacle &#224; la prosp&#233;rit&#233; des contributeurs et &#224; l'expansion de Wikip&#233;dia}}
[[Utilisateur:K&#245;an/De_sabotages,_ratages_et_d&#233;sysopage|Sabotages, ratages et d&#233;sysopage]]
{{bo&#238;te d&#233;roulante fin}}
{{Page personnelle}}</text>
      <sha1>ruapxioc7kb2kg2gc57p63mftvwowf4</sha1>
      <model>wikitext</model>
      <format>text/x-wiki</format>
    </revision>
  </page>
