<page xmlns="http://www.mediawiki.org/xml/export-0.8/" xmlns:xsi="http://www.w3.org/2001/XMLSchema-instance">
    <title>Utilisateur:Green Heart</title>
    <ns>2</ns>
    <id>348955</id>
    <revision>
      <id>2917824</id>
      <timestamp>2005-08-05T08:39:44Z</timestamp>
      <contributor>
        <username>C&#233;r&#233;ales Killer</username>
        <id>624</id>
      </contributor>
      <comment>Bonjour et bienvenue !</comment>
      <text xml:space="preserve">Ceci est ta page personnelle, '''{{PAGENAME}}'''.&lt;br /&gt;
N'h&#233;site pas &#224; la modifier et &#224; t'y pr&#233;senter.&lt;br /&gt; [[Utilisateur:C&#233;r&#233;ales Killer|&#169;&#233;r&#233;ales Kille&#174;]] [mailto:cerkil(at)free.fr |] [[Discussion Utilisateur:C&#233;r&#233;ales Killer||&#9786;]] 5 ao&#251;t 2005 &#224; 10:39 (CEST)</text>
      <sha1>kb4rs1uvp70asrmgsymazinjqnvgaxo</sha1>
      <model>wikitext</model>
      <format>text/x-wiki</format>
    </revision>
  </page>
