<page xmlns="http://www.mediawiki.org/xml/export-0.8/" xmlns:xsi="http://www.w3.org/2001/XMLSchema-instance">
    <title>Utilisateur:Gabi88</title>
    <ns>2</ns>
    <id>578112</id>
    <revision>
      <id>68303685</id>
      <parentid>68058374</parentid>
      <timestamp>2011-08-10T20:24:19Z</timestamp>
      <contributor>
        <username>Gabi88</username>
        <id>64076</id>
      </contributor>
      <comment>/* Mes boites utilisateurs */</comment>
      <text xml:space="preserve">{{sourire|100}}     &lt;font size="4"&gt;{{Orange|'''Bonjour !'''}}&lt;/font&gt;


=Liens utiles=

* '''[http://fr.wikisource.org/wiki/Utilisateur:Gabi88 Wikisource]'''
* [[Aide:Syntaxe|Aide pour la syntaxe]]
* [[Wikip&#233;dia:Conventions typographiques|Conventions typographiques]]
* [[Wikip&#233;dia:Conventions bibliographiques|Conventions bibliographiques]]


-----------------------------------------------------------------------------------------------------------------------------------


* [[Wikipedia:Atelier du fran&#231;ais|'''Atelier du fran&#231;ais''']]
: &#8594; proposer des r&#233;ponses aux Wikip&#233;diens aux questions d&#8217;ordre lexical, grammatical ou orthographique


* [[Wikip&#233;dia:Atelier typographique|'''Atelier typographique''']]
: &#8594; r&#233;pondre aux questions d&#8217;ordre typographique ou &#224; toute discussion relative &#224; la typographie sur Wikip&#233;dia


* [[Wikip&#233;dia:Atelier_de_relecture|'''Atelier de relecture''']]
: &#8594; effectuer des relectures de forme (orthographe, grammaire, style, syntaxe wiki, typographie, r&#233;f&#233;rences, &#8230;)
* [[Mod&#232;le:Liste_de_v&#233;rification|Liste des v&#233;rifications typographiques &#224; effectuer]]
* [[Wikip&#233;dia:Orthographe_&#224;_v&#233;rifier|Articles dont l'orthographe est &#224; corriger]]


* [[Wikip&#233;dia:Atelier de lecture|'''Atelier de lecture''']]
: &#8594; signaler des articles &#224; potentiel, les peaufiner, et les amener vers une bonne qualit&#233; encyclop&#233;dique
* [[Wikip&#233;dia:Atelier_de_lecture#Guide_du_lecteur|Guide du lecteur]] (Guide de l'Atelier de lecture sur Wikip&#233;dia + Guide de correction)
* [[Wikip&#233;dia:Atelier de lecture/Demandes|Demandes de lecture]]
* [[Projet:Wikip&#233;dia 1.0/avancement|&#201;valuation de l&#8217;avancement des articles]]


=Pages sympas=

* [[Wikip&#233;dia:Articles_insolites|Articles insolites]]
* [[Wikip&#233;dia:B&#234;tisier|B&#234;tisier]]
* [[Wikip&#233;dia:Anthologie|Anthologie humoristique]]
* [[Wikip&#233;dia:Rions un peu avec Wikip&#233;dia|Rions un peu avec Wikip&#233;dia]]
* [[Wikip&#233;dia:Oracle/Anthologie|Anthologie de l'Oracle]]
* [[Wikip&#233;dia:Oracle/Archives/Insolite|Oracle - Insolite]]

=Mes boites utilisateurs=

{{bo&#238;te d&#233;roulante/d&#233;but
 | arrondi        = 0.4em
 | hauteur        = 1.6em
 | couleurBordure = #DC143C
 | couleurFondT   = #FFA500
 | couleurFond    = #FFFACD
 | couleurTexteT  = #2F4F4F
 | titre          = Mes boites utilisateur&#8230;}}

{|margin-left:1em; margin-bottom:0.5em; border:solid 1px #99B3FF; background-color:#ffddbf; -moz-border-radius: 0.6em;"

|{{Utilisateur femme}}
{{Utilisateur habite Belgique}}
{{Utilisateur Belgique unie}}
{{BUtilisateur
 |img=Wapenschild Kraainem.png
 |img-titre=Armoiries de Kraainem
 |couleur=#bfbfff
 |titre=[[Kraainem]]
 |texte=J'habite &#224; '''[[Kraainem]]''', une des "'''[[communes &#224; facilit&#233;s]]'''" situ&#233;e juste &#224; c&#244;t&#233; de Bruxelles...
 |cat&#233;gorie=
}}
{{Utilisateur Anniversaire|date=8 avril}}
{{Utilisateur 1988}}
{{Cat&#233;gorie langue|fr|5}}{{Utilisateur fr}}
{{Utilisateur it-3}}
{{Utilisateur nl-2}}
{{Utilisateur en-1}}
{{Utilisateur la-1}}
{{Utilisateur grc-0}}
|{{Utilisateur gaucher}}
{{Utilisateur &#201;tudiant}}
{{Utilisateur UCL}}
{{Utilisateur linguistique}}
{{Utilisateur orthographe}}
{{Utilisateur langues}}
{{Utilisateur Livres anciens}}
{{Utilisateur Lecture}}
{{Utilisateur litt&#233;rature}}
{{Utilisateur Potter}}
{{Utilisateur Gr&#232;ce antique}}
{{Utilisateur Rome antique}}
|{{Utilisateur mythologie}}
{{Utilisateur Arts}}
{{Utilisateur peinture}}
{{Utilisateur th&#233;&#226;tre}}
{{Utilisateur t&#233;l&#233;vision}}
{{Utilisateur chocolat}}
{{Utilisateur Nouilles}}
{{Utilisateur Pizza}}
{{Utilisateur Cuisine italienne}}
{{Utilisateur Voyage}}
{{Utilisateur tourisme}}
{{Utilisateur aime Italie}}
|{{Utilisateur antisinistrose}}
{{Utilisateur House}}
{{Utilisateur Desperate}}
{{Utilisateur Disney}}
{{Utilisateur jeu}}
{{Utilisateur fanmusique|Stanislas|lien=http://fr.wikipedia.org/wiki/Stanislas_Renoult}}
{{Utilisateur fanmusique|B&#233;nabar|lien=http://fr.wikipedia.org/wiki/B&#233;nabar}}
{{Utilisateur Google Earth}}
{{Utilisateur notabac}}
{{Utilisateur Cr&#233;ateur de boites}}
{{BUtilisateur
 |img=Saimiri sciureus-1 Luc Viatour.jpg
 |img-titre=Sa&#239;miri
 |couleur=#FFDF80
 |titre=[[Singes]]
 |texte=J'adore les '''[[singes]]''' et tout particuli&#232;rement les '''[[sa&#239;miri]]''' (ils sont tellement mimi... {{sourire}}).
 |cat&#233;gorie=
}}

{{bo&#238;te d&#233;roulante/fin}}</text>
      <sha1>ort7cc4v6rs56aouqe2hs2y3f33ba83</sha1>
      <model>wikitext</model>
      <format>text/x-wiki</format>
    </revision>
  </page>
