<page xmlns="http://www.mediawiki.org/xml/export-0.8/" xmlns:xsi="http://www.w3.org/2001/XMLSchema-instance">
    <title>Utilisateur:L&#233;on66</title>
    <ns>2</ns>
    <id>1021633</id>
    <revision>
      <id>94361081</id>
      <parentid>75579655</parentid>
      <timestamp>2013-06-24T10:13:08Z</timestamp>
      <contributor>
        <username>Hercule</username>
        <id>271994</id>
      </contributor>
      <minor/>
      <comment>A supprim&#233; la protection de &#171; [[Utilisateur:L&#233;on66]] &#187;&#160;: 5 ans c'est long</comment>
      <text xml:space="preserve">[http://www.theoangelopoulos.gr/showPhoto.php?mv=dG8gbWV0ZXdybyBibm1hIHRvdSBwZWxhcmdvdQ==&amp;pht=ZnQwMzU4LmpwZw==&amp;lng=ZnJlbmNo'''''Le pas suspendu...''''','''''&#932;&#959; &#956;&#949;&#964;&#941;&#969;&#961;&#959; &#946;&#942;&#956;&#945; &#964;&#959;&#965; &#960;&#949;&#955;&#945;&#961;&#947;&#959;&#973;...''''']</text>
      <sha1>cfx146q966nacpsphve215b3oddxrqk</sha1>
      <model>wikitext</model>
      <format>text/x-wiki</format>
    </revision>
  </page>
