<page xmlns="http://www.mediawiki.org/xml/export-0.8/" xmlns:xsi="http://www.w3.org/2001/XMLSchema-instance">
    <title>Utilisateur:Letartean</title>
    <ns>2</ns>
    <id>4468547</id>
    <revision>
      <id>100504386</id>
      <parentid>99235890</parentid>
      <timestamp>2014-01-22T18:06:10Z</timestamp>
      <contributor>
        <username>Letartean</username>
        <id>356703</id>
      </contributor>
      <comment>24000</comment>
      <text xml:space="preserve">
{{Utilisateur:Letartean/Menu}}
{{BUd&#233;but|[[Utilisateur:Letartean|Letartean]]}}
{{Utilisateur fr}}
{{Utilisateur en-3}}
{{Utilisateur Commons}}
{{Utilisateur Administrateur}}
{{Utilisateur adminCommons}}
{{Utilisateur adminWikinews}}
{{Utilisateur arbitre}}
{{Utilisateur Patrouilleur}}
{{Utilisateur Wikip&#233;dia:Date|ann&#233;e=2008|mois=2|jour=14}}
{{Utilisateur Contributions|24000}}
{{Utilisateur Wikiconcours mars 2011}}
{{Utilisateur habite Qu&#233;bec}}
{{Utilisateur Un article au hasard}}
{{Utilisateur Anniversaire|date=24 octobre}}
{{Utilisateur Wikip&#233;dia:Megaloceros}}
{{Parrain volontaire}}
{{Utilisateur Twitter|Letartean}}
{{Utilisateur:Letartean\BUclubphoto}}
{{Utilisateur parrain Afrip&#233;dia}}
{{Autres projets
|commons=Category:Quality images by Letartean}}
{{BUfin}}


==Bienvenue==
Bonjour et bienvenue sur ma page d'utilisateur de Wikip&#233;dia,

Je suis contributeur et administrateur de la Wikip&#233;dia francophone.

Je participe principalement aux articles sur le Qu&#233;bec et ses environs lorsque j'&#233;cris sur Wikip&#233;dia. Je suis aussi un patrouilleur assidu sur [[WP:LiveRC]]. Vous risquez de m'avoir crois&#233; &#224; cet endroit.

Je participe aussi &#224; Wikimedia Commons sous le m&#234;me nom d'utilisateur:[[Commons:User:Letartean|Letartean]]. J'y ai produit plusieurs [[:commons:Category:Quality images by Letartean|images de qualit&#233;]]. 13 de mes images ont &#233;t&#233; pr&#233;sent&#233;es sur la page d'accueil de la Wikip&#233;dia en fran&#231;ais. Vous pouvez les voir dans [[Utilisateur:Letartean/Imagesaccueil|cette galerie]]

On peut me suivre sur [https://twitter.com/#!/Letartean Twitter] ou sur mon [http://ducoteduquebec.wordpress.com/ blog]

==Conf&#233;rences, ateliers, &#233;v&#233;nements==
J'ai particip&#233; &#224; plusieurs conf&#233;rences, ateliers, &#233;v&#233;nments o&#249; j'ai publiquement pris la parole. Voici un tableau r&#233;sum&#233; de ces r&#233;alisations.
{| class="wikitable"
|-
! &#201;v&#233;nement !! Date !! Participation !! Disponible en ligne
|-
| Journ&#233;e copyleft au C&#233;gep de Chicoutimi || Mai 2011 || Conf&#233;rence sur Wikimedia Commons || [[:File:Pr&#233;sentation Wikimedia Commons.pdf|Pr&#233;sentation multim&#233;dia]]
|-
| Wikipedia takes Montreal || Ao&#251;t 2011 || Entrevue pour La Gazette || [[:File:Wikipedia Takes Montreal 2011 (WTMTL).ogv|voir le topo sur Commons]]
|-
| Atelier pour l'APOP || octobre 2011 et janvier 2012 || Co-animation avec {{u'|Simon Villeneuve}} || [[Utilisateur:Simon Villeneuve/Atelier en &#233;ducation|Voir l'atelier de Simon Villeneuve]]
|-
| Projet p&#233;dagogique  || session d'automne 2011 || Enseignant || [[Utilisateur:Letartean/C&#233;gep|Voir la page du projet]]
|-
|Colloque scientifique international portant sur les TIC en &#233;ducation : bilan, enjeux actuels et perspectives futures|| proposition confirm&#233;e pour mai 2012|| Conf&#233;rence sur l'utilisation p&#233;dagogique de Wikip&#233;dia|||[http://ticeducation.org/ Page du colloque] [[:File:Wikip&#233;dia et les TIC en Education.ogv|Vid&#233;o de la conf&#233;rence commune avec Simon Villeneuve]]
|-
| Wikip&#233;dia prend Qu&#233;bec  || mai 2012 || Entrevues || [[WP:WPQC#Revue de presse|Revue de presse]]
|-
| [[WP:WPQC|Wikip&#233;dia prend Qu&#233;bec]]  || juin 2012 || Conf&#233;rence sur le copyright et chasse photographique || [[:commons:Category:Wikip&#233;dia prend Qu&#233;bec|Les r&#233;sultats de la chasse]]
|-
| Conf&#233;rence au Forum mondial de la langue fran&#231;aise  || proposition confirm&#233;e pour juillet 2012 || Conf&#233;rence commune avec d'autres wikip&#233;diens || [http://programmation.forumfrancophonie2012.org/evenements/l-apprentissage-a-l-ere-numerique3/1341511200 Programmation]
|-
| Wikimania Washington 2012|| bourse par Wikim&#233;dia France|| Conf&#233;rence  ||[https://wikimania2012.wikimedia.org/wiki/Submissions/Wikipedia_Takes_Montreal Conf&#233;rence avec Beno&#238;t Rochon] 
|-
| Photo aux Bulldogs d'Hamilton et R&amp;O Basketball||Fin de semaine du 9 novembre|| Photographie   || [[:commons:User:Letartean/sports|page de la fin de semaine]]
|-
|Journ&#233;e contributive &#224; la biblioth&#232;que Gabrielle-Roy||27 avril 2013|| Conf&#233;rence-Atelier ||[[Utilisateur:Letartean/Journ&#233;e Contributive|Page de la journ&#233;e]]
|-
!colspan="4"|En pr&#233;paration
|-
| Club des photographes wikip&#233;diens de Qu&#233;bec|| En cours de pr&#233;paration|| Activit&#233;s  || [[User:Letartean/Club photo|page du club]]
|-
|2{{e}} Colloque scientifique international portant sur les TIC en &#233;ducation : bilan, enjeux actuels et perspectives futures||1{{er}} et 2 mai 2014|| Conf&#233;rence sur l'utilisation p&#233;dagogique de Wikip&#233;dia|||[http://ticeducation.org/ Page du colloque]
|}

==Album==
J'ai d&#233;pos&#233; sur Commons plusieurs Images de qualit&#233;. En voici une choisie au hasard:
{{Utilisateur:Letartean/Image de qualit&#233;/{{Rand|1|31}}}}

==L'image du jour de la Wikipedia en fran&#231;ais==
{{Wikip&#233;dia:Image du jour/{{CURRENTDAY}} {{CURRENTMONTHNAME}} {{CURRENTYEAR}}}}

==Reconnaissance==
{{R&#233;compense|taille=50px|&#192; [[utilisateur:Letartean|Letartean]] pour la qualit&#233; de ses interventions, la p&#233;dagogie dont il fait preuve, et le souci qu'il a de toujours privil&#233;gier la discussion.}}
--[[Utilisateur:Indeed|Indeed]] &lt;sup&gt;&amp;#91;[[Discussion Utilisateur:Indeed|knock-knock]]&amp;#93;&lt;/sup&gt; 8 juin 2012 &#224; 16:29 (CEST)

==Notes et r&#233;f&#233;rences pour le futur==

*[[Utilisateur:Letartean/&#192;Rome| Un essai]] que j'essaie d'&#233;crire.
*[[Wikip&#233;dia:Prise de d&#233;cision/Cat&#233;gories]] Parce que c'est amusant de voir le fonctionnement de Wikip&#233;dia &#224; ses d&#233;buts.
*[[WP:PF|WP:PF principes fondateurs]], [[WP:NMPN|WP:NMPN Ne pas mordre les nouveaux]] pour pouvoir donner en r&#233;f&#233;rences.
*[https://fr.wikipedia.org/wiki/Sp%C3%A9cial:Journal_du_filtre_antiabus?wpSearchUser=&amp;wpSearchFilter=157&amp;wpSearchTitle= filtre &#224; v&#233;rifier] ([https://fr.wikipedia.org/w/index.php?limit=50&amp;tagfilter=&amp;title=Sp%C3%A9cial%3AContributions&amp;contribs=user&amp;target=197.247.0.0%2F16&amp;namespace=&amp;tagfilter=&amp;year=&amp;month=-1 pour m&#233;moire], [https://fr.wikipedia.org/wiki/Sp%C3%A9cial:Journal_du_filtre_antiabus?wpSearchUser=&amp;wpSearchFilter=96&amp;wpSearchTitle= autre filtre &#224; v&#233;rifier]</text>
      <sha1>82y1oda1wt51es7bi317gn46mws7z1n</sha1>
      <model>wikitext</model>
      <format>text/x-wiki</format>
    </revision>
  </page>
