<page xmlns="http://www.mediawiki.org/xml/export-0.8/" xmlns:xsi="http://www.w3.org/2001/XMLSchema-instance">
    <title>Utilisateur:Visite fortuitement prolong&#233;e</title>
    <ns>2</ns>
    <id>4140147</id>
    <revision>
      <id>100634194</id>
      <parentid>99681169</parentid>
      <timestamp>2014-01-26T21:46:13Z</timestamp>
      <contributor>
        <username>Visite fortuitement prolong&#233;e</username>
        <id>680500</id>
      </contributor>
      <comment>/* Liens */</comment>
      <text xml:space="preserve">{{Page personnelle}}

== Comptes ant&#233;rieurs ==
Liste non exhaustive :
* [[Sp&#233;cial:Contributions/89.2.243.42]]
* [[Sp&#233;cial:Contributions/89.2.241.2]]

== Liens ==
* [[Wikip&#233;dia:Principes fondateurs]], [[Projet:Sciences/Charte du contributeur en science sur Wikip&#233;dia]], [[Wikip&#233;dia:Appropriation d'un article]]
* {{Permalien|Intel#Microprocesseurs x86|54769542|r&#233;sum&#233; des processeurs x86 d'Intel}}, {{Permalien|Intel#Microprocesseurs x86|97554434|bis}}, {{Permalien|Advanced Micro Devices#Processeurs x86|80944451|AMD}}
* {{Permalien|Core (microarchitecture)|46239942|architecture Core}}, {{Permalien|Core (microarchitecture)|97711002|bis}}, {{Permalien|Nehalem|83456571}}, {{Permalien|Sandy Bridge|96401051}}, {{Permalien|Haswell|96541671}}
* {{Permalien|Eurabia|68334515}}, {{Permalien|Eurabia|85724352|bis}}, {{Permalien|Eurabia|93334962|ter}}, {{Permalien|Eurabia|100507912|quater}}, [[:en:Special:Permalink/325811491|en]], [[:en:Special:Permalink/559287048|bis]], [[:en:Special:Permalink/570676664#Disease screening|ter]], {{Permalien|Riposte la&#239;que#cite_note-19|81099711|une note}}, [[:wikiquote:fr:Special:Permalink/180895|citations]]
* [[Wikip&#233;dia:V&#233;rificateur d'adresses IP/Requ&#234;tes/septembre 2012#Demande concernant : Lgd, K-Hugues - 18 septembre|Lgd]], [[Wikip&#233;dia:Bulletin des administrateurs/2012/Semaine 38#Admin et fauxnetitude|bis]], [http://ainsi-va-wikipedia.blogspot.com/2012/09/en-panne-de-sujet-quand.html ter], [[Wikip&#233;dia:Bulletin des administrateurs/2012/Semaine 46#R&#233;surgences|quater]], [[Wikip&#233;dia:Faux-nez/Lgd|quinquies]]
* [[Mod&#232;le:Lien]], [[Mod&#232;le:Permalien]], [[Mod&#232;le:diff]], [[Mod&#232;le:Passage non pertinent]]
* [[Wikip&#233;dia:RAW/2014-01-17#Jemielniak|un livre]], [[:en:Wikipedia:Wikipedia Signpost/2014-01-01/Book review|en]]</text>
      <sha1>2tlaxuhd6x717f47po19yjcw6i8qiaj</sha1>
      <model>wikitext</model>
      <format>text/x-wiki</format>
    </revision>
  </page>
