<page xmlns="http://www.mediawiki.org/xml/export-0.8/" xmlns:xsi="http://www.w3.org/2001/XMLSchema-instance">
    <title>Utilisateur:Michel421</title>
    <ns>2</ns>
    <id>1797582</id>
    <revision>
      <id>99035673</id>
      <parentid>75132155</parentid>
      <timestamp>2013-12-08T20:07:10Z</timestamp>
      <contributor>
        <username>Michel421</username>
        <id>271725</id>
      </contributor>
      <comment>+titre</comment>
      <text xml:space="preserve">==== Tertium non datur ====

&#171; A pr&#233;sent, nous ignorons s'il y a de la vie ailleurs dans l'univers, mais nous avons raison d'&#234;tre assur&#233;s qu'il y en a ou qu'il n'y en a pas. &#187;

::[[Bertrand Russell]] ''An inquiry into meaning and truth'' Trad. fr. ''Signification et V&#233;rit&#233;''  Philippe Devaux, Flammarion 1969 -2001 
::ISBN 2-08-081229-7 Ch XX p. 313

[[en:User:Michel421]] &lt;!-- Ceci ajoute un lien interwiki dans un cadre &#224; gauche, &#224; l'identique des articles. --&gt;</text>
      <sha1>litn7rdzy94eurqilhag9r28p8vbzpf</sha1>
      <model>wikitext</model>
      <format>text/x-wiki</format>
    </revision>
  </page>
