<page xmlns="http://www.mediawiki.org/xml/export-0.8/" xmlns:xsi="http://www.w3.org/2001/XMLSchema-instance">
    <title>Utilisateur:JLM</title>
    <ns>2</ns>
    <id>1648399</id>
    <revision>
      <id>92128103</id>
      <parentid>91795350</parentid>
      <timestamp>2013-04-15T20:49:50Z</timestamp>
      <contributor>
        <username>HerculeBot</username>
        <id>346772</id>
      </contributor>
      <minor/>
      <comment>R&#233;solution de redirection</comment>
      <text xml:space="preserve">{|border="0" cellspacing="0" cellpadding="0" style="float:right"
|-
|{{Bo&#238;te Utilisateur|origine France|litt&#233;rature|WikiGnome|}}
|-
|}
&lt;div text-align:right&gt;
&lt;td width="160px" bgcolor="#FFEEDD"&gt;&lt;br /&gt;&lt;/td&gt;
&lt;/td&gt;
&lt;/div&gt;

{| width="100%" align="center" border="0" cellpadding="4" cellspacing="4" style="border: 1px solid #CCCC99; background-color:#f1f1de"
|-| valign="top" width="25%" |

| valign="top" width="25%" |

* [[Sp&#233;cial:Listadmins|Liste &#171;administrateurs&#187;]] [[Wikip&#233;dia:Administrateurs|Statut]]
* [[Wikip&#233;dia:Blogadmins|Blog &#171;administrateurs&#187;]]
* [[Wikip&#233;dia:Coordination des administrateurs|Coordination des administrateurs]]
* [[Wikip&#233;dia:Participants|Liste des participants]]
* [[Wikip&#233;dia:Que faire en cas de vandalisme|Que faire en cas de vandalisme ?]]
* [[Wikip&#233;dia:Vandalisme en cours|Vandalisme]]
* [[Wikip&#233;dia:Guerres d'&#233;dition en cours|Articles probl&#233;matiques]]
* [[Wikip&#233;dia:Demande de suppression imm&#233;diate|Demande de suppression imm&#233;diate]]
* [[Wikip&#233;dia:Pages &#224; supprimer | Suppressions propos&#233;es]] [http://fr.wikipedia.org/w/wiki.phtml?title=Wikip&#233;dia:Pages_&#224;_supprimer&amp;action=edit&amp;section=new  +] 
* [[Wikip&#233;dia:Liste des articles non neutres|Liste des articles non neutres]]
* [[Wikip&#233;dia:Comit&#233; de lecture|Comit&#233; de lecture]]
* [[Wikip&#233;dia:Articles_de_qualit&#233;|Articles de qualit&#233;]] ~ [[Wikip&#233;dia:Proposition_articles_de_qualit&#233;|Ajout]]
* [[Wikip&#233;dia:Bons articles|Bons articles]] ~ [[Wikip&#233;dia:Proposition bons articles|Ajout]]
* [http://tools.wikimedia.de/~leon/stats/wikicharts/index.php?wiki=frwiki Articles les plus consult&#233;s]
* [[Wikip&#233;dia:Mod&#232;les de page|Mod&#232;les de page]]
* [[Wikip&#233;dia:Mod&#232;les/Aides &#224; la r&#233;daction|Mod&#232;les/Aides &#224; la r&#233;daction]]
* [[:Cat&#233;gorie:Article de qualit&#233;|&amp;nbsp;&amp;nbsp;&amp;nbsp;&amp;nbsp;&amp;nbsp;&amp;nbsp;&amp;nbsp;... tri&#233;s]]&lt;sup&gt; c&lt;/sup&gt;
* [[Wikip&#233;dia:Crit&#232;res_d'admissibilit&#233;_des_articles|Crit&#232;res d'admissibilit&#233;]]&lt;sup&gt; a&lt;/sup&gt; [[Wikip&#233;dia]]&lt;sup&gt; a&lt;/sup&gt;
* [[Wikip&#233;dia:Ce_que_Wikip&#233;dia_n'est_pas|Ce que Wikip&#233;dia n'est pas !]]&lt;sup&gt; a&lt;/sup&gt;
* [[Wikip&#233;dia:Wikip&#233;dia n'est pas un dictionnaire|... ni un dictionnaire]]&lt;sup&gt; a&lt;/sup&gt;
* [[Wikip&#233;dia:Pages &#224; modifier|&#192; modifier]] [http://fr.wikipedia.org/w/wiki.phtml?title=Wikip&#233;dia:Pages_&#224;_modifier&amp;action=edit &#233;diter]
* [[Wikip&#233;dia:Pages &#224; fusionner|Pages &#224; fusionner]]
* [[Sp&#233;cial:Wantedpages|Articles demand&#233;s]]&lt;sup&gt;sp&lt;/sup&gt;
* [[:Cat&#233;gorie:Wikip&#233;dia:&#233;bauche|Cat&#233;gorie ''&#201;bauche'']]&lt;sup&gt; c&lt;/sup&gt;
** [[:Cat&#233;gorie:Wikip&#233;dia:&#233;bauche historien|&#233;bauche historien]]&lt;sup&gt; c&lt;/sup&gt;
* [[Sp&#233;cial:Deadendpages|Liens &#224; ajouter]]&lt;sup&gt;sp&lt;/sup&gt;
* [[Wikip&#233;dia:Traductions en cours |Collaboration ''Traductions'']]
* [[Projet:Articles courts |Articles tr&#232;s petits]]
* [[Wikip&#233;dia:Atelier d'&#233;criture|Atelier d'&#233;criture]]
* [[Wikip&#233;dia:Quelle encyclop&#233;die ?|Quelle encyclop&#233;die ?]]&lt;sup&gt; a&lt;/sup&gt; &lt;!-- &#224; compl&#233;ter/remplacer par Aide:Validation --&gt;
* [[Wikip&#233;dia:Ressources_libres_disponibles_sur_Internet|Ressources libres]]&lt;sup&gt; a&lt;/sup&gt;
* [[:Cat&#233;gorie:Maintenance des articles|Maintenance des articles]]
| valign="top" width="25%" |
* [[Aide:Espace de noms|Espace de nom]]&lt;sup&gt; a&lt;/sup&gt;
* [[Wikip&#233;dia:Conventions de nommage|Titres]]&lt;sup&gt; a&lt;/sup&gt;
* [[Wikip&#233;dia:Conventions typographiques|Conventions typographiques]]
* [[Wikip&#233;dia:Redirections|Redirections]]&lt;sup&gt; a&lt;/sup&gt;
* [[Aide:Cat&#233;gorie|Aide ''Cat&#233;gories'']]&lt;sup&gt; a&lt;/sup&gt;
* [[Wikip&#233;dia:Index th&#233;matique|Index th&#233;matique]]
* [[:Cat&#233;gorie:Accueil|Sch&#233;ma ''Racine'']]&lt;sup&gt; c&lt;/sup&gt;
* [[Wikip&#233;dia:Cat&#233;gories|Sch&#233;ma ''Arbre'']]
* [[Sp&#233;cial:Random/Cat&#233;gorie|Une cat&#233;gorie au hasard]]
* [[Wikip&#233;dia:Projet|Projets]]
* [[:Cat&#233;gorie:Projet th&#233;matique|&amp;nbsp;&amp;nbsp;&amp;nbsp;&amp;nbsp;&amp;nbsp;&amp;nbsp;&amp;nbsp;... tri&#233;s]]&lt;sup&gt; c&lt;/sup&gt;
* [[Projet:Portails|Projet &#171;Portails&#187;]]
* [[Wikip&#233;dia:Liste des portails|Liste des portails]]
* [[:Cat&#233;gorie:Portail|&amp;nbsp;&amp;nbsp;&amp;nbsp;&amp;nbsp;&amp;nbsp;&amp;nbsp;&amp;nbsp;... tri&#233;s]]&lt;sup&gt; c&lt;/sup&gt;
* [[Wikip&#233;dia:Liste des listes|Les listes]]
* [[Wikip&#233;dia:Liste des mod&#232;les|Les Mod&#232;les]]
* [[Wikip&#233;dia:Mod&#232;les|S&#233;lection &#171;Mod&#232;les&#187;]]
* [http://fr.wikipedia.org/w/index.php?title=Special%3AAllpages&amp;from=&amp;namespace=14 Toutes les cat&#233;gories]
* [[Wikip&#233;dia:Homonymie|Aide ''Homonymie'']]&lt;sup&gt; a&lt;/sup&gt;
* [[:Cat&#233;gorie:Homonymie|Articles d'homonymes]]&lt;sup&gt; c&lt;/sup&gt;
* [[Wikip&#233;dia:Liens aux pages d'homonymie|&#171;Pages d'homonymes&#187;]]&lt;br /&gt; - [http://fr.wikipedia.org/w/wiki.phtml?title=Wikip&#233;dia:Liens_aux_pages_d%27homonymie&amp;action=edit &#233;diter]&lt;br /&gt; - [http://fr.wikipedia.org/w/wiki.phtml?title=Special:Maintenance&amp;subfunction=disambiguations Afficher]
* [[Aide:Les tableaux|Aide ''Tableaux'']]&lt;sup&gt; a&lt;/sup&gt;
* [[Wikip&#233;dia:Projet, Charte graphique|Projet, Charte graphique]]
* [[Wikip&#233;dia:Citez vos sources|Citez vos sources]]
* [[Projet:sources]]&lt;sup&gt; a&lt;/sup&gt;
| valign="top" width="25%" |
&lt;font color=black&gt;Pages diverses&lt;/font&gt;
* [[Wikip&#233;dia:Le Bistro|Le Bistro]]
* {{Bistro du jour}}
* [[Wikip&#233;dia:Oracle|L'oracle]]
* [[Wikip&#233;dia:Questions techniques|Questions techniques]]
* [[Wikip&#233;dia:Legifer|Legifer]]
* [[:Mod&#232;le:Fil de l'information|Fil de l'information]]

* [[Wikip&#233;dia:Comit&#233; d'arbitrage/Arbitrage|Comit&#233; d'arbitrage]]
* [[Wikip&#233;dia:Prise de d&#233;cision|Prise de d&#233;cision]]
* [[Wikip&#233;dia:V&#233;rificateur d'adresses IP/Requ&#234;tes|V&#233;rificateur d'adresses IP]]
* [[Wikip&#233;dia:Mod&#232;les/Liste compl&#232;te|Mod&#232;les/Liste compl&#232;te]]
* [[Wikip&#233;dia:D&#233;cernez les lauriers|D&#233;cernez les lauriers]]
* [[Projet:Mod&#232;le]]

&lt;font color=black&gt;R&#232;gles&lt;/font&gt;
* [[Wikip&#233;dia:Principes fondateurs|Principes fondateurs]]
* [[Wikip&#233;dia:Neutralit&#233; de point de vue|Neutralit&#233; de point de vue]]
* [[Wikip&#233;dia:R&#232;gles de savoir-vivre|R&#232;gles de savoir-vivre]]
* [[Wikip&#233;dia:R&#232;gles d'utilisation des images|R&#232;gles d'utilisation des images]]
* [[Wikip&#233;dia:Page prot&#233;g&#233;e|Page prot&#233;g&#233;e]]
* [[Wikip&#233;dia:v&#233;rifiabilit&#233;|V&#233;rifiabilit&#233;]]
* [[Wikip&#233;dia:pertinence|Pertinence]]
* [[Wikip&#233;dia:Article bien sourc&#233;|Article bien sourc&#233;]]

* [http://meta.wikimedia.org/wiki/Aide:Lecteur Manuel du lecteur]
* [[Aide:Sommaire]]
* [[Aide:Jargon|Jargon]]&lt;sup&gt; a&lt;/sup&gt;
* [[Wikip&#233;dia:FAQ_participants|Questions fr&#233;quentes]]&lt;sup&gt; a&lt;/sup&gt;
* [[Wikip&#233;dia:Les_faux-pas_les_plus_courants|Faux-pas fr&#233;quents]]&lt;sup&gt; a&lt;/sup&gt;
* [[Wikip&#233;dia:Syntaxe_wikip&#233;dia|Syntaxe]]&lt;sup&gt; a&lt;/sup&gt;
* [[Wikip&#233;dia:Conventions_typographiques|Typographie]]&lt;sup&gt; a&lt;/sup&gt;
* [[Wikip&#233;dia:Pages_m&#233;ta|Pages m&#233;ta]]&lt;sup&gt; a&lt;/sup&gt;
&lt;font color=black&gt;Projets compl&#233;mentaires&lt;/font&gt;
* [http://en.wikiversity.org/wiki/Wikiversity:Main_Page Wikiversity]
* [http://fr.wikisource.org/wiki/Special:Recentchanges Wikisource]
* [http://commons.wikimedia.org/wiki/Special:Userlogin Wikimedia Commons]
* [http://fr.wiktionary.org/Special:Newpages Entr&#233;es Wiktionnaire]
* [http://fr.wikibooks.org/wiki/Accueil Sommaire WikiLivres]
* [http://en.wikipedia.org/wiki/Main_Page Wikipedia (en)]
* [[Sp&#233;cial:Prefixindex|Recherche d'articles commen&#231;ant par]]
|}
{{Navigation espace d&#233;tente}}
{{Astuce maintenance}}

{{R&#233;compense|Rc award.svg|Pour ton activit&#233; de patrouilleur qui facilite beaucoup la tache d'un jeune admin {{clin}}. Bon courage et bonne continuation !&lt;br /&gt; [[Utilisateur:Fm790|Fm790]] &amp;#124; [[Discussion utilisateur:Fm790|&#9993;]] 1 mars 2010 &#224; 11:48 (CET)}}
{{R&#233;compense|Rc award.svg|Quelle rapidit&#233; contre les vandales ! Deux r&#233;compenses en trois mois, et c'est m&#233;rit&#233;. [[Utilisateur:Lebrouillard|Lebrouillard]] &lt;sup&gt;&lt;small&gt;[[Discussion Utilisateur:Lebrouillard|demander audience]]&lt;/small&gt;&lt;/sup&gt; 3 mai 2010 &#224; 16:52 (CEST)}}
{{R&#233;compense|Rc award.svg|Cela fait trop longtemps que tu n'as pas eu de r&#233;compense {{clin}}. Un grand bravo et merci pour la qualit&#233; de tes patrouilles ! Amicalement, &#8212; [[Utilisateur:Jules78120|&lt;span style="color:#ffa500"&gt;'''Jules'''&lt;/span&gt;]] &lt;sup&gt;[[Discussion utilisateur:Jules78120|&lt;span style="color:#008000"&gt;''&#8226; Discuter ! &#8226;''&lt;/span&gt;]]&lt;/sup&gt; 24 janvier 2012 &#224; 16:25 (CET)}}
{{R&#233;compense|Wikipedia laurier wp.png|Quelle rapidit&#233; ! Merci pour les corrections et les am&#233;liorations, je t&#226;cherai de faire mieux la prochaine fois :-) &lt;br /&gt;[[Utilisateur:Kelavra|Kelavra]] ([[Discussion utilisateur:Kelavra|d]]) 14 mars 2013 &#224; 16:38 (CET)}}

&lt;small&gt;Wikip&#233;dia en fran&#231;ais compte au {{CURRENTDAYNAME}} {{CURRENTDAY}} {{CURRENTMONTHNAME}} {{CURRENTYEAR}}, &lt;/small&gt;{{Nombre d'articles de qualit&#233;}} [[:Cat&#233;gorie:Article de qualit&#233;|articles reconnus de qualit&#233;]] et {{Nombre de bons articles}} [[:Cat&#233;gorie:Bon article|bons articles]]&lt;small&gt;, sur un total de &lt;/small&gt;{{NUMBEROFARTICLES}}&lt;small&gt; articles.&lt;/small&gt;{{Saut|20px}}

{{D&#233;but des onglets
|Onglet-1=Pr&#233;sentation
|URL-1=Utilisateur:JLM/Pr&#233;sentation
|Onglet-2=Cr&#233;ations
|URL-2=Utilisateur:JLM/Cr&#233;ations
|Onglet-4=Accueil
|URL-4=Utilisateur:JLM
|Onglet-5=Discussions
|URL-5=Discussion utilisateur:JLM
|bordure=
|fond onglets=
|fond cadre=
|arrondi=
|alignement onglet=center
}}


== Wikip&#233;dia ==
=== Colonnes ===
&lt;nowiki&gt;
{{col-begin}}
{{col-2}}

{{col-break}}

{{col-end}}
&lt;/nowiki&gt;

=== Syntaxe ===
&lt;nowiki&gt;
* Lien vers une section d'une page : [[contribution#nom de section|contribution]]
&lt;/nowiki&gt;&lt;br /&gt;
* [[Wikip&#233;dia:Demande de suppression imm&#233;diate]]

;Lien vers un wiki d'une autre langue : 
&lt;nowiki&gt;
{{Lien|fr= (texte fran&#231;ais de l'article &#224; cr&#233;er) |lang=en|trad= (contribution en langue &#233;trang&#232;re) |texte= (texte qui appara&#238;t en fran&#231;ais) }}
&lt;/nowiki&gt;&lt;br /&gt;&lt;nowiki&gt;
{{Lien|lang=en|trad= (contribution en langue &#233;trang&#232;re) |texte= (texte qui appara&#238;t en fran&#231;ais) }}
&lt;/nowiki&gt;&lt;br /&gt;&lt;nowiki&gt;
{{Lien|lang=en|trad= (contribution en langue &#233;trang&#232;re) }}
&lt;/nowiki&gt;

&lt;nowiki&gt;
en {{lang-en|nom}}
&lt;/nowiki&gt;

&lt;nowiki&gt;
[[:fr: (en langue &#233;trang&#232;re)| (en fran&#231;ais)]]
&lt;/nowiki&gt;

&lt;nowiki&gt;
* {{R&#233;f&#233;rences|colonnes=2}}
&lt;/nowiki&gt;

&lt;nowiki&gt;
* Espace ins&#233;cable : {{nobr|(texte)}} / {{lnobr|(texte)}}
&lt;/nowiki&gt;
Espace ins&#233;cable : exemple

{{nobr|bbbbb bbbbbbbbbb bbb bbb bbb bb bb bbbb}} wwwwwwwwwwwwwwwwwwwwwwwwwwwwwwwwwwwwwwwwwwwwwwwwwwwwwww {{nobr|bbbbb bbbbbbbbbb bbb bbb bbb bb bb bbbb ddddd  d         d                               dddddd}}

&lt;nowiki&gt;
ref : 2 renvois vers la m&#234;me r&#233;f&#233;rence : voir [[caille]] (fait pour [[Adjani]], ''Mademoiselle Julie'')
&lt;/nowiki&gt;

&lt;nowiki&gt; Saut &#224; la prochaine section : {{clr}} &lt;/nowiki&gt;

&lt;nowiki&gt;
bandeau &#233;bauche : {{&#233;bauche|(th&#232;me(s))}}
&lt;/nowiki&gt;

&lt;nowiki&gt;
Lien vers wiktionnaire : [[wikt:zain|zain]] toujours mettre les deux termes
&lt;/nowiki&gt;

&lt;nowiki&gt;
d&#233;c&#232;s date = {{Date de d&#233;c&#232;s|jj|mmmm|20aa|jj|mmmm|19aa|en litt&#233;rature}}
date de naissance = {{Date de naissance|jj|mm|aaaa|&#226;ge=oui}}
&lt;/nowiki&gt;

=== Pense-b&#234;te ===
{| border="0" align="center" style="border:1px solid #b3b1bf;background:#f5faff;font-size:87%;padding:0.3em;text-align:left;font-size:87%;line-height:1.2"
!style="background:#c0d1e2;line-height:2.4;font-size:130%;text-align:center;" colspan="4"| Mod&#232;les de r&#233;vision des sources et de l'information.
|-
|valign=top style|&lt;p style="margin:0; margin-bottom: 5px;"&gt;
&lt;div style="border-top:1px solid #cee0f2;border-bottom:1px solid #cee0f2;"&gt;Appel de pr&#233;cision&lt;/div&gt;
* {{m|Pr&#233;cision n&#233;cessaire}}
----
* {{m|Combien}}
* {{m|Lequel}}
* {{m|Pourquoi}}
* {{m|O&#249;}}
* {{m|Quand}}
* {{m|Qui}}
* {{m|Quoi}}
----
* {{m|Sigle &#224; expliciter}}
* {{m|R&#233;sum&#233; introductif}}
&lt;/p&gt;
|valign=top style|&lt;p style="margin:0; margin-bottom: 5px;"&gt;
&lt;div style="border-top:1px solid #cee0f2;border-bottom:1px solid #cee0f2;"&gt;Suggestion d'am&#233;lioration&lt;/div&gt;
* {{m|R&#233;f&#233;rence souhait&#233;e}}
* {{m|R&#233;f&#233;rence incompl&#232;te}}
* {{m|R&#233;f&#233;rence insuffisante}}
----
* {{m|Passage non neutre}}
* {{m|Sources &#224; lier}}
* {{m|&#192; attribuer}}
----
* {{m|Style}}
* {{m|Passage &#233;vasif}}
* {{m|Contenu &#233;vasif}}
* {{m|anecdotes}}
* {{m|Trop de liens}}
* {{m|&#192; d&#233;jargoniser}}
* {{m|francocentr&#233;}}
* {{m|promotionnel}}
&lt;/p&gt;
|valign=top style|&lt;p style="margin:0; margin-bottom: 5px;"&gt;
&lt;div style="border-top:1px solid #cee0f2;border-bottom:1px solid #cee0f2;"&gt;Mise en question&lt;/div&gt;
* {{m|Probl&#232;me}}
* {{m|Article sans source}}
* {{m|R&#233;f&#233;rence &#224; confirmer}}
* {{m|&#192; sourcer}}
* {{m|Sourcer}}
* {{m|Faut sourcer}} (pdd utilisateur)
* {{m|BPV &#224; sourcer}}
----
* {{m|Passage in&#233;dit}}
* {{m|Travaux in&#233;dits}}
* {{m|Affirmation in&#233;dite}}
----
* {{m|Pr&#233;cision n&#233;cessaire}}
* {{m|R&#233;f&#233;rence n&#233;cessaire}}
* {{m|R&#233;f&#233;rence n&#233;cessaire/Bloc}}
* {{m|R&#233;f&#233;rence n&#233;cessaire|X}}
* {{m|Citation n&#233;cessaire}}
* {{m|Citation n&#233;cessaire|X}}
----
* {{m|Instructions AsS}} (pdd)
&lt;/p&gt;
|valign=top style|&lt;p style="margin:0; margin-bottom: 5px;"&gt;
&lt;div style="border-top:1px solid #cee0f2;border-bottom:1px solid #cee0f2;"&gt;Traitement communautaire&lt;/div&gt;
* {{m|Copie &#224; v&#233;rifier}}
* {{m|?}} ou {{m|Article incompr&#233;hensible}}
* {{m|&#192; v&#233;rifier}}
* {{m|&#192; recycler}}
----
* {{m|D&#233;saccord de pertinence}}
* {{m|D&#233;saccord de neutralit&#233;}}
* {{m|Wikipompiers}}
----
* {{m|&#192; fusionner|X|Y}}
* {{m|Suppression|X}}
|}

Mod&#232;le pour r&#233;f&#233;rences :

&lt;nowiki&gt;
== Notes et r&#233;f&#233;rences ==
&lt;/nowiki&gt;

&lt;nowiki&gt;
{{r&#233;f&#233;rences|group="note"}}
&lt;/nowiki&gt;

&lt;nowiki&gt;
{{R&#233;f&#233;rences|r&#233;f&#233;rences=
&lt;/nowiki&gt;

&lt;nowiki&gt;
}}
&lt;/nowiki&gt;

== Liste de mes articles cr&#233;&#233;s ==

{| class="wikitable sortable" 
|---
!| Contribution
!| Cat&#233;gorie
!| Genre
!| Projet
!| Pays
!| Date
!| &#192; d&#233;velopper
|-

|}

== Derniers articles dans Wikip&#233;dia ==
=== Peinture ===
{{Portail:Peinture/Articles r&#233;cents}}
=== Musique ===
{{Portail:Musique/Articles r&#233;cents}}
=== Litt&#233;rature ===
{{Portail:Litt&#233;rature/Articles r&#233;cents}}

{{Palette Aide}}

== Tri ==
{| class="wikitable sortable" 
|---
!| Panorama
!| Pays
!| Localit&#233;
!| Peintre
!| Date de cr&#233;ation
!| Existance
!| Visible
|-
| L'[[Yser]] || Belgique || / || [[Alfred Bastien]] || 1888 || n || n
|-
| [[Waterloo]] || Belgique || Waterloo || [[Lemaitre]] || 1886 || o || o
|-
|}

== Cin&#233;ma ==
[[Wikip&#233;dia:LB|Bistro]] [[Wikip&#233;dia:Le Bistro/{{CURRENTDAY}} {{CURRENTMONTHNAME}} {{CURRENTYEAR}}|du jour]] | [[:en:Special:Watchlist]]

'''[[Wikip&#233;dia:Aide|Aide]]''' | [[Wikip&#233;dia:Tableaux|Tableaux]] | [[Wikip&#233;dia:Crit&#232;res d'admissibilit&#233; des articles|Crit&#232;res d'admissibilit&#233; des articles]] | [[Wikip&#233;dia:Ce que Wikip&#233;dia n'est pas|Ce que Wikip&#233;dia n'est pas]] | [[Wikip&#233;dia:Conventions filmographiques|Conventions filmographiques]] | [[Aide:Comment r&#233;diger un bon article#Principe de moindre surprise|Principe de moindre surprise]]&lt;/BR&gt;
[[Wikip&#233;dia:DRP]] | [[Wikip&#233;dia:Fusion]] | [http://stats.grok.se/fr/200812/Michael%20Jakobsen Exemple de stats de page]

{{boite d&#233;roulante d&#233;but
  |titre=Mod&#232;les
}}
{{Palette Mod&#232;les}}

&lt;!-- Le tableau ci-dessous a &#233;t&#233; recopi&#233; de la page de [[Utilisateur:Fran&#231;oise Ma&#238;tresse#Rappel]] --&gt;
{| border="0" align="center" style="border:1px solid #b3b1bf;background:#f5faff;font-size:87%;padding:0.3em;text-align:left;font-size:87%;line-height:1.2"
!style="background:#c0d1e2;line-height:2.4;font-size:130%;text-align:center;" colspan="4"| Mod&#232;les de r&#233;vision des sources et de l'information.
|-
|valign=top style|&lt;p style="margin:0; margin-bottom: 5px;"&gt;
&lt;div style="border-top:1px solid #cee0f2;border-bottom:1px solid #cee0f2;"&gt;Appel de pr&#233;cision&lt;/div&gt;
* {{m|Pr&#233;cision n&#233;cessaire}}
----
* {{m|Combien}}
* {{m|Lequel}}
* {{m|Pourquoi}}
* {{m|O&#249;}}
* {{m|Quand}}
* {{m|Qui}}
* {{m|Quoi}}
----
* {{m|Sigle &#224; expliciter}}
* {{m|R&#233;sum&#233; introductif}}
&lt;/p&gt;
|valign=top style|&lt;p style="margin:0; margin-bottom: 5px;"&gt;
&lt;div style="border-top:1px solid #cee0f2;border-bottom:1px solid #cee0f2;"&gt;Suggestion d'am&#233;lioration&lt;/div&gt;
* {{m|R&#233;f&#233;rence souhait&#233;e}}
* {{m|R&#233;f&#233;rence incompl&#232;te}}
* {{m|R&#233;f&#233;rence insuffisante}}
----
* {{m|Passage non neutre}}
* {{m|Sources &#224; lier}}
* {{m|&#192; attribuer}}
----
* {{m|Style}}
* {{m|Passage &#233;vasif}}
* {{m|Contenu &#233;vasif}}
* {{m|Passage &#233;vasif}}
* {{m|anecdotes}}
* {{m|Trop de liens}}
* {{m|&#192; d&#233;jargoniser}}
* {{m|francocentr&#233;}}
* {{m|promotionnel}}
&lt;/p&gt;
|valign=top style|&lt;p style="margin:0; margin-bottom: 5px;"&gt;
&lt;div style="border-top:1px solid #cee0f2;border-bottom:1px solid #cee0f2;"&gt;Mise en question&lt;/div&gt;
* {{m|Probl&#232;me}}
* {{m|Article sans source}}
* {{m|R&#233;f&#233;rence &#224; confirmer}}
* {{m|&#192; sourcer}}
* {{m|Sourcer}}
* {{m|Faut sourcer}} (pdd utilisateur)
* {{m|BPV &#224; sourcer}}
----
* {{m|Passage in&#233;dit}}
* {{m|Travaux in&#233;dits}}
* {{m|Affirmation in&#233;dite}}
----
* {{m|Pr&#233;cision n&#233;cessaire}}
* {{m|R&#233;f&#233;rence n&#233;cessaire}}
* {{m|R&#233;f&#233;rence n&#233;cessaire/Bloc}}
* {{m|R&#233;f&#233;rence n&#233;cessaire|X}}
* {{m|Citation n&#233;cessaire}}
* {{m|Citation n&#233;cessaire|X}}
----
* {{m|Instructions AsS}} (pdd)
&lt;/p&gt;
|valign=top style|&lt;p style="margin:0; margin-bottom: 5px;"&gt;
&lt;div style="border-top:1px solid #cee0f2;border-bottom:1px solid #cee0f2;"&gt;Traitement communautaire&lt;/div&gt;
* {{m|Copie &#224; v&#233;rifier}}
* {{m|?}} ou {{m|Article incompr&#233;hensible}}
* {{m|&#192; v&#233;rifier}}
* {{m|&#192; recycler}}
----
* {{m|D&#233;saccord de pertinence}}
* {{m|D&#233;saccord de neutralit&#233;}}
* {{m|Wikipompiers}}
----
* {{m|&#192; fusionner|X|Y}}
* {{m|Suppression|X}}
|}
{{boite d&#233;roulante fin}}
----</text>
      <sha1>dxvkbrwea7rh6w83hcefjrnajorr8u1</sha1>
      <model>wikitext</model>
      <format>text/x-wiki</format>
    </revision>
  </page>
