<page xmlns="http://www.mediawiki.org/xml/export-0.8/" xmlns:xsi="http://www.w3.org/2001/XMLSchema-instance">
    <title>Utilisateur:Keckel</title>
    <ns>2</ns>
    <id>3729869</id>
    <revision>
      <id>98458238</id>
      <parentid>97131890</parentid>
      <timestamp>2013-11-18T18:36:54Z</timestamp>
      <contributor>
        <username>Gratus</username>
        <id>1515845</id>
      </contributor>
      <minor/>
      <comment>/* Bandeaux */ &#233;vite la cat&#233;gorisation dans Cat&#233;gorie:Wikip&#233;dia:Triple r&#233;vocation</comment>
      <text xml:space="preserve">&lt;big&gt;&lt;big&gt;&lt;big&gt;(/k&#603;&#712;k&#603;l/ ou /ke&#712;k&#603;l/)&lt;/big&gt;&lt;/big&gt;&lt;/big&gt;
{{Megaloceros mop|cat=non}}
{| border="3"  width=100%
|-
| align="center"  bgcolor=0088dd | &lt;font color=yellow&gt; 
&lt;b&gt;Bonjour&lt;/b&gt;&lt;br&gt;
&lt;b&gt;Aujourd'hui, nous sommes le {{CURRENTDAYNAME}} {{CURRENTDAY}} {{CURRENTMONTHNAME}} {{CURRENTYEAR}} et Wikip&#233;dia compte {{NUMBEROFARTICLES}} entr&#233;es&lt;/b&gt;&lt;/font&gt;.&lt;br&gt;
|-
|}



{{BUd&#233;but|texte=C'est ici que je suis l&#224; !}}
{{Utilisateur ailleurs}} 
{{Utilisateur:Leag/Boite Univers}} 
{{Utilisateur Galaxie}} 
{{Utilisateur origine Terre}}  
{{Utilisateur Terre}}  
{{Utilisateur habite Europe}} 
{{Utilisateur habite Union europ&#233;enne}}
{{Utilisateur habite France}}  
{{Utilisateur habite Bretagne}} 
{{Utilisateur habite Pays de la Loire}} 
{{Utilisateur Loire-Atlantique}} 
{{Utilisateur Nantes}}
{{Utilisateur UTC+1}}
{{Utilisateur UTC+1 &#233;t&#233;}}
{{Utilisateur Heure}} 
{{Utilisateur fin du monde}}
{{BUbreak}}

{{BUbreak|texte=Je suis moi, tout simplement !}}
{{Utilisateur nom|Keckel}}
{{Utilisateur NoDodo}}
{{Utilisateur paslibelule }}
{{Utilisateur papapillon }}
{{Utilisateur mammif&#232;re}}
{{Utilisateur Primate}} 
{{Utilisateur humain}} 
{{Utilisateur homme}} 
{{Utilisateur XY}}
{{Utilisateur m&#226;le}} 
{{Utilisateur fr}}
{{BUtilisateur
  |couleur=#FFDEAD
  |img=Blason_Harou%C3%A9_54.svg
  |img-titre=&#194;ge
  |titre=Je suis n&#233; le 29 ao&#251;t 1975 &#224; [[Machecoul]]
  |texte=J'ai '''{{#expr: {{CURRENTJULIANDAY}}-{{JULIANDAY|1975|8|29}} round 0}}''' jours.|
  |cat&#233;gorie=Utilisateur Wikifr
}}
{{Utilisateur 1975}} 
{{BUtilisateur
  |couleur=#FF9966
  |img=Happy Birthday!.png
  |titre=Naissance
  |texte=Je suis venu au monde il y a {{Delta diem|29 ao&#251;t 1975|{{CURRENTDAY}} {{CURRENTMONTHNAME}} {{CURRENTYEAR}}|}} 
jours !}}
{{Utilisateur naissance|ann&#233;e=1975|mois=8|jour=29}}
{{Utilisateur &#226;ge en jour||jour=29|mois=8|ann&#233;e=1975}}
{{Utilisateur Anniversaire|date=29 ao&#251;t}}
{{Utilisateur Anniversaire J-|ann&#233;e={{CURRENTYEAR}}|mois=8|jour=29}}
{{Utilisateur pas d'&#226;ge}}
{{Utilisateur G&#233;n&#233;rationX}}
{{Utilisateur Vierge}} 
{{Utilisateur Zodiaque chinois Li&#232;vre}}
{{Utilisateur fran&#231;ais soft}} 
{{Utilisateur breton sans pr&#233;tentions}}
{{Utilisateur intellectuel}}
{{Utilisateur Documentaliste}} 
{{Utilisateur Linguiste}}
{{Utilisateur DUT}}
{{Utilisateur Ma&#238;trise}}
{{Utilisateur Licence Diplome}}
{{Utilisateur DEUG}}
{{Utilisateur Diplome BAC L}}
{{Utilisateur Diplome DNB}}
{{Utilisateur G&#233;nial}}
{{Utilisateur Myopie}} 
{{Utilisateur droitier}}
{{Utilisateur beau gosse}}
{{Utilisateur Brad Pitt}}
{{Utilisateur mag animal}}
{{Utilisateur gay}} 
{{Utilisateur asexu&#233;}}
{{Utilisateur C&#233;libataire}} 
{{Utilisateur &#226;me s&#339;ur}} 
{{Utilisateur besoin d'amour}}
{{Utilisateur Insociable}}
{{Utilisateur antisocial}}
{{Utilisateur Nolife}}
{{Utilisateur Explosion}}
{{Utilisateur inutile}} 
{{Utilisateur B&#233;b&#233;}}
{{Utilisateur anti-conformiste}}
{{Utilisateur Ego}}
{{Utilisateur mec cool}}
{{Utilisateur con}}  
{{Utilisateur psychopathe}}
{{Utilisateur fou}}
{{Utilisateur P&#232;re No&#235;l}}
{{Utilisateur D&#233;truire plan&#232;te}}
{{BUbreak}}

{{BUbreak|texte=Charabias baragouin&#233;s}}
{{Utilisateur fr}} 
{{Utilisateur en-4}} 
{{Utilisateur es-1}}
{{Utilisateur la-1}} 
{{Utilisateur D&#233;butant en japonais}} 
{| cellspacing="0" style="width:18.6em; background-color:#FFcccc"
| style="width:3.52em; height:3.52em; background-color:#FF8080; text-align:center" | &lt;div style="margin-left:auto; margin-right:auto"&gt;&lt;font size=4&gt;'''Gal''' '''0,5'''&lt;/font&gt;&lt;/div&gt;
| style="font-size:0.83em; padding:0.47em; line-height:1.25em" | Cet utilisateur comprend &#233;ventuellement le '''[[Gallo]]''' &#233;crit mais en aucun cas parl&#233;.
|}
{{Utilisateur ja-0}} 
{{Utilisateur it-0}} 
{{Utilisateur ang-0}} 
{{Utilisateur grc-0}}
{{Utilisateur nochinois}}
{{Utilisateur:Actarus Prince d'Euphor/FuckSMS}}
{{Utilisateur schtroumpf}}
{{Utilisateur gallo}} 
{{BUbreak}}

{{BUbreak|texte=Wikist&#233;rique !}}
{{&#201;dit|Keckel}}
{{Utilisateur Wikip&#233;dia}}
{{Utilisateur Religion/Wikip&#233;dia}} 
{{Utilisateur Wikip&#233;diholique}} 
{{Utilisateur Wikiaddict}} 
{{Utilisateur Encyclop&#233;die}} 
{{Utilisateur Autosatisfait}}
{{Utilisateur Wikip&#233;dia:Megaloceros}} 
{{Utilisateur Wikip&#233;dia:Date|ann&#233;e=2008|mois=8|jour=19}}
{{Utilisateur Contributions|6500}}
{{Parrain&#233;|lebelot}} 
{{Utilisateur Compteurs}} 
{{Utilisateur Wikitexte}}
{{Utilisateur no wikibreak}}
{{Utilisateur Wikifr}} 
{{Utilisateur Wikien}} 
{{Utilisateur Commons}}
{{Utilisateur GeneaWiki}}
{{Utilisateur Un article au hasard}}
{{Utilisateur WikiGnome}}
{{Utilisateur WikiF&#233;e}}
{{Utilisateur WikiGnoll}}
{{Utilisateur WikiTarentule}}
{{Utilisateur WikiFant&#244;me}}
{{Utilisateur Contribution inconnue}}
{{Utilisateur Super &#201;clectique}}
{{Utilisateur Touche-&#224;-tout}}
{{Utilisateur Articles}}
{{Utilisateur article}}
{{Utilisateur Obscurantisme}}
{{Utilisateur d&#233;sinf}}
{{Utilisateur Wikisyntaxe}} 
{{Utilisateur Projet/Correction syntaxique}}  
{{Utilisateur Anti Suppression}} 
{{Utilisateur Surchauffe}}
{{Utilisateur autodidacte}}
{{Utilisateur perfectionniste}}
{{Utilisateur Pinailleur}}
{{Utilisateur Procrastination}}
{{Utilisateur utilisateur g&#233;nial}} 
{{Utilisateur bureau}} 
{{Utilisateur pyjama}}
{{Utilisateur Chatouilleux}}
{{Utilisateur Diplomatie au gourdin}}
{{Utilisateur faillible}}
{{Utilisateur Oeil}}
{{Utilisateur JVA}}
{{Utilisateur Wouf}}
{{Utilisateur:Ant.amarilli/Humour}}
{{Utilisateur Wikipri&#232;re}}
{{Utilisateur S&#233;r&#233;nit&#233;}}
{{BUbreak}}

{{BUbreak|texte=Encore e&#251;t-il fallu que vous le sussiez&#8230;}}
{{Utilisateur &#201;criture}} 
{{Utilisateur langues}} 
{{Utilisateur linguistique}} 
{{Utilisateur int&#233;grisme langue fran&#231;aise}} 
{{Utilisateur militantisme linguistique}} 
{{Utilisateur nofrancisation}} 
{{Utilisateur orthographe}} 
{{Utilisateur No orthographe 90}}
{{Utilisateur latin &#233;tendu}}
{{Utilisateur point-v}} 
{{Utilisateur nosms}} 
{{Utilisateur nolol}} 
{{BUbreak}}

{{BUbreak|texte=Je wikiffe !}}
{{Utilisateur Histoire}} 
{{Utilisateur histoire}} 
{{Utilisateur G&#233;n&#233;alogie}} 
{{Utilisateur g&#233;n&#233;alogie}}  
{{Utilisateur pal&#233;oanthropologie}}
{{Utilisateur Gr&#232;ce antique}}
{{Utilisateur Rome antique}}
{{Utilisateur Moyen &#194;ge}} 
{{Utilisateur H&#233;raldique}} 
{{Utilisateur Projet/Blason}}
{{Utilisateur Projet/Communes fran&#231;aises}}
{{Utilisateur mythologie}} 
{{Utilisateur aime Japon}} 
{{Utilisateur aime Aquitaine}} 
{{Utilisateur aime Bordeaux}}  
{{Utilisateur science-fiction}} 
{{Utilisateur fanlitt&#233;rature|J.R.R. Tolkien}}
{{Utilisateur Tolkien}} 
{{Utilisateur fanlitt&#233;rature|J.K. Rowling}}
{{Utilisateur Potter}} 
{{Utilisateur Harry Potter}} 
{{Utilisateur La Guerre des &#233;toiles}} 
{{Utilisateur t&#233;l&#233;vision}}
{{Utilisateur arte}}
{{Utilisateur S&#233;rie t&#233;l&#233;vis&#233;e}}
{{Utilisateur Desperate}} 
{{Utilisateur House}}
{{Utilisateur Dr House}}
{{Utilisateur Grey's Anatomy}}
{{Utilisateur Merlin}} 
{{Utilisateur Malcolm}}
{{Utilisateur Scrubs}}
{{Utilisateur American Dad!}}
{{Utilisateur Saint Seiya}} 
{{Utilisateur Naruto}}
{{Utilisateur Mr. Bean}}
{{Utilisateur Groland}}
{{Utilisateur Groland 2}}
{{Utilisateur antitf1}}
{{Utilisateur no&#238;letentation}}
{{Utilisateur radio}}
{{Utilisateur Radio pr&#233;f&#233;r&#233;e|Europe 1}}
{{Utilisateur Coluche}} 
{{Utilisateur Desproges}} 
{{BUtilisateur
  |couleur = #FFF8DC
  |texte-couleur=#000000
  |img-texte = '''Pierre Desproges'''
  |img-texte-taille=8pt
  |img-texte-couleur=white
  |img-couleur=black
  |img-titre = Pierre Desproges
  |titre = Pierre Desproges
  |texte = J'adore l'esprit de '''[[Pierre Desproges]]'''.
}}
{{Utilisateur P&#233;russe}}
{{Utilisateur Rire}}
{{Utilisateur Cynisme}}
{{Utilisateur Ironie}}
{{Utilisateur angelisme}}
{{BUtilisateur
 |couleur = #FFF8DC
 |img = Gay flag.svg
 |img-titre=P&#233;d&#233;
 |titre = [[Gay (homosexualit&#233;)|Gay]]
 |texte = Je pr&#233;f&#232;re les mecs, j'en suis ni fier, ni honteux, c'est juste que c'est comme &#231;a et que j'y peux rien.
 |cat&#233;gorie=Utilisateur P&#233;d&#233;}}
{{Utilisateur Calin}}
{{Utilisateur Sexe}} 
{{Utilisateur pornographie}} 
{{Utilisateur chocolat}}
{{Utilisateur Pizza}}
{{Utilisateur frites}}
{{Utilisateur McDonald's}}
{{Utilisateur antifromage}}
{{Utilisateur Coca-cola}}
{{Utilisateur lait}}
{{Utilisateur Eau}}
{{Utilisateur Pi&#233;ton}}

{{BUbreak}}

{{BUbreak|texte=Muzikip&#233;dia}}
{{Utilisateur musique}} 
{{Utilisateur rock}}
{{Utilisateur Genesis}} 
{{Utilisateur U2}}
{{Utilisateur Depeche Mode}}
{{Utilisateur Madonna}}
{{Utilisateur M.J.}}
{{Utilisateur Goldman}}
{{Utilisateur Myl&#232;ne Farmer}} 
{{Utilisateur Muse}} 
{{Utilisateur norap}} 
{{BUbreak}}

{{BUbreak|texte=Wikikis}}
{{Utilisateur Bestioles}}
{{Utilisateur chien}}
{{Utilisateur chiens}} 
{{Utilisateur chat}}
{{Utilisateur Lapin}}
{{Utilisateur Poussin}}
{{Utilisateur Evolution}}
{{Utilisateur anti extinction}} 
{{Utilisateur pour toutes les esp&#232;ces m&#234;me moches}}
{{Utilisateur vivisection}} 
{{Utilisateur Anti Chasse}}
{{Utilisateur Anti Fourrure}} 
{{Utilisateur nocorrida}} 
{{Utilisateur Bugs Bunny}}
{{Utilisateur:Ald&#233;baran/Mes bo&#238;tes perso/Ours}}
{{Utilisateur Entomophobie}}
{{Utilisateur Arachnophobe}} 
{{BUbreak}}

{{BUbreak|texte=Politik&#233;dia}}
{{Utilisateur r&#234;ve monde cool}}
{{Utilisateur r&#234;ve nofronti&#232;re}}
{{Utilisateur libert&#233;}}
{{Utilisateur Ma libert&#233;}}
{{Utilisateur libert&#233; des peuples &#224; disposer d'eux-m&#234;mes}}
{{Utilisateur paix}}
{{Utilisateur politique}}
{{Utilisateur D&#233;mocratie}}
{{Utilisateur r&#233;publique}}
{{Utilisateur nopocor}} 
{{Utilisateur Gauche}}
{{Utilisateur Parti socialiste}}
{{Utilisateur Barack Obama}} 
{{Utilisateur Antico}}
{{Utilisateur Anticonservateur}}
{{Utilisateur anti sarkozy}}
{{Utilisateur Anti-Le Pen}} 
{{Utilisateur anti-extr&#234;me droite}} 
{{Utilisateur anti-extr&#234;me gauche}}
{{Utilisateur nobenladen}} 
{{Utilisateur anti-dictatures}}
{{Utilisateur Anti-Bush}}
{{Utilisateur:Thiste/Mod&#232;les/Cons}}
{{Utilisateur Noanarchie}}
{{Utilisateur Anti politico-magouille}}
{{Utilisateur Abus de pouvoir}}
{{Utilisateur scrutin proportionnel}} 
{{Utilisateur rattachement Loire-Atlantique}}
{{Utilisateur NON Souverainet&#233; Bretagne}}
{{Utilisateur VaticanUE}}
{{Utilisateur GrolandUE}}
{{Utilisateur pro-IVG}}  
{{Utilisateur &#233;galit&#233;}}
{{Utilisateur &#233;galit&#233; sexe}}
{{BUtilisateur|img=Venus_symbol.svg|img-taille=21px|img2=Mars_symbol.svg||img2-taille=21px|couleur=#ffffff|texte=Cet utilisateur est pour '''[[Egalitarisme|l'&#233;galit&#233; des genres]]'''}}
{{BUtilisateur|img=Gay_flag.svg|couleur=#ffffff|texte=Cet utilisateur est pour '''[[Mariage homosexuel|l'&#233;galit&#233; des droits]]''' de la communaut&#233; '''[[LGBT|LGBT]]}}
{{Utilisateur mariage homo}}
{{Utilisateur Peine de mort}} 
{{Utilisateur Pro-Euthanasie}}
{{Utilisateur Maison close}}
{{Utilisateur anti-anthropocentrisme}}
{{Utilisateur Nocomplot}}
{{Utilisateur Nocomplot2}}
{{Utilisateur doctrinophobe}}
{{Utilisateur Alice Walker}}
{{Utilisateur r&#234;ve/pasd&#233;ranger}}
{{Utilisateur temps}}
{{Utilisateur temps2}}
{{BUbreak}}

{{BUbreak|texte=Kakap&#233;dia !}}
{{Utilisateur ni Dieu ni Maitre}} 
{{BUtilisateur|img=Latin_Cross.svg|texte=Cet utilisateur est pour '''[[S&#233;paration de l'&#201;glise et de l'&#201;tat|la s&#233;paration de l'&#201;glise et de l'&#201;tat]]'''}}
{{Utilisateur S&#233;paration &#233;glises &#233;tat}}
{{Utilisateur antireligieux}} 
{{Utilisateur NoAstrologie}}
{{Utilisateur embrum&#233;}}
{{Utilisateur nosport}}
{{Utilisateur nofoot}} 
{{Utilisateur norugby}} 
{{Utilisateur tabac}} 
{{Utilisateur notabac}} 
{{Utilisateur nosmokebut}} 
{{Utilisateur noalcool}}
{{Utilisateur drogue}}
{{Utilisateur nocannabis}}  
{{BUbreak}}

{{BUbreak|texte=Geekip&#233;dia}}
{{Utilisateur PC Portable}}
{{Utilisateur PC de guerre}}
{{Utilisateur PC pourri}}
{{Utilisateur azerty}}
{{Utilisateur Windows}}
{{Utilisateur Windows/noubuntu}}
{{Utilisateur Connexion}}
{{Utilisateur Neuf Cegetel}}
{{Utilisateur Firefox}}
{{Utilisateur Office}} 
{{Utilisateur VLC}}
{{Utilisateur pasdelogiciel}}
{{Utilisateur Moteur de recherche|Google}}
{{Utilisateur Google_Earth}} 
{{Utilisateur Facebook}}
{{Utilisateur Flickr}}
{{Utilisateur YouTube}}
{{Utilisateur Ecran}}
{{Utilisateur Anti virus}}
{{BUbreak}}

{{BUbreak|texte=Etc.}}
{{Utilisateur Bo&#238;te Artiste}}
{{Utilisateur &#233;bauche}}
{{Utilisateur templates}}
{{Utilisateur bazar}} 
{{BUtilisateur
 |couleur = #FFF8DC
 |img = Postkasse ubt.jpeg
 |titre = '''Pas d'humain dans des bo&#238;tes'''
 |texte = '''Attention''' ! Mes bo&#238;tes ne "m'enferment" pas dans une bo&#238;te. Il n'y a que les '''[[bananes]]''' qui ne changent pas d'avis.
 |lien = No poup&#233;e russe}}
{{Utilisateur avertissement lapin}}
{{Utilisateur Stopbo&#238;te}}
{{Utilisateur Etc}}
{{Utilisateur avalanche bo&#238;tes}}
{{BUfin}}

==Mes principales contributions==
'''Keckel existe depuis le {{date|19|ao&#251;t|2008}}. Depuis, il a fait ceci :'''

===Articles cr&#233;&#233;s :===
{{fait}} [[Fichier:Blason_Harou%C3%A9_54.svg|20px]] '''[[Ancienne noblesse de Machecoul]]'''  (article cr&#233;&#233; le 14/04/2009)

{{fait}} [[Fichier:Blason_Harou%C3%A9_54.svg|20px]] '''[[Seigneurs de Machecoul]]'''  (article cr&#233;&#233; le 02/06/2009)

{{fait}} '''[[Jean Allard de Grandmaison]]''' (article cr&#233;&#233; le 13/11/2009)

{{fait}} [[Fichier:Roland Hayes by Van Vechten.jpg|20px]] '''[[Roland Hayes]]''' (article cr&#233;&#233; le 26/11/2010)

{{fait}} [[Fichier:Pierre de Gondi.jpg|20px]] '''[[Pierre de Gondi, duc de Retz (1602-1676)]]''' (article cr&#233;&#233; le 07/02/2011)

{{fait}} [[Fichier:Paule Fran&#231;oise de Gondi.jpg|20px]] '''[[Paule-Marguerite Fran&#231;oise de Gondi]]''' (article cr&#233;&#233; le 08/02/2011)

{{fait}} [[Fichier:Blason Albert de Gondi (1522-1602).svg|20px]] '''[[Charles de Gondi]]''' (article cr&#233;&#233; le 11/02/2011)

{{fait}} [[Fichier:Blason famille fr Alexandre de Brie-Serrant.svg|20px]] '''[[Alexandre de Brie-Serrant]]''' (article cr&#233;&#233; le 31/08/2011)

{{fait}} [[Fichier:House of Grimaldi.png|20px]] '''[[Armorial des Grimaldi]]''' (article cr&#233;&#233; le 14/01/2012)

{{fait}} '''''[[Les Aventures du jeune Patrick Pacard]]''''' (article cr&#233;&#233; le 23/05/2013)

===Articles enti&#232;rement r&#233;&#233;crits :===
{{fait}} [[Fichier:Blason_Harou%C3%A9_54.svg|20px]] '''[[Machecoul]]''' 

{{fait}} [[Fichier:Flag_of_Pays_de_Retz.svg|20px]] '''[[Pays de Retz]]''' 

{{fait}} [[Fichier:Blason_Retz.svg|20px]] '''[[Seigneurs de Retz]]''' 

{{fait}} [[Fichier:Blason Clisson.svg|20px]] '''[[Seigneurs de Clisson]]''' 

{{fait}} [[Fichier:Claudecatherineclermont.jpg|20px]] '''[[Claude Catherine de Clermont]]''' 

{{fait}} [[Fichier:Henri de Gondi duc de Retz.jpg|20px]] '''[[Henri de Gondi (1590-1659)]]''' 

{{fait}} [[Fichier:Olivier de machecoul.jpg|20px]] '''[[Olivier Ier de Machecoul|Olivier {{Ier}} de Machecoul]]'''

{{fait}} [[Fichier:Antoinette d'Orl&#233;ans-Longueville.jpg|20px]] '''[[Antoinette d'Orl&#233;ans-Longueville]]''' 

{{fait}} [[Fichier:Blason Albert de Gondi (1522-1602).svg|20px]] '''[[Famille de Gondi]]''' 

{{fait}} [[Fichier:Blason fam fr Rohan.svg|20px]] '''[[Maison de Rohan]]'''

{{fait}} [[Fichier:Blason fam fr Rohan.svg|20px]] '''[[Armorial de la famille Rohan]]'''

{{fait}} [[Fichier:Blason fam fr Chabot2.svg|20px]] '''[[Maison de Chabot]]'''

{{fait}} [[Fichier:Blason fam fr Chabot2.svg|20px]] '''[[G&#233;n&#233;alogie de la famille Chabot]]'''

{{fait}} [[Fichier:Blason fam FRA Neufville de Villeroy.svg|20px]] '''[[Famille de Neufville de Villeroy]]'''

{{fait}} [[Fichier:House of Grimaldi.png|20px]] '''[[Grimaldi|Maison Grimaldi]]'''

{{fait}} [[Fichier:House of Grimaldi.png|20px]] '''[[Liste des souverains de Monaco]]'''

{{fait}} [[Fichier:TheKennedyFamily1.jpg|20px]] '''[[Famille Kennedy]]''' et '''[http://en.wikipedia.org/wiki/Kennedy_family Kennedy family]'''

{{fait}} '''[[Famille Depardieu]]'''

{{fait}} [[Fichier:Vincent_La_Torre.jpg|20px]] '''[[Vincent La Torre]]''' 

{{fait}} '''[[Cyril Aubin]]'''

{{fait}} '''[[Anthony Dupray]]'''

===Contributions majeures===
{{fait}} [[Fichier:Blason_d%C3%A9partement_fr_Loire-Atlantique.svg|20px]] [[Fichier:Blason_fr_Loire_Atlantique.svg|20px]] '''[[Armorial des communes de la Loire-Atlantique]]''' 

{{fait}} [[Fichier:Blason_d%C3%A9partement_fr_Vend%C3%A9e.svg|20px]] '''[[Armorial des communes de Vend&#233;e]]''' 

{{fait}} '''Blasonnement''' et '''&#233;tymologie''' des noms de chaque '''commune de la [[Loire-Atlantique]]''' et '''de [[Vend&#233;e (d&#233;partement)|Vend&#233;e]]'''

{{fait}} '''[[Bioman]]'''

{{fait}} '''[[Desireless]]'''

{{fait}} '''[[Pacifique (groupe)]]'''

{{fait}} [[Fichier:PHOTOS IGOR GRICHKA.jpg|20px]] '''[[Igor et Grichka Bogdanoff]]''' : g&#233;n&#233;alogie et famille

{{Fait}} [[Fichier:Michael Jackson 1988.jpg|20px]] '''[[Michael Jackson]]''' : g&#233;n&#233;alogie

{{Fait}} [[Fichier:Jackson 5 tv special 1972.JPG|20px]] '''[[Famille Jackson]]''' : g&#233;n&#233;alogie et famille

{{Fait}} [[Fichier:Blason fam fr Carnot.svg|20px]] '''[[Famille Carnot]]''' : g&#233;n&#233;alogie et famille

{{Fait}} [[Fichier:Arms of the French Empire3.svg|20px]] '''[[Famille Bonaparte]]''' : g&#233;n&#233;alogie et famille

{{Fait}} '''[[Famille de Gaulle]]''' : g&#233;n&#233;alogie et famille

{{Fait}} '''[[Famille Giscard d'Estaing]]''' : g&#233;n&#233;alogie et famille

{{Fait}} '''[[Famille Mitterrand]]''' : g&#233;n&#233;alogie et famille

{{Fait}} '''[[Famille Sarkozy]]''' : g&#233;n&#233;alogie et famille

{{Fait}} '''[[Famille Hollande]]''' : g&#233;n&#233;alogie et famille

{{Fait}} [[Fichier:Official portrait of Barack Obama.jpg|20px]] '''[[Barack Obama]]''' et '''[http://en.wikipedia.org/wiki/Family_of_Barack_Obama Family of Barack Obama]''' : g&#233;n&#233;alogie et famille

===En projet :===
{{Pas fait}} '''[[Bioman]]''' : int&#233;gration d'&#233;l&#233;ments manquants et traduits des pages en anglais et en japonais

{{Pas fait}} [[Fichier:Gillesderais1835.jpg|20px]] '''[[Gilles de Rais]]''' : refonte de l'article

==Pense b&#234;te (copi&#233; en partie sur mon parrain [[Utilisateur:Lebelot|Lebelot]])==
===My page on English Wikipedia===
[http://en.wikipedia.org/wiki/User:Keckel Keckel's page on English Wikipedia]

=== Mon brouillon ===
[http://fr.wikipedia.org/wiki/Utilisateur:Keckel/Brouillon Mon brouillon]

=== Cr&#233;er un nouvel article===
[http://fr.wikipedia.org/wiki/Aide:Comment_cr%C3%A9er_un_article Cr&#233;er un nouvel article]

=== Dessiner un blason avec Inkscape ===
[http://fr.wikipedia.org/wiki/Wikip%C3%A9dia:Atelier_graphique/Didacticiels_graphiques/Dessiner_un_blason_avec_Inkscape Dessiner un blason avec Inkscape]

===Bandeaux===
&lt;nowiki&gt;{{&#233;bauche}}&lt;/nowiki&gt;
{{&#233;bauche}}

&lt;nowiki&gt;{{R3R}}&lt;/nowiki&gt;
{{R3R|nocat}}

&lt;nowiki&gt;{{Orphelin|date=avril 2008}}&lt;/nowiki&gt;
{{Orphelin|date=avril 2008}}


&lt;nowiki&gt;{{En travaux|Keckel|16 avril 2008}}&lt;/nowiki&gt;
{{En travaux|Keckel|16 avril 2008|nocat=yes}}


&lt;nowiki&gt;{{Promotionnel}}&lt;/nowiki&gt;
{{Promotionnel}}


&lt;nowiki&gt;{{&#224; sourcer|date=avril 2008}}&lt;/nowiki&gt;
{{&#224; sourcer|date=avril 2008}}


&lt;nowiki&gt;{{&#224; v&#233;rifier}}&lt;/nowiki&gt;
{{&#224; v&#233;rifier|nocat=oui}}


Article mal sourc&#233;: &lt;nowiki&gt;{{sources|date=date inconnue}}&lt;/nowiki&gt;
{{sources|date=date inconnue}}


Travail in&#233;dit: &lt;nowiki&gt;{{TI}}&lt;/nowiki&gt;
{{TI}}


Soup&#231;on copyvio: &lt;nowiki&gt;{{Copie &#224; v&#233;rifier}}&lt;/nowiki&gt;
{{Copie &#224; v&#233;rifier|nocat=oui}}


&lt;nowiki&gt;{{...}}&lt;/nowiki&gt;
{{...}}

===[[Wikip&#233;dia:Mod&#232;les|Bien plus encore]]===
&lt;nowiki&gt;{{fait}}&lt;/nowiki&gt;
{{fait}}


&lt;nowiki&gt;{{Pas fait}}&lt;/nowiki&gt;
{{Pas fait}}


&lt;nowiki&gt;{{Oui}}&lt;/nowiki&gt;
{{Oui}}


&lt;nowiki&gt;{{Non}}&lt;/nowiki&gt;
{{Non}}


&lt;nowiki&gt;{{r&#233;f&#233;rence n&#233;cessaire|coucou}}&lt;/nowiki&gt;
{{r&#233;f&#233;rence n&#233;cessaire|coucou}}


&lt;nowiki&gt;{{non neutre|Coucou.}}&lt;/nowiki&gt;
{{non neutre|Coucou.}}


Sources: {{m|Ouvrage}} et {{m|Harvard}}:


&lt;nowiki&gt;&lt;ref&gt;{{Harvsp|CRATerre|2006|p=13 et 14}}&lt;/ref&gt;&lt;/nowiki&gt;


pour faire un lien vers le Wiktionnaire, &lt;nowiki&gt;[[wikt:lis|lis]]&lt;/nowiki&gt; -&gt; [[wikt:lis|lis]].
|}


===Smileys===
{| border="0" align="center" style="border: 1px solid #999; background-color:#FFFFFF"
|+ {{#ifeq:{{FULLPAGENAME}}|Cat&#233;gorie:Mod&#232;le d'&#233;motic&#244;ne||&lt;center&gt;&lt;font size="4"&gt;'''Galerie des [[&#233;motic&#244;ne]]s'''&lt;/font&gt;&lt;/center&gt;}}
|- align="center" bgcolor="#CCCCCC"
|- bgcolor="#FFFFEE"
| valign=bottom align=center width=10% | {{???}}&lt;br /&gt;{{m|???}}
| valign=bottom align=center width=10% | {{ampoule}}&lt;br /&gt;{{m|ampoule}}
| valign=bottom align=center width=10% | {{ange}}&lt;br /&gt;{{m|ange}}
| valign=bottom align=center width=10% | {{bisou}}&lt;br /&gt;{{m|bisou}}
| valign=bottom align=center width=10% | {{bonjour}}&lt;br /&gt;{{m|bonjour}}
| valign=bottom align=center width=10% | {{bravo}}&lt;br /&gt;{{m|bravo}}
| valign=bottom align=center width=10% | {{Clin d'&#339;il}}&lt;br /&gt;{{m|clin}}&lt;br /&gt;{{m|;)}}
| valign=bottom align=center width=10% | {{Cool}}&lt;br /&gt;{{m|cool}}
| valign=bottom align=center width=10% | {{CQFD}}&lt;br /&gt;{{m|CQFD}}
| valign=bottom align=center width=10% | {{Enerv&#233;}}&lt;br /&gt;{{m|&#233;nerv&#233;}}
|- bgcolor="#FFFFEE"
| valign=bottom align=center width=10% | {{Espi&#232;gle}}&lt;br /&gt;{{m|espi&#232;gle}} &lt;br/&gt;{{m|;p}}
| valign=bottom align=center | {{Euh ?}}&lt;br /&gt;{{m|euh ?}}&lt;br /&gt;{{m|!?}}
| valign=bottom align=center | {{Fier}}&lt;br /&gt;{{m|fier}}
| valign=bottom align=center | {{G&#234;n&#233;}}&lt;br /&gt;{{m|g&#234;n&#233;}}
| valign=bottom align=center | {{Grr}}&lt;br /&gt;{{m|f&#226;ch&#233;}}&lt;br/&gt;{{m|grr}}
| valign=bottom align=center | {{Hum}}&lt;br /&gt;{{m|hum}}
| valign=bottom align=center | {{oups}}&lt;br /&gt;{{m|oups}}
| valign=bottom align=center | {{Mdr}}&lt;br /&gt;{{m|mdr}}&lt;br /&gt;{{m|lol}}
| valign=bottom align=center | {{^^}}&lt;br /&gt;{{m|^^}}&lt;br /&gt;
| valign=bottom align=center | {{Malin}}&lt;br /&gt;{{m|malin}}
|- bgcolor="#FFFFEE"
| valign=bottom align=center | {{Merci}}&lt;br /&gt;{{m|merci}}
| valign=bottom align=center | {{Pleure}}&lt;br /&gt;{{m|pleure}}
| valign=bottom align=center | {{Rougir|15}}&lt;br /&gt;{{m|rougir}}
| valign=bottom align=center | {{Sifflote}}&lt;br /&gt;{{m|sifflote}}
| valign=bottom align=center | {{Sourire}}&lt;br /&gt;{{m|sourire}}&lt;br/&gt;{{m|1==)}}
| valign=bottom align=center | {{Surprise}}&lt;br /&gt;{{m|surprise}}&lt;br/&gt;{{m|1==o}} 
| valign=bottom align=center | {{Tire langue}}&lt;br /&gt;{{m|tire langue}}
| valign=bottom align=center | {{Triste}}&lt;br /&gt;{{m|triste}}&lt;br /&gt;{{m|1==(}}
| valign=bottom align=center | {{Beurk}}&lt;br /&gt;{{m|beurk}}&lt;br /&gt;
| valign=bottom align=center | {{Applau}}&lt;br /&gt;{{m|applau}}&lt;br /&gt;
|- bgcolor="#FFFFEE"
| valign=bottom align=center | {{Amour}}&lt;br /&gt;{{m|amour}}
| valign=bottom align=center | {{Bof}}&lt;br /&gt;{{m|bof}}
| valign=bottom align=center | {{Boudeur}}&lt;br /&gt;{{m|boudeur}}
| valign=bottom align=center | {{Pendlg|20}}&lt;br /&gt;{{m|pendlg}}
| valign=bottom align=center | {{Conf|20}}&lt;br /&gt;{{m|conf}}&lt;br/&gt;
| valign=bottom align=center | {{Plr|20}}&lt;br /&gt;{{m|plr}}&lt;br/&gt;
| valign=bottom align=center | {{Yeux|20}}&lt;br /&gt;{{m|yeux}}
| valign=bottom align=center | {{Malade|20}}&lt;br /&gt;{{m|malade}}
| valign=bottom align=center | {{Troll3|25}}&lt;br /&gt;{{m|Troll3}}
| valign=bottom align=center | {{Confus|25}}&lt;br /&gt;{{m|Confus}}
|}&lt;noinclude&gt;
{{galerie &#233;motic&#244;nes}}

{{Palette|R&#232;gles et recommandations}}</text>
      <sha1>i6f8ijwz18axkmk0pp7fhwpwfxoczk5</sha1>
      <model>wikitext</model>
      <format>text/x-wiki</format>
    </revision>
  </page>
