<page xmlns="http://www.mediawiki.org/xml/export-0.8/" xmlns:xsi="http://www.w3.org/2001/XMLSchema-instance">
    <title>Utilisateur:Lauranne</title>
    <ns>2</ns>
    <id>143712</id>
    <revision>
      <id>54128673</id>
      <parentid>54128116</parentid>
      <timestamp>2010-06-09T15:51:28Z</timestamp>
      <contributor>
        <username>Lauranne</username>
        <id>8915</id>
      </contributor>
      <minor/>
      <text xml:space="preserve">Lauranne
Bonjour.
Je voudrais bien remplir les petits tableaux avec des logos pour signifier mon style de vie, mes go&#251;ts, etc., mais je n'ai pas encore trouv&#233; comment faire...
Allez,je crois que j'ai trouv&#233;. 
Je m'y colle...
C'est comme &#231;a ?
Youhou !

...
Je n'ai pas trouv&#233;e la cat&#233;gorie "Pros&#233;lytes" : sachez cependant que je suis une adepte forcen&#233;e de la revalorisation du [[Topinambour]].

==Champagne !==

Je me fais mousser en citant ici quelques articles que j'ai initi&#233;s ces 4 derniers mois :
===En cherchant ''triphalangie''===
[[Triphalangie]], [[phalange Delta]], [[syndactylie]]... et m&#234;me [[Isom&#233;risme]] (je ne sais plus pourquoi j'en suis arriv&#233;e l&#224;!)...ah oui : en cherchant [[Pentadactylie]] (tiens : &#224; faire)
===En cherchant Roullet_Decamps===
[[Roullet-Decamps]], [[Pierrot Gourmand]], [[Cr&#233;atorrh&#233;e]] (!!! Oui : je suis pass&#233;e par [[Vaucanson]] et [[Jacquet-Droz]], d'o&#249; une histoire de [[Canard dig&#233;rateur|Canard Dig&#233;rateur]] !!), [[Jacques Laporte]], &lt;br /&gt;

Oui, oui je sais : je DOIS cr&#233;er [[Phalibois]] puisque personne ne s'y colle...Ay&#233; !


===Parce que j'en ai marre de voir ici des noms de footballeurs dont l'article n'a pour buts -sic- que de faire venir les sponsors !===
[[Nestor Romero]]
[[Jacques Laporte]]




{{Bo&#238;te Utilisateur | humain | origine France | Religion/Ath&#233;e | nocorrida | 1961 | jfk |Syndrome de l'&#233;tudiant  |B&#233;b&#233;| nochinois| rat| don_d'organes| &#201;tat_d&#233;pressif |no_bo&#238;te}}</text>
      <sha1>211tywezo9oyoeipfio503gyqszu090</sha1>
      <model>wikitext</model>
      <format>text/x-wiki</format>
    </revision>
  </page>
