<page xmlns="http://www.mediawiki.org/xml/export-0.8/" xmlns:xsi="http://www.w3.org/2001/XMLSchema-instance">
    <title>Utilisateur:Xofc</title>
    <ns>2</ns>
    <id>592915</id>
    <revision>
      <id>90606611</id>
      <parentid>90419116</parentid>
      <timestamp>2013-03-17T10:20:34Z</timestamp>
      <contributor>
        <username>Xofc</username>
        <id>66118</id>
      </contributor>
      <comment>/* Aide m&#233;moire */ {{a|}} pour acc&#232;s facile aux historiques</comment>
      <text xml:space="preserve">{{Bo&#238;te Utilisateur|fr|habite Li&#232;ge|Linux|logiciels libres|astronomie|Wikiaddict|sp&#233;l&#233;o}}
{{clr}}
{{Parrain|Damienzeus}}
~'Parrainage' {{u|Alchaps}}
{{clr}}
==Aide m&#233;moire==
* [[Projet:Charte graphique/Mod&#232;les de lien portail|Cr&#233;er un portail?]]
* [[Aide:D&#233;marrer un nouveau projet|D&#233;marrer un nouveau projet?]]
* [[Projet:Projet clef en main]]
* [http://www.wikimedia.fr/sites/default/files/Bienvenue_sur_Wikipedia.pdf Bienvenue_sur_Wikipedia.pdf]
* [https://wikimediafoundation.org/wiki/FAQ/fr  wikimediafoundation.org#Questions fr&#233;quemment pos&#233;es]
-----
* {{a|Projet:Scribunto}}, {{a|Discussion Projet:Scribunto}} [[Discussion Projet:Scribunto|discussion]]
* {{a|WP:Lua}}
* {{a|Aide:Module}}, [[Aide:Comment documenter un module ?]]
* [[fr:Special:PrefixIndex/Module:]]
* [http://fr.wikipedia.org/w/index.php?namespace=828&amp;associated=1&amp;tagfilter=&amp;title=Sp%C3%A9cial%3AModifications+r%C3%A9centes modifs. r&#233;centes modules]</text>
      <sha1>clamrvupu74tlsd3xxvvcqi39xlurgd</sha1>
      <model>wikitext</model>
      <format>text/x-wiki</format>
    </revision>
  </page>
