<page xmlns="http://www.mediawiki.org/xml/export-0.8/" xmlns:xsi="http://www.w3.org/2001/XMLSchema-instance">
    <title>Utilisateur:Service de nettoyage</title>
    <ns>2</ns>
    <id>956475</id>
    <revision>
      <id>9219747</id>
      <timestamp>2006-08-09T12:16:06Z</timestamp>
      <contributor>
        <username>Camion</username>
        <id>1854</id>
      </contributor>
      <comment>Cr&#233;ation</comment>
      <text xml:space="preserve">C'est ici que tu peut nous dire qui tu es.</text>
      <sha1>j7i6uy1kak92mxk2npt7rhu0vda2tm6</sha1>
      <model>wikitext</model>
      <format>text/x-wiki</format>
    </revision>
  </page>
