<page xmlns="http://www.mediawiki.org/xml/export-0.8/" xmlns:xsi="http://www.w3.org/2001/XMLSchema-instance">
    <title>Utilisateur:Marsupilami</title>
    <ns>2</ns>
    <id>852611</id>
    <revision>
      <id>11442563</id>
      <parentid>11442555</parentid>
      <timestamp>2006-11-04T22:46:19Z</timestamp>
      <contributor>
        <username>Marsupilami</username>
        <id>109466</id>
      </contributor>
      <text xml:space="preserve">{{BoiteUtilisateur|Religion/Pastafarien}}
[[Image:Wikipe-tan full length.png|thumb|right|Wikipe-tan]]</text>
      <sha1>g2bb0memjv921i33hycmykk7xny7ycl</sha1>
      <model>wikitext</model>
      <format>text/x-wiki</format>
    </revision>
  </page>
